match_status,distance_m,ienc_type,ienc_name,ienc_waterway,ienc_lat,ienc_lon,app_id,app_name,app_type
match,4.8,quay,Hanauer Bootsclub e. V.,Main,50.126741,8.906031,m_osm_1506364309,Hanauer Boots-Club e.V.,port
match,5.2,pontoon,,Belgium waterway,51.234155,2.922569,m_osm_127980697,Royal North Sea Yacht Club,port
match,5.4,pontoon,,Donau,45.181388,28.793157,m_osm_3233365407,PA 1 Navrom Delta,port
match,6.3,pontoon,,Belgium waterway,51.227105,2.920218,m_osm_87577277,Mercator Marina Dok 2,port
match,6.4,pontoon,,Donau,45.181152,28.793925,m_osm_3874810937,PA2,port
match,6.6,quay,Ankerplaats Trintelhaven Lelystad,Netherlands waterway,52.635222,5.416022,m_osm_95750747,Trintelhaven,port
match,8.2,quay,Stadt Marktbreit,Main,49.669243,10.144474,m_osm_1924158103,Anlegestelle Marktbreit,port
match,8.7,quay,,Rupel,51.150425,4.582862,m_osm_98241745,Jachthaven VVW Emblem,port
match,9.1,quay,JAW,Port of Antwerp,51.228818,4.408435,m_osm_60261479,Jachthaven Willemdok,port
match,9.9,quay,,Canal Nieuwpoort–Dunkerque,51.070331,2.666376,m_osm_815733187,Jachthaven Veurne,port
match,11.0,quay,"Fahrgastlände Engelhartszell, Wurm und Köck",Donau,48.5061,13.734266,m_osm_2150252229,Schiffsanlegestellen Engelhartszell,port
match,11.6,quay,Frankfurter Kanu-Verein 1913 e. V.,Main,50.089049,8.633376,m_osm_715305522,Frankfurter Kanu-Verein 1913,port
match,11.8,quay,,Hochrhein,47.569671,7.586158,m_osm_2371811036,Motoryachtclub Basel,port
match,12.2,pontoon,Binnenhaven WV Neusen,Unknown waterway,51.332639,3.822741,m_osm_5452229236,WV Neusen,port
match,13.4,pontoon,Yachthafen Augst,Hochrhein,47.53764,7.713046,m_osm_2127664231,Boot Club Augst,port
match,14.1,pontoon,Yachthafen Augst,Hochrhein,47.537456,7.713259,m_osm_2127664231,Boot Club Augst,port
match,14.5,quay,Liegestelle,Saar,49.634946,6.574916,m_osm_1437426541,Bootsanleger Schoden / Kanu SaarFari,port
match,15.3,quay,2,Unknown waterway,52.962448,4.781811,m_osm_863230287,KMJC Den Helder,port
match,16.8,quay,"Fahrgastlände Niederranna, Land Oberösterreich",Donau,48.467315,13.787774,m_osm_2150252119,Anlegestelle Niederranna,port
match,17.3,quay,,Canal Nieuwpoort–Dunkerque,51.070541,2.666563,m_osm_815733187,Jachthaven Veurne,port
match,19.0,quay,Ligplaats kade bunkerstation Pander Fonejacht Warten,Netherlands waterway,53.162388,5.93185,m_osm_2883353701,Bunkerstation P. Pander,fuel
match,19.3,pontoon,,Netherlands waterway,51.972824,5.359223,m_osm_721714333,WSV Rijn en Lek,port
match,20.1,pontoon,Steiger Zijkanaal A,Unknown waterway,51.333605,3.825971,m_osm_2387240096,Aricom,port
match,20.4,quay,"Fahrgastlände Wesenufer, Land Oberösterreich 4",Donau,48.459846,13.809857,m_osm_2150252122,Anlegestelle Wesenufer,port
match,22.6,pontoon,Yachthafen REGIO PORT,Hochrhein,47.585344,7.587542,m_osm_2371824358,Marina Dreiländereck,port
match,22.8,quay,"Almelo, WSV De Brug",Netherlands waterway,52.369168,6.639046,m_osm_972944445,Almelo,port
match,23.8,pontoon,Yachthafen REGIO PORT,Hochrhein,47.585736,7.587746,m_osm_2371824358,Marina Dreiländereck,port
match,24.2,quay,Segelclub Undine e. V. Offenbach,Main,50.113363,8.758495,m_osm_1036599574,Segel Club Undine (SCU),port
match,24.5,quay,,Canal Nieuwpoort–Dunkerque,51.138671,2.772062,m_osm_5474853932,Westhoek Marina,port
match,25.1,pontoon,,Belgium waterway,51.228447,2.922931,m_osm_87577282,Mercator Marina Dok 1,port
match,25.6,quay,Ligplaats brug Nigtevecht,Amsterdam-Rijnkanaal,52.273797,5.022552,m_osm_2101902827,WSV Nigtevecht,port
match,25.6,quay,1,Unknown waterway,52.962743,4.782155,m_osm_863230287,KMJC Den Helder,port
match,26.9,pontoon,,Belgium waterway,51.224811,2.939481,m_osm_127979467,Royal Yacht Club Oostende,port
match,27.0,quay,8420,Belgium waterway,51.111882,3.741535,m_osm_241795954,Jachthaven Langerbrugge,port
match,27.2,pontoon,Yachthafen Rheinfelden,Hochrhein,47.552006,7.778618,m_osm_2371763088,Boot-Club Rheinfelden,port
match,27.7,quay,4300,Belgium waterway,51.135534,3.801445,m_osm_8087252421,VVW Mendonk,port
match,28.7,quay,1131,Unknown waterway,51.332865,3.822878,m_osm_5452229236,WV Neusen,port
match,29.5,quay,,Belgium waterway,50.858093,2.884732,m_osm_2264411577,Ieper Marina,port
match,31.6,quay,Noorderkanaalhaven Noord,Unknown waterway,51.319677,3.828573,m_osm_12407056733,Zeeland Bunkering BV,fuel
match,31.9,quay,Umschlagstelle Weizen,Rhine,50.925241,6.976255,m_osm_704629786,Deutz,port
match,32.2,quay,FERREXPO Port Services GmbH,Donau,48.21909,16.415744,m_osm_2418916657,Bunkerstation für Binnenschiffe,fuel
match,33.1,quay,50,Unknown waterway,51.44832,3.58728,m_osm_895035948,VVW Schelde,port
match,34.0,quay,Jachthaven,Unknown waterway,51.50007,4.270818,m_osm_65410787,WSV De Schelde,port
match,34.4,pontoon,,Belgium waterway,51.331668,3.201451,m_osm_462344084,Brugse Zeil- en Yachtclub,port
match,34.6,pontoon,,Netherlands waterway,51.972978,5.35986,m_osm_721714333,WSV Rijn en Lek,port
match,34.9,quay,DTSG Bunkerstation,Donau,48.233489,16.397058,m_osm_1178234226,Eiltank 52,fuel
match,35.6,pontoon,Steiger Ueli - Fähri Kleinbasel,Hochrhein,47.569458,7.586097,m_osm_2371811036,Motoryachtclub Basel,port
match,36.9,quay,,Netherlands waterway,52.457796,5.100582,m_osm_249516883,Marken,port
match,37.3,quay,1498,Unknown waterway,51.333278,3.826052,m_osm_2387240096,Aricom,port
match,38.2,pontoon,,Belgium waterway,51.228092,2.923628,m_osm_87577282,Mercator Marina Dok 1,port
match,38.9,quay,Firma Speck,Main,50.097305,8.549463,m_osm_626621260,Marina Bootsbau Speck,port
match,41.0,quay,"Fahrgastlände Aschach, Land Oberösterreich",Donau,48.366625,14.026141,m_osm_1576596901,Schiffsanlegestelle Aschach,port
match,41.0,pontoon,Yachthafen Hörnle,Hochrhein,47.559631,7.639699,m_osm_2127664232,IG Rheinhalde,port
match,41.4,pontoon,,Belgium waterway,51.333762,3.20409,m_osm_554945941,Royal Belgian Sailing Club,port
match,41.7,pontoon,,Netherlands waterway,51.972805,5.358883,m_osm_721714333,WSV Rijn en Lek,port
match,43.9,quay,1055,Unknown waterway,51.33282,3.822377,m_osm_5452229236,WV Neusen,port
match,44.4,pontoon,,Netherlands waterway,51.972687,5.360124,m_osm_721714333,WSV Rijn en Lek,port
match,44.7,quay,,Netherlands waterway,52.256825,5.38236,m_osm_3598164061,Gemeentehaven Spakenburg,port
match,44.8,pontoon,,Netherlands waterway,51.973992,5.365584,m_osm_721714332,Jachthaven De Lunenburg,port
match,45.5,pontoon,,Netherlands waterway,51.973884,5.366755,m_osm_721714332,Jachthaven De Lunenburg,port
match,45.7,pontoon,Yachthafen Dreirosenbrücke,Hochrhein,47.57016,7.586057,m_osm_2371811036,Motoryachtclub Basel,port
match,46.6,quay,Ligplaats veersteiger rechteroever Suawoude,Netherlands waterway,53.171155,5.934403,m_osm_136163909,Jachthaven Suwâld,port
match,46.9,quay,DTSG Bunkerstation,Donau,48.234054,16.396389,m_osm_1178234226,Eiltank 52,fuel
match,47.3,quay,,Amsterdam-Rijnkanaal,52.307399,5.044225,m_osm_521830923,VVV Steiger,port
match,47.3,quay,40,Unknown waterway,51.447889,3.587638,m_osm_895035948,VVW Schelde,port
match,47.8,quay,Ligplaats Seaport Marina IJmuiden,Netherlands waterway,52.458593,4.561365,m_osm_106684570,Marina Seaport IJmuiden,port
match,48.9,quay,,Kanaal Dessel-Turnhout-Schoten,51.32954,4.636956,m_osm_1255047957,B.Y.C.,port
match,49.7,quay,"Marina Veitshöchheim, Eckert und Röhm",Main,49.822319,9.87335,m_osm_6271215593,Marina Veitshöchheim e.V.,port
match,51.2,quay,Liegeplatz Cochem,Mosel,50.147108,7.168931,m_osm_276530161,Hafen Cochem - Cond,port
match,51.8,quay,,Netherlands waterway,52.256706,5.382537,m_osm_3598164061,Gemeentehaven Spakenburg,port
match,52.7,pontoon,,Netherlands waterway,51.972793,5.35872,m_osm_721714333,WSV Rijn en Lek,port
match,52.8,pontoon,Ein- Auswasserungsstelle Yachthafen Augst,Hochrhein,47.537798,7.713819,m_osm_2127664231,Boot Club Augst,port
match,55.0,pontoon,,Netherlands waterway,51.973597,5.365364,m_osm_721714332,Jachthaven De Lunenburg,port
match,55.2,pontoon,,Belgium waterway,51.224788,2.940424,m_osm_127979467,Royal Yacht Club Oostende,port
match,56.0,quay,JAK,Port of Antwerp,51.233689,4.414693,m_osm_60261478,Kempischdok,port
match,57.3,quay,Schutz- und Sicherheitshafen Emmerich,Rhine,51.830814,6.250257,m_osm_2385147222,Hafen Emmerich,port
match,57.3,quay,,Dender,50.945515,4.039199,m_osm_8867559693,Jachthaven VVW Aalst,port
match,57.5,pontoon,,Unknown waterway,51.340861,3.827059,m_osm_12912396611,Jachthaven Terneuzen,port
match,58.4,quay,5990,Belgium waterway,51.208452,3.804698,m_osm_279405371,Watersportvereniging Zelzate,port
match,58.5,pontoon,,Netherlands waterway,52.256716,5.382634,m_osm_3598164061,Gemeentehaven Spakenburg,port
match,60.8,quay,Zijkanaal A Oost Alpha,Unknown waterway,51.333106,3.825843,m_osm_2387240096,Aricom,port
match,60.9,quay,4A,Port of Antwerp,51.229528,4.408164,m_osm_44100103,Willemdok,port
match,61.5,quay,4420,Belgium waterway,51.135734,3.800467,m_osm_8087252421,VVW Mendonk,port
match,61.8,quay,,Netherlands waterway,51.581647,5.03727,m_osm_6943441829,TWV Tilburg,port
match,62.4,quay,206,Belgium waterway,51.224203,2.939062,m_osm_127979467,Royal Yacht Club Oostende,port
match,63.1,quay,,Netherlands waterway,52.353389,5.003965,m_osm_148568963,Haven WV IJburg,port
match,63.3,pontoon,,Netherlands waterway,51.972829,5.35857,m_osm_721714333,WSV Rijn en Lek,port
match,63.7,quay,,Netherlands waterway,52.25659,5.382719,m_osm_3598164061,Gemeentehaven Spakenburg,port
match,64.0,pontoon,Yachthafen REGIO PORT,Hochrhein,47.586081,7.58791,m_osm_2371824358,Marina Dreiländereck,port
match,64.0,pontoon,Yachthafen Augst,Hochrhein,47.537578,7.71405,m_osm_2127664231,Boot Club Augst,port
match,64.5,quay,,Belgium waterway,50.858781,2.883954,m_osm_2264411577,Ieper Marina,port
match,64.6,pontoon,,Netherlands waterway,51.973154,5.360192,m_osm_721714333,WSV Rijn en Lek,port
match,64.9,quay,,Haringvliet,51.719704,4.28052,m_osm_543789916,WSV Het Bommelse Gors,port
match,66.7,quay,Umschlagstelle Futtermittel,Rhine,50.924672,6.97681,m_osm_704629786,Deutz,port
match,67.6,quay,919,Belgium waterway,51.232477,3.222784,m_osm_1816556549,Koninklijke Brugse zeil- en yachtclub,port
match,68.1,quay,,Belgium waterway,50.858922,2.884405,m_osm_2264411577,Ieper Marina,port
match,68.2,pontoon,Yachthafen REGIO PORT,Hochrhein,47.584961,7.587325,m_osm_2371824358,Marina Dreiländereck,port
match,68.2,quay,33C,Port of Antwerp,51.233835,4.416442,m_osm_60261478,Kempischdok,port
match,68.3,quay,,Amsterdam-Rijnkanaal,52.308313,5.043428,m_osm_521830923,VVV Steiger,port
match,69.5,quay,4B,Port of Antwerp,51.229547,4.409004,m_osm_44100103,Willemdok,port
match,70.2,quay,Liegestelle Industriehafen,Rhine,50.025792,8.235583,m_osm_925552185,Industriehafen,port
match,70.4,quay,8290,Belgium waterway,51.112373,3.74169,m_osm_241795954,Jachthaven Langerbrugge,port
match,71.2,quay,37A,Port of Antwerp,51.234083,4.414428,m_osm_4322795,Kempisch dok,port
match,71.3,quay,,Canal Nieuwpoort–Dunkerque,51.070781,2.665655,m_osm_815733187,Jachthaven Veurne,port
match,71.7,pontoon,,Netherlands waterway,51.972646,5.358461,m_osm_721714333,WSV Rijn en Lek,port
match,71.8,quay,Ligplaats 1 Wijhe,Netherlands waterway,52.386287,6.127057,m_osm_1366779207,Passantenhaven Wijhe,port
match,72.9,quay,1141,Unknown waterway,51.331997,3.82329,m_osm_5452229236,WV Neusen,port
match,73.2,quay,3,Unknown waterway,52.962008,4.781333,m_osm_863230287,KMJC Den Helder,port
match,73.4,quay,20,Unknown waterway,51.447476,3.587484,m_osm_895035948,VVW Schelde,port
match,73.5,pontoon,,Netherlands waterway,51.973036,5.360469,m_osm_721714333,WSV Rijn en Lek,port
match,73.6,quay,Ligplaats kade Haitsma Beton Kootstertille,Netherlands waterway,53.212886,6.101054,m_osm_2883684001,Jachthaven Koostertille,port
match,73.8,pontoon,,Unknown waterway,53.330952,6.931517,m_osm_109141846,Jachthaven KZ&RV Neptunus,port
match,74.3,quay,Ligplaats autoafzetplaats Kampen,Netherlands waterway,52.567021,5.90313,m_osm_86841338,WSV De Riette,port
match,74.7,quay,Ligplaats Sint-Pieter Maastricht,Maas,50.836936,5.696203,m_osm_50946161,Watersportclub Treech'42,port
match,75.7,quay,4290,Belgium waterway,51.135386,3.800053,m_osm_8087252421,VVW Mendonk,port
match,77.0,quay,33B,Port of Antwerp,51.23437,4.41644,m_osm_4322795,Kempisch dok,port
match,77.4,quay,,Netherlands waterway,52.256469,5.382891,m_osm_3598164061,Gemeentehaven Spakenburg,port
match,77.5,quay,Ligplaats Leisurelands Onroerend Goed B.V.,Netherlands waterway,51.996447,6.064163,m_osm_855152283,Jachthaven Giesbeek,port
match,77.9,quay,Ligplaats Provincie Vlissingen,Unknown waterway,51.448383,3.586015,m_osm_895035948,VVW Schelde,port
match,78.4,quay,Ligplaats Dokje van Perry Vlissingen,Unknown waterway,51.444153,3.578441,m_osm_973610893,Stadshaven,port
match,78.6,quay,8450,Belgium waterway,51.111341,3.742778,m_osm_241795954,Jachthaven Langerbrugge,port
match,78.8,pontoon,,Unknown waterway,51.341034,3.825984,m_osm_12912396611,Jachthaven Terneuzen,port
match,79.9,pontoon,,Belgium waterway,51.333468,3.202497,m_osm_554945941,Royal Belgian Sailing Club,port
match,80.8,quay,4410,Belgium waterway,51.135931,3.801886,m_osm_8087252421,VVW Mendonk,port
match,81.1,pontoon,,Belgium waterway,51.233381,2.922518,m_osm_127980697,Royal North Sea Yacht Club,port
match,81.3,pontoon,,Unknown waterway,51.34068,3.827692,m_osm_12912396611,Jachthaven Terneuzen,port
match,81.4,quay,8430,Belgium waterway,51.112213,3.742759,m_osm_241795954,Jachthaven Langerbrugge,port
match,81.7,quay,Fahrgastlände Tulln Donaustation 26,Donau,48.333989,16.048215,m_osm_189718502,Gästehafen Tulln,port
match,82.3,pontoon,,Belgium waterway,51.225113,2.940548,m_osm_127979467,Royal Yacht Club Oostende,port
match,83.9,quay,Ligplaats autoafzetplaats sluis Doesburg,Netherlands waterway,52.007312,6.131546,m_osm_1140833256,W.S.V. De Oude IJssel,port
match,84.8,pontoon,,Belgium waterway,51.209076,3.804727,m_osm_279405371,Watersportvereniging Zelzate,port
match,86.4,quay,Ligplaats Den Helder - Koopvaarders binnenhaven,Unknown waterway,52.95106,4.781833,m_osm_1068215593,Water Sport Club Breewijd,port
match,87.8,quay,Stein,Donau,48.402806,15.594361,m_osm_2870329975,Wassersportverein Krems,port
match,88.6,quay,,Netherlands waterway,51.84239,4.423472,m_osm_390915815,Jachthaven Rhoon,port
match,89.0,quay,Ligplaats Delta Stolk & Berends bv Dordrecht,Netherlands waterway,51.815574,4.659195,m_osm_1368200086,"WSV ""Maartensgat""",port
match,90.6,quay,Ligplaats Stadshaven kade Veerweg Zaltbommel,Waal,51.81456,5.244577,m_osm_1197645951,Stadshaven,port
match,92.6,quay,,Maas,51.813978,5.392621,m_osm_13200688631,Jachthaven Heerewaarden,port
match,93.2,quay,Zijkanaal A Beurtvaartkade,Unknown waterway,51.332562,3.824249,m_osm_5452229236,WV Neusen,port
match,94.4,pontoon,,Netherlands waterway,51.972349,5.35829,m_osm_721714333,WSV Rijn en Lek,port
match,94.6,quay,,Netherlands waterway,52.25634,5.383092,m_osm_3598164061,Gemeentehaven Spakenburg,port
match,95.4,quay,Motoclub -Bayerwald e. V. im ADAC,Donau,48.822557,12.967181,m_osm_2339243116,Schutzhafen Deggendorf,port
match,96.8,quay,,Netherlands waterway,52.332257,5.548217,m_osm_661330615,Aanloophaven Zeewolde,port
match,98.0,quay,Ligplaats 1 Noordhollandskanaal Tolhuis Amsterdam,IJssel,52.383065,4.905655,m_osm_1212605687,Sixhaven,port
match,98.4,quay,45,Unknown waterway,52.953342,4.781482,m_osm_1068215592,Marine Watersport Vereniging (MWV),port
match,99.4,quay,43,Unknown waterway,52.95439,4.77973,m_osm_960962173,"Watersportvereniging ""Helder - Willemsoord - Nieuwediep"" (wsvhwn)",port
match,99.9,quay,Feuerwehr,Donau,48.218279,16.417045,m_osm_2418916657,Bunkerstation für Binnenschiffe,fuel
match,101.3,quay,,Leie,50.896305,3.34557,m_osm_1082686157,Yachthaven Ooigem Leiekanaal,port
match,101.4,quay,,Kanaal Gent-Oostende,51.195053,3.227427,m_osm_319622162,Flandria,port
match,102.3,pontoon,,Belgium waterway,51.233191,2.92262,m_osm_127980697,Royal North Sea Yacht Club,port
match,103.1,quay,1121,Unknown waterway,51.332627,3.824393,m_osm_5452229236,WV Neusen,port
match,103.5,quay,,Zeekanaal Brussel-Schelde,51.076865,4.366075,m_osm_111869545,yachtclub Volante,port
match,104.8,quay,Liegemöglichkeit St. Goar,Rhine,50.1541,7.710307,m_osm_2145227265,Funboat marina,port
match,105.3,quay,47,Unknown waterway,52.952605,4.78275,m_osm_1068215593,Water Sport Club Breewijd,port
match,105.3,quay,,Leie,50.896326,3.344852,m_osm_1082686157,Yachthaven Ooigem Leiekanaal,port
match,105.4,quay,Liegestelle Loreleyhafen,Rhine,50.144718,7.727204,m_osm_386691174,Loreleyhafen,port
match,106.1,pontoon,,Belgium waterway,51.332323,3.201119,m_osm_462344084,Brugse Zeil- en Yachtclub,port
match,106.2,quay,Ligplaats 1 HBR Beneden Merwede Papendrecht,Netherlands waterway,51.823353,4.692741,m_osm_4537329787,Bunkerstation Papendrecht,fuel
match,106.5,quay,Duna,Donau,47.543866,19.064671,m_osm_1849880154,Wiking Yacht Club,port
match,106.5,pontoon,,Donau,45.182477,28.791059,m_osm_11816119720,Navrom Delta,port
match,106.7,pontoon,,Belgium waterway,51.225134,2.940966,m_osm_127979467,Royal Yacht Club Oostende,port
match,108.0,quay,Annette Hardegen,Main,50.12752,8.905023,m_osm_1506364309,Hanauer Boots-Club e.V.,port
match,108.5,pontoon,,Donau,44.821032,20.529613,m_osm_641964400,Усрв Карабурма,port
match,109.4,quay,,Lek,52.002125,5.087556,m_osm_3012966896,Zeilvereniging De Lek,port
match,109.4,pontoon,,Belgium waterway,51.225323,2.940761,m_osm_127979467,Royal Yacht Club Oostende,port
match,109.8,quay,8410,Belgium waterway,51.111682,3.740288,m_osm_241795954,Jachthaven Langerbrugge,port
match,109.9,pontoon,Yachthafen Rheinfelden,Hochrhein,47.552085,7.779715,m_osm_2371763088,Boot-Club Rheinfelden,port
match,110.2,quay,,Albertkanaal,50.943393,5.339613,m_osm_317822393,Royal Hasselt Yachting Club,port
match,110.4,quay,,Netherlands waterway,52.332453,5.54834,m_osm_661330615,Aanloophaven Zeewolde,port
match,110.8,quay,,Netherlands waterway,52.256221,5.383269,m_osm_3598164061,Gemeentehaven Spakenburg,port
match,111.4,quay,4,Unknown waterway,52.961728,4.781003,m_osm_863230287,KMJC Den Helder,port
match,111.6,quay,Liegestelle Miltenberg,Main,49.704686,9.257675,m_osm_183016564,Yacht-Club Miltenberg,port
match,111.9,quay,,Zeekanaal Brussel-Schelde,51.07609,4.366633,m_osm_111869545,yachtclub Volante,port
match,112.8,quay,6,Port of Antwerp,51.2284,4.41005,m_osm_60261479,Jachthaven Willemdok,port
match,113.2,pontoon,,Belgium waterway,51.233094,2.922657,m_osm_127980697,Royal North Sea Yacht Club,port
match,113.3,quay,46,Unknown waterway,52.952963,4.782136,m_osm_1068215592,Marine Watersport Vereniging (MWV),port
match,113.3,pontoon,,Unknown waterway,51.341453,3.826656,m_osm_12912396611,Jachthaven Terneuzen,port
match,113.9,quay,Liegeplatz Enkirch Oberwasser,Mosel,49.966204,7.132249,m_osm_530787671,Hafen Traben-Trarbach,port
match,114.2,quay,Stadt Wertheim,Main,49.762335,9.515414,m_osm_417285845,Sportboothafen,port
match,114.3,quay,Liegestelle Köln-Porz,Rhine,50.873632,7.045868,m_osm_233697893,Yachthafen: Club für Wassersport Porz,port
match,114.4,quay,48,Unknown waterway,52.952216,4.783419,m_osm_1068215593,Water Sport Club Breewijd,port
match,114.5,quay,Firma Faßnacht,Main,49.993212,9.580956,m_osm_1690334502,Sport-Boot-Club Lohr,port
match,115.1,quay,,Netherlands waterway,52.840299,5.705733,m_osm_9100194288,Bootstankstelle Jachthaven Friese Hoek,fuel
match,115.1,pontoon,,Donau,45.180285,28.800664,m_osm_11816145325,Excursii in Delta Dunarea,port
match,115.3,quay,Ligplaats IJ Melissapier 5 Amsterdam,IJssel,52.404318,4.884452,m_osm_177695057,Amsterdam Marina,port
match,115.5,quay,8300,Belgium waterway,51.112013,3.740257,m_osm_241795954,Jachthaven Langerbrugge,port
match,115.8,pontoon,,Unknown waterway,51.34131,3.825687,m_osm_12912396611,Jachthaven Terneuzen,port
match,116.6,quay,Zijkanaal A Oost Bravo,Unknown waterway,51.331991,3.824267,m_osm_5452229236,WV Neusen,port
match,117.1,quay,,Kanaal Bocholt-Herentals,51.200688,4.98055,m_osm_4447544120,Yachting Club Geel,port
match,117.4,quay,Ligplaats veersteiger Veessen,Netherlands waterway,52.374658,6.094145,m_osm_3553847211,Kozakkenhaven,port
match,117.5,quay,Prins Albertdok --> Oude Vissershaven Kaai 222,Belgium waterway,51.332797,3.202404,m_osm_554945941,Royal Belgian Sailing Club,port
match,117.7,quay,Ankerplaats Pampushaven Almere,Netherlands waterway,52.38968,5.140752,m_osm_80177697,Pampushaven,port
match,117.9,pontoon,,Unknown waterway,51.320774,3.827353,m_osm_12407056733,Zeeland Bunkering BV,fuel
match,118.0,quay,1494,Unknown waterway,51.331764,3.823941,m_osm_5452229236,WV Neusen,port
match,118.5,quay,Noorderkanaalhaven Zuid,Unknown waterway,51.318965,3.829139,m_osm_12407056733,Zeeland Bunkering BV,fuel
match,119.0,quay,Ankerplaats Blocq van Kuffeler Almere,Netherlands waterway,52.420055,5.221661,m_osm_645321330,Oostvaardersdiep,port
match,119.3,quay,44,Unknown waterway,52.953732,4.780836,m_osm_1068215592,Marine Watersport Vereniging (MWV),port
match,120.2,quay,,Canal Nieuwpoort–Dunkerque,51.137933,2.772773,m_osm_5474853932,Westhoek Marina,port
match,120.6,quay,8440,Belgium waterway,51.111965,3.74355,m_osm_241795954,Jachthaven Langerbrugge,port
match,120.7,quay,Ligplaats kade gemeente Suawald,Netherlands waterway,53.172024,5.935937,m_osm_136163909,Jachthaven Suwâld,port
match,121.2,pontoon,,Belgium waterway,51.33246,3.201453,m_osm_462344084,Brugse Zeil- en Yachtclub,port
match,122.3,quay,34,Port of Antwerp,51.232758,4.416468,m_osm_60261478,Kempischdok,port
match,122.9,quay,Zijkanaal A Oost Kilo,Unknown waterway,51.320786,3.827249,m_osm_12407056733,Zeeland Bunkering BV,fuel
match,123.6,quay,Ligplaats 2 Passagierskade Wijk bij Duurstede,Netherlands waterway,51.970223,5.351507,m_osm_1672869237,Stadshaven Wijk bij Duurstede,port
match,124.1,quay,Ligplaats kade Veenstra Sails Burgum,Netherlands waterway,53.185582,5.994269,m_osm_58539221,W.S.V. Bergumermeer,port
match,125.0,quay,,Maas,51.155606,5.876521,m_osm_111346772,Marina ComfortParc Wessem,port
match,125.5,quay,,Netherlands waterway,52.256116,5.383426,m_osm_3598164061,Gemeentehaven Spakenburg,port
match,125.7,quay,33A,Port of Antwerp,51.235108,4.416132,m_osm_4322795,Kempisch dok,port
match,126.2,quay,,Donau,48.545181,13.652916,m_osm_2406980246,Bootshafen Kasten,port
match,126.5,pontoon,,Unknown waterway,51.440254,3.574709,m_osm_2548269526,Michiel de Ruyterhaven,port
match,126.6,quay,7,Port of Antwerp,51.228327,4.406868,m_osm_60261479,Jachthaven Willemdok,port
match,127.3,quay,37B,Port of Antwerp,51.23498,4.414358,m_osm_4322795,Kempisch dok,port
match,127.5,quay,,Netherlands waterway,51.875555,4.625627,m_osm_1368200131,Jachthaven Ridderkerk BV,port
match,128.5,pontoon,,Unknown waterway,53.055675,5.385169,m_osm_4011677381,Watersportvereniging Makkum,port
match,128.6,quay,Ligplaats Urk,Netherlands waterway,52.658523,5.601784,m_osm_10094878918,WSV de Zuiderzee,port
match,129.6,quay,,Netherlands waterway,51.778033,4.764518,m_osm_4612324791,Van Oversteeg,port
match,129.8,pontoon,,Belgium waterway,51.232949,2.922735,m_osm_127980697,Royal North Sea Yacht Club,port
match,130.8,quay,,Bovenschelde,50.795187,3.500448,m_osm_1266763915,Kloron,port
match,131.8,pontoon,,Belgium waterway,51.330963,3.199512,m_osm_462344084,Brugse Zeil- en Yachtclub,port
match,131.9,quay,Kanaalkade 1,Unknown waterway,51.318696,3.827976,m_osm_12407056733,Zeeland Bunkering BV,fuel
match,132.1,quay,,Netherlands waterway,53.148774,5.904336,m_osm_79575349,Stichting Jachthaven Wartena,port
match,132.2,quay,36,Port of Antwerp,51.232706,4.414396,m_osm_60261478,Kempischdok,port
match,132.6,pontoon,Passerelle embarquement,Saône,46.778885,4.853384,m053,Chalon-sur-Saône – Port de Plaisance,port
match,133.0,quay,,Unknown waterway,51.501183,4.270797,m_osm_65410787,WSV De Schelde,port
match,134.7,quay,Fahrgastlände STADT WIEN,Donau,48.334028,16.050898,m_osm_189718502,Gästehafen Tulln,port
match,135.4,quay,Liegestelle,Saar,49.443031,6.631633,m_osm_142370599,Yachthafen Merzig,port
match,135.8,quay,,Canal Nieuwpoort–Dunkerque,51.137854,2.772986,m_osm_5474853932,Westhoek Marina,port
match,137.0,quay,,Albertkanaal,50.942349,5.340213,m_osm_317822393,Royal Hasselt Yachting Club,port
match,137.7,quay,37C,Port of Antwerp,51.235219,4.414746,m_osm_4322795,Kempisch dok,port
match,139.8,quay,Liegestelle Bingen-Kempten,Rhine,49.971593,7.920882,m_osm_2145227266,Motor-Yacht-Club-Bingen,port
match,140.4,quay,Ligplaats kade gemeente Burgum,Netherlands waterway,53.185573,5.993408,m_osm_58539221,W.S.V. Bergumermeer,port
match,141.4,quay,Steggemeinschaft Dingolfing,Donau,48.822921,12.966846,m_osm_2339243116,Schutzhafen Deggendorf,port
match,142.3,quay,,Netherlands waterway,52.255999,5.383603,m_osm_3598164061,Gemeentehaven Spakenburg,port
match,144.0,quay,,Netherlands waterway,52.255957,5.396304,m_osm_1352472447,De Eemhof,port
match,144.1,quay,,Unknown waterway,51.448852,3.585363,m_osm_895035948,VVW Schelde,port
match,145.9,quay,Genuss Schifffahrt GmbH,Donau,48.450188,13.918905,m_osm_2150252120,Anlegestelle Obermühl,port
match,145.9,quay,Ligplaats 14 Vlissingen,Unknown waterway,51.447915,3.58493,m_osm_895035948,VVW Schelde,port
match,146.1,quay,8280,Belgium waterway,51.112836,3.743032,m_osm_241795954,Jachthaven Langerbrugge,port
match,146.9,quay,8460,Belgium waterway,51.110428,3.741795,m_osm_241795954,Jachthaven Langerbrugge,port
match,147.0,quay,Ligplaats 2 Noordhollandskanaal Tolhuis Amsterdam,IJssel,52.382469,4.904322,m_osm_1212605687,Sixhaven,port
match,147.2,quay,,Netherlands waterway,52.658924,5.601399,m_osm_10094878918,WSV de Zuiderzee,port
match,147.2,pontoon,,Unknown waterway,51.447971,3.584903,m_osm_895035948,VVW Schelde,port
match,148.0,quay,Ligplaats veerstoep Lathum,Netherlands waterway,51.998565,6.036432,m_osm_128624560,JH De Mars,port
match,148.2,quay,49,Unknown waterway,52.951858,4.784043,m_osm_1068215593,Water Sport Club Breewijd,port
match,148.3,quay,Wasserbaugeräte WALO Bertschinger,Hochrhein,47.571097,7.586127,m_osm_2371811036,Motoryachtclub Basel,port
match,148.8,quay,Ligplaats 1 Vlissingen,Unknown waterway,51.448865,3.585293,m_osm_895035948,VVW Schelde,port
match,149.0,quay,,Netherlands waterway,51.606319,4.766271,m_osm_686502436,WSV Breda,port
match,149.9,quay,,Leie,50.898797,3.342231,m_osm_694535055,Jachthaven Ooigem,port
match,150.9,quay,,Maas,51.158136,5.883571,m_osm_608983342,Fuel station Diesel,fuel
match,151.7,pontoon,,Belgium waterway,51.232918,2.923608,m_osm_127980697,Royal North Sea Yacht Club,port
match,151.8,quay,Liegestelle,Saar,49.443706,6.631896,m_osm_142370599,Yachthafen Merzig,port
match,152.1,quay,Ligplaats 7 Urk,Netherlands waterway,52.658738,5.598758,m_osm_10094878918,WSV de Zuiderzee,port
match,152.3,quay,Ligplaats veerstoep Starteiland LO Sneek,Netherlands waterway,53.026922,5.733046,m_osm_1063763242,Havens Noord,port
match,152.5,quay,4430,Belgium waterway,51.13567,3.799003,m_osm_8087252421,VVW Mendonk,port
match,153.9,quay,Passagierbootterminal Steiger 3 Dreiländereck,Hochrhein,47.586854,7.58826,m_osm_2371824358,Marina Dreiländereck,port
match,154.4,pontoon,,Netherlands waterway,51.973807,5.363868,m_osm_721714332,Jachthaven De Lunenburg,port
match,154.8,pontoon,,Unknown waterway,53.409217,6.198145,m_osm_4816784433,Haven Lauwersoog,port
match,154.8,quay,3,Port of Antwerp,51.229584,4.406445,m_osm_44100103,Willemdok,port
match,155.6,quay,,Belgium waterway,51.105079,3.988143,m_osm_987368987,Haven van Lokeren,port
match,155.6,quay,947,Belgium waterway,51.232987,3.220359,m_osm_1816556549,Koninklijke Brugse zeil- en yachtclub,port
match,156.0,quay,,Netherlands waterway,52.451221,5.829627,m_osm_2105667072,Gemeentehaven Elburg,port
match,156.0,quay,,Netherlands waterway,51.614827,5.533254,m_osm_725050041,Passantenhaven Veghel,port
match,156.3,quay,Ligplaats Teroele,Netherlands waterway,52.934273,5.692068,m_osm_85033584,Jachthaven de Koevoet,port
match,157.6,quay,Ligplaats Enschede - Sesam,Netherlands waterway,52.221817,6.859198,m_osm_142276122,Jachthaven Enschede,port
match,157.9,quay,Ligplaats IJ Melissapier 4 Amsterdam,IJssel,52.404602,4.883977,m_osm_177695057,Amsterdam Marina,port
match,157.9,quay,918,Belgium waterway,51.234489,3.22242,m_osm_1816556549,Koninklijke Brugse zeil- en yachtclub,port
match,158.1,quay,Liegestelle,Rhine,47.586911,7.58816,m_osm_2371824358,Marina Dreiländereck,port
match,158.5,quay,,IJssel,52.381518,4.908384,m_osm_1212605687,Sixhaven,port
match,159.4,quay,,Netherlands waterway,52.25588,5.383781,m_osm_3598164061,Gemeentehaven Spakenburg,port
match,159.6,quay,,Amsterdam-Rijnkanaal,52.306638,5.045512,m_osm_2411593243,"Jachthaven ""WSV de Vecht""",port
match,159.6,quay,4C,Port of Antwerp,51.229677,4.410511,m_osm_44100103,Willemdok,port
match,160.4,quay,Ankerplaats Krimpen aan de Lek,Lek,51.891753,4.635643,m_osm_827546836,'t Balkengat,port
match,160.9,quay,,Maas,51.156299,5.878527,m_osm_111346772,Marina ComfortParc Wessem,port
match,161.1,quay,,Netherlands waterway,53.042472,5.773461,m_osm_1472493265,Marina de Horne,port
match,161.8,pontoon,,Unknown waterway,53.560716,6.747746,m_osm_431044599,Schutzhafen Borkum,port
match,162.0,quay,Ligplaats boothelling,Netherlands waterway,52.264205,6.12949,m_osm_295356909,Jachthaven Deventer,port
match,162.0,pontoon,,Unknown waterway,51.446917,3.58845,m_osm_895035948,VVW Schelde,port
match,162.4,pontoon,,Unknown waterway,51.449282,3.585713,m_osm_895035948,VVW Schelde,port
match,165.3,pontoon,,Unknown waterway,53.561387,6.747894,m_osm_431044599,Schutzhafen Borkum,port
match,166.0,quay,609,Belgium waterway,51.225964,2.938694,m_osm_127979467,Royal Yacht Club Oostende,port
match,166.3,quay,205,Belgium waterway,51.224803,2.937319,m_osm_127979467,Royal Yacht Club Oostende,port
match,166.4,quay,Ligplaats Rederij het IJ 6 West Amsterdam,IJssel,52.383107,4.895328,m_osm_185158800,City Marina IJdock,port
match,166.7,pontoon,WSV Sas,Unknown waterway,51.232468,3.804743,m_osm_586437648,'t Sas,port
match,167.9,quay,,Unknown waterway,51.500175,4.272746,m_osm_65410787,WSV De Schelde,port
match,168.9,quay,35,Port of Antwerp,51.232156,4.415571,m_osm_60261478,Kempischdok,port
match,169.3,quay,,Netherlands waterway,52.255762,5.38396,m_osm_6246330413,Nieuwe Haven,port
match,169.3,quay,5,Unknown waterway,52.961288,4.78054,m_osm_863230287,KMJC Den Helder,port
match,169.8,quay,,Netherlands waterway,52.458692,4.559077,m_osm_106684570,Marina Seaport IJmuiden,port
match,170.3,quay,1445,Unknown waterway,51.318341,3.828103,m_osm_12407056733,Zeeland Bunkering BV,fuel
match,170.6,quay,101,Belgium waterway,51.233231,2.924558,m_osm_127980697,Royal North Sea Yacht Club,port
match,171.0,quay,Noorderkanaalhaven Dwars,Unknown waterway,51.318844,3.830072,m_osm_12407056733,Zeeland Bunkering BV,fuel
match,171.2,quay,Lagerhauslände III,Donau,48.217677,16.417485,m_osm_2418916657,Bunkerstation für Binnenschiffe,fuel
match,172.2,quay,Loswal West-Terschelling,Unknown waterway,53.363186,5.220257,m_osm_3924013456,Stichting Passantenhaven Terschelling,port
match,172.6,quay,Wiener Donauraum,Donau,48.220566,16.413937,m_osm_10539264340,Bunkerstation für Binnenschiffe,fuel
match,172.8,quay,Duna,Donau,47.543305,19.06384,m_osm_1849880154,Wiking Yacht Club,port
match,173.3,quay,Fahrgastlände Rossatz Donaustation 19,Donau,48.387368,15.519794,m_osm_332664662,Motorboot-Club St.Pölten-Rossatz,port
match,173.3,quay,,Netherlands waterway,52.886272,5.357519,m_osm_713685633,Stavoren Binnenhaven,port
match,173.5,quay,5980,Belgium waterway,51.20873,3.803068,m_osm_279405371,Watersportvereniging Zelzate,port
match,174.1,quay,Frankfurter Motorboot-Club e.V.,Main,50.089778,8.635607,m_osm_715305522,Frankfurter Kanu-Verein 1913,port
match,175.3,quay,4280,Belgium waterway,51.135343,3.798626,m_osm_8087252421,VVW Mendonk,port
match,175.5,quay,,Netherlands waterway,52.886816,5.358047,m_osm_713685633,Stavoren Binnenhaven,port
match,176.6,pontoon,,Unknown waterway,53.408758,6.197416,m_osm_4816784433,Haven Lauwersoog,port
match,176.7,quay,,Amsterdam-Rijnkanaal,52.2754,5.021885,m_osm_2101902827,WSV Nigtevecht,port
match,177.4,quay,,Netherlands waterway,52.255643,5.384135,m_osm_6246330413,Nieuwe Haven,port
match,177.5,quay,Würzburger Hafen GmbH,Main,49.809621,9.875478,m_osm_2399077730,Bunkerstation Würzburg MSG,fuel
match,179.2,quay,8,Port of Antwerp,51.228819,4.405921,m_osm_44100103,Willemdok,port
match,179.4,quay,Ligplaats Vissers & van Dijk bv Maasbracht,Maas,51.148168,5.88309,m_osm_1415312988,Tullemanns Oliehandel,fuel
match,179.5,pontoon,,Netherlands waterway,51.973804,5.363502,m_osm_721714332,Jachthaven De Lunenburg,port
match,179.9,quay,5B,Port of Antwerp,51.228825,4.411124,m_osm_60261479,Jachthaven Willemdok,port
match,181.1,quay,Ligplaats veerstoep Yn 'e Lyte Grou,Netherlands waterway,53.10069,5.849495,m_osm_2161072694,Waterpark Yn 'e Lijte,port
match,181.8,quay,,Zeekanaal Brussel-Schelde,51.073886,4.36484,m_osm_528530237,Dok 3,port
match,182.7,quay,,Netherlands waterway,52.352859,5.622285,m_osm_2104502859,Gemeentehaven Harderwijk,port
match,182.7,quay,,Unknown waterway,52.963352,4.77852,m_osm_9742020643,Diesel,fuel
match,183.1,quay,Ligplaats Autoafzetplaats Urk,Netherlands waterway,52.659412,5.600328,m_osm_10094878918,WSV de Zuiderzee,port
match,184.7,quay,,Albertkanaal,50.807526,5.677247,m_osm_3251918261,"Jachthaven Kanne ""YAKAN""",port
match,184.9,quay,5A,Port of Antwerp,51.229279,4.411098,m_osm_44100103,Willemdok,port
match,185.2,quay,Ligplaats 1 Puttershoek,Netherlands waterway,51.806117,4.579473,m_osm_400332332,De Waterlelie,port
match,185.8,pontoon,,Unknown waterway,51.53237,4.225031,m_osm_2593664479,Jachthaven Tholen,port
match,187.0,quay,30C,Port of Antwerp,51.233869,4.418165,m_osm_60261478,Kempischdok,port
match,187.1,quay,,Netherlands waterway,52.255528,5.384314,m_osm_6246330413,Nieuwe Haven,port
match,187.5,quay,DRLG - Rettungsboot - Hebeanlage 2,Hochrhein,47.553692,7.778243,m_osm_2371763088,Boot-Club Rheinfelden,port
match,187.8,quay,Ligplaats kade ABZ diervoeders bv Stroobos,Netherlands waterway,53.237613,6.215909,m_osm_2883687601,Nautic Stroobos,fuel
match,188.0,quay,,Main-Donau-Kanal,49.562338,10.970988,m_osm_2336957385,Sportbootclub Herzogenaurach,port
match,188.4,quay,,Amsterdam-Rijnkanaal,52.309448,5.047409,m_osm_2102662832,Jachthaven De Zeemeermin,port
match,188.4,quay,Ligplaats 1 Hattem,Netherlands waterway,52.477501,6.070234,m_osm_1253348538,Jachthaven Hattem,port
match,188.7,quay,,Unknown waterway,51.501641,4.269515,m_osm_65410787,WSV De Schelde,port
match,189.7,pontoon,,Unknown waterway,53.560049,6.747609,m_osm_431044599,Schutzhafen Borkum,port
match,189.9,quay,Ligplaats 3 IJsselkade Kampen,Netherlands waterway,52.562495,5.914115,m_osm_86840864,Oude Buitenhaven,port
match,190.3,pontoon,"Liegestelle ""Rheinquai-Wiesemündung""",Hochrhein,47.583885,7.586961,m_osm_2371824358,Marina Dreiländereck,port
match,191.2,quay,Ligplaats autoafzetplaats Tiel,Waal,51.886466,5.442287,m_osm_3018764612,Tielse Watersportvereniging De Waal,port
match,191.6,quay,24,Port of Antwerp,51.230628,4.4075,m_osm_44100103,Willemdok,port
match,192.5,quay,Ligplaats 1 IJsselkade Kampen,Netherlands waterway,52.557413,5.920357,m_osm_86841057,WSV Kampen IJsselmuiden,port
match,192.7,quay,50,Unknown waterway,52.951492,4.784649,m_osm_1068215593,Water Sport Club Breewijd,port
match,192.9,quay,"Fahrgastlände Untermühl, land Oberösterreich",Donau,48.423537,13.982227,m_osm_106746127,Sportboothafen Untermühl,port
match,193.3,quay,Joching,Donau,48.386138,15.462821,m_osm_332669159,Hafen Joching - Wassersportclub Weißenkirchen,port
match,194.7,quay,Viadonau,Donau,48.334224,16.066442,m_osm_30533800,Yachthafen Tulln,port
match,195.0,pontoon,,Netherlands waterway,52.703729,5.298054,m_osm_251161990,Compagnieshaven,port
match,196.1,pontoon,,Unknown waterway,53.562551,6.750499,m_osm_431044599,Schutzhafen Borkum,port
match,196.3,pontoon,,Belgium waterway,51.333802,3.206433,m_osm_554945941,Royal Belgian Sailing Club,port
match,197.1,quay,"Fahrgastlände Obermühl, Land Oberösterreich",Donau,48.449173,13.920403,m_osm_2150252120,Anlegestelle Obermühl,port
match,197.3,quay,30B,Port of Antwerp,51.233077,4.418165,m_osm_60261478,Kempischdok,port
match,197.4,quay,Ligplaats Kade Starteiland Sneek,Netherlands waterway,53.024435,5.730548,m_osm_1063763241,Havens Oost,port
match,198.2,quay,,Netherlands waterway,52.255407,5.384496,m_osm_6246330413,Nieuwe Haven,port
match,198.8,quay,30,Unknown waterway,51.448069,3.589889,m_osm_895035948,VVW Schelde,port
match,198.8,quay,,Rhine,51.457045,6.72646,m_osm_431072366,Ruhrorter Yachtclub e.V. - Süd,port
match,199.2,quay,31A,Port of Antwerp,51.234627,4.418164,m_osm_4322795,Kempisch dok,port
match,199.6,quay,"Fahrgastlände Engelhartszell, Land Oberösterreich",Donau,48.504498,13.735107,m_osm_2150252229,Schiffsanlegestellen Engelhartszell,port
candidate,200.2,quay,Ligplaats Enschede - Betoncentrale Twenthe,Netherlands waterway,52.22266,6.856222,m_osm_142276122,Jachthaven Enschede,port
candidate,200.6,quay,59,Unknown waterway,52.954808,4.781115,m_osm_960962173,"Watersportvereniging ""Helder - Willemsoord - Nieuwediep"" (wsvhwn)",port
candidate,201.2,quay,UNICONFEX EXIM SA Grain Berth,Donau,43.770933,24.514593,m_osm_707599445,Portul Turistic Corabia,port
candidate,201.3,pontoon,,Netherlands waterway,51.974509,5.368798,m_osm_721714332,Jachthaven De Lunenburg,port
candidate,201.7,quay,,Unknown waterway,51.498596,4.272135,m_osm_65410787,WSV De Schelde,port
candidate,202.1,quay,Stadt Lohr,Main,49.994019,9.580998,m_osm_1690334502,Sport-Boot-Club Lohr,port
candidate,202.1,quay,8400,Belgium waterway,51.111481,3.738994,m_osm_241795954,Jachthaven Langerbrugge,port
candidate,202.5,pontoon,,Unknown waterway,53.406295,6.202172,m_osm_148271053,Noordergat,port
candidate,202.8,quay,Zijkanaal A Oost Juliet,Unknown waterway,51.321514,3.826973,m_osm_12407056733,Zeeland Bunkering BV,fuel
candidate,203.5,quay,Ligplaats IJ Melissapier 6 Amsterdam,IJssel,52.405766,4.886224,m_osm_177695057,Amsterdam Marina,port
candidate,203.8,quay,,Netherlands waterway,52.691787,6.160379,m_osm_2136005275,JachtHaven Meppel,port
candidate,203.9,quay,Loswal,Unknown waterway,51.499067,4.272849,m_osm_65410787,WSV De Schelde,port
candidate,205.0,quay,Ligplaats Oostersluis oost,Netherlands waterway,53.223677,6.599466,m_osm_94192567,Woonschepenhaven,port
candidate,205.1,pontoon,,Netherlands waterway,52.458726,4.564518,m_osm_106684570,Marina Seaport IJmuiden,port
candidate,205.6,quay,,Maas,51.742141,5.265807,m_osm_973064956,Jachthaven 't Stik,port
candidate,206.3,quay,,Dender,50.943504,4.040989,m_osm_8867559693,Jachthaven VVW Aalst,port
candidate,206.4,quay,,Netherlands waterway,51.971074,5.922162,m_osm_2722375443,Scheepvaartwinkel Marine,fuel
candidate,206.7,quay,Ligplaats 1 HBR Oude Maas Dordrecht,Netherlands waterway,51.816928,4.661546,m_osm_3087213215,KDR&ZV,port
candidate,206.7,pontoon,,Belgium waterway,51.232269,2.922955,m_osm_127980697,Royal North Sea Yacht Club,port
candidate,206.9,quay,58,Unknown waterway,52.953587,4.783206,m_osm_1068215592,Marine Watersport Vereniging (MWV),port
candidate,207.8,quay,Ligplaats Rederij het IJ 5 West Amsterdam,IJssel,52.382854,4.895805,m_osm_185158800,City Marina IJdock,port
candidate,209.0,quay,8310,Belgium waterway,51.111866,3.738869,m_osm_241795954,Jachthaven Langerbrugge,port
candidate,209.1,pontoon,,Unknown waterway,53.562451,6.751697,m_osm_431044599,Schutzhafen Borkum,port
candidate,209.1,pontoon,,Belgium waterway,51.232407,2.923822,m_osm_127980697,Royal North Sea Yacht Club,port
candidate,209.3,quay,,Netherlands waterway,52.493953,5.076377,m_osm_1081137323,WV Volendam,port
candidate,209.6,quay,Fahrgastlände Krems-Stein Donaustation 25,Donau,48.402602,15.591401,m_osm_2870329975,Wassersportverein Krems,port
candidate,209.8,quay,13,Port of Antwerp,51.230622,4.406892,m_osm_44100103,Willemdok,port
candidate,209.9,quay,Kleinbootanlegestelle,Hochrhein,47.567878,7.58616,m_osm_2371811036,Motoryachtclub Basel,port
candidate,209.9,quay,,Netherlands waterway,52.255287,5.384673,m_osm_6246330413,Nieuwe Haven,port
candidate,210.6,quay,,Amsterdam-Rijnkanaal,52.309477,5.045119,m_osm_521830923,VVV Steiger,port
candidate,211.7,quay,,Unknown waterway,51.498723,4.27257,m_osm_65410787,WSV De Schelde,port
candidate,212.1,quay,,Rhine,50.926477,6.974099,m_osm_704629786,Deutz,port
candidate,212.2,quay,Ligplaats Woudrichem - linker oever (ONP),Waal,51.818354,5.005563,m_osm_972977791,WSV Woudrichem,port
candidate,212.3,quay,Bundeswasserstraßenverwaltung,Donau,48.424201,13.867876,m_osm_136813178,Yachthafen Schlögen,port
candidate,212.7,quay,120,Unknown waterway,51.44744,3.589919,m_osm_895035948,VVW Schelde,port
candidate,213.5,quay,5975,Belgium waterway,51.207556,3.802867,m_osm_279405371,Watersportvereniging Zelzate,port
candidate,214.4,quay,,Netherlands waterway,52.660871,5.599196,m_osm_233642540,Gemeentehaven Urk,port
candidate,215.8,quay,,Netherlands waterway,52.305822,5.241807,m_osm_974819853,Gemeentelijke Jachthaven Huizen,port
candidate,215.9,quay,Ligplaats 3 Zutphen,Netherlands waterway,52.14776,6.184712,m_osm_59366503,Houthaven,port
candidate,216.3,quay,,Netherlands waterway,52.698337,6.181367,m_osm_5810641702,Buitenhaven te Meppel,halte
candidate,216.3,quay,,Zeekanaal Brussel-Schelde,51.074725,4.363019,m_osm_111869545,yachtclub Volante,port
candidate,216.7,quay,,Albertkanaal,50.94439,5.336644,m_osm_317822393,Royal Hasselt Yachting Club,port
candidate,217.3,pontoon,Ponton privé,Saône,47.000366,5.143429,m123,Seurre – Halte Nautique,halte
candidate,217.3,pontoon,Steiger Ueli - Fähri Grossbasel,Hochrhein,47.569379,7.58339,m_osm_2371811036,Motoryachtclub Basel,port
candidate,218.7,quay,Ligplaats Nigtevecht,Amsterdam-Rijnkanaal,52.275695,5.021202,m_osm_2101902827,WSV Nigtevecht,port
candidate,219.0,quay,Ligplaats Kade Noppert Burgum,Netherlands waterway,53.184816,5.995348,m_osm_58539221,W.S.V. Bergumermeer,port
candidate,219.0,quay,"Lauwersoog, Rijkswaterstaat korte steiger Zuid",Unknown waterway,53.40978,6.197691,m_osm_4816784433,Haven Lauwersoog,port
candidate,219.6,quay,401,Belgium waterway,51.234813,2.92635,m_osm_9337104173,Royal North Sea Yacht Club,port
candidate,220.1,quay,Liegestelle,Rhine,50.016002,8.261391,m_osm_9803102921,Marina Zollhafen,port
candidate,220.3,pontoon,,Unknown waterway,53.562687,6.749193,m_osm_431044599,Schutzhafen Borkum,port
candidate,220.9,quay,Donau - Yacht - Club Deggendorf e. V.,Donau,48.823519,12.966207,m_osm_2339243116,Schutzhafen Deggendorf,port
candidate,222.1,quay,,Kanaal Bocholt-Herentals,51.200988,4.982029,m_osm_4447544120,Yachting Club Geel,port
candidate,222.2,quay,,Netherlands waterway,52.255173,5.384847,m_osm_6246330413,Nieuwe Haven,port
candidate,222.6,quay,Passagierbootterminal St. Johann Steiger 2,Hochrhein,47.568646,7.583769,m_osm_2371811036,Motoryachtclub Basel,port
candidate,222.8,pontoon,,Unknown waterway,53.409825,6.197688,m_osm_4816784433,Haven Lauwersoog,port
candidate,222.9,quay,,Amsterdam-Rijnkanaal,52.308552,5.040832,m_osm_521830923,VVV Steiger,port
candidate,224.5,quay,"Lauwersoog, Rijkswaterstaat korte steiger Noord",Unknown waterway,53.409881,6.197751,m_osm_4816784433,Haven Lauwersoog,port
candidate,226.7,quay,,Amsterdam-Rijnkanaal,52.308853,5.041032,m_osm_521830923,VVV Steiger,port
candidate,227.3,quay,Ligplaats veerstoep de Burd Grou,Netherlands waterway,53.100406,5.850525,m_osm_2161072694,Waterpark Yn 'e Lijte,port
candidate,227.9,quay,Ankerplaats Papendrecht,Netherlands waterway,51.822103,4.687503,m_osm_489776422,WSV Papendrecht,port
candidate,228.6,quay,,Rhine,51.458599,6.725727,m_osm_4097568572,Ruhrorter Yachtclub e.V. - Nord,port
candidate,230.3,quay,Ligplaats Dienstensteiger Burgum,Netherlands waterway,53.184673,5.993628,m_osm_58539221,W.S.V. Bergumermeer,port
candidate,230.5,quay,Nagymaros,Donau,47.793533,18.966483,m_osm_3725310639,Kishajó és sport kikötő,port
candidate,231.0,quay,Ligplaats 1 passagierssteiger Arnhem,Netherlands waterway,51.979207,5.901529,m_osm_4115694895,Tankstation: Arnhem,fuel
candidate,231.6,quay,"Lauwersoog, Rijkswaterstaat lange steiger Zuid",Unknown waterway,53.410005,6.197834,m_osm_4816784433,Haven Lauwersoog,port
candidate,232.3,quay,VARO ENERGY TANKSTORAGE AG,Hochrhein,47.557591,7.638888,m_osm_2127664232,IG Rheinhalde,port
candidate,232.5,quay,30A,Port of Antwerp,51.232414,4.418162,m_osm_60261478,Kempischdok,port
candidate,232.5,quay,Budapest III. upper,Donau,47.573007,19.067118,m_osm_11103232270,Csörlő,port
candidate,232.7,quay,Liegestelle Bingen-Kempten,Rhine,49.971725,7.916817,m_osm_2145227266,Motor-Yacht-Club-Bingen,port
candidate,233.0,pontoon,,Netherlands waterway,51.973558,5.362736,m_osm_721714332,Jachthaven De Lunenburg,port
candidate,233.5,quay,,Netherlands waterway,52.699132,6.182282,m_osm_5810641702,Buitenhaven te Meppel,halte
candidate,236.0,quay,Liegeplatz Rheinquai Wiesemündung,Hochrhein,47.583519,7.586656,m_osm_2371824358,Marina Dreiländereck,port
candidate,238.1,quay,GMS Liegeplatz 1,Hochrhein,47.571907,7.586231,m_osm_2371811036,Motoryachtclub Basel,port
candidate,238.1,quay,VARO AG,Hochrhein,47.555841,7.641415,m_osm_2371782395,Wassersportclub Grenzach-Wyhlen,port
candidate,238.1,pontoon,"Liegestelle ""Rheinquai-Wiesemündung""",Hochrhein,47.583455,7.586876,m_osm_2371824358,Marina Dreiländereck,port
candidate,238.1,quay,Liegeverbotsfläche Hafen Traben,Mosel,49.968853,7.130847,m_osm_530787671,Hafen Traben-Trarbach,port
candidate,238.7,pontoon,,Unknown waterway,51.396522,3.567673,m_osm_405177913,Jachthaven Breskens,port
candidate,239.7,quay,Forchheim oberer Vorhafen,Main-Donau-Kanal,49.74086,11.049732,m_osm_8356269802,Wasserübungsplatz THW Forchheim,port
candidate,239.9,pontoon,,Unknown waterway,53.410071,6.197773,m_osm_4816784433,Haven Lauwersoog,port
candidate,240.6,quay,Ligplaats 5 Urk,Netherlands waterway,52.659836,5.601381,m_osm_10094878918,WSV de Zuiderzee,port
candidate,241.0,quay,"Lauwersoog, Rijkswaterstaat lange steiger Noord",Unknown waterway,53.410143,6.197907,m_osm_4816784433,Haven Lauwersoog,port
candidate,242.2,quay,Liegemöglichkeit Budenheim,Rhine,50.033349,8.183814,m_osm_1368197464,Tankstelle und Werft Schneider,fuel
candidate,242.3,quay,,Netherlands waterway,53.21555,6.599326,m_osm_755436289,JSG Stadswerf,port
candidate,242.3,quay,"Lauwersoog, Rijkswaterstaat betonningsterrein Oost",Unknown waterway,53.405697,6.201358,m_osm_148271053,Noordergat,port
candidate,242.7,pontoon,VARO ENERGY TANKSTORAGE AG,Hochrhein,47.557763,7.638209,m_osm_2127664232,IG Rheinhalde,port
candidate,242.7,quay,Frankfurter Yacht-Club e. V.,Main,50.090095,8.636433,m_osm_715305522,Frankfurter Kanu-Verein 1913,port
candidate,243.0,quay,8470,Belgium waterway,51.109652,3.740874,m_osm_241795954,Jachthaven Langerbrugge,port
candidate,244.7,quay,51,Unknown waterway,52.951149,4.785301,m_osm_1068215593,Water Sport Club Breewijd,port
candidate,245.2,quay,946,Belgium waterway,51.231293,3.220509,m_osm_1816556549,Koninklijke Brugse zeil- en yachtclub,port
candidate,245.5,quay,Ligplaats 1 Wilhelminakade Maastricht,Maas,50.855258,5.695432,m_osm_4720042858,Bassin,port
candidate,245.7,quay,Aschach,Donau,48.362016,14.023928,m_osm_2150298957,MYCK Motor-Yacht-Club Kachlet,port
candidate,245.9,quay,,IJssel,52.382122,4.902872,m_osm_1212605687,Sixhaven,port
candidate,246.1,quay,Ligplaats IJ Westerdoksdijk Amsterdam,IJssel,52.386568,4.893505,m_osm_185158800,City Marina IJdock,port
candidate,246.2,quay,5995,Belgium waterway,51.210675,3.804838,m_osm_279405371,Watersportvereniging Zelzate,port
candidate,246.3,quay,38A,Port of Antwerp,51.236219,4.414644,m_osm_4322795,Kempisch dok,port
candidate,246.4,quay,31B,Port of Antwerp,51.235484,4.418164,m_osm_4322795,Kempisch dok,port
candidate,246.8,quay,920,Belgium waterway,51.231083,3.224159,m_osm_1816556549,Koninklijke Brugse zeil- en yachtclub,port
candidate,246.9,quay,Ankerplaats loswal Venlo,Maas,51.390942,6.152817,m_osm_834352362,WSV De Maas,port
candidate,247.4,quay,B㠱퐀繘｝운齴耀畄慮渀耀｟욲ꀀ耀噏F㤀耀ｑ우ꄨ耀癉ᅇἡｓ욾ꊂ耀㤷㤹瀀耀ｕ욼ꍉ耀1⁴灵耀ｗ욺ꓐ耀噏F㜰㘱ｉ울ꖂ耀裤㞧ἡｋ욦ꘀ耀㤷㤹㬀耀ｍ욤Ꝙ耀㤷㤹耀䷯ｏ욢꡸耀〲㠱琀耀ａ욠꧈耀噏F㰀耀ｃ욮꩘耀〲㠱,Donau,47.482502,19.057316,m_osm_6943300825,MOL,fuel
candidate,247.9,quay,8270,Belgium waterway,51.11332,3.744376,m_osm_241795954,Jachthaven Langerbrugge,port
candidate,248.4,pontoon,Passagierbootterminal St. Johann Steiger 2,Hochrhein,47.568555,7.583446,m_osm_2371811036,Motoryachtclub Basel,port
candidate,250.8,quay,32,Port of Antwerp,51.236223,4.41648,m_osm_4322795,Kempisch dok,port
candidate,251.1,quay,"Lauwersoog, aanleginrichting veerdienst Zuid",Unknown waterway,53.410349,6.198172,m_osm_4816784433,Haven Lauwersoog,port
candidate,251.7,quay,,Netherlands waterway,52.698875,6.181368,m_osm_5810641702,Buitenhaven te Meppel,halte
candidate,252.6,quay,Ligplaats Rederij het IJ 4 West Amsterdam,IJssel,52.382529,4.896195,m_osm_185158800,City Marina IJdock,port
candidate,252.7,quay,,Netherlands waterway,51.605246,4.763241,m_osm_686502436,WSV Breda,port
candidate,252.8,quay,Liegeplatz Koblenz-Güls,Mosel,50.336642,7.556294,m_osm_1154367317,Sportboothafen Rörig Güls,port
candidate,252.8,quay,4440,Belgium waterway,51.13569,3.79755,m_osm_8087252421,VVW Mendonk,port
candidate,253.4,quay,31,Unknown waterway,52.961439,4.778209,m_osm_9742020643,Diesel,fuel
candidate,253.9,quay,,Netherlands waterway,51.970633,5.933792,m_osm_4115683032,Jachthaven Valkenburg,port
candidate,254.1,quay,BPG 1,Hochrhein,47.587687,7.588782,m_osm_2371824358,Marina Dreiländereck,port
candidate,254.3,quay,,Netherlands waterway,52.707777,5.300622,m_osm_1066811749,Museumhaven,port
candidate,254.4,quay,,Albertkanaal,50.942632,5.334756,m_osm_317822393,Royal Hasselt Yachting Club,port
candidate,254.6,quay,Ligplaats 3 Doesburg,Netherlands waterway,52.010861,6.128551,m_osm_530792598,Passantenhaven Doesburg,port
candidate,254.6,quay,Liegeplatz,Mosel,50.364697,7.595796,m_osm_1904840426,Bauhafen,port
candidate,254.7,quay,Stadt Wertheim,Main,49.761328,9.517546,m_osm_417285845,Sportboothafen,port
candidate,255.3,quay,,Rhine,51.455523,6.72743,m_osm_431072366,Ruhrorter Yachtclub e.V. - Süd,port
candidate,255.6,quay,Ligplaats Den Helder - Spoorweghaven,Unknown waterway,52.950287,4.77602,m_osm_849107410,Watersport vereniging Onrust,port
candidate,256.2,quay,,Rhine,51.459014,6.725461,m_osm_4097568572,Ruhrorter Yachtclub e.V. - Nord,port
candidate,256.3,quay,Ligplaats Neer,Maas,51.258965,6.004548,m_osm_111346773,WSV Hanssum,port
candidate,256.3,quay,berth1 Marad,Donau,43.847036,25.944329,m_osm_508231317,Yacht Club Port Rousse,port
candidate,256.6,quay,36,Unknown waterway,52.960015,4.774842,m_osm_960962183,Jachthaven Willemsoord,port
candidate,256.9,quay,Ligplaats 2 IJsselkade Kampen,Netherlands waterway,52.561885,5.914765,m_osm_86840864,Oude Buitenhaven,port
candidate,257.3,quay,Ligplaats veerstoep RO Sneek,Netherlands waterway,53.027415,5.731705,m_osm_1063763242,Havens Noord,port
candidate,257.5,quay,,Netherlands waterway,52.697404,6.180324,m_osm_5810641702,Buitenhaven te Meppel,halte
candidate,258.4,quay,,Netherlands waterway,52.707499,5.301498,m_osm_1066811749,Museumhaven,port
candidate,258.6,quay,1080,Belgium waterway,51.110602,3.74508,m_osm_241795954,Jachthaven Langerbrugge,port
candidate,259.4,quay,2D,Port of Antwerp,51.229543,4.404846,m_osm_44100103,Willemdok,port
candidate,259.8,quay,Liegestelle,Rhine,47.584306,7.584716,m_osm_2371824358,Marina Dreiländereck,port
candidate,259.8,quay,Vilshofen,Donau,48.636724,13.183793,m_osm_227704881,Bootsportverein - Vilshofen,port
candidate,259.8,quay,,Kanaal Gent-Oostende,51.196795,3.228332,m_osm_319622162,Flandria,port
candidate,260.4,quay,Ligplaats 1 Dienststeiger Overnachtingshaven Tuindorp bakboord.Lobith,Boven-Rijn / Pannerdens Kanaal,51.857416,6.092102,m_osm_183218371,Jachthaven de Bijland,port
candidate,260.9,quay,"Lauwersoog, aanleginrichting sneldienst",Unknown waterway,53.410484,6.19829,m_osm_4816784433,Haven Lauwersoog,port
candidate,261.2,quay,Ligplaats J Weckx Maasbracht,Maas,51.157293,5.886602,m_osm_608983342,Fuel station Diesel,fuel
candidate,261.3,quay,,Netherlands waterway,52.707581,5.30139,m_osm_1066811749,Museumhaven,port
candidate,263.8,quay,35,Unknown waterway,52.961095,4.775532,m_osm_960962183,Jachthaven Willemsoord,port
candidate,264.2,quay,,Netherlands waterway,52.702295,5.298718,m_osm_251161990,Compagnieshaven,port
candidate,264.7,quay,Privatlände Land OÖ,Donau,48.335584,14.026971,m_osm_2150298954,Anlegestelle Brandstatt,port
candidate,264.7,quay,Ligplaats passagiersschepen Nijmegen,Waal,51.849955,5.866865,m_osm_1446067379,Lindenberghaven Passantensteiger,port
candidate,264.8,quay,,Netherlands waterway,53.329166,6.927433,m_osm_109141846,Jachthaven KZ&RV Neptunus,port
candidate,265.5,quay,Ligplaats loswal Kampen,Netherlands waterway,52.567949,5.90051,m_osm_86841338,WSV De Riette,port
candidate,265.6,quay,Havarieabsetzplatz,Donau,48.308075,14.3317,m_osm_2150418661,Sportboothafen Linz,port
candidate,265.6,quay,9,Port of Antwerp,51.229302,4.404688,m_osm_44100103,Willemdok,port
candidate,266.1,quay,,Main,49.669869,10.140798,m_osm_1924158103,Anlegestelle Marktbreit,port
candidate,266.1,quay,1070,Belgium waterway,51.109881,3.744241,m_osm_241795954,Jachthaven Langerbrugge,port
candidate,266.4,quay,,Netherlands waterway,52.707651,5.30136,m_osm_1066811749,Museumhaven,port
candidate,268.0,quay,608,Belgium waterway,51.226261,2.936889,m_osm_127979467,Royal Yacht Club Oostende,port
candidate,268.1,quay,1492,Unknown waterway,51.330289,3.823969,m_osm_5452229236,WV Neusen,port
candidate,268.4,quay,Ligplaats 1 Zutphen,Netherlands waterway,52.140312,6.190873,m_osm_136098077,Jachthaven Gelre,port
candidate,268.4,quay,Ligplaats 2 IJ Amsterdam,IJssel,52.405326,4.882796,m_osm_177695057,Amsterdam Marina,port
candidate,268.5,quay,Wiener Donauraum,Donau,48.235736,16.394782,m_osm_1178234226,Eiltank 52,fuel
candidate,268.5,pontoon,,Belgium waterway,51.334577,3.207116,m_osm_554945941,Royal Belgian Sailing Club,port
candidate,268.7,quay,Liegeplatz,Mosel,49.908984,7.061125,m_osm_127679910,Schutzhafen Kues,port
candidate,269.0,quay,Ligplaats Handelshaven Kadevak D/E Delfzijl,Netherlands waterway,53.33251,6.932916,m_osm_109141846,Jachthaven KZ&RV Neptunus,port
candidate,269.1,quay,Ligplaats 2 Maasbracht - West,Maas,51.145285,5.882987,m_osm_1415312988,Tullemanns Oliehandel,fuel
candidate,270.3,quay,Nussdorf,Donau,48.270317,16.362354,m_osm_24905185,Yachthafen Kuchelau,port
candidate,270.4,quay,Ligplaats veersteiger Garijp,Netherlands waterway,53.172535,5.938016,m_osm_136163909,Jachthaven Suwâld,port
candidate,271.2,quay,,Main-Donau-Kanal,49.745922,11.042205,m_osm_431082573,Hafen (Port) Motoryachtclub Forchheim,port
candidate,271.6,quay,4270,Belgium waterway,51.135393,3.797246,m_osm_8087252421,VVW Mendonk,port
candidate,272.1,quay,10,Unknown waterway,51.445645,3.587544,m_osm_895035948,VVW Schelde,port
candidate,272.1,pontoon,,Belgium waterway,51.234239,2.927094,m_osm_9337104173,Royal North Sea Yacht Club,port
candidate,272.6,quay,Ruse-berth18,Donau,43.843954,25.939893,m_osm_508231317,Yacht Club Port Rousse,port
candidate,273.6,quay,Liegestelle,Rhine,49.970254,7.915825,m_osm_2145227266,Motor-Yacht-Club-Bingen,port
candidate,273.8,quay,,Unknown waterway,52.956125,4.77981,m_osm_960962173,"Watersportvereniging ""Helder - Willemsoord - Nieuwediep"" (wsvhwn)",port
candidate,274.2,pontoon,,Unknown waterway,53.410476,6.197846,m_osm_4816784433,Haven Lauwersoog,port
candidate,274.3,quay,,Amsterdam-Rijnkanaal,52.31019,5.048315,m_osm_2102662832,Jachthaven De Zeemeermin,port
candidate,275.8,quay,"Lauwersoog, aanleginrichting veerdienst Noord",Unknown waterway,53.410603,6.198186,m_osm_4816784433,Haven Lauwersoog,port
candidate,275.8,quay,38B,Port of Antwerp,51.236215,4.413484,m_osm_4322795,Kempisch dok,port
candidate,276.3,pontoon,VARO AG Steiger 5,Hochrhein,47.555602,7.640831,m_osm_2371782395,Wassersportclub Grenzach-Wyhlen,port
candidate,276.6,quay,Ligplaats 1 Doesburg,Netherlands waterway,52.012394,6.129605,m_osm_530792598,Passantenhaven Doesburg,port
candidate,276.6,quay,Liegeplatz Koblenz-Rauental,Mosel,50.365208,7.569137,m_osm_232918500,Post-Sportverein,port
candidate,277.1,quay,Public Berth - APDF SA Giurgiu,Donau,43.771059,24.515588,m_osm_707599445,Portul Turistic Corabia,port
candidate,277.6,quay,,Netherlands waterway,51.858481,4.656096,m_osm_3254105961,Buitenjachthaven,port
candidate,278.2,quay,29B,Port of Antwerp,51.233812,4.419487,m_osm_60261478,Kempischdok,port
candidate,278.5,quay,,Amsterdam-Rijnkanaal,52.310183,5.048664,m_osm_2102662832,Jachthaven De Zeemeermin,port
candidate,278.5,quay,Ligplaats Den Helder - Industriehaven,Unknown waterway,52.94754,4.774493,m_osm_849107411,Jachthaven Pluto,port
candidate,280.8,quay,1471,Unknown waterway,51.322222,3.826765,m_osm_12407056733,Zeeland Bunkering BV,fuel
candidate,281.8,quay,"Vaarwegmarkering, Ligplaats Zuid",Unknown waterway,53.362304,5.21937,m_osm_3924013456,Stichting Passantenhaven Terschelling,port
candidate,282.8,quay,Liegeplatz,Mosel,50.36374,7.596438,m_osm_1904840426,Bauhafen,port
candidate,283.3,quay,,Maas,51.539575,6.079966,m_osm_2164018990,Jachthaven Wanssum,port
candidate,283.4,quay,,Leie,50.790312,3.124236,m_osm_114555530,Port de plaisance d'Halluin,port
candidate,284.0,quay,,Leie,50.790663,3.124315,m_osm_114555530,Port de plaisance d'Halluin,port
candidate,284.5,quay,,Netherlands waterway,52.699846,6.183137,m_osm_5810641702,Buitenhaven te Meppel,halte
candidate,284.6,quay,,Unknown waterway,51.502404,4.268831,m_osm_65410787,WSV De Schelde,port
candidate,284.6,quay,29C,Port of Antwerp,51.23314,4.419494,m_osm_60261478,Kempischdok,port
candidate,285.1,quay,,Netherlands waterway,52.697599,6.179931,m_osm_5810641702,Buitenhaven te Meppel,halte
candidate,285.1,quay,29E,Port of Antwerp,51.232148,4.418787,m_osm_60261478,Kempischdok,port
candidate,285.3,quay,Umschlaglände Steindl,Donau,48.465513,13.790344,m_osm_2150252119,Anlegestelle Niederranna,port
candidate,286.3,pontoon,,Belgium waterway,51.231703,2.92401,m_osm_127980697,Royal North Sea Yacht Club,port
candidate,286.5,quay,5960,Belgium waterway,51.206582,3.802794,m_osm_279405371,Watersportvereniging Zelzate,port
candidate,286.8,quay,Liegestelle Schweinfurt,Main,50.04551,10.242434,m_osm_2503222179,RC Schweinfurt,port
candidate,287.0,quay,,Maas,50.8236,5.697133,m_osm_381246023,Maastricht Marina Pietersplas,port
candidate,287.0,quay,,Amsterdam-Rijnkanaal,52.309819,5.050173,m_osm_2102662832,Jachthaven De Zeemeermin,port
candidate,287.0,quay,,Netherlands waterway,51.976032,5.904003,m_osm_4115694895,Tankstation: Arnhem,fuel
candidate,287.4,quay,Liegestelle Köln-Pollerwiesen,Rhine,50.924694,6.97194,m_osm_704629786,Deutz,port
candidate,287.8,quay,Ligplaats 5 HBR Oude Maas Dordrecht,Netherlands waterway,51.813825,4.656368,m_osm_1368200086,"WSV ""Maartensgat""",port
candidate,287.9,quay,23,Port of Antwerp,51.231536,4.407523,m_osm_44100103,Willemdok,port
candidate,288.0,quay,obere Lände Grein,Donau,48.225206,14.854409,m_osm_31244298,Hafen Grein - Bootsverein Turul,port
candidate,288.0,quay,32,Unknown waterway,52.961375,4.77764,m_osm_9742020643,Diesel,fuel
candidate,288.0,quay,29A,Port of Antwerp,51.23462,4.419488,m_osm_4322795,Kempisch dok,port
candidate,289.0,quay,Ligplaats Rederij het IJ 3 West Amsterdam,IJssel,52.382275,4.896535,m_osm_185158800,City Marina IJdock,port
candidate,289.3,quay,Ligplaatsen voor veerponten Starteiland Sneek,Netherlands waterway,53.027465,5.731206,m_osm_1063763242,Havens Noord,port
candidate,289.4,quay,Liegeplatz Migros,Hochrhein,47.558485,7.636174,m_osm_2127664274,Yacht-Club Hörnle Grenzach-Wyhlen,port
candidate,289.7,quay,GELPKE - Brunnen,Hochrhein,47.582975,7.58843,m_osm_2371824358,Marina Dreiländereck,port
candidate,289.7,pontoon,,Belgium waterway,51.231544,2.923266,m_osm_127980697,Royal North Sea Yacht Club,port
candidate,289.8,quay,402,Belgium waterway,51.234099,2.927316,m_osm_9337104173,Royal North Sea Yacht Club,port
candidate,290.3,quay,,Netherlands waterway,51.64699,4.84563,m_osm_316312859,WSV Sluis 1,port
candidate,290.8,quay,Ligplaats passagiersschepen IJsselkade Kampen,Netherlands waterway,52.556308,5.921746,m_osm_86841057,WSV Kampen IJsselmuiden,port
candidate,291.1,quay,Ligplaats Lochem 6,Netherlands waterway,52.165895,6.41743,m_osm_192280566,Passantenhaven,port
candidate,291.2,quay,Ligplaats Maasbracht - Linker oever kegel,Maas,51.155429,5.886444,m_osm_608983342,Fuel station Diesel,fuel
candidate,291.9,quay,1090,Belgium waterway,51.111298,3.745977,m_osm_241795954,Jachthaven Langerbrugge,port
candidate,292.0,quay,Ligplaats Hoge Kanaaldijk Maastricht,Maas,50.8241,5.697076,m_osm_381246023,Maastricht Marina Pietersplas,port
candidate,292.5,quay,,Zeekanaal Brussel-Schelde,51.071874,4.36603,m_osm_528530237,Dok 3,port
candidate,292.6,quay,Obermühl,Donau,48.451383,13.91661,m_osm_2150252120,Anlegestelle Obermühl,port
candidate,292.6,quay,,Netherlands waterway,51.820955,4.693345,m_osm_4537329787,Bunkerstation Papendrecht,fuel
candidate,293.4,quay,Liegemöglichkeit Brohl,Rhine,50.491757,7.323972,m_osm_2612452192,Sportboothafen Brohl,port
candidate,293.5,quay,"Lauwersoog, Rijkswaterstaat laagwaterstoep",Unknown waterway,53.410899,6.198727,m_osm_4816784433,Haven Lauwersoog,port
candidate,293.5,quay,8390,Belgium waterway,51.111141,3.737766,m_osm_241795954,Jachthaven Langerbrugge,port
candidate,293.7,quay,"Lauwersoog, Rijkswaterstaat Kustweg 10",Unknown waterway,53.406737,6.196519,m_osm_4816784433,Haven Lauwersoog,port
candidate,294.7,quay,Garant Tiernahrung Aschach,Donau,48.360263,14.02323,m_osm_2150298957,MYCK Motor-Yacht-Club Kachlet,port
candidate,294.8,quay,,Leie,50.899492,3.34012,m_osm_694535055,Jachthaven Ooigem,port
candidate,295.6,quay,Liegestelle im Städtischen Hafen Speyer,Rhine,49.309696,8.456384,m_osm_100394021,Marina,port
candidate,296.0,quay,52,Unknown waterway,52.950779,4.785885,m_osm_1068215593,Water Sport Club Breewijd,port
candidate,296.2,quay,Ligplaats 4 Zwartsluis,Netherlands waterway,52.638728,6.07051,m_osm_369651339,Recreatiecentrum Zwartewater,port
candidate,296.2,quay,Ligplaats 2 passagierssteiger Arnhem,Netherlands waterway,51.979659,5.898422,m_osm_4115694895,Tankstation: Arnhem,fuel
candidate,296.2,quay,,Zeekanaal Brussel-Schelde,51.072748,4.363968,m_osm_528530237,Dok 3,port
candidate,296.5,quay,Ligplaats 4 IJsselkade Kampen,Netherlands waterway,52.566087,5.907995,m_osm_86841058,Nieuwe Buitenhaven,port
candidate,297.1,quay,Ruse-berth19,Donau,43.84291,25.940594,m_osm_508231317,Yacht Club Port Rousse,port
candidate,297.7,quay,Liegeplatz Koblenz-Rauental,Mosel,50.363061,7.567598,m_osm_2371649299,Motorboot- u. Wasserski-Club Koblenz,port
candidate,298.3,quay,Ligplaats 2 Maasbracht - Oost,Maas,51.147474,5.88517,m_osm_1415312988,Tullemanns Oliehandel,fuel
candidate,298.3,quay,Ligplaats 13 Vlissingen,Unknown waterway,51.446285,3.583807,m_osm_895035948,VVW Schelde,port
candidate,298.3,quay,8320,Belgium waterway,51.111593,3.737592,m_osm_241795954,Jachthaven Langerbrugge,port
candidate,299.6,quay,104,Belgium waterway,51.229633,2.926875,m_osm_87577282,Mercator Marina Dok 1,port
candidate,301.3,quay,Liegeplatz,Mosel,50.363516,7.596456,m_osm_1904840426,Bauhafen,port
candidate,302.3,quay,Ligplaats 1 Kampen,Netherlands waterway,52.582235,5.86533,m_osm_2637215145,Watersportvereniging Berend Aalbers,port
candidate,302.7,quay,204,Belgium waterway,51.225441,2.935549,m_osm_127979467,Royal Yacht Club Oostende,port
candidate,302.9,pontoon,Ultra-Brag AG,Hochrhein,47.556782,7.63968,m_osm_2127664232,IG Rheinhalde,port
candidate,303.2,quay,Ligplaats loswal Kistdam Prins Willem-Alexandersluis Noord,IJssel,52.380283,4.960427,m_osm_464935020,WSV de Zuiderzee,port
candidate,303.3,quay,Klosterhof Spitz,Donau,48.366004,15.424505,m_osm_332670512,Wassersportclub Spitz,port
candidate,303.6,quay,Ligplaats De Leeuw van Weenen Maasbracht,Maas,51.149136,5.884152,m_osm_1415312988,Tullemanns Oliehandel,fuel
candidate,304.3,quay,Nordbahnlände,Donau,48.231758,16.399608,m_osm_1178234226,Eiltank 52,fuel
candidate,304.4,quay,10,Port of Antwerp,51.228672,4.404139,m_osm_44100103,Willemdok,port
candidate,304.5,quay,Wartelände Freudenau,Donau,48.191341,16.455908,m_osm_1502802694,Franz vom Schiff (Scheriau),port
candidate,304.5,quay,Niederbayerischer Motoryachtclub Landshut e. V.,Donau,48.82411,12.965459,m_osm_2339243116,Schutzhafen Deggendorf,port
candidate,304.9,quay,Ligplaats 1 Julianasluis Gouda,Netherlands waterway,52.010192,4.688243,m_osm_1430300662,WVG Gouda,port
candidate,305.0,quay,,Rhine,51.454903,6.72795,m_osm_431072366,Ruhrorter Yachtclub e.V. - Süd,port
candidate,305.5,quay,Ligplaats 3 steiger Overnachtingshaven Tuindorp stuurboord Lobtith.,Boven-Rijn / Pannerdens Kanaal,51.857721,6.091084,m_osm_183218371,Jachthaven de Bijland,port
candidate,305.8,pontoon,,Unknown waterway,51.500827,4.054914,m_osm_2867514257,Steijn Oliehandel,fuel
candidate,306.3,quay,Ligplaats 5 Julianasluis Gouda,Netherlands waterway,52.009692,4.688999,m_osm_1430300662,WVG Gouda,port
candidate,307.1,quay,,Netherlands waterway,52.692461,6.167868,m_osm_2136005275,JachtHaven Meppel,port
candidate,307.3,quay,,Leie,50.774495,3.033947,m_osm_461940882,Passantenhaven De Balokken,port
candidate,307.9,quay,Ligplaats Werthaboulevard Weert,Netherlands waterway,51.256606,5.700467,m_osm_1395865713,Passantenhaven Weert,port
candidate,308.6,quay,Ligplaats 1 passagiersschepen Roermond,Maas,51.19875,5.981617,m_osm_2932887734,RWV Nautilus,port
candidate,308.7,quay,2C,Port of Antwerp,51.229524,4.404117,m_osm_44100103,Willemdok,port
candidate,309.1,quay,Fahrgastlände Dürnstein Donaustation 21,Donau,48.390287,15.521348,m_osm_332664662,Motorboot-Club St.Pölten-Rossatz,port
candidate,309.1,quay,,Unknown waterway,52.945882,4.774912,m_osm_849107411,Jachthaven Pluto,port
candidate,310.0,quay,,Unknown waterway,52.948711,4.774474,m_osm_849107411,Jachthaven Pluto,port
candidate,310.3,quay,Liegeplatz Ostquai,Hochrhein,47.586788,7.59136,m_osm_2371824358,Marina Dreiländereck,port
candidate,310.3,quay,10,Unknown waterway,52.959823,4.78091,m_osm_863230287,KMJC Den Helder,port
candidate,310.3,quay,,Leie,50.899934,3.340705,m_osm_694535055,Jachthaven Ooigem,port
candidate,310.5,quay,Liegestelle im Städtischen Hafen Speyer,Rhine,49.308467,8.457082,m_osm_100394021,Marina,port
candidate,311.6,quay,Ligplaats Overnachtingshaven Tuindorp Markerink Lobith,Boven-Rijn / Pannerdens Kanaal,51.856762,6.092031,m_osm_183218371,Jachthaven de Bijland,port
candidate,312.2,quay,57,Unknown waterway,52.951421,4.786439,m_osm_1068215593,Water Sport Club Breewijd,port
candidate,312.6,quay,8480,Belgium waterway,51.109111,3.740307,m_osm_241795954,Jachthaven Langerbrugge,port
candidate,312.7,quay,29D,Port of Antwerp,51.23239,4.419493,m_osm_60261478,Kempischdok,port
candidate,312.8,quay,,Dender,50.947571,4.037435,m_osm_8867559693,Jachthaven VVW Aalst,port
candidate,313.1,quay,Fahrgastlände Krems NTVC,Donau,48.402516,15.589916,m_osm_2870329975,Wassersportverein Krems,port
candidate,313.1,quay,Zijkanaal A Oost Charlie,Unknown waterway,51.329886,3.824065,m_osm_5452229236,WV Neusen,port
candidate,313.1,quay,14,Port of Antwerp,51.231535,4.406464,m_osm_44100103,Willemdok,port
candidate,314.0,quay,Ligplaats 1 Houtribsluis - Binnen,Netherlands waterway,52.519615,5.435028,m_osm_136988910,Bataviahaven,port
candidate,314.3,quay,,Maas,51.389709,6.151099,m_osm_834352362,WSV De Maas,port
candidate,315.6,quay,,IJssel,52.3749,4.923956,m_osm_495482225,WSV De Oostvaarders,port
candidate,316.0,quay,31C,Port of Antwerp,51.236338,4.418166,m_osm_4322795,Kempisch dok,port
candidate,316.1,quay,,Belgium waterway,51.13537,3.796607,m_osm_8087252421,VVW Mendonk,port
candidate,316.2,quay,Ligplaats dienstensteiger Oostersluis Oostzijde Groningen,Netherlands waterway,53.225109,6.595582,m_osm_127077120,Motorboot Club Groningen,port
candidate,316.2,quay,Liegeplatz Peter-Altmeier-Ufer,Mosel,50.362964,7.597638,m_osm_1904840426,Bauhafen,port
candidate,316.3,quay,Liegemöglichkeit Lorcher Werth,Rhine,50.037426,7.809089,m_osm_91263444,Steganlage Wassersportverein Lorch,port
candidate,316.5,quay,921,Belgium waterway,51.230669,3.225025,m_osm_1816556549,Koninklijke Brugse zeil- en yachtclub,port
candidate,316.9,quay,Liegestelle Hanau,Main,50.129195,8.903654,m_osm_1506364309,Hanauer Boots-Club e.V.,port
candidate,317.3,quay,6140,Belgium waterway,51.208986,3.801043,m_osm_279405371,Watersportvereniging Zelzate,port
candidate,318.1,quay,Liegeplatz Peter-Altmeier-Ufer,Mosel,50.363449,7.601895,m_osm_1904840426,Bauhafen,port
candidate,318.1,quay,948,Belgium waterway,51.232484,3.218119,m_osm_1816556549,Koninklijke Brugse zeil- en yachtclub,port
candidate,318.4,quay,33,Unknown waterway,52.961033,4.777508,m_osm_9742020643,Diesel,fuel
candidate,318.8,quay,957,Belgium waterway,51.235375,3.219861,m_osm_1816556549,Koninklijke Brugse zeil- en yachtclub,port
candidate,318.9,quay,Blaukegelliegeplatz,Hochrhein,47.54866,7.64738,m_osm_2371780446,MSC Hochrhein,port
candidate,318.9,quay,Ligplaats Rederij het IJ 2 West Amsterdam,IJssel,52.382045,4.896766,m_osm_185158800,City Marina IJdock,port
candidate,319.4,quay,Aschach,Donau,48.364245,14.024924,m_osm_1576596901,Schiffsanlegestelle Aschach,port
candidate,320.1,quay,BPG 2,Hochrhein,47.588218,7.58919,m_osm_2371824358,Marina Dreiländereck,port
candidate,320.9,quay,,Netherlands waterway,52.259509,5.382144,m_osm_3598164061,Gemeentehaven Spakenburg,port
candidate,321.1,quay,39,Port of Antwerp,51.236212,4.41237,m_osm_4322795,Kempisch dok,port
candidate,321.3,quay,Ligplaats kade Solidd Steel Structures Burgum,Netherlands waterway,53.185119,5.998408,m_osm_58539221,W.S.V. Bergumermeer,port
candidate,321.7,quay,,Belgium waterway,51.135727,3.796562,m_osm_8087252421,VVW Mendonk,port
candidate,321.7,quay,956,Belgium waterway,51.234083,3.21826,m_osm_1816556549,Koninklijke Brugse zeil- en yachtclub,port
candidate,322.1,quay,Zijkanaal A Oost Hotel (Martens),Unknown waterway,51.322575,3.826581,m_osm_12407056733,Zeeland Bunkering BV,fuel
candidate,322.2,quay,,Netherlands waterway,51.969814,5.934363,m_osm_4115683032,Jachthaven Valkenburg,port
candidate,322.4,quay,,Netherlands waterway,52.695868,6.177742,m_osm_1368200370,Passantenhaven Meppel,port
candidate,322.6,quay,Ligplaats 3 Dirk Metselaarhaven Koole Zaandam,Netherlands waterway,52.42044,4.850401,m_osm_13526713621,Kokernoot,port
candidate,322.8,quay,,Ringvaart om Gent,51.010473,3.743302,m_osm_2533763290,Yachting Merelbeke,port
candidate,323.4,quay,Lagerhauslände I,Donau,48.216701,16.418935,m_osm_2418916657,Bunkerstation für Binnenschiffe,fuel
candidate,323.5,quay,Wassersportclub Frankfurt e. V.,Main,50.090484,8.637389,m_osm_715305522,Frankfurter Kanu-Verein 1913,port
candidate,324.9,quay,34,Unknown waterway,52.961028,4.776439,m_osm_960962183,Jachthaven Willemsoord,port
candidate,325.1,quay,Ligplaats Palen Venlo,Maas,51.389647,6.149138,m_osm_834352362,WSV De Maas,port
candidate,325.1,quay,Hafen Zweckverband Deggendorf,Donau,48.818939,12.968847,m_osm_2339243116,Schutzhafen Deggendorf,port
candidate,325.8,quay,Reede Bingen,Rhine,49.971917,7.923705,m_osm_2145227266,Motor-Yacht-Club-Bingen,port
candidate,326.0,quay,,Albertkanaal,50.940268,5.335974,m_osm_317822393,Royal Hasselt Yachting Club,port
candidate,326.7,quay,28F,Port of Antwerp,51.235554,4.419492,m_osm_4322795,Kempisch dok,port
candidate,327.0,quay,6160,Belgium waterway,51.208095,3.800884,m_osm_279405371,Watersportvereniging Zelzate,port
candidate,327.2,quay,Fahrgastlände Dürnstein Donaustation 22,Donau,48.388854,15.522555,m_osm_332664662,Motorboot-Club St.Pölten-Rossatz,port
candidate,328.1,quay,,Netherlands waterway,53.327933,6.933372,m_osm_109141846,Jachthaven KZ&RV Neptunus,port
candidate,328.4,quay,Fahrgastlände Gemeinde Naarn,Donau,48.22528,14.583114,m_osm_2150418536,Motor Yacht Club Au an der Donau,port
candidate,328.9,quay,Kleinbootanlegestelle Dreiländereck,Hochrhein,47.588115,7.589795,m_osm_2371824358,Marina Dreiländereck,port
candidate,329.2,quay,Ligplaats 2 woonschepen Nieuwegein,Lek,52.00897,5.096959,m_osm_1839056700,Gem. passantenhaven Nieuwegein,port
candidate,329.2,quay,1065,Belgium waterway,51.108915,3.743223,m_osm_241795954,Jachthaven Langerbrugge,port
candidate,329.3,quay,Ligplaats 3 steiger Overnachtingshaven Tuindorp bakboord.Lobith,Boven-Rijn / Pannerdens Kanaal,51.857818,6.090655,m_osm_183218371,Jachthaven de Bijland,port
candidate,329.3,quay,11A,Port of Antwerp,51.2281,4.403936,m_osm_60261479,Jachthaven Willemdok,port
candidate,330.8,quay,102,Belgium waterway,51.231668,2.925263,m_osm_127980697,Royal North Sea Yacht Club,port
candidate,331.1,quay,,Netherlands waterway,52.843853,5.716161,m_osm_506432468,Gemeente De Fryske Marren Binnenhaven Lemmer,port
candidate,331.4,quay,Wachtplaats sluizen,Unknown waterway,51.329881,3.820984,m_osm_5452229236,WV Neusen,port
candidate,332.4,quay,Passagierbootterminal St. Johann Steiger 1,Hochrhein,47.567246,7.583845,m_osm_2371811036,Motoryachtclub Basel,port
candidate,332.4,quay,,Netherlands waterway,52.311191,5.243751,m_osm_74765028,Jachthaven 't Huizerhoofd,port
candidate,332.7,quay,Ligplaats kade Van der Galien Recycling Kootstertille,Netherlands waterway,53.214525,6.103849,m_osm_2883684001,Jachthaven Koostertille,port
candidate,334.1,quay,Ligplaats 1 Rederij het IJ West Amsterdam,IJssel,52.381921,4.896868,m_osm_185158800,City Marina IJdock,port
candidate,336.2,quay,305,Belgium waterway,51.222924,2.935675,m_osm_127979467,Royal Yacht Club Oostende,port
candidate,337.2,quay,"Rijkswaterstaat, Betonningsterrein Zuid",Unknown waterway,53.361954,5.218576,m_osm_3924013456,Stichting Passantenhaven Terschelling,port
candidate,337.4,quay,Ligplaats 1 IJ Amsterdam,IJssel,52.406103,4.882549,m_osm_177695057,Amsterdam Marina,port
candidate,337.6,quay,Liegestelle,Rhine,47.61183,7.58383,m_osm_528560929,MYC Motorboot- und Yachtclub Weil am Rhein,port
candidate,338.2,quay,9,Unknown waterway,52.959712,4.780116,m_osm_863230287,KMJC Den Helder,port
candidate,338.3,quay,Ockermüller,Donau,48.335534,16.135109,m_osm_297041813,Wipfingerbucht,port
candidate,338.4,quay,,Zeekanaal Brussel-Schelde,51.078968,4.367049,m_osm_111869545,yachtclub Volante,port
candidate,339.9,quay,210,Belgium waterway,51.330401,3.196653,m_osm_462344084,Brugse Zeil- en Yachtclub,port
candidate,340.3,quay,Raunheim,Main,50.011861,8.437349,m_osm_49248757,Yachthafen Raunheim,port
candidate,341.1,quay,,Albertkanaal,50.945035,5.335084,m_osm_317822393,Royal Hasselt Yachting Club,port
candidate,341.1,quay,307,Belgium waterway,51.222109,2.936841,m_osm_127979467,Royal Yacht Club Oostende,port
candidate,341.7,quay,103,Belgium waterway,51.230667,2.926236,m_osm_87577282,Mercator Marina Dok 1,port
candidate,342.0,quay,6120,Belgium waterway,51.210009,3.801251,m_osm_279405371,Watersportvereniging Zelzate,port
candidate,342.4,quay,,Albertkanaal,50.940529,5.33504,m_osm_317822393,Royal Hasselt Yachting Club,port
candidate,342.9,quay,,Netherlands waterway,51.830072,4.557585,m_osm_2189653371,Maritiem Centrum Barendrecht (Jachthaven en Jachtservice),port
candidate,342.9,quay,37,Unknown waterway,52.959288,4.775557,m_osm_960962183,Jachthaven Willemsoord,port
candidate,343.0,quay,,Zeekanaal Brussel-Schelde,51.071981,4.364229,m_osm_528530237,Dok 3,port
candidate,343.4,quay,,Amsterdam-Rijnkanaal,52.25556,5.043068,m_osm_2101902826,"Overmeer, jachthaven",port
candidate,343.5,quay,,Unknown waterway,53.32777,6.933367,m_osm_109141846,Jachthaven KZ&RV Neptunus,port
candidate,343.7,pontoon,Ultra-Brag AG,Hochrhein,47.556313,7.640157,m_osm_2371782395,Wassersportclub Grenzach-Wyhlen,port
candidate,343.8,quay,,Netherlands waterway,52.839059,5.711517,m_osm_9100194288,Bootstankstelle Jachthaven Friese Hoek,fuel
candidate,343.9,quay,Liegemöglichkeit Schierstein,Rhine,50.038694,8.198413,m_osm_2370509930,Wassersport Wiesbaden 1921 e.V.,port
candidate,344.0,quay,Liegestelle,Rhine,50.014524,8.263733,m_osm_9803102921,Marina Zollhafen,port
candidate,344.2,quay,Würzburger Hafen GmbH,Main,49.811089,9.875004,m_osm_2399077730,Bunkerstation Würzburg MSG,fuel
candidate,344.7,quay,Ligplaats IJ Charter/Pax 1 Amsterdam,IJssel,52.383376,4.90169,m_osm_1212605687,Sixhaven,port
candidate,345.9,quay,130,Unknown waterway,51.446976,3.591693,m_osm_895035948,VVW Schelde,port
candidate,346.1,quay,Ligplaats 2 Wilhelminakade Maastricht,Maas,50.852988,5.694921,m_osm_4720042858,Bassin,port
candidate,346.5,quay,Schifffahrtsaufsicht Engelhartszell,Donau,48.503261,13.735811,m_osm_2150252229,Schiffsanlegestellen Engelhartszell,port
candidate,346.8,quay,SLIH,Belgium waterway,51.302701,4.284695,m_osm_837845424,Yacht Club Scaldis,port
candidate,347.1,quay,Liegeplatz Koblenz-Metternich,Mosel,50.368926,7.571806,m_osm_232918500,Post-Sportverein,port
candidate,348.0,quay,Liegestelle im Hafen Maxau,Rhine,49.040548,8.306526,m_osm_2126518927,MBC - Motorboot-Club Karlsruhe,port
candidate,348.6,quay,Ligplaats De Lier Drachten,Netherlands waterway,53.112305,6.056239,m_osm_5783697097,Nieuweaanlegede haven te Drachten,port
candidate,348.7,quay,Wiener Donauraum GmbH,Donau,48.22176,16.412374,m_osm_10539264340,Bunkerstation für Binnenschiffe,fuel
candidate,348.7,quay,,Unknown waterway,52.960927,4.777067,m_osm_9742020643,Diesel,fuel
candidate,348.8,quay,Ligplaats 2 Grut Eilan Grou,Netherlands waterway,53.095519,5.850621,m_osm_4075335813,Fieten Olie,fuel
candidate,348.8,quay,Ligplaats Lochem 6,Netherlands waterway,52.165935,6.416556,m_osm_192280566,Passantenhaven,port
candidate,348.9,quay,140,Unknown waterway,51.447669,3.592014,m_osm_895035948,VVW Schelde,port
candidate,349.2,quay,8260,Belgium waterway,51.113878,3.745535,m_osm_241795954,Jachthaven Langerbrugge,port
candidate,349.3,quay,Zuiderkanaalhaven Alpha (de Hoop),Unknown waterway,51.316989,3.830243,m_osm_12407056733,Zeeland Bunkering BV,fuel
candidate,349.4,quay,GMS Liegeplatz 2,Hochrhein,47.572908,7.586241,m_osm_2371811036,Motoryachtclub Basel,port
candidate,350.9,quay,1100,Belgium waterway,51.111997,3.746868,m_osm_241795954,Jachthaven Langerbrugge,port
candidate,352.4,quay,22B,Port of Antwerp,51.232165,4.407904,m_osm_44100103,Willemdok,port
candidate,352.9,quay,Ankerplaats Schoonhoven,Lek,51.939178,4.871739,m_osm_1500259825,WSV Nova Portus,port
candidate,353.5,quay,4450,Belgium waterway,51.135799,3.796116,m_osm_8087252421,VVW Mendonk,port
candidate,353.6,quay,BPG 3,Hochrhein,47.588344,7.589861,m_osm_2371824358,Marina Dreiländereck,port
candidate,353.6,quay,403,Belgium waterway,51.233852,2.928171,m_osm_9337104173,Royal North Sea Yacht Club,port
candidate,354.0,quay,Ligplaats Rederij Stiphout St. Pieter Maastricht,Maas,50.825872,5.697121,m_osm_381246029,Watersportvereniging Maasvogels,port
candidate,354.5,pontoon,Vlotsteiger 6,Belgium waterway,51.300261,4.289759,m_osm_837845424,Yacht Club Scaldis,port
candidate,354.7,quay,Ruse-berth2,Donau,43.847878,25.94472,m_osm_508231317,Yacht Club Port Rousse,port
candidate,355.3,quay,Ligplaats Terherne,Netherlands waterway,53.048004,5.778032,m_osm_1236145709,Jachthaven Kaap Hoorn,port
candidate,356.5,quay,53,Unknown waterway,52.950369,4.786562,m_osm_1068215593,Water Sport Club Breewijd,port
candidate,357.2,quay,105,Belgium waterway,51.227729,2.928216,m_osm_87577282,Mercator Marina Dok 1,port
candidate,359.3,quay,11B,Port of Antwerp,51.22809,4.403499,m_osm_60261479,Jachthaven Willemdok,port
candidate,360.7,quay,Ligplaats 3 Zwartsluis,Netherlands waterway,52.638822,6.069543,m_osm_369651339,Recreatiecentrum Zwartewater,port
candidate,360.8,quay,Ligplaats HBR Kade Zomerlust Zwijndrecht,Netherlands waterway,51.818056,4.65833,m_osm_1368200086,"WSV ""Maartensgat""",port
candidate,361.0,quay,6180,Belgium waterway,51.207244,3.800757,m_osm_279405371,Watersportvereniging Zelzate,port
candidate,361.0,quay,5945,Belgium waterway,51.205786,3.802698,m_osm_279405371,Watersportvereniging Zelzate,port
candidate,361.7,quay,Stadt Stadtprozelten,Main,49.78441,9.413424,m_osm_431045310,Bootsmarina Hock-Boote,port
candidate,361.7,quay,2B,Port of Antwerp,51.229428,4.403323,m_osm_44100103,Willemdok,port
candidate,362.1,quay,Ligplaats Rhederlaag,Netherlands waterway,51.999835,6.065147,m_osm_855152283,Jachthaven Giesbeek,port
candidate,362.3,quay,Dreiländereck,Hochrhein,47.588498,7.589657,m_osm_2371824358,Marina Dreiländereck,port
candidate,362.3,quay,917,Belgium waterway,51.2363,3.221873,m_osm_1816556549,Koninklijke Brugse zeil- en yachtclub,port
candidate,362.4,quay,27A,Port of Antwerp,51.237298,4.41483,m_osm_4322795,Kempisch dok,port
candidate,362.8,quay,,Amsterdam-Rijnkanaal,52.308658,5.038711,m_osm_521830923,VVV Steiger,port
candidate,364.4,quay,27B,Port of Antwerp,51.237297,4.416285,m_osm_4322795,Kempisch dok,port
candidate,365.0,quay,15A,Port of Antwerp,51.231951,4.406125,m_osm_44100103,Willemdok,port
candidate,365.1,pontoon,Passagierbootterminal St. Johann Steiger 1,Hochrhein,47.567032,7.583534,m_osm_2371811036,Motoryachtclub Basel,port
candidate,365.1,quay,,Donau,44.619138,22.644073,m_osm_1882216471,Yacht Klub Aurora,port
candidate,366.2,quay,,Netherlands waterway,52.702569,5.296174,m_osm_251161990,Compagnieshaven,port
candidate,366.4,quay,Havarieabsetzplatz,Donau,48.236966,16.397065,m_osm_1178234226,Eiltank 52,fuel
candidate,367.0,quay,Public Berth - APDF SA Giurgiu,Donau,43.771087,24.516718,m_osm_707599445,Portul Turistic Corabia,port
candidate,367.7,quay,Ligplaats Kalkhaven HBR 2 Dordrecht,Netherlands waterway,51.81229,4.657034,m_osm_1368200086,"WSV ""Maartensgat""",port
candidate,368.7,quay,Sailer,Donau,48.219446,14.85511,m_osm_31244298,Hafen Grein - Bootsverein Turul,port
candidate,369.4,quay,,Maas,50.857573,5.69603,m_osm_4720042858,Bassin,port
candidate,369.8,quay,,Netherlands waterway,52.442532,4.754267,m_osm_1229731437,"Jachthaven ""De Vlonder""",port
candidate,371.1,quay,211,Belgium waterway,51.329466,3.196909,m_osm_462344084,Brugse Zeil- en Yachtclub,port
candidate,371.2,quay,Liegeplatz Ostquai,Hochrhein,47.587632,7.59151,m_osm_2371824358,Marina Dreiländereck,port
candidate,371.4,quay,Ligplaats 2 Maasbracht - Linker oever,Maas,51.158667,5.887386,m_osm_608983342,Fuel station Diesel,fuel
candidate,372.1,quay,Ligplaats Heijen Haven West,Maas,51.685609,5.963914,m_osm_1446067224,WSV De PaesPlas,port
candidate,372.7,quay,4260,Belgium waterway,51.135495,3.7958,m_osm_8087252421,VVW Mendonk,port
candidate,372.8,quay,209,Belgium waterway,51.330804,3.196004,m_osm_462344084,Brugse Zeil- en Yachtclub,port
candidate,374.4,quay,Ligplaats 1 Houtribsluis - Buiten,Netherlands waterway,52.53347,5.434636,m_osm_95750751,Houtribhaven,port
candidate,375.5,quay,,Netherlands waterway,52.922286,5.040774,m_osm_108802293,Marina Den Oever,port
candidate,375.5,pontoon,,Unknown waterway,53.327573,6.933753,m_osm_109141846,Jachthaven KZ&RV Neptunus,port
candidate,375.8,quay,Ligplaats Heijen Haven Noord,Maas,51.684987,5.96732,m_osm_1446067224,WSV De PaesPlas,port
candidate,375.8,quay,Ligplaats 2 steiger Overnachtingshaven Tuindorp bakboord.Lobith,Boven-Rijn / Pannerdens Kanaal,51.855933,6.092223,m_osm_183218371,Jachthaven de Bijland,port
candidate,376.2,quay,11,Unknown waterway,52.959224,4.780844,m_osm_863230287,KMJC Den Helder,port
candidate,376.4,quay,Ligplaats Vluchthaven Breezanddijk - Zuid,Netherlands waterway,53.018488,5.207548,m_osm_1191839930,Noorderhaven,port
candidate,377.0,quay,309,Belgium waterway,51.221429,2.937798,m_osm_127979467,Royal Yacht Club Oostende,port
candidate,378.1,quay,,Netherlands waterway,53.054022,5.397755,m_osm_7797365372,Passantenhaven Makkum,port
candidate,379.1,quay,Ligplaats Sappi Maastricht,Maas,50.857709,5.696029,m_osm_4720042858,Bassin,port
candidate,380.5,quay,Ligplaats 11 Hasselt,Netherlands waterway,52.592174,6.083851,m_osm_4087556124,Jachthaven De Molenwaard,port
candidate,380.5,quay,,Beneden-Merwede,51.737373,5.130544,m_osm_721652678,WSV Heusden,port
candidate,380.5,quay,Ligplaats HBR Oude Maas Eeryza Zwijndrecht,Netherlands waterway,51.815899,4.654756,m_osm_1368200086,"WSV ""Maartensgat""",port
candidate,380.8,quay,"Hainburg, Land Niederösterreich",Donau,48.147766,16.93624,m_osm_1353442969,Interessensgruppe Motorbootfahrer Johlerarm,port
candidate,381.6,quay,8,Unknown waterway,52.959504,4.77932,m_osm_863230287,KMJC Den Helder,port
candidate,382.0,quay,Reede Mainz-Kostheim,Rhine,49.999191,8.287297,m_osm_2370350592,Kanu-Club Mainz-Kostheim 1924 e.V.,port
candidate,383.6,quay,26B,Port of Antwerp,51.237296,4.413533,m_osm_4322795,Kempisch dok,port
candidate,383.9,quay,8380,Belgium waterway,51.110707,3.736614,m_osm_241795954,Jachthaven Langerbrugge,port
candidate,384.0,quay,12,Unknown waterway,52.959096,4.781507,m_osm_863230287,KMJC Den Helder,port
candidate,384.1,quay,,Canal Nieuwpoort–Dunkerque,51.073756,2.667752,m_osm_815733187,Jachthaven Veurne,port
candidate,384.1,quay,Ruse-berth17,Donau,43.843077,25.938971,m_osm_508231317,Yacht Club Port Rousse,port
candidate,385.4,quay,,Netherlands waterway,52.431183,4.718387,m_osm_106660520,Watersportvereniging IJmond,port
candidate,387.4,quay,Ligplaats 4 steiger Overnachtingshaven Tuindorp stuurboord Lobtith.,Boven-Rijn / Pannerdens Kanaal,51.857901,6.089733,m_osm_183218371,Jachthaven de Bijland,port
candidate,387.7,quay,1446,Unknown waterway,51.316754,3.83074,m_osm_12407056733,Zeeland Bunkering BV,fuel
candidate,387.8,quay,8330,Belgium waterway,51.111156,3.736383,m_osm_241795954,Jachthaven Langerbrugge,port
candidate,389.6,quay,Ligplaats loswal Gulf Nigtevecht,Amsterdam-Rijnkanaal,52.277308,5.022728,m_osm_2101902827,WSV Nigtevecht,port
candidate,390.1,quay,,Boven-Zeeschelde,51.049123,4.059511,m_osm_3872683655,Costa Zela,port
candidate,390.6,quay,28E,Port of Antwerp,51.236504,4.419482,m_osm_4322795,Kempisch dok,port
candidate,391.0,quay,Ligplaats Lochem - TKF,Netherlands waterway,52.165972,6.415925,m_osm_192280566,Passantenhaven,port
candidate,391.0,quay,Ligplaats IJ Marina Amsterdam,IJssel,52.400932,4.889021,m_osm_177695057,Amsterdam Marina,port
candidate,391.1,quay,,Zeekanaal Brussel-Schelde,51.077869,4.360113,m_osm_111869545,yachtclub Volante,port
candidate,391.4,quay,,Unknown waterway,52.946465,4.773072,m_osm_849107411,Jachthaven Pluto,port
candidate,391.7,quay,303,Belgium waterway,51.224019,2.93414,m_osm_127979467,Royal Yacht Club Oostende,port
candidate,392.0,quay,40A,Port of Antwerp,51.236313,4.411117,m_osm_4322795,Kempisch dok,port
candidate,392.6,quay,607,Belgium waterway,51.226607,2.935041,m_osm_127979467,Royal Yacht Club Oostende,port
candidate,393.6,quay,,IJssel,52.378817,4.905934,m_osm_1212605687,Sixhaven,port
candidate,393.7,quay,Ruse-berth25,Donau,43.841604,25.941353,m_osm_508231317,Yacht Club Port Rousse,port
candidate,394.8,quay,,Netherlands waterway,51.806119,4.875321,m_osm_2960696312,Jachthaven de Steur,port
candidate,394.9,quay,,Maas,51.540593,6.080152,m_osm_2164018990,Jachthaven Wanssum,port
candidate,397.3,quay,Ligplaats Rederij het IJ 4 Oost Amsterdam,IJssel,52.3788,4.907253,m_osm_1212605687,Sixhaven,port
candidate,397.6,quay,Ligplaats 1 Maasbracht - West,Maas,51.143788,5.881784,m_osm_1415312988,Tullemanns Oliehandel,fuel
candidate,398.0,quay,712,Belgium waterway,51.336909,3.205463,m_osm_554945941,Royal Belgian Sailing Club,port
candidate,398.3,quay,11C,Port of Antwerp,51.228077,4.402931,m_osm_60261479,Jachthaven Willemdok,port
candidate,398.6,quay,Kanaal Goese Kade,Unknown waterway,51.319089,3.822641,m_osm_12407056733,Zeeland Bunkering BV,fuel
candidate,399.6,quay,Ankerplaats 1 Zutphen,Netherlands waterway,52.156468,6.184943,m_osm_1140832794,Jachthaven De Mars,port
candidate,399.9,quay,Kleinbootsteg Klybeckquai,Hochrhein,47.582041,7.586366,m_osm_2371824358,Marina Dreiländereck,port
candidate,400.4,quay,600,Unknown waterway,51.319262,3.822561,m_osm_12407056733,Zeeland Bunkering BV,fuel
candidate,400.7,quay,Ligplaats 1 Maasbracht - Oost,Maas,51.143939,5.882887,m_osm_1415312988,Tullemanns Oliehandel,fuel
candidate,400.7,quay,Liegestelle Fahrgastschiffe,Rhine,50.928232,6.973487,m_osm_704629786,Deutz,port
candidate,400.9,quay,56,Unknown waterway,52.950839,4.787581,m_osm_1068215593,Water Sport Club Breewijd,port
candidate,401.1,quay,8490,Belgium waterway,51.108431,3.739603,m_osm_241795954,Jachthaven Langerbrugge,port
candidate,401.5,quay,2A,Port of Antwerp,51.2295,4.402762,m_osm_44100103,Willemdok,port
candidate,401.7,quay,Ligplaats 1 Zwartsluis,Netherlands waterway,52.634525,6.077407,m_osm_369651339,Recreatiecentrum Zwartewater,port
candidate,403.1,quay,Ligplaats chartervaart IJsselkade Kampen,Netherlands waterway,52.56076,5.91613,m_osm_86840864,Oude Buitenhaven,port
candidate,403.8,pontoon,Vlotsteiger 5,Belgium waterway,51.299919,4.290921,m_osm_837845424,Yacht Club Scaldis,port
candidate,404.0,quay,Liegeplatz Cochem,Mosel,50.143057,7.169755,m_osm_276530161,Hafen Cochem - Cond,port
candidate,404.4,pontoon,,Donau,44.822678,20.442498,m_osm_287866170,Војна марина,port
candidate,405.2,quay,Ligplaats 2 HBR Beneden Merwede Dordrecht,Netherlands waterway,51.820328,4.688428,m_osm_489776422,WSV Papendrecht,port
candidate,405.4,quay,601,Belgium waterway,51.230411,2.927876,m_osm_87577282,Mercator Marina Dok 1,port
candidate,406.2,quay,Ligplaats autoafzetplaats betonnensteiger Zuider IJdijk Amsterdam,IJssel,52.374625,4.970314,m_osm_6170846514,Jachthaven Schellingwoude,port
candidate,406.3,quay,"Aadorp, autoafzetplaats",Netherlands waterway,52.371502,6.634677,m_osm_972944445,Almelo,port
candidate,406.4,quay,945,Belgium waterway,51.229526,3.221178,m_osm_1816556549,Koninklijke Brugse zeil- en yachtclub,port
candidate,406.5,quay,,Dender,50.948273,4.03666,m_osm_8867559693,Jachthaven VVW Aalst,port
candidate,406.6,quay,Liegemöglichkeit Am Hafen Hunt,Rhine,50.1635,7.700633,m_osm_2145227313,Yachtclub St. Goar,port
candidate,407.6,quay,Ligplaats dienststeiger Provincie en RWS Uitwellingerga,Netherlands waterway,53.001049,5.708365,m_osm_4123006888,JH Hart van Friesland,port
candidate,407.8,quay,Ligplaats 2 steiger Overnachtingshaven Tuindorp stuurboord Lobtith.,Boven-Rijn / Pannerdens Kanaal,51.855654,6.092065,m_osm_183218371,Jachthaven de Bijland,port
candidate,408.1,quay,Liegemöglichkeit Hasenbach,Rhine,50.165627,7.702253,m_osm_2145227313,Yachtclub St. Goar,port
candidate,409.3,quay,Ligplaats 2 Dirk Metselaarhaven Koole Zaandam,Netherlands waterway,52.420441,4.84895,m_osm_13526713621,Kokernoot,port
candidate,409.4,quay,Kanaal Palen Terneuzen  Zuid,Unknown waterway,51.316759,3.82509,m_osm_12407056733,Zeeland Bunkering BV,fuel
candidate,412.1,quay,,Lek,52.008176,5.096937,m_osm_1839056700,Gem. passantenhaven Nieuwegein,port
candidate,414.5,quay,926,Belgium waterway,51.229352,3.222944,m_osm_1816556549,Koninklijke Brugse zeil- en yachtclub,port
candidate,414.7,quay,306,Belgium waterway,51.222509,2.934761,m_osm_127979467,Royal Yacht Club Oostende,port
candidate,416.0,quay,Liegestelle im Städtischen Hafen Speyer,Rhine,49.311838,8.455169,m_osm_100394021,Marina,port
candidate,416.1,quay,Ligplaats autoafzetplaats linker oever Maasbracht,Maas,51.150056,5.884972,m_osm_1415312988,Tullemanns Oliehandel,fuel
candidate,416.2,quay,602,Belgium waterway,51.22972,2.928673,m_osm_87577282,Mercator Marina Dok 1,port
candidate,416.5,quay,308,Belgium waterway,51.221762,2.935795,m_osm_127979467,Royal Yacht Club Oostende,port
candidate,416.6,quay,Ligplaats IJ dok 1 Amsterdam,IJssel,52.406808,4.882085,m_osm_177695057,Amsterdam Marina,port
candidate,416.8,quay,6200,Belgium waterway,51.206317,3.800673,m_osm_279405371,Watersportvereniging Zelzate,port
candidate,416.9,quay,Ligplaats 2 Houtribsluis - Buiten,Netherlands waterway,52.534576,5.435467,m_osm_95750751,Houtribhaven,port
candidate,417.1,quay,203,Belgium waterway,51.225964,2.934103,m_osm_127979467,Royal Yacht Club Oostende,port
candidate,417.7,quay,Ligplaats loswal Kistdam Prins Willem-Alexandersluis Zuid,IJssel,52.379097,4.960632,m_osm_464935020,WSV de Zuiderzee,port
candidate,417.7,quay,54,Unknown waterway,52.949967,4.787239,m_osm_1068215593,Water Sport Club Breewijd,port
candidate,418.3,quay,Stadt Miltenberg,Main,49.70144,9.254224,m_osm_183016564,Yacht-Club Miltenberg,port
candidate,419.1,quay,,Netherlands waterway,52.774908,5.106526,m_osm_521313322,Oosterhaven,port
candidate,419.3,quay,,Ringvaart om Gent,51.009564,3.743686,m_osm_2533763290,Yachting Merelbeke,port
candidate,420.3,quay,,Albertkanaal,50.939209,5.336402,m_osm_317822393,Royal Hasselt Yachting Club,port
candidate,420.6,quay,26A,Port of Antwerp,51.237293,4.41231,m_osm_4322795,Kempisch dok,port
candidate,420.7,quay,Fahrgastlände Schlögen,Donau,48.425116,13.87086,m_osm_136813178,Yachthafen Schlögen,port
candidate,422.4,quay,,Albertkanaal,50.944423,5.332947,m_osm_317822393,Royal Hasselt Yachting Club,port
candidate,423.7,quay,Ligplaats IJsselmeerzand bv. Zwolle,Netherlands waterway,52.49789,6.055735,m_osm_855152630,Passantenhaven Katerveer,port
candidate,423.7,pontoon,,Belgium waterway,51.22692,2.928849,m_osm_87577282,Mercator Marina Dok 1,port
candidate,424.3,quay,1060,Belgium waterway,51.107952,3.742473,m_osm_241795954,Jachthaven Langerbrugge,port
candidate,425.0,quay,Liegestelle Feuerwehr,Rhine,50.928145,6.972569,m_osm_704629786,Deutz,port
candidate,426.0,quay,,Netherlands waterway,51.958232,5.651914,m_osm_183254169,WSV Vada,port
candidate,426.4,quay,Ligplaats 2 Dienststeiger Overnachtingshaven Tuindorp bakboord.Lobith,Boven-Rijn / Pannerdens Kanaal,51.857854,6.089166,m_osm_183218371,Jachthaven de Bijland,port
candidate,426.5,quay,1110,Belgium waterway,51.112684,3.747783,m_osm_241795954,Jachthaven Langerbrugge,port
candidate,426.8,quay,,Netherlands waterway,52.155852,6.189802,m_osm_1140832794,Jachthaven De Mars,port
candidate,426.9,quay,955,Belgium waterway,51.232572,3.21651,m_osm_1816556549,Koninklijke Brugse zeil- en yachtclub,port
candidate,427.2,quay,Zuiderkanaalhaven Delta (Ovet),Unknown waterway,51.316281,3.830433,m_osm_12407056733,Zeeland Bunkering BV,fuel
candidate,427.3,quay,Liegestelle Passau - Stelzlhof,Donau,48.576294,13.430149,m_osm_2406931787,Bunkerboot,fuel
candidate,427.7,quay,Budapest XIII. upper,Donau,47.568214,19.070119,m_osm_4389392359,Hableány kikötő,port
candidate,428.0,quay,Fahrgastlände Krems-Stein Donaustation 24,Donau,48.402341,15.588359,m_osm_2870329975,Wassersportverein Krems,port
candidate,428.4,quay,Sport- und Kulturgemeinschaft Ffm,Main,50.091001,8.638621,m_osm_715305522,Frankfurter Kanu-Verein 1913,port
candidate,428.6,quay,Ligplaats Oude Maas Dolderman Kade Dordrecht,Netherlands waterway,51.812825,4.65495,m_osm_1368200086,"WSV ""Maartensgat""",port
candidate,428.6,quay,Liegestelle Wasserschutzpolizei,Rhine,50.928117,6.972418,m_osm_704629786,Deutz,port
candidate,429.9,quay,berth3 Border police,Donau,43.848452,25.945239,m_osm_508231317,Yacht Club Port Rousse,port
candidate,431.0,quay,"Hochwasserlände ab HSW - 50 cm, Kienstock",Donau,48.383949,15.46359,m_osm_332669159,Hafen Joching - Wassersportclub Weißenkirchen,port
candidate,431.1,quay,Ligplaats Rederij het IJ 3 Oost Amsterdam,IJssel,52.378829,4.909167,m_osm_1212605687,Sixhaven,port
candidate,431.9,quay,,Albertkanaal,50.941557,5.344233,m_osm_317822393,Royal Hasselt Yachting Club,port
candidate,432.0,quay,1,Port of Antwerp,51.229215,4.40228,m_osm_44100103,Willemdok,port
candidate,432.3,quay,Ligplaats IJ Waterplein 5 Amsterdam,IJssel,52.381239,4.897792,m_osm_185158800,City Marina IJdock,port
candidate,432.4,quay,Ligplaats kade Atsma Uitwellingerga,Netherlands waterway,53.000605,5.707309,m_osm_4123006888,JH Hart van Friesland,port
candidate,433.1,quay,Wachtplaats Koopvaardersschutsluis - Kegel,Unknown waterway,52.946954,4.785047,m_osm_849107411,Jachthaven Pluto,port
candidate,433.1,quay,12,Port of Antwerp,51.228572,4.402296,m_osm_44100103,Willemdok,port
candidate,433.4,quay,Ankerplaats 1 De Steeg,Netherlands waterway,52.016472,6.057111,m_osm_972943554,Watersportvereniging De Engel,port
candidate,433.5,quay,38,Unknown waterway,52.958371,4.775974,m_osm_960962183,Jachthaven Willemsoord,port
candidate,434.6,quay,Reede Mannheim-Ludwigshafen,Rhine,49.444761,8.48262,m_osm_1094422531,MCA - Motorboot Club Altrip,port
candidate,434.7,quay,,Unknown waterway,52.949795,4.787364,m_osm_1068215593,Water Sport Club Breewijd,port
candidate,434.7,quay,11D,Port of Antwerp,51.228065,4.402402,m_osm_60261479,Jachthaven Willemdok,port
candidate,435.3,quay,"Fahrgastlände Grein, Donaustation 3",Donau,48.226328,14.855811,m_osm_31244298,Hafen Grein - Bootsverein Turul,port
candidate,435.8,quay,"Tennisplatzlände, ÖSWAG Werft Linz AG",Donau,48.320454,14.311846,m_osm_2150418535,MYCN - Motor Yacht Club Nibelungen,port
candidate,436.5,quay,Liegestelle Fahrgastschiffe,Rhine,50.92851,6.973227,m_osm_704629786,Deutz,port
candidate,437.0,quay,Liegestelle Niederleuken,Saar,49.620455,6.562669,m_osm_345548964,Wassersportclub Saarburg,port
candidate,437.3,quay,28A,Port of Antwerp,51.237507,4.418478,m_osm_4322795,Kempisch dok,port
candidate,438.1,quay,5930,Belgium waterway,51.205017,3.802605,m_osm_279405371,Watersportvereniging Zelzate,port
candidate,439.4,quay,Ligplaats IJ Waterplein 6 Amsterdam,IJssel,52.381354,4.898201,m_osm_185158800,City Marina IJdock,port
candidate,439.5,quay,Trockengutlände Linz Mitte,Donau,48.302121,14.334828,m_osm_2150418661,Sportboothafen Linz,port
candidate,439.6,quay,15B,Port of Antwerp,51.232683,4.406115,m_osm_44100103,Willemdok,port
candidate,439.7,quay,13,Unknown waterway,52.958584,4.781852,m_osm_863230287,KMJC Den Helder,port
candidate,439.7,quay,8250,Belgium waterway,51.114385,3.746552,m_osm_241795954,Jachthaven Langerbrugge,port
candidate,441.5,quay,,Netherlands waterway,51.819752,4.85912,m_osm_1739184574,WSV de Snap,port
candidate,442.2,quay,Ligplaats Kade de Bakkerij Provincie Friesland Warten,Netherlands waterway,53.166235,5.932783,m_osm_2883353701,Bunkerstation P. Pander,fuel
candidate,443.0,quay,,Leie,50.79103,3.126574,m_osm_114555530,Port de plaisance d'Halluin,port
candidate,443.9,quay,Liegestelle Merzig,Saar,49.447021,6.632439,m_osm_142370599,Yachthafen Merzig,port
candidate,445.3,quay,Ligplaats 2 Doesburg,Netherlands waterway,52.013661,6.12823,m_osm_530792598,Passantenhaven Doesburg,port
candidate,446.1,quay,310,Belgium waterway,51.220991,2.936909,m_osm_127979467,Royal Yacht Club Oostende,port
candidate,446.3,quay,Kanaalkade 2,Unknown waterway,51.315882,3.828957,m_osm_12407056733,Zeeland Bunkering BV,fuel
candidate,446.5,quay,,Maas,51.145551,5.875154,m_osm_1415312988,Tullemanns Oliehandel,fuel
candidate,446.8,quay,,Maas,51.752375,5.851218,m_osm_989162651,WSV De Kraaijenbergse Plassen,port
candidate,446.9,quay,,Netherlands waterway,52.694806,6.175833,m_osm_1368200370,Passantenhaven Meppel,port
candidate,447.4,quay,,Netherlands waterway,52.641585,5.087658,m_osm_812673289,Marina Kaap Hoorn,port
candidate,448.0,quay,Lüftner Reisen GmbH,Donau,48.268999,16.363712,m_osm_24905185,Yachthafen Kuchelau,port
candidate,448.1,quay,Ligplaats 6 Julianasluis Gouda,Netherlands waterway,52.00781,4.691915,m_osm_1430300662,WVG Gouda,port
candidate,448.4,quay,,Kanaal Gent-Oostende,51.201973,3.234319,m_osm_446828219,Coupure Marina,port
candidate,449.1,quay,Ligplaats 1 steiger Overnachtingshaven Tuindorp bakboord.Lobith,Boven-Rijn / Pannerdens Kanaal,51.855312,6.091818,m_osm_183218371,Jachthaven de Bijland,port
candidate,449.3,quay,,Netherlands waterway,51.853063,4.653986,m_osm_3078600480,WSV Hendrik Ido Ambacht,port
candidate,449.3,quay,Ligplaats Zijkanaal K Alblemarble Amsterdam,IJssel,52.386219,4.940172,m_osm_9019001054,Het Jacht,port
candidate,449.4,quay,,Leie,50.791358,3.126615,m_osm_114555530,Port de plaisance d'Halluin,port
candidate,449.8,quay,,Netherlands waterway,52.421291,4.849085,m_osm_13526713621,Kokernoot,port
candidate,450.4,quay,Ruse-berth20,Donau,43.841816,25.939427,m_osm_508231317,Yacht Club Port Rousse,port
candidate,450.9,quay,40B,Port of Antwerp,51.23621,4.409956,m_osm_4322795,Kempisch dok,port
candidate,451.0,quay,,Maas,51.75514,5.847978,m_osm_989162651,WSV De Kraaijenbergse Plassen,port
candidate,451.1,quay,Ligplaats Rederij het IJ 2 Oost Amsterdam,IJssel,52.378621,4.909129,m_osm_1212605687,Sixhaven,port
candidate,451.1,quay,,Maas,51.541129,6.080071,m_osm_2164018990,Jachthaven Wanssum,port
candidate,451.7,quay,18,Unknown waterway,52.956743,4.783253,m_osm_960962173,"Watersportvereniging ""Helder - Willemsoord - Nieuwediep"" (wsvhwn)",port
candidate,451.9,quay,,Unknown waterway,51.503053,4.265985,m_osm_65410787,WSV De Schelde,port
candidate,452.1,quay,,Netherlands waterway,52.355341,5.621389,m_osm_677124302,De Knar,port
candidate,452.4,quay,7,Unknown waterway,52.958894,4.778979,m_osm_863230287,KMJC Den Helder,port
candidate,453.2,quay,1472,Unknown waterway,51.32374,3.826191,m_osm_12407056733,Zeeland Bunkering BV,fuel
candidate,453.2,quay,925,Belgium waterway,51.229152,3.224368,m_osm_1816556549,Koninklijke Brugse zeil- en yachtclub,port
candidate,454.2,quay,Liegestelle Vilshofen,Donau,48.638516,13.180493,m_osm_227704881,Bootsportverein - Vilshofen,port
candidate,454.3,quay,Kleinbootliegestelle,Hochrhein,47.551224,7.772313,m_osm_2371763088,Boot-Club Rheinfelden,port
candidate,454.9,quay,4460,Belgium waterway,51.136029,3.794702,m_osm_8087252421,VVW Mendonk,port
candidate,455.2,quay,Ligplaats calamiteitensteiger Prins Willem-Alexandersluis Amsterdam,IJssel,52.378567,4.963288,m_osm_464935020,WSV de Zuiderzee,port
candidate,456.1,quay,Ligplaats 1 woonschepen Nieuwegein,Lek,52.007832,5.09659,m_osm_1839056700,Gem. passantenhaven Nieuwegein,port
candidate,456.3,quay,Ligplaats IJ dok 2 Amsterdam,IJssel,52.407099,4.881744,m_osm_177695057,Amsterdam Marina,port
candidate,456.4,quay,Fahrgastlaende Wurm und Koeck,Donau,48.542809,13.655963,m_osm_2406980246,Bootshafen Kasten,port
candidate,456.5,quay,28D,Port of Antwerp,51.237296,4.419489,m_osm_4322795,Kempisch dok,port
candidate,457.3,quay,39,Unknown waterway,52.957662,4.776523,m_osm_960962173,"Watersportvereniging ""Helder - Willemsoord - Nieuwediep"" (wsvhwn)",port
candidate,457.4,quay,Ligplaats 2 passagiersschepen Roermond,Maas,51.200081,5.981934,m_osm_2932887734,RWV Nautilus,port
candidate,457.7,pontoon,,Belgium waterway,51.227546,2.929631,m_osm_87577282,Mercator Marina Dok 1,port
candidate,458.3,quay,TMS Liegeplatz 1,Hochrhein,47.573886,7.586125,m_osm_2371811036,Motoryachtclub Basel,port
candidate,458.3,quay,Ligplaats 1 HBR Wolwevershaven Dordrecht,Netherlands waterway,51.8181,4.666594,m_osm_3087213215,KDR&ZV,port
candidate,458.3,quay,Zijkanaal A West,Unknown waterway,51.328533,3.823907,m_osm_5452229236,WV Neusen,port
candidate,458.5,quay,Wiener Donauraum GmbH,Donau,48.223395,16.414172,m_osm_10539264340,Bunkerstation für Binnenschiffe,fuel
candidate,459.1,quay,Ligplaats IJ Waterplein 7 Amsterdam,IJssel,52.381363,4.898656,m_osm_185158800,City Marina IJdock,port
candidate,459.1,quay,110,Unknown waterway,51.444735,3.590927,m_osm_895035948,VVW Schelde,port
candidate,459.9,quay,8370,Belgium waterway,51.11022,3.735736,m_osm_241795954,Jachthaven Langerbrugge,port
candidate,460.0,quay,Tauchlände Kollmitzberg,Donau,48.197142,14.847291,m_osm_347390329,Freizeithafen Ardagger,port
candidate,460.1,quay,Liegeplatz,Mosel,50.36415,7.593013,m_osm_1904840426,Bauhafen,port
candidate,460.9,quay,311,Belgium waterway,51.220463,2.939871,m_osm_127979467,Royal Yacht Club Oostende,port
candidate,461.5,quay,Ligplaats 1 Dirk Metselaarhaven Koole Zaandam,Netherlands waterway,52.420373,4.848068,m_osm_13526713621,Kokernoot,port
candidate,462.7,quay,304,Belgium waterway,51.223554,2.933258,m_osm_127979467,Royal Yacht Club Oostende,port
candidate,462.9,quay,,Netherlands waterway,51.581952,5.031411,m_osm_6943441829,TWV Tilburg,port
candidate,463.3,quay,,Ringvaart om Gent,51.009637,3.744827,m_osm_2533763290,Yachting Merelbeke,port
candidate,463.7,quay,Ligplaats 1 Plas Hatenboer Roermond,Maas,51.195511,5.944568,m_osm_1062620082,Marina Oolderhuuske,port
candidate,464.5,quay,Liegeplatz Traben,Mosel,49.962605,7.132053,m_osm_530787671,Hafen Traben-Trarbach,port
candidate,464.7,quay,Wartelände Altenwörth Unterwasser,Donau,48.374873,15.866261,m_osm_101627915,Yachthafen WSCA Altenwörth,port
candidate,464.8,quay,Liegestelle Köln Merkenich,Rhine,51.029517,6.964848,m_osm_7232924505,Sportboothafen Wiesdorf,port
candidate,465.2,pontoon,Vlotsteiger 4,Belgium waterway,51.299576,4.292082,m_osm_837845424,Yacht Club Scaldis,port
candidate,465.3,quay,Havarieabsetzplatz,Donau,48.336409,16.044474,m_osm_189718502,Gästehafen Tulln,port
candidate,466.0,quay,Ligplaats dienstensteiger Lemmer,Netherlands waterway,52.852994,5.677689,m_osm_2154631095,Jachthaven Tacozijl,port
candidate,466.3,quay,301,Belgium waterway,51.224655,2.932991,m_osm_127979467,Royal Yacht Club Oostende,port
candidate,467.3,quay,Ligplaats Almelo - Riwald / Kruiskamp,Netherlands waterway,52.353456,6.619306,m_osm_972944659,Jachthaven AWV,port
candidate,467.3,quay,22A,Port of Antwerp,51.233203,4.407895,m_osm_44100103,Willemdok,port
candidate,467.4,quay,Ruse-berth24,Donau,43.840919,25.941297,m_osm_508231317,Yacht Club Port Rousse,port
candidate,467.8,quay,Ligplaats Houtribsluis - Buiten Kegel,Netherlands waterway,52.532929,5.432691,m_osm_95750751,Houtribhaven,port
candidate,468.2,quay,25B,Port of Antwerp,51.237291,4.411133,m_osm_4322795,Kempisch dok,port
candidate,468.3,quay,Ligplaats 2 Houtribsluis - Binnen,Netherlands waterway,52.52125,5.434878,m_osm_136988910,Bataviahaven,port
candidate,468.6,quay,17,Unknown waterway,52.957052,4.783043,m_osm_960962173,"Watersportvereniging ""Helder - Willemsoord - Nieuwediep"" (wsvhwn)",port
candidate,468.6,quay,802,Belgium waterway,51.234467,2.92995,m_osm_9337104173,Royal North Sea Yacht Club,port
candidate,469.3,quay,Ligplaats Almelo - ForFarmers,Netherlands waterway,52.366698,6.633835,m_osm_972944445,Almelo,port
candidate,471.2,quay,949,Belgium waterway,51.230404,3.217332,m_osm_1816556549,Koninklijke Brugse zeil- en yachtclub,port
candidate,471.4,quay,,Netherlands waterway,52.295298,6.101654,m_osm_60673961,Jachthaven Terwolde,port
candidate,471.6,quay,,Haringvliet,51.82198,4.044958,m_osm_1196173403,Marina Stellendam,port
candidate,471.7,quay,Ligplaats Sluis I Beneden - Rechter oever (kegel) Oosterhout,Netherlands waterway,51.649398,4.842553,m_osm_316312859,WSV Sluis 1,port
candidate,472.5,quay,14,Unknown waterway,52.958288,4.782076,m_osm_863230287,KMJC Den Helder,port
candidate,473.0,quay,,Unknown waterway,52.958233,4.776588,m_osm_960962183,Jachthaven Willemsoord,port
candidate,473.2,quay,Regensburg Dultplatz,Donau,49.026944,12.090692,m_osm_59970968,1. Motorboot- und Wasserskiclub Regensburg e.V.,port
candidate,473.2,quay,ALCEDO ROMANIA Grain Berth,Donau,43.771044,24.518041,m_osm_707599445,Portul Turistic Corabia,port
candidate,474.0,quay,8340,Belgium waterway,51.11059,3.735323,m_osm_241795954,Jachthaven Langerbrugge,port
candidate,474.4,quay,,Hochrhein,47.565834,7.583775,m_osm_2371811036,Motoryachtclub Basel,port
candidate,474.6,quay,711,Belgium waterway,51.337772,3.20414,m_osm_554945941,Royal Belgian Sailing Club,port
candidate,475.9,quay,BIBO Regio,Hochrhein,47.589172,7.590998,m_osm_2371824358,Marina Dreiländereck,port
candidate,476.2,quay,404,Belgium waterway,51.233011,2.929595,m_osm_9337104173,Royal North Sea Yacht Club,port
candidate,477.2,quay,Liegestelle Bingen-Kempten,Rhine,49.971143,7.926229,m_osm_2145227266,Motor-Yacht-Club-Bingen,port
candidate,477.6,quay,Liegestelle Rheinauhafen Becken 24,Rhine,49.419931,8.506619,m_osm_975087207,MCK Motoryacht-Club Mannheim,port
candidate,478.0,quay,4250,Belgium waterway,51.135745,3.794312,m_osm_8087252421,VVW Mendonk,port
candidate,479.5,quay,Würzburger Hafen GmbH,Main,49.812285,9.874658,m_osm_2399077730,Bunkerstation Würzburg MSG,fuel
candidate,480.1,quay,SSB WILD MAA,Hochrhein,47.589138,7.591181,m_osm_2371824358,Marina Dreiländereck,port
candidate,480.7,quay,Ligplaats Hengelo - Zandmaatschappij Twenthe,Netherlands waterway,52.250217,6.769265,m_osm_170673593,Twentse Watersport Vereniging,port
candidate,481.4,quay,503,Belgium waterway,51.231219,2.928226,m_osm_87577282,Mercator Marina Dok 1,port
candidate,481.9,quay,Liegestelle Köln Rheinau Außenhafen,Rhine,50.923999,6.968047,m_osm_26252012,Rheinau Sporthafen Köln Marina RSK,port
candidate,482.5,quay,,Netherlands waterway,51.819833,4.857708,m_osm_1739184574,WSV de Snap,port
candidate,483.3,quay,Liegeplatz,Rhine,49.997304,8.288962,m_osm_144071636,Winterhafen,port
candidate,483.4,quay,Ligplaats 1 steiger Overnachtingshaven Tuindorp stuurboord Lobtith.,Boven-Rijn / Pannerdens Kanaal,51.855031,6.091606,m_osm_183218371,Jachthaven de Bijland,port
candidate,483.7,quay,,Unknown waterway,53.360653,5.21807,m_osm_3924013456,Stichting Passantenhaven Terschelling,port
candidate,483.9,quay,,Maas,51.75091,5.851805,m_osm_989162651,WSV De Kraaijenbergse Plassen,port
candidate,484.3,quay,19,Unknown waterway,52.955775,4.785594,m_osm_1068215592,Marine Watersport Vereniging (MWV),port
candidate,484.4,quay,Ligplaats 4 Houtribsluis Buiten,Netherlands waterway,52.531055,5.432165,m_osm_95750751,Houtribhaven,port
candidate,485.5,quay,55,Unknown waterway,52.949525,4.787978,m_osm_1068215593,Water Sport Club Breewijd,port
candidate,485.5,quay,Hafen Zweckverband Deggendorf,Donau,48.817529,12.969336,m_osm_2339243116,Schutzhafen Deggendorf,port
candidate,485.6,quay,606,Belgium waterway,51.227105,2.933968,m_osm_127979467,Royal Yacht Club Oostende,port
candidate,485.9,quay,Ligplaats Almelo - Betoncentrale Twenthe,Netherlands waterway,52.368104,6.632451,m_osm_972944445,Almelo,port
candidate,486.3,quay,Kleinbootanlegestelle Hafenbecken 2,Hochrhein,47.587493,7.59346,m_osm_2371824358,Marina Dreiländereck,port
candidate,487.0,quay,Ligplaats Lochem - Olbecon / Wila / Campina,Netherlands waterway,52.16529,6.428532,m_osm_192280566,Passantenhaven,port
candidate,487.7,quay,,Netherlands waterway,52.155721,6.191271,m_osm_1140832794,Jachthaven De Mars,port
candidate,487.8,quay,6,Unknown waterway,52.958744,4.778327,m_osm_863230287,KMJC Den Helder,port
candidate,488.1,quay,"Fahrgastlände Engelhartszell, Land Oberösterreich 2",Donau,48.502066,13.736473,m_osm_2150252229,Schiffsanlegestellen Engelhartszell,port
candidate,490.0,quay,208,Belgium waterway,51.330641,3.194336,m_osm_462344084,Brugse Zeil- en Yachtclub,port
candidate,490.3,quay,Liegemöglichkeit Kärlich,Rhine,50.410725,7.481516,m_osm_333949852,Marina Neuwied,port
candidate,490.5,quay,6220,Belgium waterway,51.205375,3.800571,m_osm_279405371,Watersportvereniging Zelzate,port
candidate,492.4,quay,Ligplaats 1 Stevinsluis Binnen Den Oever,Netherlands waterway,52.927687,5.049406,m_osm_108802293,Marina Den Oever,port
candidate,492.5,quay,Ankerplaats 1 Bijland Tolkamer,Boven-Rijn / Pannerdens Kanaal,51.85832,6.081506,m_osm_530792412,Tankstation De Bijland,fuel
candidate,492.5,quay,,Maas,51.209812,5.981361,m_osm_2193181345,Camping J. H. Hermans,port
candidate,492.7,quay,Wachtplaats sluizen,Unknown waterway,51.328177,3.822951,m_osm_5452229236,WV Neusen,port
candidate,492.7,quay,Liegeplatz Peter-Altmeier-Ufer,Mosel,50.362716,7.593861,m_osm_1904840426,Bauhafen,port
candidate,493.6,pontoon,,Belgium waterway,51.227168,2.933897,m_osm_127979467,Royal Yacht Club Oostende,port
candidate,493.7,quay,Ligplaats bunkerstation Zaltbommel,Waal,51.816279,5.249927,m_osm_1197645951,Stadshaven,port
candidate,494.4,quay,,Leie,50.917611,3.42371,m_osm_3211749240,Jachthaven Zulte,port
candidate,494.6,quay,Ruse-berth16,Donau,43.842287,25.938053,m_osm_508231317,Yacht Club Port Rousse,port
candidate,494.9,quay,Ligplaats loswal Overnachtingshaven Tuindorp Lobith,Boven-Rijn / Pannerdens Kanaal,51.856954,6.088616,m_osm_183218371,Jachthaven de Bijland,port
candidate,495.1,quay,,IJssel,52.380855,4.899602,m_osm_1212605687,Sixhaven,port
candidate,495.5,pontoon,,Belgium waterway,51.226288,2.933097,m_osm_127979467,Royal Yacht Club Oostende,port
candidate,495.7,quay,16,Unknown waterway,52.957512,4.782673,m_osm_960962173,"Watersportvereniging ""Helder - Willemsoord - Nieuwediep"" (wsvhwn)",port
candidate,496.2,quay,,Hochrhein,47.565324,7.586869,m_osm_2371811036,Motoryachtclub Basel,port
candidate,496.8,pontoon,Hafen Rheinfelden,Hochrhein,47.554431,7.783815,m_osm_2371763088,Boot-Club Rheinfelden,port
candidate,497.3,quay,603,Belgium waterway,51.228857,2.930241,m_osm_87577282,Mercator Marina Dok 1,port
candidate,498.1,quay,Ligplaats 2 Oosterhout,Netherlands waterway,51.648952,4.838801,m_osm_316312859,WSV Sluis 1,port
candidate,498.2,quay,Ligplaats 3 Houtribsluis - Buiten,Netherlands waterway,52.535737,5.436346,m_osm_95750751,Houtribhaven,port
candidate,498.7,quay,8500,Belgium waterway,51.107666,3.738899,m_osm_241795954,Jachthaven Langerbrugge,port
candidate,499.4,quay,Tulln,Donau,48.337015,16.064381,m_osm_30533800,Yachthafen Tulln,port
candidate,503.5,quay,,Ringvaart om Gent,51.009027,3.744561,m_osm_2533763290,Yachting Merelbeke,port
candidate,506.0,quay,8360,Belgium waterway,51.110017,3.735154,m_osm_241795954,Jachthaven Langerbrugge,port
candidate,506.4,quay,Ligplaats 1 Javakade RivierCruise Amsterdam,IJssel,52.379229,4.918653,m_osm_179640835,Aeolus,port
candidate,507.1,quay,1473,Unknown waterway,51.324217,3.826032,m_osm_12407056733,Zeeland Bunkering BV,fuel
candidate,507.2,quay,,Maas,51.754583,5.850394,m_osm_989162651,WSV De Kraaijenbergse Plassen,port
candidate,507.4,pontoon,Notsteg,Hochrhein,47.581087,7.586118,m_osm_2371824358,Marina Dreiländereck,port
candidate,508.1,quay,Ligplaats Veemkade verlaagde kade Oost Amsterdam,IJssel,52.376111,4.928808,m_osm_495482225,WSV De Oostvaarders,port
candidate,510.3,quay,Ruse-berth4,Donau,43.849088,25.945722,m_osm_508231317,Yacht Club Port Rousse,port
candidate,510.4,quay,,Netherlands waterway,52.579595,5.866788,m_osm_2637215145,Watersportvereniging Berend Aalbers,port
candidate,511.1,quay,1120,Belgium waterway,51.113373,3.748706,m_osm_241795954,Jachthaven Langerbrugge,port
candidate,513.6,quay,Ligplaats 9 Hasselt,Netherlands waterway,52.589699,6.089382,m_osm_444695838,Passantenhaven,port
candidate,513.8,quay,,Netherlands waterway,52.693649,6.170478,m_osm_2136005275,JachtHaven Meppel,port
candidate,514.3,quay,Liegestelle Forchheim unterer Vorhafen,Main-Donau-Kanal,49.746853,11.046655,m_osm_431082573,Hafen (Port) Motoryachtclub Forchheim,port
candidate,514.3,quay,302,Belgium waterway,51.224208,2.932328,m_osm_127979467,Royal Yacht Club Oostende,port
candidate,515.5,quay,,Netherlands waterway,52.69379,5.281993,m_osm_238795009,Krabbershaven,port
candidate,515.5,quay,,Albertkanaal,50.93825,5.336795,m_osm_317822393,Royal Hasselt Yachting Club,port
candidate,515.9,quay,Loswal Almelo,Netherlands waterway,52.365402,6.635074,m_osm_972944445,Almelo,port
candidate,515.9,quay,804,Belgium waterway,51.234033,2.930583,m_osm_9337104173,Royal North Sea Yacht Club,port
candidate,516.5,quay,15,Unknown waterway,52.957816,4.782434,m_osm_960962173,"Watersportvereniging ""Helder - Willemsoord - Nieuwediep"" (wsvhwn)",port
candidate,516.5,quay,Liegestelle Köln-Porz,Rhine,50.87721,7.051444,m_osm_233697893,Yachthafen: Club für Wassersport Porz,port
candidate,518.2,quay,River Dock AG,Main,49.973592,10.66496,m_osm_431082598,Yachtclub Eltmann e.V.,port
candidate,518.4,quay,Ligplaats 1 autoafzetplaats sluis Grave - Boven,Maas,51.764384,5.744225,m_osm_516774851,WSV De Stuw,port
candidate,518.7,quay,28C,Port of Antwerp,51.237979,4.419495,m_osm_4322795,Kempisch dok,port
candidate,518.8,quay,16A,Port of Antwerp,51.233441,4.406109,m_osm_44100103,Willemdok,port
candidate,519.1,quay,S26,Belgium waterway,51.229698,4.400957,m_osm_625248475,Jachthaven Linkeroever,port
candidate,520.7,quay,5915,Belgium waterway,51.204213,3.80254,m_osm_279405371,Watersportvereniging Zelzate,port
candidate,521.3,quay,Zijkanaal A Oost Delta (De Lege),Unknown waterway,51.328054,3.824694,m_osm_5452229236,WV Neusen,port
candidate,522.6,quay,,Netherlands waterway,52.426474,4.707516,m_osm_106660520,Watersportvereniging IJmond,port
candidate,522.9,quay,,Netherlands waterway,52.693311,6.170816,m_osm_2136005275,JachtHaven Meppel,port
candidate,523.0,quay,25A,Port of Antwerp,51.237291,4.409988,m_osm_4322795,Kempisch dok,port
candidate,523.4,quay,927,Belgium waterway,51.228366,3.222556,m_osm_1816556549,Koninklijke Brugse zeil- en yachtclub,port
candidate,523.5,quay,201,Belgium waterway,51.227515,2.930581,m_osm_87577282,Mercator Marina Dok 1,port
candidate,524.3,quay,312,Belgium waterway,51.219898,2.939275,m_osm_127979467,Royal Yacht Club Oostende,port
candidate,524.7,quay,Ligplaats Kalkhaven HBR 1 Dordrecht,Netherlands waterway,51.811581,4.654838,m_osm_1368200086,"WSV ""Maartensgat""",port
candidate,525.3,quay,,Netherlands waterway,51.607989,4.760948,m_osm_686502436,WSV Breda,port
candidate,525.4,quay,Kleinbootanlegestelle Hafenbecken 1,Hochrhein,47.588959,7.592486,m_osm_2371824358,Marina Dreiländereck,port
candidate,526.4,quay,21B,Port of Antwerp,51.234032,4.407889,m_osm_4322795,Kempisch dok,port
candidate,526.8,quay,954,Belgium waterway,51.230721,3.216022,m_osm_1816556549,Koninklijke Brugse zeil- en yachtclub,port
candidate,527.2,quay,S27,Belgium waterway,51.230453,4.40126,m_osm_44100103,Willemdok,port
candidate,529.4,quay,28B,Port of Antwerp,51.238158,4.419324,m_osm_4322795,Kempisch dok,port
candidate,529.8,quay,Ruse-berth23,Donau,43.840268,25.94169,m_osm_508231317,Yacht Club Port Rousse,port
candidate,530.9,quay,20,Unknown waterway,52.955847,4.786439,m_osm_1068215592,Marine Watersport Vereniging (MWV),port
candidate,531.0,quay,Ligplaats Noordersluis - Palen ten westen Noord Amsterdam,IJssel,52.383933,4.955131,m_osm_464935020,WSV de Zuiderzee,port
candidate,531.1,quay,8350,Belgium waterway,51.110141,3.734694,m_osm_241795954,Jachthaven Langerbrugge,port
candidate,531.8,quay,Ligplaats Noordersluis - Palen ten westen Zuid,IJssel,52.383809,4.955065,m_osm_464935020,WSV de Zuiderzee,port
candidate,532.3,quay,,Netherlands waterway,53.110557,6.05566,m_osm_5783697097,Nieuweaanlegede haven te Drachten,port
candidate,532.9,quay,,Maas,51.754514,5.85097,m_osm_989162651,WSV De Kraaijenbergse Plassen,port
candidate,533.1,quay,Liegestelle,Rhine,48.678625,7.90422,m_osm_374831070,Hafen Freistett,port
candidate,533.1,quay,SWLZ,Belgium waterway,51.298924,4.292087,m_osm_837845424,Yacht Club Scaldis,port
candidate,533.1,quay,21A,Port of Antwerp,51.234801,4.407884,m_osm_4322795,Kempisch dok,port
candidate,533.2,quay,Ligplaats Dirk Metselaarhaven Sluis Overslagpalen Zaandam,Netherlands waterway,52.421001,4.847363,m_osm_13526713621,Kokernoot,port
candidate,533.8,quay,Duna,Donau,47.554645,19.070547,m_osm_12248405464,Prestige Yacht Club,port
candidate,534.1,quay,Wartelände Greifenstein Oberwasser,Donau,48.351652,16.217159,m_osm_103191568,Jachthafen Greifenstein - Yacht Club Donau,port
candidate,534.4,quay,Ligplaats 7 Stellendam,Haringvliet,51.822147,4.044085,m_osm_1196173403,Marina Stellendam,port
candidate,534.5,pontoon,Vlotsteiger 3,Belgium waterway,51.299234,4.293243,m_osm_837845424,Yacht Club Scaldis,port
candidate,536.0,pontoon,,Belgium waterway,51.227644,4.399913,m_osm_625248475,Jachthaven Linkeroever,port
candidate,536.0,quay,922,Belgium waterway,51.228618,3.225532,m_osm_1816556549,Koninklijke Brugse zeil- en yachtclub,port
candidate,536.1,quay,,Netherlands waterway,51.932934,4.619815,m_osm_465532305,Zandrak,port
candidate,536.9,quay,Kegelligplaats binnenzijde Lemmer,Netherlands waterway,52.862306,5.681884,m_osm_2155781501,Chaletpark de Brekken,port
candidate,537.8,quay,Ligplaats Amels (Damen shipyards) Vlissingen,Unknown waterway,51.443355,3.588749,m_osm_895035948,VVW Schelde,port
candidate,538.0,quay,Ligplaats 2 Plas Hatenboer Roermond,Maas,51.198641,5.950057,m_osm_1062620082,Marina Oolderhuuske,port
candidate,538.2,quay,Ligplaats Enschede - Huiskamp,Netherlands waterway,52.222393,6.849757,m_osm_142276122,Jachthaven Enschede,port
candidate,538.2,quay,8240,Belgium waterway,51.114963,3.747622,m_osm_241795954,Jachthaven Langerbrugge,port
candidate,538.4,quay,Noodsteigers Palen Terneuzen West,Unknown waterway,51.321898,3.821203,m_osm_12407056733,Zeeland Bunkering BV,fuel
candidate,538.8,quay,916,Belgium waterway,51.237869,3.221489,m_osm_1816556549,Koninklijke Brugse zeil- en yachtclub,port
candidate,539.3,quay,,Netherlands waterway,52.696114,6.167479,m_osm_2136005275,JachtHaven Meppel,port
candidate,539.3,quay,Wasserstraßen- und Schifffahrtsamt Donau MDK,Donau,49.027329,12.091587,m_osm_59970968,1. Motorboot- und Wasserskiclub Regensburg e.V.,port
candidate,540.2,pontoon,,Belgium waterway,51.226625,2.932631,m_osm_127979467,Royal Yacht Club Oostende,port
candidate,540.4,quay,Ligplaats rederij Stiphout Maastricht,Maas,50.850978,5.694877,m_osm_4720042858,Bassin,port
candidate,540.4,quay,Zijkanaal A Oost Foxtrot (Multra),Unknown waterway,51.324507,3.825907,m_osm_12407056733,Zeeland Bunkering BV,fuel
candidate,541.9,quay,,Hollands Diep,51.718707,4.693257,m_osm_99427008,Jachthaven Crezée,port
candidate,542.0,quay,Ligplaats IJmondhaven Volendamkade IJmuiden,Netherlands waterway,52.461011,4.568823,m_osm_106684570,Marina Seaport IJmuiden,port
candidate,542.9,quay,,Netherlands waterway,53.13485,5.953209,m_osm_167106458,Jachthaven Westerdijk,port
candidate,544.3,quay,Liegeplatz Alken,Mosel,50.242592,7.444604,m_osm_1888010194,Yacht-Club Löf,port
candidate,544.9,quay,Ligplaats 1 autoafzetplaats Lemmer,Netherlands waterway,52.861023,5.681455,m_osm_2155781501,Chaletpark de Brekken,port
candidate,545.1,quay,801,Belgium waterway,51.235467,2.930917,m_osm_9337104173,Royal North Sea Yacht Club,port
candidate,545.6,quay,Ligplaats 2 Stevinsluis Binnen Den Oever,Netherlands waterway,52.92849,5.048388,m_osm_108802293,Marina Den Oever,port
candidate,545.6,quay,SWG Stadt- und Wohnbau GmbH,Main,50.044053,10.239335,m_osm_2503222179,RC Schweinfurt,port
candidate,547.4,quay,,Amsterdam-Rijnkanaal,52.310411,5.054414,m_osm_2102662832,Jachthaven De Zeemeermin,port
candidate,548.0,quay,20B,Port of Antwerp,51.235413,4.40788,m_osm_4322795,Kempisch dok,port
candidate,548.0,quay,713,Belgium waterway,51.337961,3.207047,m_osm_554945941,Royal Belgian Sailing Club,port
candidate,548.5,quay,,Amsterdam-Rijnkanaal,52.269362,5.025666,m_osm_4127647041,WSV Nigtevecht,port
candidate,548.5,quay,,Dender,50.940802,4.043358,m_osm_8867559693,Jachthaven VVW Aalst,port
candidate,548.6,quay,,Netherlands waterway,51.819387,4.679366,m_osm_489776422,WSV Papendrecht,port
candidate,550.8,quay,406,Belgium waterway,51.23212,2.930102,m_osm_9337104173,Royal North Sea Yacht Club,port
candidate,552.2,quay,Wachtplaats Koopvaardersschutsluis - Buiten,Unknown waterway,52.948471,4.787891,m_osm_1068215593,Water Sport Club Breewijd,port
candidate,552.7,quay,Liegestelle Passau-Heining,Donau,48.586763,13.394695,m_osm_572236077,MYC - Motor-Yacht-Club Passau,port
candidate,553.0,quay,,Hochrhein,47.564824,7.587067,m_osm_2371811036,Motoryachtclub Basel,port
candidate,553.3,quay,,Leie,50.917654,3.42287,m_osm_3211749240,Jachthaven Zulte,port
candidate,553.5,quay,806,Belgium waterway,51.2337,2.93105,m_osm_9337104173,Royal North Sea Yacht Club,port
candidate,554.6,quay,502,Belgium waterway,51.231044,2.929783,m_osm_87577282,Mercator Marina Dok 1,port
candidate,554.6,pontoon,,Belgium waterway,51.227485,2.933182,m_osm_127979467,Royal Yacht Club Oostende,port
candidate,555.5,quay,GMS Liegeplatz 3,Hochrhein,47.546918,7.650236,m_osm_2371780446,MSC Hochrhein,port
candidate,556.2,quay,Ligplaats 1 Maashaven Roermond,Maas,51.200873,5.983156,m_osm_2932887734,RWV Nautilus,port
candidate,557.0,quay,Ligplaats IJ dok 3 Amsterdam,IJssel,52.407969,4.881158,m_osm_177695057,Amsterdam Marina,port
candidate,557.8,quay,Liegestelle,Rhine,48.024157,7.57342,m_osm_925992426,Motorboot & Yachtclub Breisach,port
candidate,557.8,quay,Wartelände Melk Unterwasser,Donau,48.228741,15.318607,m_osm_333012197,Yachthafen Emmersdorf,port
candidate,558.5,quay,,Netherlands waterway,52.011981,6.044618,m_osm_972943554,Watersportvereniging De Engel,port
candidate,559.1,quay,Tulln,Donau,48.333872,16.041624,m_osm_189718502,Gästehafen Tulln,port
candidate,559.2,quay,Passagierbootterminal Klybeck,Hochrhein,47.580651,7.585853,m_osm_2371824358,Marina Dreiländereck,port
candidate,559.2,quay,313,Belgium waterway,51.219762,2.941843,m_osm_127979467,Royal Yacht Club Oostende,port
candidate,560.2,quay,Ligplaats 2 Zutphen,Netherlands waterway,52.14285,6.189458,m_osm_136098077,Jachthaven Gelre,port
candidate,561.2,quay,405,Belgium waterway,51.232394,2.930498,m_osm_9337104173,Royal North Sea Yacht Club,port
candidate,561.5,quay,Ligplaats Dirk Metselaarhaven sluis overslagpalen Binnenzijde,Netherlands waterway,52.421156,4.847023,m_osm_13526713621,Kokernoot,port
candidate,561.9,quay,Ligplaats Kade Barkmeyer scheepswerf Stroobos Gerkesklooster,Netherlands waterway,53.237241,6.210009,m_osm_2883687601,Nautic Stroobos,fuel
candidate,564.0,quay,Goessekade Noord,Unknown waterway,51.321649,3.820638,m_osm_12407056733,Zeeland Bunkering BV,fuel
candidate,564.9,quay,,Netherlands waterway,51.967534,5.935995,m_osm_4115683032,Jachthaven Valkenburg,port
candidate,565.6,quay,4470,Belgium waterway,51.136399,3.793197,m_osm_8087252421,VVW Mendonk,port
candidate,567.1,quay,Ligplaats 2 Zwartsluis,Netherlands waterway,52.637932,6.066161,m_osm_369651339,Recreatiecentrum Zwartewater,port
candidate,567.1,quay,,Netherlands waterway,53.238035,6.209652,m_osm_2883687601,Nautic Stroobos,fuel
candidate,567.4,quay,6240,Belgium waterway,51.204484,3.800516,m_osm_279405371,Watersportvereniging Zelzate,port
candidate,567.5,quay,Ligplaats Antwerpen RO kmp 6.1,Belgium waterway,51.231766,4.401609,m_osm_44100103,Willemdok,port
candidate,569.4,quay,S25,Belgium waterway,51.226636,4.399151,m_osm_625248475,Jachthaven Linkeroever,port
candidate,569.4,quay,605,Belgium waterway,51.22752,2.932962,m_osm_127979467,Royal Yacht Club Oostende,port
candidate,570.0,quay,Havarieabsetzplatz,Donau,48.228694,14.571828,m_osm_2150418671,Steganlage - Campingplatz in Au an der Donau,port
candidate,572.8,quay,,Netherlands waterway,51.817974,4.82332,m_osm_1072664760,WSV de Snap,port
candidate,572.8,quay,924,Belgium waterway,51.228084,3.224638,m_osm_1816556549,Koninklijke Brugse zeil- en yachtclub,port
candidate,573.4,quay,1475,Unknown waterway,51.324803,3.825835,m_osm_12407056733,Zeeland Bunkering BV,fuel
candidate,573.7,quay,19,Port of Antwerp,51.23667,4.40834,m_osm_4322795,Kempisch dok,port
candidate,573.9,quay,803,Belgium waterway,51.235117,2.931417,m_osm_9337104173,Royal North Sea Yacht Club,port
candidate,574.0,quay,,Maas,50.819624,5.696408,m_osm_381246023,Maastricht Marina Pietersplas,port
candidate,574.8,quay,210,Unknown waterway,51.444426,3.592904,m_osm_895035948,VVW Schelde,port
candidate,575.2,quay,604,Belgium waterway,51.228246,2.931422,m_osm_87577282,Mercator Marina Dok 1,port
candidate,576.0,quay,,Netherlands waterway,52.579007,5.866659,m_osm_2637215145,Watersportvereniging Berend Aalbers,port
candidate,576.9,quay,Kotvisko Komarno - lavy breh,Donau,47.741548,18.194149,m_osm_6602902501,MOL Nyrt.,port
candidate,577.3,quay,,Boven-Zeeschelde,51.121956,4.22631,m_osm_2382615930,De Ponton,port
candidate,577.5,quay,Feuerlöschboot,Hochrhein,47.560748,7.63142,m_osm_2127664274,Yacht-Club Hörnle Grenzach-Wyhlen,port
candidate,578.2,quay,TMS Liegeplatz 2,Hochrhein,47.574961,7.585918,m_osm_2371811036,Motoryachtclub Basel,port
candidate,578.2,quay,Ligplaats Antwerpen RO kmp 5.6,Belgium waterway,51.226535,4.399161,m_osm_625248475,Jachthaven Linkeroever,port
candidate,578.5,quay,S28,Belgium waterway,51.231886,4.40154,m_osm_625248475,Jachthaven Linkeroever,port
candidate,579.9,pontoon,Badeanstalt Rheinbad St. Johann,Hochrhein,47.564724,7.584252,m_osm_2371811036,Motoryachtclub Basel,port
candidate,580.0,quay,4240,Belgium waterway,51.136069,3.792899,m_osm_8087252421,VVW Mendonk,port
candidate,581.3,quay,,Netherlands waterway,52.42114,4.846686,m_osm_13526713621,Kokernoot,port
candidate,581.7,quay,,Netherlands waterway,51.852431,4.65563,m_osm_3078600480,WSV Hendrik Ido Ambacht,port
candidate,582.0,quay,Wachtplaats steiger brug Uitwellingerga rechts sport,Netherlands waterway,52.999206,5.704817,m_osm_4123006888,JH Hart van Friesland,port
candidate,583.2,quay,private Lände der ASFINAG und NDL,Donau,48.317834,14.29872,m_osm_2150418535,MYCN - Motor Yacht Club Nibelungen,port
candidate,583.6,quay,"Fahrgastlände Grein, Land Oberösterreich",Donau,48.2273,14.857455,m_osm_31244298,Hafen Grein - Bootsverein Turul,port
candidate,584.2,quay,,Albertkanaal,50.941268,5.346367,m_osm_317822393,Royal Hasselt Yachting Club,port
candidate,584.5,quay,,Waal,51.811817,5.010146,m_osm_972977791,WSV Woudrichem,port
candidate,584.8,quay,1050,Belgium waterway,51.106554,3.743169,m_osm_241795954,Jachthaven Langerbrugge,port
candidate,584.9,quay,20A,Port of Antwerp,51.23634,4.407877,m_osm_4322795,Kempisch dok,port
candidate,585.1,quay,Ligplaats Bunkerhaven linker oever Maasbracht,Maas,51.151633,5.885707,m_osm_1415312988,Tullemanns Oliehandel,fuel
candidate,585.2,quay,Ligplaats autoafzetplaats IJ Haparandadam Amsterdam,IJssel,52.39875,4.884596,m_osm_177695057,Amsterdam Marina,port
candidate,585.6,quay,501,Belgium waterway,51.231643,2.930219,m_osm_9337104173,Royal North Sea Yacht Club,port
candidate,585.9,pontoon,,Belgium waterway,51.227636,2.932802,m_osm_127979467,Royal Yacht Club Oostende,port
candidate,587.7,quay,958,Belgium waterway,51.238106,3.220012,m_osm_1816556549,Koninklijke Brugse zeil- en yachtclub,port
candidate,588.4,quay,Zijkanaal A Oost Echo,Unknown waterway,51.324929,3.825757,m_osm_12407056733,Zeeland Bunkering BV,fuel
candidate,588.6,quay,207,Belgium waterway,51.332456,3.192997,m_osm_462344084,Brugse Zeil- en Yachtclub,port
candidate,588.8,quay,Fahrgastlände Krems-Stein Donaustation 23,Donau,48.402003,15.586236,m_osm_2870329975,Wassersportverein Krems,port
candidate,589.6,quay,Ligplaats Waalkade Nijmegen,Waal,51.850322,5.862152,m_osm_1446067379,Lindenberghaven Passantensteiger,port
candidate,589.6,quay,314,Belgium waterway,51.219352,2.940828,m_osm_127979467,Royal Yacht Club Oostende,port
candidate,590.3,quay,944,Belgium waterway,51.227796,3.221659,m_osm_1816556549,Koninklijke Brugse zeil- en yachtclub,port
candidate,590.9,quay,,IJzer,51.1343,2.767448,m_osm_5474853932,Westhoek Marina,port
candidate,591.3,quay,Public Berth - APDF SA Giurgiu,Donau,43.771018,24.519513,m_osm_707599445,Portul Turistic Corabia,port
candidate,591.6,quay,Liegemöglichkeit St. Goarshausen,Rhine,50.148982,7.725688,m_osm_386691174,Loreleyhafen,port
candidate,591.7,quay,Massagoedhaven Zero (Ovet),Unknown waterway,51.31466,3.829972,m_osm_12407056733,Zeeland Bunkering BV,fuel
candidate,592.1,quay,,Bovenschelde,50.791195,3.496945,m_osm_1266763915,Kloron,port
candidate,592.9,quay,,Maas,51.542455,6.079855,m_osm_2164018990,Jachthaven Wanssum,port
candidate,595.0,quay,,Leie,50.850921,3.300296,m_osm_1280257416,Kuurne,port
candidate,595.4,quay,808,Belgium waterway,51.23335,2.93155,m_osm_9337104173,Royal North Sea Yacht Club,port
candidate,595.5,quay,950,Belgium waterway,51.22862,3.217837,m_osm_1816556549,Koninklijke Brugse zeil- en yachtclub,port
candidate,596.8,quay,Wachtplaats Koopvaardersschutsluis - Binnen,Unknown waterway,52.944775,4.786312,m_osm_849107411,Jachthaven Pluto,port
candidate,596.9,quay,41,Port of Antwerp,51.237016,4.408291,m_osm_4322795,Kempisch dok,port
candidate,597.2,quay,Ligplaats Petroleumhaven Eurotank steiger 1 Amsterdam,IJssel,52.413522,4.854356,m_osm_13526713621,Kokernoot,port
candidate,597.5,quay,8510,Belgium waterway,51.106887,3.738211,m_osm_241795954,Jachthaven Langerbrugge,port
candidate,597.7,quay,923,Belgium waterway,51.227956,3.22522,m_osm_1816556549,Koninklijke Brugse zeil- en yachtclub,port
candidate,598.2,quay,,Kanaal Gent-Oostende,51.137631,3.332161,m_osm_1493824668,BWSV Beernem,port
candidate,600.9,quay,Ligplaats 8 Stellendam,Haringvliet,51.822323,4.04316,m_osm_1196173403,Marina Stellendam,port
candidate,600.9,quay,Ruse-berth21,Donau,43.840746,25.938276,m_osm_508231317,Yacht Club Port Rousse,port
candidate,601.6,quay,"Fahrgastlände Wien Nußdorf, Donaustation 29",Donau,48.267774,16.364697,m_osm_24905185,Yachthafen Kuchelau,port
candidate,601.6,quay,Budapest III. lower,Donau,47.547074,19.05714,m_osm_1849880154,Wiking Yacht Club,port
candidate,602.9,quay,,Maas,51.152702,5.888512,m_osm_608983342,Fuel station Diesel,fuel
candidate,602.9,quay,"Almen, Arend Nautic",Netherlands waterway,52.166228,6.305826,m_osm_972946054,Jachthaven De Nieuwe Aanleg,port
candidate,603.2,quay,,Netherlands waterway,52.505208,5.420141,m_osm_95750774,Lelystad Haven,port
candidate,603.2,pontoon,,Unknown waterway,53.410466,6.211268,m_osm_2155781502,Gulf,fuel
candidate,604.1,quay,Ruse-berth15,Donau,43.841512,25.93716,m_osm_508231317,Yacht Club Port Rousse,port
candidate,605.3,quay,Ligplaats steiger recreatievaart Maastricht,Maas,50.850389,5.695032,m_osm_4720042858,Bassin,port
candidate,605.4,quay,,Netherlands waterway,51.959418,5.653691,m_osm_183254169,WSV Vada,port
candidate,605.6,quay,Ligplaats autoafzetplaats IJ Westerdoksdijk Silodam Amsterdam,IJssel,52.389647,4.891775,m_osm_185158800,City Marina IJdock,port
candidate,605.6,quay,202,Belgium waterway,51.226959,2.931843,m_osm_127979467,Royal Yacht Club Oostende,port
candidate,605.9,quay,805,Belgium waterway,51.234783,2.931917,m_osm_9337104173,Royal North Sea Yacht Club,port
candidate,605.9,quay,2010,Belgium waterway,51.114103,3.749685,m_osm_241795954,Jachthaven Langerbrugge,port
candidate,606.2,quay,quai de chargement et de déchargement,Moselle,48.669548,5.891753,m225,Halte Fluviale de Toul,halte
candidate,606.4,quay,Firma Herbert,Main,49.700346,9.251747,m_osm_183016564,Yacht-Club Miltenberg,port
candidate,606.6,quay,Wasserstraßen- und Schifffahrtsamt Donau MDK,Donau,49.02716,12.093634,m_osm_59970968,1. Motorboot- und Wasserskiclub Regensburg e.V.,port
candidate,606.9,quay,Ligplaats 3 Stellendam,Haringvliet,51.819038,4.043197,m_osm_1196173403,Marina Stellendam,port
candidate,607.3,quay,,Netherlands waterway,51.580956,5.046781,m_osm_6943441829,TWV Tilburg,port
candidate,607.5,quay,Stadt Eltmann,Main,49.973547,10.663606,m_osm_431082598,Yachtclub Eltmann e.V.,port
candidate,607.8,quay,828,Belgium waterway,51.22975,2.936733,m_osm_127979467,Royal Yacht Club Oostende,port
candidate,608.0,quay,Ligplaats IJ laad en los kade Amsterdam,IJssel,52.407416,4.879118,m_osm_177695057,Amsterdam Marina,port
candidate,608.2,quay,Wartelände Stadlau,Donau,48.189394,16.458781,m_osm_1502802694,Franz vom Schiff (Scheriau),port
candidate,608.3,quay,Ligplaats 2 Krabbersgat Noord,Netherlands waterway,52.696982,5.296257,m_osm_238795009,Krabbershaven,port
candidate,608.4,quay,,Netherlands waterway,51.650051,4.846575,m_osm_316312859,WSV Sluis 1,port
candidate,608.4,quay,714,Belgium waterway,51.33883,3.205721,m_osm_554945941,Royal Belgian Sailing Club,port
candidate,609.0,pontoon,Vlotsteiger 2,Belgium waterway,51.298892,4.294405,m_osm_837845424,Yacht Club Scaldis,port
candidate,612.9,quay,,Leie,50.850705,3.300787,m_osm_1280257416,Kuurne,port
candidate,614.7,quay,21,Unknown waterway,52.955996,4.787876,m_osm_1068215593,Water Sport Club Breewijd,port
candidate,614.9,quay,5900,Belgium waterway,51.203306,3.802523,m_osm_279405371,Watersportvereniging Zelzate,port
candidate,615.7,pontoon,,Unknown waterway,53.169781,5.414771,m_osm_5797967394,Gem. Harlingen,halte
candidate,615.8,quay,Ligplaats IJmondhaven Monnickendamkade IJmuiden,Netherlands waterway,52.460811,4.570123,m_osm_106684570,Marina Seaport IJmuiden,port
candidate,616.2,pontoon,,Belgium waterway,51.231918,2.930997,m_osm_9337104173,Royal North Sea Yacht Club,port
candidate,617.2,quay,,Maas,51.387088,6.148191,m_osm_834352362,WSV De Maas,port
candidate,618.7,quay,Ligplaats IJHaven Veemkade PTA Amsterdam,IJssel,52.378332,4.917096,m_osm_179640835,Aeolus,port
candidate,621.6,quay,Wiener Donauraum GmbH,Donau,48.214833,16.421831,m_osm_2418916657,Bunkerstation für Binnenschiffe,fuel
candidate,621.7,quay,Sailer,Donau,48.217203,14.855723,m_osm_31244298,Hafen Grein - Bootsverein Turul,port
candidate,621.7,quay,,Netherlands waterway,51.599466,4.766077,m_osm_686502436,WSV Breda,port
candidate,623.1,quay,16B,Port of Antwerp,51.234413,4.406067,m_osm_44100103,Willemdok,port
candidate,624.0,quay,Ligplaats binnenzijde Lemmer,Netherlands waterway,52.858286,5.679795,m_osm_2588318136,Voordewind,port
candidate,625.1,quay,via donau,Donau,48.144368,16.906619,m_osm_612162855,Jachtclub Marchfeld,port
candidate,626.0,quay,Ruse-berth5,Donau,43.849919,25.946642,m_osm_508231317,Yacht Club Port Rousse,port
candidate,626.1,quay,,Netherlands waterway,51.685986,5.33176,m_osm_1365397854,Zeilvereniging Oosterplas,port
candidate,627.8,quay,S24,Belgium waterway,51.225675,4.398549,m_osm_625248475,Jachthaven Linkeroever,port
candidate,628.3,quay,830,Belgium waterway,51.23,2.937,m_osm_127979467,Royal Yacht Club Oostende,port
candidate,628.7,pontoon,,Belgium waterway,51.227885,2.93233,m_osm_127979467,Royal Yacht Club Oostende,port
candidate,629.3,quay,,Netherlands waterway,52.649319,6.092339,m_osm_672309893,Jachthaven de Kranerweerd,port
candidate,631.7,pontoon,,Belgium waterway,51.230539,2.93148,m_osm_87577282,Mercator Marina Dok 1,port
candidate,633.8,quay,Würzburger Hafen GmbH,Main,49.813644,9.874222,m_osm_2399077730,Bunkerstation Würzburg MSG,fuel
candidate,635.7,quay,Liegemöglichkeit Hammerstein,Rhine,50.487685,7.334034,m_osm_2612452192,Sportboothafen Brohl,port
candidate,635.8,quay,Ligplaats Kleinstra en Zonen Maasbracht,Maas,51.151733,5.887025,m_osm_608983342,Fuel station Diesel,fuel
candidate,636.2,quay,Ligplaats 10 Stellendam,Haringvliet,51.817932,4.043547,m_osm_1196173403,Marina Stellendam,port
candidate,636.7,quay,Jugoslawische Flussschifffahrt,Donau,48.197391,16.447032,m_osm_1502802694,Franz vom Schiff (Scheriau),port
candidate,637.0,quay,,Albertkanaal,50.937193,5.336353,m_osm_317822393,Royal Hasselt Yachting Club,port
candidate,637.3,quay,928,Belgium waterway,51.227343,3.222815,m_osm_1816556549,Koninklijke Brugse zeil- en yachtclub,port
candidate,637.6,quay,Ligplaats dienstensteiger Oostersluis westzijde,Netherlands waterway,53.227886,6.591032,m_osm_127077120,Motorboot Club Groningen,port
candidate,637.8,quay,Kegelligplaats Wartena,Netherlands waterway,53.157184,5.927336,m_osm_2883353701,Bunkerstation P. Pander,fuel
candidate,637.8,quay,,Lek,51.888685,4.628618,m_osm_827546836,'t Balkengat,port
candidate,637.9,quay,827,Belgium waterway,51.230133,2.937233,m_osm_127979467,Royal Yacht Club Oostende,port
candidate,638.2,pontoon,,Unknown waterway,53.410855,6.211133,m_osm_2155781502,Gulf,fuel
candidate,638.3,quay,42A,Port of Antwerp,51.237289,4.407868,m_osm_4322795,Kempisch dok,port
candidate,638.5,quay,Liegestelle Luftball,Rhine,51.463219,6.724119,m_osm_4097568572,Ruhrorter Yachtclub e.V. - Nord,port
candidate,638.8,quay,Kanaal Kegel Ligplaats 1,Unknown waterway,51.314202,3.82674,m_osm_12407056733,Zeeland Bunkering BV,fuel
candidate,638.8,quay,Liegestelle,Rhine,49.444165,8.493987,m_osm_1094422531,MCA - Motorboot Club Altrip,port
candidate,638.8,quay,S29,Belgium waterway,51.233616,4.401396,m_osm_19627721,Jachthaven Linkeroever,port
candidate,639.3,quay,Ankerplaats 1 Bimmen,Boven-Rijn / Pannerdens Kanaal,51.859318,6.073044,m_osm_530792412,Tankstation De Bijland,fuel
candidate,640.6,quay,,Netherlands waterway,51.820479,4.853719,m_osm_1739184574,WSV de Snap,port
candidate,641.1,quay,Ligplaats loswal Drachten,Netherlands waterway,53.109254,6.07346,m_osm_12082959194,Parkhaven,port
candidate,641.4,quay,,Netherlands waterway,51.614145,5.526291,m_osm_725050041,Passantenhaven Veghel,port
candidate,641.4,quay,Ligplaats Petroleumhaven APS steiger 1 Amsterdam,IJssel,52.413188,4.855832,m_osm_13526713621,Kokernoot,port
candidate,641.6,quay,807,Belgium waterway,51.234417,2.932433,m_osm_9337104173,Royal North Sea Yacht Club,port
candidate,642.6,quay,Duna,Donau,47.555495,19.071355,m_osm_12248405464,Prestige Yacht Club,port
candidate,642.8,quay,Ligplaats Isaac Baarthaven Houtcentrum Kade 3 Zaandam,Netherlands waterway,52.424282,4.850996,m_osm_13526713621,Kokernoot,port
candidate,642.8,quay,,IJssel,52.373362,4.915165,m_osm_495482226,WSV Albatros,port
candidate,643.5,quay,,Maas,51.386754,6.148984,m_osm_834352362,WSV De Maas,port
candidate,644.8,quay,,Main,50.115544,8.740344,m_osm_283342212,Marina Offenbach,port
candidate,644.9,quay,810,Belgium waterway,51.23295,2.932117,m_osm_9337104173,Royal North Sea Yacht Club,port
candidate,646.1,quay,Ligplaats Stroobos,Netherlands waterway,53.23656,6.209062,m_osm_2883687601,Nautic Stroobos,fuel
candidate,647.0,quay,Ligplaats 1 Krabbersgat Noord,Netherlands waterway,52.695661,5.296508,m_osm_238795009,Krabbershaven,port
candidate,648.2,quay,Ligplaats Hengelo - Betoncentrale Twenthe,Netherlands waterway,52.249922,6.771681,m_osm_170673593,Twentse Watersport Vereniging,port
candidate,648.8,quay,,Netherlands waterway,52.929622,5.047157,m_osm_108802293,Marina Den Oever,port
candidate,649.6,quay,Ligplaats autoafzetplaats Surinamekade Amsterdam,IJssel,52.377773,4.942044,m_osm_187166606,Jachthaven Piet Hein,port
candidate,649.8,quay,6260,Belgium waterway,51.203588,3.80049,m_osm_279405371,Watersportvereniging Zelzate,port
candidate,650.8,quay,Ligplaats rondvaartboten Maastricht,Maas,50.849977,5.695139,m_osm_4720042858,Bassin,port
candidate,651.7,quay,Ligplaats Fiwado Zwijndrecht,Netherlands waterway,51.81336,4.650997,m_osm_1368200086,"WSV ""Maartensgat""",port
candidate,652.0,quay,Ligplaats Lochem - Reudink,Netherlands waterway,52.166193,6.412069,m_osm_192280566,Passantenhaven,port
candidate,652.6,quay,hs,Belgium waterway,51.230383,2.938033,m_osm_127979467,Royal Yacht Club Oostende,port
candidate,652.9,quay,Liegemöglichkeit Oberwinter,Rhine,50.626324,7.210005,m_osm_2379910028,Bonner Yacht-Club,port
candidate,653.9,quay,8230,Belgium waterway,51.115711,3.748779,m_osm_241795954,Jachthaven Langerbrugge,port
candidate,654.9,quay,Liegestelle,Rhine,48.67922,7.902813,m_osm_374831070,Hafen Freistett,port
candidate,655.4,quay,Wassersportclub Eibelstadt e. V.,Main,49.72051,9.999624,m_osm_336009662,Yachthafen Lewandowski,port
candidate,656.4,quay,Ligplaats kade Oude Venen Fryske Gea,Netherlands waterway,53.143366,5.906493,m_osm_79575349,Stichting Jachthaven Wartena,port
candidate,657.8,quay,953,Belgium waterway,51.228486,3.216622,m_osm_1816556549,Koninklijke Brugse zeil- en yachtclub,port
candidate,657.9,pontoon,Halte fluviale de Saint Laurent sur Saône,Saône,46.306772,4.839172,m054,Mâcon – Port de Plaisance,port
candidate,658.2,quay,,Amsterdam-Rijnkanaal,52.246823,5.04665,m_osm_2101902826,"Overmeer, jachthaven",port
candidate,659.6,quay,,Leie,50.788124,3.111911,m_osm_114555530,Port de plaisance d'Halluin,port
candidate,659.6,quay,704,Belgium waterway,51.338103,3.209664,m_osm_554945941,Royal Belgian Sailing Club,port
candidate,660.8,quay,,Albertkanaal,51.239749,4.418204,m_osm_4322795,Kempisch dok,port
candidate,661.3,quay,826,Belgium waterway,51.230117,2.936117,m_osm_127979467,Royal Yacht Club Oostende,port
candidate,662.3,quay,,Unknown waterway,51.315193,3.83414,m_osm_12407056733,Zeeland Bunkering BV,fuel
candidate,662.5,quay,,Kanaal Gent-Oostende,51.210756,3.241203,m_osm_446828219,Coupure Marina,port
candidate,662.8,quay,1479,Unknown waterway,51.325578,3.82549,m_osm_12407056733,Zeeland Bunkering BV,fuel
candidate,663.1,quay,Wachtplaats sluizen,Unknown waterway,51.326729,3.824513,m_osm_5452229236,WV Neusen,port
candidate,664.5,quay,"Engelhartszell III, WGD",Donau,48.50061,13.737434,m_osm_2150252229,Schiffsanlegestellen Engelhartszell,port
candidate,665.0,quay,,Netherlands waterway,52.578103,5.867493,m_osm_2637215145,Watersportvereniging Berend Aalbers,port
candidate,665.3,quay,Liegeplatz Issel,Mosel,49.815669,6.737916,m_osm_142681772,Yachthafen Schweich,port
candidate,666.1,quay,,Netherlands waterway,52.458738,5.81636,m_osm_4094992649,Jachtcenter Elburg BV,port
candidate,667.2,quay,Ligplaats Enschede - MRT,Netherlands waterway,52.223611,6.848509,m_osm_142276122,Jachthaven Enschede,port
candidate,667.4,quay,Ligplaats autoafzetplaats Veemkade Amsterdam,IJssel,52.375274,4.933476,m_osm_495482225,WSV De Oostvaarders,port
candidate,667.5,quay,Reede Mannheim,Rhine,49.535611,8.427381,m_osm_2376144133,Xylon-Werft,port
candidate,668.8,quay,Krems,Donau,48.403554,15.637935,m_osm_738437385,Segelboot Club Krems,port
candidate,669.7,quay,206,Belgium waterway,51.33534,3.194034,m_osm_462344084,Brugse Zeil- en Yachtclub,port
candidate,670.6,quay,DRLG - Rettungsboot - Hebeanlage 1,Hochrhein,47.555348,7.785693,m_osm_2371763088,Boot-Club Rheinfelden,port
candidate,670.6,quay,18,Port of Antwerp,51.235498,4.406095,m_osm_4322795,Kempisch dok,port
candidate,672.7,quay,,IJssel,52.368701,4.95586,m_osm_289723859,Port Entrepôt Jachthaven,port
candidate,673.7,quay,42B,Port of Antwerp,51.237827,4.407868,m_osm_4322795,Kempisch dok,port
candidate,674.8,quay,705,Belgium waterway,51.336891,3.211717,m_osm_554945941,Royal Belgian Sailing Club,port
candidate,675.8,quay,Ligplaats 11 Stellendam,Haringvliet,51.817651,4.043146,m_osm_1196173403,Marina Stellendam,port
candidate,676.0,quay,,Netherlands waterway,52.459565,5.817171,m_osm_4094992649,Jachtcenter Elburg BV,port
candidate,676.0,quay,809,Belgium waterway,51.234083,2.9329,m_osm_9337104173,Royal North Sea Yacht Club,port
candidate,676.6,quay,Ligplaats autoafzetplaats Beek en Donk,Netherlands waterway,51.519038,5.641834,m_osm_1395865546,Passantenhaven,port
candidate,677.0,quay,Donauchemie AG,Donau,48.338505,15.944643,m_osm_1872392089,Boot-Club Zwentendorf,port
candidate,677.3,quay,,IJssel,52.371508,4.914202,m_osm_495482226,WSV Albatros,port
candidate,677.9,quay,Liegestelle Köln Merkenich,Rhine,51.027688,6.967336,m_osm_7232924505,Sportboothafen Wiesdorf,port
candidate,680.9,quay,4490,Belgium waterway,51.136794,3.791645,m_osm_8087252421,VVW Mendonk,port
candidate,681.8,quay,316,Belgium waterway,51.218741,2.94254,m_osm_127979467,Royal Yacht Club Oostende,port
candidate,682.1,quay,Ligplaats De Steeg 1 De Meteoor Rheden,Netherlands waterway,52.010651,6.044007,m_osm_972943554,Watersportvereniging De Engel,port
candidate,682.4,quay,812,Belgium waterway,51.23265,2.932533,m_osm_9337104173,Royal North Sea Yacht Club,port
candidate,682.9,quay,Ligplaats Petroleumhaven steiger 2 Amsterdam,IJssel,52.412775,4.853524,m_osm_13526713621,Kokernoot,port
candidate,683.3,quay,943,Belgium waterway,51.226944,3.221874,m_osm_1816556549,Koninklijke Brugse zeil- en yachtclub,port
candidate,683.4,quay,,Waal,51.882169,5.444264,m_osm_3018764612,Tielse Watersportvereniging De Waal,port
candidate,686.3,pontoon,,Unknown waterway,53.170656,5.413391,m_osm_5797967394,Gem. Harlingen,halte
candidate,686.4,quay,,Kanaal Bocholt-Herentals,51.233502,5.166116,m_osm_1305739099,Zilvermeerhaven,port
candidate,687.1,pontoon,Vlotsteiger 1,Belgium waterway,51.298549,4.295566,m_osm_837845424,Yacht Club Scaldis,port
candidate,687.1,quay,B㤹,Donau,47.556068,19.06637,m_osm_12248405464,Prestige Yacht Club,port
candidate,687.3,quay,Ligplaats Enschede - Oostdam,Netherlands waterway,52.223498,6.848098,m_osm_142276122,Jachthaven Enschede,port
candidate,687.6,quay,Liegeplatz,Rhine,49.533669,8.428178,m_osm_2376144133,Xylon-Werft,port
candidate,687.7,quay,,Albertkanaal,50.94584,5.329852,m_osm_317822393,Royal Hasselt Yachting Club,port
candidate,688.6,quay,Zuiderkanaalhaven Echo (Ovet),Unknown waterway,51.314733,3.833772,m_osm_12407056733,Zeeland Bunkering BV,fuel
candidate,688.9,quay,,Netherlands waterway,53.109134,6.054065,m_osm_5783697097,Nieuweaanlegede haven te Drachten,port
candidate,688.9,quay,Wachtplaats monding Amsterdam-Rijnkanaal - Oost Kegel,IJssel,52.378993,4.954462,m_osm_464935020,WSV de Zuiderzee,port
candidate,690.5,quay,4220,Belgium waterway,51.136448,3.79139,m_osm_8087252421,VVW Mendonk,port
candidate,691.1,quay,Liegestelle,Rhine,47.579497,7.585445,m_osm_2371824358,Marina Dreiländereck,port
candidate,691.1,quay,Ruse-berth6,Donau,43.850424,25.947054,m_osm_508231317,Yacht Club Port Rousse,port
candidate,692.5,quay,1095,Unknown waterway,51.326468,3.824581,m_osm_5452229236,WV Neusen,port
candidate,692.5,quay,,Albertkanaal,50.94112,5.347907,m_osm_317822393,Royal Hasselt Yachting Club,port
candidate,693.1,quay,,Unknown waterway,51.504291,4.263038,m_osm_65410787,WSV De Schelde,port
candidate,693.9,quay,,Hochrhein,47.563611,7.587758,m_osm_2371811036,Motoryachtclub Basel,port
candidate,694.4,quay,Staats Steiger LO kmp 5.0,Belgium waterway,51.224184,4.392431,m_osm_625248475,Jachthaven Linkeroever,port
candidate,694.6,pontoon,,Seine,49.43599,1.09662,m020,Rouen – Halte de Plaisance,halte
candidate,696.2,quay,8520,Belgium waterway,51.106102,3.737548,m_osm_241795954,Jachthaven Langerbrugge,port
candidate,696.8,quay,315,Belgium waterway,51.218971,2.944064,m_osm_127979467,Royal Yacht Club Oostende,port
candidate,697.3,quay,Reede Andernach,Rhine,50.442657,7.412604,m_osm_1424096254,Geysir Andernach,halte
candidate,697.4,quay,,Netherlands waterway,52.156538,6.194122,m_osm_1140832794,Jachthaven De Mars,port
candidate,698.5,quay,Ligplaats IJ dok 4 Amsterdam,IJssel,52.408743,4.879401,m_osm_177695057,Amsterdam Marina,port
candidate,699.5,quay,,Dender,50.939728,4.044694,m_osm_8867559693,Jachthaven VVW Aalst,port
candidate,699.7,quay,"Fahrgastlände Spitz, Donaustation 16",Donau,48.364035,15.419998,m_osm_332670512,Wassersportclub Spitz,port
candidate,701.1,quay,"Grein, Donaustation 40",Donau,48.227678,14.859515,m_osm_31244298,Hafen Grein - Bootsverein Turul,port
candidate,701.1,quay,,Dender,50.939602,4.044417,m_osm_8867559693,Jachthaven VVW Aalst,port
candidate,701.4,quay,Kuchelau,Donau,48.287605,16.348629,m_osm_11269980,Kuchelauer Hafen,port
candidate,701.5,quay,Budapest III. middle,Donau,47.553879,19.061038,m_osm_12248405464,Prestige Yacht Club,port
candidate,701.6,quay,Liegemöglichkeit Geisenheim,Rhine,49.978324,7.954975,m_osm_1314860626,Rüdesheimer Yacht Club,port
candidate,702.3,quay,,Netherlands waterway,53.108895,6.059726,m_osm_5783697098,Nieuweaanlegede haven te Drachten,port
candidate,702.3,quay,Kegelligplaats Wartena,Netherlands waterway,53.156707,5.926766,m_osm_2883353701,Bunkerstation P. Pander,fuel
candidate,702.5,quay,5885,Belgium waterway,51.202478,3.802504,m_osm_279405371,Watersportvereniging Zelzate,port
candidate,702.7,quay,301,Belgium waterway,51.325374,3.19812,m_osm_462344084,Brugse Zeil- en Yachtclub,port
candidate,705.0,quay,715,Belgium waterway,51.339847,3.204147,m_osm_554945941,Royal Belgian Sailing Club,port
candidate,705.7,quay,,Unknown waterway,53.326308,6.938844,m_osm_109141846,Jachthaven KZ&RV Neptunus,port
candidate,706.6,quay,Ligplaats 6 Stellendam,Haringvliet,51.821779,4.041392,m_osm_1196173403,Marina Stellendam,port
candidate,707.3,quay,703,Belgium waterway,51.339413,3.207456,m_osm_554945941,Royal Belgian Sailing Club,port
candidate,707.6,quay,,Rupel,51.081368,4.370948,m_osm_111869545,yachtclub Volante,port
candidate,707.8,quay,Ligplaats 2 autoafzetplaats sluis Grave - Boven,Maas,51.767916,5.740134,m_osm_516774851,WSV De Stuw,port
candidate,708.5,quay,824,Belgium waterway,51.23045,2.935633,m_osm_127979467,Royal Yacht Club Oostende,port
candidate,708.9,quay,,Maas,51.82929,5.578083,m_osm_2824538301,WSV de Vliet,port
candidate,709.2,quay,hp,Belgium waterway,51.230833,2.937483,m_osm_127979467,Royal Yacht Club Oostende,port
candidate,709.5,quay,,Unknown waterway,51.221359,3.802778,m_osm_586437645,'t Sas,port
candidate,710.0,pontoon,,Unknown waterway,51.339232,3.816552,m_osm_12912396611,Jachthaven Terneuzen,port
candidate,710.2,quay,17Z,Port of Antwerp,51.23489,4.404468,m_osm_44100103,Willemdok,port
candidate,711.0,quay,Public Berth - APDF SA Giurgiu,Donau,43.771057,24.521009,m_osm_707599445,Portul Turistic Corabia,port
candidate,711.9,quay,Ligplaats Dirk Metselaarhaven Zaansveembedrijf Zaandam,Netherlands waterway,52.420258,4.844169,m_osm_13526713621,Kokernoot,port
candidate,712.2,quay,Ankerplatz,Mosel,50.225781,7.430937,m_osm_98795268,Wassersportfreunde Brodenbach,port
candidate,712.4,quay,,Netherlands waterway,52.156037,6.194898,m_osm_1140832794,Jachthaven De Mars,port
candidate,713.0,quay,Liegemöglichkeit Niederwalluf,Rhine,50.031342,8.155742,m_osm_933070279,Segelclub Rheingau (SCR),port
candidate,713.1,quay,2020,Belgium waterway,51.114889,3.750764,m_osm_241795954,Jachthaven Langerbrugge,port
candidate,713.9,quay,S23,Belgium waterway,51.224545,4.397835,m_osm_625248475,Jachthaven Linkeroever,port
candidate,714.2,quay,"Fahrgastlände Marbach, Donaustation 5",Donau,48.213658,15.15227,m_osm_333012215,Campingplatz Marbacher Freizeitzentrum & Sportboothafen,port
candidate,714.9,quay,811,Belgium waterway,51.233717,2.9334,m_osm_9337104173,Royal North Sea Yacht Club,port
candidate,717.3,quay,Ligplaats Zeeburg Slurink Bunkerstation Amsterdam,IJssel,52.374057,4.956141,m_osm_187166606,Jachthaven Piet Hein,port
candidate,719.1,quay,810,Unknown waterway,51.447272,3.597318,m_osm_895035948,VVW Schelde,port
candidate,719.1,quay,830,Unknown waterway,51.449283,3.597213,m_osm_895035948,VVW Schelde,port
candidate,720.0,quay,Ligplaats 4 Lekkerkerk,Lek,51.904354,4.735526,m_osm_815671863,Jachthaven Liesveld,port
candidate,720.5,quay,Ligplaats 4 Hasselt,Netherlands waterway,52.588069,6.09295,m_osm_444695838,Passantenhaven,port
candidate,720.7,quay,Ligplaats Nieuwe Houthaven Danzigerkade Amsterdam,IJssel,52.400974,4.876589,m_osm_177695057,Amsterdam Marina,port
candidate,721.1,quay,Hainburg,Donau,48.149548,16.939973,m_osm_1353442969,Interessensgruppe Motorbootfahrer Johlerarm,port
candidate,721.1,quay,Zijkanaal A Oost Echo,Unknown waterway,51.326296,3.825296,m_osm_5452229236,WV Neusen,port
candidate,723.9,quay,Au,Donau,48.223024,14.587245,m_osm_2150418536,Motor Yacht Club Au an der Donau,port
candidate,724.2,quay,Ligplaats kade De Goede Scheepwerf Kootstertille,Netherlands waterway,53.217176,6.107721,m_osm_2883684001,Jachthaven Koostertille,port
candidate,724.9,quay,,Donau,44.617494,22.629836,m_osm_1882218428,Bootstankstelle,fuel
candidate,726.1,quay,,Kanaal Bocholt-Herentals,51.239466,5.376346,m_osm_47429625,Jachthaven De Meerpaal,port
candidate,726.5,quay,,Netherlands waterway,51.819398,4.704078,m_osm_1604950066,Tweede Jachthaven,port
candidate,728.3,quay,Ligplaats Petroleumhaven APS steiger 3 Amsterdam,IJssel,52.412914,4.858813,m_osm_13526713621,Kokernoot,port
candidate,728.9,quay,,Kanaal Bocholt-Herentals,51.251928,5.319274,m_osm_4441653077,Water Sports,port
candidate,729.8,quay,4221,Unknown waterway,51.214635,3.801793,m_osm_279405371,Watersportvereniging Zelzate,port
candidate,729.8,quay,814,Belgium waterway,51.232283,2.93305,m_osm_9337104173,Royal North Sea Yacht Club,port
candidate,730.2,quay,Ligplaats 3 Hasselt,Netherlands waterway,52.587797,6.091517,m_osm_444695838,Passantenhaven,port
candidate,730.4,quay,Ligplaats kade EFKO Beton Uitwellingerga,Netherlands waterway,52.998126,5.702664,m_osm_4123006888,JH Hart van Friesland,port
candidate,730.8,quay,Stadt Eibelstadt,Main,49.719952,10.000237,m_osm_336009662,Yachthafen Lewandowski,port
candidate,731.4,quay,,Amsterdam-Rijnkanaal,52.331227,4.977681,m_osm_9436534948,Jachthaven De Grote Zomer,port
candidate,733.0,quay,,Beneden-Merwede,51.712523,5.047983,m_osm_86033642,"Watersportvereniging ""Waalwijk""",port
candidate,733.2,quay,,Netherlands waterway,53.108913,6.071268,m_osm_12082959194,Parkhaven,port
candidate,733.3,quay,,Netherlands waterway,51.960219,5.655032,m_osm_183254169,WSV Vada,port
candidate,733.6,quay,,Albertkanaal,50.941078,5.348497,m_osm_317822393,Royal Hasselt Yachting Club,port
candidate,733.9,quay,,Kanaal Bocholt-Herentals,51.202354,4.989075,m_osm_4447544120,Yachting Club Geel,port
candidate,734.2,quay,Ligplaats IJ Watertappunt Amsterdam,IJssel,52.397343,4.886508,m_osm_177695057,Amsterdam Marina,port
candidate,734.7,quay,,Netherlands waterway,53.326065,6.939068,m_osm_109141846,Jachthaven KZ&RV Neptunus,port
candidate,735.1,quay,Vuurtorendok,Belgium waterway,51.237183,2.932917,m_osm_9337104173,Royal North Sea Yacht Club,port
candidate,735.6,quay,Liegestelle,Rhine,49.423308,8.504461,m_osm_431070698,Tankstelle für Sportboote,fuel
candidate,738.5,quay,,Netherlands waterway,53.109257,6.065851,m_osm_5783697098,Nieuweaanlegede haven te Drachten,port
candidate,739.2,quay,6280,Belgium waterway,51.202657,3.800484,m_osm_279405371,Watersportvereniging Zelzate,port
candidate,739.3,quay,43A,Port of Antwerp,51.238717,4.407867,m_osm_4322795,Kempisch dok,port
candidate,739.7,quay,,Amsterdam-Rijnkanaal,52.253395,5.033452,m_osm_2101902826,"Overmeer, jachthaven",port
candidate,739.9,quay,Ligplaats Zeeburg Fiwado Bunkerstation Amsterdam,IJssel,52.371362,4.956801,m_osm_289723859,Port Entrepôt Jachthaven,port
candidate,740.6,quay,Wiener Donauraum GmbH,Donau,48.228717,16.403352,m_osm_1178234226,Eiltank 52,fuel
candidate,740.7,quay,Ligplaats Passagierskade Doesburg,Netherlands waterway,52.016701,6.128272,m_osm_530792598,Passantenhaven Doesburg,port
candidate,740.8,quay,,Maas,51.543806,6.077339,m_osm_2164018990,Jachthaven Wanssum,port
candidate,741.9,quay,Rhein - Main Bootscenter Winkel und Rehorst GmbH und Co.KG,Main,49.998591,8.309327,m_osm_761731357,Hafen Segelclub Mainspitze e.V.,port
candidate,742.2,quay,318,Belgium waterway,51.218195,2.942654,m_osm_127979467,Royal Yacht Club Oostende,port
candidate,742.4,quay,Umschlagstelle,Rhine,50.008627,8.278942,m_osm_2370345850,Boot-Club Maarau e.V.,port
candidate,742.7,quay,,Albertkanaal,51.240741,4.415475,m_osm_4322795,Kempisch dok,port
candidate,743.0,quay,Visserijdok,Belgium waterway,51.232788,2.933509,m_osm_9337104173,Royal North Sea Yacht Club,port
candidate,743.3,quay,,Maas,51.38585,6.148968,m_osm_834352362,WSV De Maas,port
candidate,744.4,quay,,Maas,51.153171,5.891853,m_osm_608983342,Fuel station Diesel,fuel
candidate,746.0,pontoon,,Seine,49.435789,1.097899,m020,Rouen – Halte de Plaisance,halte
candidate,746.2,quay,45,Port of Antwerp,51.237389,4.406142,m_osm_4322795,Kempisch dok,port
candidate,747.3,quay,,Rhine,51.450924,6.731218,m_osm_431072366,Ruhrorter Yachtclub e.V. - Süd,port
candidate,747.4,quay,Duna,Donau,47.556305,19.072127,m_osm_12248405464,Prestige Yacht Club,port
candidate,747.6,quay,Ligplaats Veemkade Charter/Pax 1 Amsterdam,IJssel,52.374936,4.935104,m_osm_495482225,WSV De Oostvaarders,port
candidate,747.8,quay,Vesta West,Unknown waterway,51.449578,3.597537,m_osm_895035948,VVW Schelde,port
candidate,750.6,quay,,Albertkanaal,51.239597,4.421621,m_osm_4322795,Kempisch dok,port
candidate,750.6,quay,700,Belgium waterway,51.221859,2.949532,m_osm_127979467,Royal Yacht Club Oostende,port
candidate,750.9,quay,Ruse-berth22,Donau,43.839762,25.936992,m_osm_508231317,Yacht Club Port Rousse,port
candidate,751.4,quay,"Fahrgastlände Wien Nußdorf, Donaustation 34",Donau,48.266569,16.365625,m_osm_24905185,Yachthafen Kuchelau,port
candidate,753.3,quay,317,Belgium waterway,51.218784,2.945218,m_osm_127979467,Royal Yacht Club Oostende,port
candidate,753.5,quay,8220,Belgium waterway,51.116387,3.749726,m_osm_241795954,Jachthaven Langerbrugge,port
candidate,754.5,quay,Wiener Donauraum GmbH,Donau,48.224472,16.408706,m_osm_10539264340,Bunkerstation für Binnenschiffe,fuel
candidate,755.2,quay,825,Belgium waterway,51.231183,2.936983,m_osm_127979467,Royal Yacht Club Oostende,port
candidate,756.7,quay,Liegestelle Greffern,Rhine,48.759106,8.012425,m_osm_110280787,Hafen Greffern,port
candidate,756.8,quay,813,Belgium waterway,51.23335,2.933917,m_osm_9337104173,Royal North Sea Yacht Club,port
candidate,758.9,quay,Ligplaats 5 Stellendam,Haringvliet,51.821255,4.040533,m_osm_1196173403,Marina Stellendam,port
candidate,760.4,quay,17N,Port of Antwerp,51.235378,4.404468,m_osm_44100103,Willemdok,port
candidate,762.2,quay,Liegestelle Gernsheim,Rhine,49.749881,8.468229,m_osm_440369885,Gernsheimer Hafenbecker 1,port
candidate,763.1,quay,,Netherlands waterway,53.108933,6.06558,m_osm_5783697098,Nieuweaanlegede haven te Drachten,port
candidate,763.3,quay,,Netherlands waterway,51.805155,4.283078,m_osm_103183476,WSV Goudswaard,port
candidate,763.5,quay,Ankerplaats 2 Werkendam,Netherlands waterway,51.807176,4.865636,m_osm_2960696312,Jachthaven de Steur,port
candidate,763.6,pontoon,Orsted steiger,Unknown waterway,51.44546,3.597212,m_osm_895035948,VVW Schelde,port
candidate,764.7,quay,822,Belgium waterway,51.23085,2.935083,m_osm_127979467,Royal Yacht Club Oostende,port
candidate,765.2,quay,,Maas,51.681903,5.970823,m_osm_1446067224,WSV De PaesPlas,port
candidate,767.8,quay,Ligplaats kade Stertil Kootstertille,Netherlands waterway,53.206343,6.09471,m_osm_2883684001,Jachthaven Koostertille,port
candidate,768.2,quay,,Rhine,51.450634,6.729924,m_osm_431072366,Ruhrorter Yachtclub e.V. - Süd,port
candidate,768.4,quay,,Netherlands waterway,51.817172,4.856823,m_osm_1739184574,WSV de Snap,port
candidate,768.9,quay,Masaagoedhaven Alpha (Ovet),Unknown waterway,51.313386,3.832081,m_osm_12407056733,Zeeland Bunkering BV,fuel
candidate,769.1,quay,,Albertkanaal,50.941048,5.349009,m_osm_317822393,Royal Hasselt Yachting Club,port
candidate,769.1,quay,Kotvisko Komarno - lavy breh,Donau,47.741381,18.191124,m_osm_6602902501,MOL Nyrt.,port
candidate,769.2,quay,ducs d'albe,Saône,47.00789,5.13968,m123,Seurre – Halte Nautique,halte
candidate,770.2,quay,840,Unknown waterway,51.451405,3.596763,m_osm_895035948,VVW Schelde,port
candidate,771.2,quay,Sleepdienstensteiger,Unknown waterway,51.449635,3.597863,m_osm_895035948,VVW Schelde,port
candidate,773.0,quay,Ligplaats Antwerpen RO kmp 5.3,Belgium waterway,51.223877,4.397475,m_osm_625248475,Jachthaven Linkeroever,port
candidate,773.6,quay,816,Belgium waterway,51.23195,2.933517,m_osm_9337104173,Royal North Sea Yacht Club,port
candidate,773.6,quay,4500,Belgium waterway,51.137086,3.79039,m_osm_8087252421,VVW Mendonk,port
candidate,774.9,quay,319,Belgium waterway,51.219014,2.946325,m_osm_127979467,Royal Yacht Club Oostende,port
candidate,776.6,quay,Ligplaats Houthaven Charter/Pax Amsterdam,IJssel,52.397298,4.882493,m_osm_177695057,Amsterdam Marina,port
candidate,777.2,pontoon,Orsted steiger,Unknown waterway,51.445205,3.597251,m_osm_895035948,VVW Schelde,port
candidate,777.5,quay,4210,Belgium waterway,51.136765,3.790216,m_osm_8087252421,VVW Mendonk,port
candidate,778.3,quay,Ligplaats kade Oude Schouw Provincie Friesland Jirnsum,Netherlands waterway,53.068773,5.80995,m_osm_81293459,Zijda Yachthaven,port
candidate,778.5,quay,Ligplaats 2 Hattem,Netherlands waterway,52.493552,6.059255,m_osm_855152630,Passantenhaven Katerveer,port
candidate,778.6,quay,Reede Mainz,Rhine,49.988646,8.296558,m_osm_2370353237,Fa. Hener Marin,port
candidate,779.1,quay,,IJssel,52.395691,4.896164,m_osm_489814682,D'Anckerplaets,port
candidate,779.6,quay,Ligplaats IJ Grasweg Omya Amsterdam,IJssel,52.391013,4.897751,m_osm_185158800,City Marina IJdock,port
candidate,779.7,quay,Fahrgastlände Dürnstein Donaustation 20,Donau,48.395498,15.51831,m_osm_332664662,Motorboot-Club St.Pölten-Rossatz,port
candidate,780.2,quay,4211,Unknown waterway,51.220695,3.801389,m_osm_586437645,'t Sas,port
candidate,780.7,quay,830,Belgium waterway,51.104897,3.739413,m_osm_241795954,Jachthaven Langerbrugge,port
candidate,780.8,quay,Ligplaats Lochem - Bruil,Netherlands waterway,52.167132,6.410529,m_osm_192280566,Passantenhaven,port
candidate,780.9,quay,951,Belgium waterway,51.226565,3.218373,m_osm_1816556549,Koninklijke Brugse zeil- en yachtclub,port
candidate,782.4,quay,Feuerwehrkleinboot CIBA,Hochrhein,47.547155,7.655551,m_osm_2371780446,MSC Hochrhein,port
candidate,782.5,quay,929,Belgium waterway,51.226044,3.223137,m_osm_1816556549,Koninklijke Brugse zeil- en yachtclub,port
candidate,782.6,quay,Klosterfeld,Donau,48.499618,13.738008,m_osm_2150252229,Schiffsanlegestellen Engelhartszell,port
candidate,784.1,quay,Ligplaats Petroleumhaven Alkion steiger 17 Amsterdam,IJssel,52.412498,4.859299,m_osm_13526713621,Kokernoot,port
candidate,784.5,quay,Fahrgastlände Krems-Stein Donaustation 33,Donau,48.401383,15.58375,m_osm_2870329975,Wassersportverein Krems,port
candidate,784.9,quay,5870,Belgium waterway,51.201717,3.802435,m_osm_279405371,Watersportvereniging Zelzate,port
candidate,788.6,quay,Agency FM Bunkering GmbH,Donau,48.198366,16.445595,m_osm_1502802694,Franz vom Schiff (Scheriau),port
candidate,790.1,quay,,Zeekanaal Brussel-Schelde,51.06749,4.364532,m_osm_528530237,Dok 3,port
candidate,790.9,quay,,Maas,51.752629,5.856219,m_osm_989162651,WSV De Kraaijenbergse Plassen,port
candidate,793.6,pontoon,,Seine,49.435584,1.098807,m020,Rouen – Halte de Plaisance,halte
candidate,794.4,quay,,Netherlands waterway,51.960309,5.656129,m_osm_183254169,WSV Vada,port
candidate,794.7,pontoon,,Unknown waterway,53.175488,5.410817,m_osm_1291039459,Harlinger Watersportvereniging,port
candidate,794.9,quay,Ligplaats Hoogspanning Amsterdam,IJssel,52.370412,4.979144,m_osm_1203265627,Holland Sport Boat Centre,port
candidate,794.9,quay,942,Belgium waterway,51.22593,3.222129,m_osm_1816556549,Koninklijke Brugse zeil- en yachtclub,port
candidate,795.5,quay,Zuiderkanaalhaven Bravo (de Hoop),Unknown waterway,51.314464,3.835736,m_osm_12407056733,Zeeland Bunkering BV,fuel
candidate,795.6,quay,,Lek,51.888382,4.625858,m_osm_827546836,'t Balkengat,port
candidate,795.9,quay,,Rhine,51.450863,6.72504,m_osm_431072366,Ruhrorter Yachtclub e.V. - Süd,port
candidate,795.9,quay,8530,Belgium waterway,51.105309,3.73688,m_osm_241795954,Jachthaven Langerbrugge,port
candidate,796.0,quay,Wachtplaats monding Amsterdam-Rijnkanaal - Oost,IJssel,52.377286,4.954885,m_osm_464935020,WSV de Zuiderzee,port
candidate,797.3,quay,,Netherlands waterway,52.431629,4.724651,m_osm_106660520,Watersportvereniging IJmond,port
candidate,797.4,quay,22,Unknown waterway,52.956448,4.790947,m_osm_1068215593,Water Sport Club Breewijd,port
candidate,798.0,quay,205,Belgium waterway,51.338308,3.195096,m_osm_554945941,Royal Belgian Sailing Club,port
candidate,798.8,quay,,Amsterdam-Rijnkanaal,52.24552,5.046613,m_osm_2101902826,"Overmeer, jachthaven",port
candidate,799.5,quay,,Albertkanaal,50.941863,5.349699,m_osm_317822393,Royal Hasselt Yachting Club,port
candidate,800.3,quay,S㤹,Donau,47.594269,19.076809,m_osm_13921906575,River Yacht Club,port
candidate,802.1,quay,"Terschelling, veerinrichting Oost",Unknown waterway,53.357714,5.217589,m_osm_7797394748,Tankstation,fuel
candidate,802.4,quay,Liegemöglichkeit Geisenheim,Rhine,49.978528,7.95643,m_osm_1314860626,Rüdesheimer Yacht Club,port
candidate,802.4,quay,,Kanaal Bocholt-Herentals,51.235097,5.167664,m_osm_1305739099,Zilvermeerhaven,port
candidate,802.9,quay,815,Belgium waterway,51.232967,2.934467,m_osm_9337104173,Royal North Sea Yacht Club,port
candidate,803.2,quay,Lagerhauslände II,Donau,48.212743,16.424443,m_osm_230897330,Wiener Ruderclub Pirat,port
candidate,803.6,quay,,Netherlands waterway,52.463896,4.815769,m_osm_46595875,Zeilvereniging De Onderlinge,port
candidate,803.6,quay,702,Belgium waterway,51.340665,3.205328,m_osm_554945941,Royal Belgian Sailing Club,port
candidate,804.3,quay,SPCZ,Belgium waterway,51.297621,4.282681,m_osm_837845424,Yacht Club Scaldis,port
candidate,804.5,quay,Ligplaats Kade Meersloot Provincie Friesland Warten,Netherlands waterway,53.155933,5.925928,m_osm_2883353701,Bunkerstation P. Pander,fuel
candidate,805.7,pontoon,Steiger Vogel Gryff - Fähri Kleinbasel,Hochrhein,47.562691,7.588552,m_osm_2371811036,Motoryachtclub Basel,port
candidate,805.9,pontoon,,Unknown waterway,51.444555,3.59719,m_osm_895035948,VVW Schelde,port
candidate,806.0,pontoon,,Belgium waterway,51.221611,2.950225,m_osm_127979467,Royal Yacht Club Oostende,port
candidate,806.5,quay,823,Belgium waterway,51.231567,2.936433,m_osm_127979467,Royal Yacht Club Oostende,port
candidate,806.7,quay,Ligplaats Petroleumhaven APS steiger 2 Amsterdam,IJssel,52.411841,4.857224,m_osm_13526713621,Kokernoot,port
candidate,807.2,quay,Schwabelweiser Hinterstellung I,Donau,49.020323,12.148744,m_osm_1725630687,Bunkerschiff Castrol,fuel
candidate,809.2,quay,2030,Belgium waterway,51.115552,3.75174,m_osm_241795954,Jachthaven Langerbrugge,port
candidate,809.3,quay,850,Unknown waterway,51.451674,3.597167,m_osm_895035948,VVW Schelde,port
candidate,810.7,quay,959,Belgium waterway,51.240108,3.219535,m_osm_1816556549,Koninklijke Brugse zeil- en yachtclub,port
candidate,812.7,quay,701,Belgium waterway,51.340822,3.203896,m_osm_554945941,Royal Belgian Sailing Club,port
candidate,812.8,quay,,Albertkanaal,50.941019,5.34964,m_osm_317822393,Royal Hasselt Yachting Club,port
candidate,812.9,quay,Ligplaats autoafzetplaats Stroobos,Netherlands waterway,53.236643,6.206372,m_osm_2883687601,Nautic Stroobos,fuel
candidate,813.2,quay,,Lek,51.890703,4.623417,m_osm_827546836,'t Balkengat,port
candidate,813.8,quay,Ligplaats Jan van Riebeeckhaven Slibdepot Amsterdam,Netherlands waterway,52.41548,4.843809,m_osm_13526713621,Kokernoot,port
candidate,814.2,quay,Dienstensteiger RWS,Unknown waterway,51.444534,3.597309,m_osm_895035948,VVW Schelde,port
candidate,815.4,quay,,Rhine,51.825871,6.242409,m_osm_2385147222,Hafen Emmerich,port
candidate,816.1,pontoon,Border Crossing_Belgrade,Donau,44.827944,20.476339,m_osm_23714754,Марина Дорћол,port
candidate,816.6,quay,Ligplaats Isaac Baarthaven Schroothandel Korte Kade Zaandam,Netherlands waterway,52.422777,4.844206,m_osm_13526713621,Kokernoot,port
candidate,816.8,quay,,IJssel,52.374931,4.864895,m_osm_1304899732,Staverno,port
candidate,816.8,quay,SBV,Unknown waterway,51.450611,3.59808,m_osm_895035948,VVW Schelde,port
candidate,817.0,quay,820,Belgium waterway,51.231217,2.934567,m_osm_127979467,Royal Yacht Club Oostende,port
candidate,819.3,quay,Ankerplaats 3 Werkendam,Netherlands waterway,51.805976,4.863361,m_osm_2960696312,Jachthaven de Steur,port
candidate,819.9,quay,915,Belgium waterway,51.240371,3.220909,m_osm_1816556549,Koninklijke Brugse zeil- en yachtclub,port
candidate,820.2,quay,320,Belgium waterway,51.217545,2.943092,m_osm_127979467,Royal Yacht Club Oostende,port
candidate,820.3,quay,aus Altdatenbestand übernommen,Rhine,51.250757,6.746083,m_osm_29300192,Yachthafen Düsseldorf,port
candidate,820.6,quay,,Netherlands waterway,53.209033,6.602086,m_osm_755436289,JSG Stadswerf,port
candidate,821.0,quay,Liegestelle Grimmlinghausen,Rhine,51.179783,6.748321,m_osm_150894377,Düsseldorfer Segler-Verein e.V. Seit 1920,port
candidate,821.2,quay,1040,Belgium waterway,51.10457,3.744623,m_osm_241795954,Jachthaven Langerbrugge,port
candidate,822.2,quay,43B,Port of Antwerp,51.239731,4.407867,m_osm_4322795,Kempisch dok,port
candidate,822.8,quay,63,Unknown waterway,52.958858,4.792643,m_osm_863230287,KMJC Den Helder,port
candidate,824.2,quay,Ligplaats Kruiswaters Wartena,Netherlands waterway,53.142395,5.910777,m_osm_79575349,Stichting Jachthaven Wartena,port
candidate,824.5,quay,,Netherlands waterway,52.691645,5.279069,m_osm_238795009,Krabbershaven,port
candidate,827.2,quay,6300,Belgium waterway,51.201735,3.800609,m_osm_279405371,Watersportvereniging Zelzate,port
candidate,827.9,quay,Ligplaats Beveren LO kmp 21.4,Belgium waterway,51.29798,4.281455,m_osm_837845424,Yacht Club Scaldis,port
candidate,828.8,quay,,Netherlands waterway,52.50663,5.422603,m_osm_95750774,Lelystad Haven,port
candidate,828.8,quay,,IJssel,52.370717,4.912053,m_osm_495482226,WSV Albatros,port
candidate,829.7,quay,Ligplaats 1 Noordzeekanaal Hoogtij Zaandam,Netherlands waterway,52.430672,4.754544,m_osm_415633186,Jachthaven Nauerna,port
candidate,830.2,quay,818,Belgium waterway,51.231533,2.934117,m_osm_9337104173,Royal North Sea Yacht Club,port
candidate,830.3,quay,952,Belgium waterway,51.226427,3.217151,m_osm_1816556549,Koninklijke Brugse zeil- en yachtclub,port
candidate,830.5,quay,,Kanaal Bocholt-Herentals,51.234844,5.165694,m_osm_1305739099,Zilvermeerhaven,port
candidate,830.6,quay,Ligplaats veerbootterminal F1 Zamenhofstraat Amsterdam,IJssel,52.384683,4.931103,m_osm_179640835,Aeolus,port
candidate,830.9,quay,Ligplaats IJ Bunkerstation Reinplus v. Woerden Amsterdam,IJssel,52.383552,4.94516,m_osm_9019001054,Het Jacht,port
candidate,831.7,quay,Ligplaats 1 Maurik,Netherlands waterway,51.971598,5.408244,m_osm_4118505204,WSC De Loswal,port
candidate,832.4,quay,Ligplaats Oranjewerf Hellinghaven Amsterdam,IJssel,52.384627,4.947833,m_osm_9019001054,Het Jacht,port
candidate,832.5,quay,Feuerlöschboot Basel-Stadt,Hochrhein,47.562279,7.586243,m_osm_2371811036,Motoryachtclub Basel,port
candidate,832.6,quay,Ligplaats kade Irnsum,Netherlands waterway,53.067119,5.807103,m_osm_81293459,Zijda Yachthaven,port
candidate,832.7,quay,Liegemöglichkeit Schwarzgrund,Rhine,50.149516,7.720025,m_osm_386691174,Loreleyhafen,port
candidate,833.5,quay,Public Berth - APDF SA Giurgiu,Donau,43.771117,24.52254,m_osm_707599445,Portul Turistic Corabia,port
candidate,833.8,quay,Liegestelle Bingen,Rhine,49.971508,7.908021,m_osm_2145227266,Motor-Yacht-Club-Bingen,port
candidate,834.2,quay,324,Belgium waterway,51.218442,2.946513,m_osm_127979467,Royal Yacht Club Oostende,port
candidate,835.6,quay,Ligplaats Isaac Baarthaven Jansse & Diepering Zaandam,Netherlands waterway,52.423486,4.844674,m_osm_13526713621,Kokernoot,port
candidate,836.7,quay,SPCN,Belgium waterway,51.298669,4.280242,m_osm_837845424,Yacht Club Scaldis,port
candidate,837.0,quay,,Maas,51.544711,6.078251,m_osm_2164018990,Jachthaven Wanssum,port
candidate,838.1,pontoon,,Seine,49.435353,1.099464,m020,Rouen – Halte de Plaisance,halte
candidate,838.3,quay,,Leie,50.852692,3.302567,m_osm_1280257416,Kuurne,port
candidate,838.6,quay,Liegestelle,Saar,49.609788,6.55812,m_osm_345548964,Wassersportclub Saarburg,port
candidate,839.4,quay,,Haringvliet,51.821011,4.039343,m_osm_1196173403,Marina Stellendam,port
candidate,839.6,quay,Liegeplatz Konz,Mosel,49.71027,6.586996,m_osm_128645794,Yachthafen WSC Konz,port
candidate,839.7,quay,,IJssel,52.375586,4.913682,m_osm_495482226,WSV Albatros,port
candidate,839.8,quay,Ligplaats Oranjewerf Hollandse Beton Amsterdam,IJssel,52.38367,4.950405,m_osm_464935020,WSV de Zuiderzee,port
candidate,840.0,quay,,Netherlands waterway,52.587353,6.094912,m_osm_444695838,Passantenhaven,port
candidate,840.3,quay,Ankerplaats 1 Werkendam,Netherlands waterway,51.809796,4.869971,m_osm_2960696312,Jachthaven de Steur,port
candidate,840.5,quay,,Maas,51.384938,6.149616,m_osm_834352362,WSV De Maas,port
candidate,841.7,quay,AQUAVERM,Donau,48.265788,16.366044,m_osm_24905185,Yachthafen Kuchelau,port
candidate,842.5,quay,Ligplaats kade Theo Reitsma Recycling Kootstertille,Netherlands waterway,53.217795,6.109218,m_osm_2883684001,Jachthaven Koostertille,port
candidate,842.5,quay,,Maas,51.384911,6.150034,m_osm_834352362,WSV De Maas,port
candidate,842.8,quay,Ligplaats Petroleumhaven Alkion steiger 16 Amsterdam,IJssel,52.411893,4.859193,m_osm_13526713621,Kokernoot,port
candidate,843.4,quay,Wiener Donauraum GmbH,Donau,48.239895,16.390155,m_osm_1178234226,Eiltank 52,fuel
candidate,844.8,quay,817,Belgium waterway,51.232617,2.93495,m_osm_9337104173,Royal North Sea Yacht Club,port
candidate,844.8,quay,,Kanaal Gent-Oostende,51.213041,3.23987,m_osm_446828219,Coupure Marina,port
candidate,845.7,quay,Duna,Donau,47.566553,19.076083,m_osm_4389392359,Hableány kikötő,port
candidate,845.9,quay,Liegestelle Homberg,Rhine,51.452985,6.719432,m_osm_431072366,Ruhrorter Yachtclub e.V. - Süd,port
candidate,846.2,quay,,Netherlands waterway,53.108923,6.068058,m_osm_5783697098,Nieuweaanlegede haven te Drachten,port
candidate,846.4,quay,,Bovenschelde,51.006949,3.732294,m_osm_2533763290,Yachting Merelbeke,port
candidate,846.6,quay,,Netherlands waterway,52.576436,5.86804,m_osm_2637215145,Watersportvereniging Berend Aalbers,port
candidate,846.7,quay,8210,Belgium waterway,51.117024,3.750605,m_osm_241795954,Jachthaven Langerbrugge,port
candidate,846.8,quay,Duna,Donau,47.557124,19.072662,m_osm_12248405464,Prestige Yacht Club,port
candidate,847.7,quay,Budapest IV. upper,Donau,47.59082,19.077539,m_osm_13921906575,River Yacht Club,port
candidate,848.7,quay,Aschach,Donau,48.354537,14.021256,m_osm_2150298957,MYCK Motor-Yacht-Club Kachlet,port
candidate,848.7,quay,820,Belgium waterway,51.104573,3.737715,m_osm_241795954,Jachthaven Langerbrugge,port
candidate,848.8,quay,Ligplaats Petroleumhaven Bek & Verburg Amsterdam,IJssel,52.411284,4.853416,m_osm_13526713621,Kokernoot,port
candidate,848.9,quay,821,Belgium waterway,51.231883,2.936,m_osm_127979467,Royal Yacht Club Oostende,port
candidate,849.5,quay,,Amsterdam-Rijnkanaal,52.314751,5.052667,m_osm_2102662832,Jachthaven De Zeemeermin,port
candidate,850.3,quay,Trockengüterlände Linz Mitte,Donau,48.298594,14.336534,m_osm_2150418661,Sportboothafen Linz,port
candidate,851.1,quay,1423,Unknown waterway,51.314114,3.83631,m_osm_12407056733,Zeeland Bunkering BV,fuel
candidate,851.7,quay,322,Belgium waterway,51.217758,2.945164,m_osm_127979467,Royal Yacht Club Oostende,port
candidate,853.3,quay,601,Belgium waterway,51.335055,3.215678,m_osm_554945941,Royal Belgian Sailing Club,port
candidate,853.7,quay,,Netherlands waterway,52.264206,5.475278,m_osm_169638800,Jachthaven Erkemederstrand,port
candidate,854.7,quay,,Netherlands waterway,51.960886,5.656456,m_osm_183254169,WSV Vada,port
candidate,854.7,quay,840,Belgium waterway,51.104098,3.740675,m_osm_241795954,Jachthaven Langerbrugge,port
candidate,855.3,quay,Donaustation Nr. 35,Donau,48.231281,15.323325,m_osm_333012197,Yachthafen Emmersdorf,port
candidate,855.5,quay,Ligplaats steiger 3 Jan van Riebeeckhaven Eurotank Amsterdam,Netherlands waterway,52.414343,4.844252,m_osm_13526713621,Kokernoot,port
candidate,855.7,quay,Ankerplaats 1 Druten,Waal,51.89856,5.615818,m_osm_13277793812,Jachthaven van Druten,port
candidate,855.8,quay,Stadt Kitzingen,Main,49.737264,10.165728,m_osm_1735060686,Segel u. Sportbootclub Kitzingen e.V.,port
candidate,857.2,quay,Ligplaats kade Hooghiemstra Uitwellingerga,Netherlands waterway,52.997313,5.700853,m_osm_4123006888,JH Hart van Friesland,port
candidate,857.3,quay,Roro West Buha,Unknown waterway,51.450637,3.598687,m_osm_895035948,VVW Schelde,port
candidate,859.7,quay,Ankerplaats 3 Werkendam,Netherlands waterway,51.805255,4.862225,m_osm_2960696312,Jachthaven de Steur,port
candidate,860.1,quay,Duna,Donau,47.565999,19.076219,m_osm_4389392359,Hableány kikötő,port
candidate,862.7,quay,Hafen Zweckverband Deggendorf,Donau,48.814163,12.970137,m_osm_2339243116,Schutzhafen Deggendorf,port
candidate,862.8,quay,,Albertkanaal,51.241449,4.419241,m_osm_4322795,Kempisch dok,port
candidate,863.6,quay,Ligplaats Almelo - vd Bosch Beton,Netherlands waterway,52.366369,6.627541,m_osm_972944445,Almelo,port
candidate,864.7,quay,,Netherlands waterway,53.325474,6.940798,m_osm_109141846,Jachthaven KZ&RV Neptunus,port
candidate,864.8,quay,Bundeswasserstraßenverwaltung,Donau,48.374537,14.02903,m_osm_1576596901,Schiffsanlegestelle Aschach,port
candidate,864.8,quay,,Netherlands waterway,52.464232,4.812959,m_osm_46595875,Zeilvereniging De Onderlinge,port
candidate,865.2,quay,,Netherlands waterway,51.652363,4.847365,m_osm_316312859,WSV Sluis 1,port
candidate,865.3,quay,4510,Belgium waterway,51.137401,3.789163,m_osm_8087252421,VVW Mendonk,port
candidate,865.5,quay,,Leie,50.852609,3.303144,m_osm_1280257416,Kuurne,port
candidate,865.7,quay,,Maas,51.752399,5.857363,m_osm_989162651,WSV De Kraaijenbergse Plassen,port
candidate,867.4,quay,,Kanaal Bocholt-Herentals,51.234535,5.163915,m_osm_1305739099,Zilvermeerhaven,port
candidate,868.0,quay,Reede Ludwigshafen,Rhine,49.535025,8.42473,m_osm_2376144133,Xylon-Werft,port
candidate,868.0,quay,,Kanaal Bocholt-Herentals,51.234981,5.164982,m_osm_1305739099,Zilvermeerhaven,port
candidate,868.7,quay,Ligplaats Mercuriushaven Palen Noord Oostzijde Amsterdam,IJssel,52.403425,4.873257,m_osm_177695057,Amsterdam Marina,port
candidate,868.9,pontoon,Steiger Vogel Gryff - Fähri Grossbasel,Hochrhein,47.561953,7.586481,m_osm_2371811036,Motoryachtclub Basel,port
candidate,868.9,quay,5855,Belgium waterway,51.200945,3.80237,m_osm_279405371,Watersportvereniging Zelzate,port
candidate,870.1,quay,,Leie,50.979685,3.510579,m_osm_264017868,Deinze Yacht Club,port
candidate,870.6,quay,Ligplaats Kade De Kufurd Provincie Friesland Langweer,Netherlands waterway,52.965538,5.691502,m_osm_478723093,De Hoek,port
candidate,871.2,quay,4200,Belgium waterway,51.137089,3.788954,m_osm_8087252421,VVW Mendonk,port
candidate,871.3,quay,,Maas,50.861885,5.699086,m_osm_4720042858,Bassin,port
candidate,871.9,quay,Ligplaats 2 Maasboulevard Maastricht,Maas,50.848022,5.69582,m_osm_4720042858,Bassin,port
candidate,872.1,quay,Ligplaats Schokkershaven,Netherlands waterway,52.612542,5.760839,m_osm_139842818,Marina Schokkerstrand,port
candidate,872.4,quay,Duna,Donau,47.56547,19.076276,m_osm_4389392359,Hableány kikötő,port
candidate,872.5,quay,,Unknown waterway,51.505124,4.260756,m_osm_65410787,WSV De Schelde,port
candidate,873.0,quay,62,Unknown waterway,52.958204,4.792853,m_osm_863230287,KMJC Den Helder,port
candidate,874.5,quay,Ligplaats veerbootterminal F1 Azartplein Amsterdam,IJssel,52.378074,4.936943,m_osm_187166606,Jachthaven Piet Hein,port
candidate,875.7,quay,Donauchemie AG,Donau,48.338403,15.947374,m_osm_1872392089,Boot-Club Zwentendorf,port
candidate,875.9,quay,Liegemöglichkeit Leutesdorf,Rhine,50.44724,7.389956,m_osm_2302955107,Geysir Andernach (Namedy),halte
candidate,876.1,quay,,Albertkanaal,51.238302,4.426056,m_osm_4322795,Kempisch dok,port
candidate,876.6,quay,Ligplaats Noordzeekanaal Mebin Overslag kade Amsterdam,IJssel,52.415113,4.865769,m_osm_13526713621,Kokernoot,port
candidate,877.8,quay,44,Port of Antwerp,51.240047,4.407228,m_osm_4322795,Kempisch dok,port
candidate,879.5,quay,23,Unknown waterway,52.956669,4.792226,m_osm_1068215593,Water Sport Club Breewijd,port
candidate,880.1,quay,Ligplaats Kade de Kufurd (ingang depot) Provincie Friesland Langweer,Netherlands waterway,52.967839,5.692436,m_osm_478723093,De Hoek,port
candidate,881.1,quay,Ligplaats Wessem Beton (Gevro) Maastricht,Maas,50.861935,5.699216,m_osm_4720042858,Bassin,port
candidate,881.6,quay,Ligplaats Minervahaven Bunkerstation Van der Linden Amsterdam,IJssel,52.399842,4.87491,m_osm_177695057,Amsterdam Marina,port
candidate,881.7,quay,444,Belgium waterway,51.323447,3.201096,m_osm_462344084,Brugse Zeil- en Yachtclub,port
candidate,883.2,quay,,Zeekanaal Brussel-Schelde,51.081938,4.356299,m_osm_111869545,yachtclub Volante,port
candidate,883.4,quay,,Donau,44.619968,22.650521,m_osm_1882216471,Yacht Klub Aurora,port
candidate,884.6,quay,Ligplaats Oude Houthaven rederij Friendship 3 Amsterdam,IJssel,52.390647,4.886008,m_osm_185158800,City Marina IJdock,port
candidate,886.7,quay,Liegeplatz Karden,Mosel,50.178383,7.299686,m_osm_530788484,Yachthafen Treis-Karden,port
candidate,887.3,quay,Reede Andernach,Rhine,50.444372,7.3908,m_osm_1424096254,Geysir Andernach,halte
candidate,887.6,quay,930,Belgium waterway,51.225106,3.223396,m_osm_1816556549,Koninklijke Brugse zeil- en yachtclub,port
candidate,887.8,quay,819,Belgium waterway,51.232267,2.935433,m_osm_9337104173,Royal North Sea Yacht Club,port
candidate,888.2,quay,Ligplaats Oude Houthaven rederij Friendship 2 Amsterdam,IJssel,52.390663,4.885955,m_osm_185158800,City Marina IJdock,port
candidate,888.3,quay,Liegemöglichkeit Hammerstein,Rhine,50.485459,7.33643,m_osm_2612452192,Sportboothafen Brohl,port
candidate,888.4,quay,,Zeekanaal Brussel-Schelde,51.066491,4.365276,m_osm_528530237,Dok 3,port
candidate,888.5,quay,,Unknown waterway,51.219762,3.80312,m_osm_586437645,'t Sas,port
candidate,890.3,quay,2040,Belgium waterway,51.11586,3.752801,m_osm_241795954,Jachthaven Langerbrugge,port
candidate,890.4,quay,Ligplaats Buiten IJ - Palen West Durgerdam,IJssel,52.370332,4.997744,m_osm_1097263874,Jachthaven Durgerdam,port
candidate,892.1,pontoon,Steiger Rheinpolizei,Hochrhein,47.561991,7.589165,m_osm_2371811036,Motoryachtclub Basel,port
candidate,892.4,quay,,Leie,50.903953,3.33532,m_osm_694535055,Jachthaven Ooigem,port
candidate,892.5,quay,Ligplaats Keersluis Schipdiep Raamsdonk,Beneden-Merwede,51.712844,4.908059,m_osm_183169161,Watersportcentrum Hermenzeil b.v.,port
candidate,893.7,quay,Ligplaats 3 Zwolle,Netherlands waterway,52.486468,6.065611,m_osm_1253348538,Jachthaven Hattem,port
candidate,893.9,quay,,Leie,50.915101,3.418242,m_osm_3211749240,Jachthaven Zulte,port
candidate,894.4,quay,,Rupel,51.084242,4.364867,m_osm_111869545,yachtclub Volante,port
candidate,894.8,quay,,Unknown waterway,51.504848,4.259989,m_osm_65410787,WSV De Schelde,port
candidate,895.1,pontoon,,Seine,49.435091,1.100353,m020,Rouen – Halte de Plaisance,halte
candidate,895.2,pontoon,BPG Steiger 2 Rheinfelden,Hochrhein,47.553872,7.789859,m_osm_2371763088,Boot-Club Rheinfelden,port
candidate,895.2,quay,8540,Belgium waterway,51.104506,3.736257,m_osm_241795954,Jachthaven Langerbrugge,port
candidate,895.8,quay,"Terschelling, veerinrichting Zuid",Unknown waterway,53.356847,5.217452,m_osm_7797394748,Tankstation,fuel
candidate,896.2,quay,Ligplaats Hogebrug (sluis Vianen),Lek,51.997868,5.096768,m_osm_3012966896,Zeilvereniging De Lek,port
candidate,896.3,quay,PSD1,Unknown waterway,51.444145,3.598318,m_osm_895035948,VVW Schelde,port
candidate,896.7,quay,941,Belgium waterway,51.22501,3.222376,m_osm_1816556549,Koninklijke Brugse zeil- en yachtclub,port
candidate,896.9,quay,Ligplaats Mercuriushaven Palen Noord Westzijde Amsterdam,IJssel,52.403757,4.872818,m_osm_177695057,Amsterdam Marina,port
candidate,897.4,quay,Roro Oost Buha,Unknown waterway,51.450764,3.599228,m_osm_895035948,VVW Schelde,port
candidate,898.1,quay,Ligplaats Oude Houthaven rederij Friendship 1 Amsterdam,IJssel,52.390783,4.885972,m_osm_185158800,City Marina IJdock,port
candidate,898.1,quay,Reede Ludwigshafen,Rhine,49.448392,8.442853,m_osm_47251144,Boots-Club Weinstraße,port
candidate,899.0,quay,Liegestelle,Rhine,49.424645,8.50542,m_osm_431070698,Tankstelle für Sportboote,fuel
candidate,899.0,quay,,Albertkanaal,50.940987,5.350893,m_osm_317822393,Royal Hasselt Yachting Club,port
candidate,900.0,quay,Traismauer,Donau,48.373342,15.770005,m_osm_2151635510,Marina Traismauer,port
candidate,900.2,quay,Kanaal Kegel Ligplaats 2,Unknown waterway,51.311775,3.828201,m_osm_12407056733,Zeeland Bunkering BV,fuel
candidate,900.9,quay,,Netherlands waterway,52.455726,5.030681,m_osm_47895492,Marina Monnickendam,port
candidate,901.5,quay,Liegestelle,Rhine,50.444379,7.390594,m_osm_1424096254,Geysir Andernach,halte
candidate,901.7,quay,Ruse-berth7,Donau,43.85203,25.948457,m_osm_508231317,Yacht Club Port Rousse,port
candidate,902.4,quay,Budapest IV. middle,Donau,47.581707,19.072309,m_osm_11103232270,Csörlő,port
candidate,903.4,quay,605,Belgium waterway,51.337889,3.214604,m_osm_554945941,Royal Belgian Sailing Club,port
candidate,904.2,quay,Ligplaats 1 HBR Riedijkshaven Dordrecht,Netherlands waterway,51.817663,4.674838,m_osm_489776422,WSV Papendrecht,port
candidate,904.5,pontoon,,Unknown waterway,51.444029,3.598348,m_osm_895035948,VVW Schelde,port
candidate,906.5,quay,,Donau,44.617834,22.627489,m_osm_1882218428,Bootstankstelle,fuel
candidate,906.7,quay,6320,Belgium waterway,51.20092,3.800754,m_osm_279405371,Watersportvereniging Zelzate,port
candidate,907.6,quay,Ligplaats Oranjewerf Buitenkant Dok Amsterdam,IJssel,52.383295,4.949334,m_osm_464935020,WSV de Zuiderzee,port
candidate,907.7,quay,Liegestelle Nürnberg,Main-Donau-Kanal,49.410956,11.066268,m_osm_186602023,Polizeibootshaus,port
candidate,907.8,quay,Ligplaats passagierssteiger Minervahaven Noord Amsterdam,IJssel,52.400287,4.874068,m_osm_177695057,Amsterdam Marina,port
candidate,909.0,quay,Duna,Donau,47.566564,19.076927,m_osm_4389392359,Hableány kikötő,port
candidate,910.3,quay,PSD2,Unknown waterway,51.443909,3.598333,m_osm_895035948,VVW Schelde,port
candidate,910.5,quay,Offenbach 2,Main,50.107889,8.768076,m_osm_1036599574,Segel Club Undine (SCU),port
candidate,911.0,quay,EP201,Donau,48.226714,16.409992,m_osm_10539264340,Bunkerstation für Binnenschiffe,fuel
candidate,911.4,quay,Ligplaats Petroleumhaven Alkion steiger 14 Amsterdam,IJssel,52.41096,4.857807,m_osm_13526713621,Kokernoot,port
candidate,912.5,quay,Kegelligplaats buitenzijde Lemmer,Netherlands waterway,52.84605,5.673801,m_osm_2154631095,Jachthaven Tacozijl,port
candidate,912.9,pontoon,,Oise,49.42321,2.829961,m161,Port de Plaisance de Compiègne,port
candidate,913.5,quay,Ligplaats 1 autoafzetsteiger Tolkamer,Boven-Rijn / Pannerdens Kanaal,51.850821,6.09855,m_osm_183218371,Jachthaven de Bijland,port
candidate,913.8,quay,Umschlagstelle Heidelberger Zement,Rhine,49.977124,8.314061,m_osm_2367499209,Wassersportfreunde Bleiau e.V.,port
candidate,913.9,quay,Duna,Donau,47.564027,19.076283,m_osm_4389392359,Hableány kikötő,port
candidate,914.4,quay,Ligplaats 2 HBR Riedijkshaven Dordrecht,Netherlands waterway,51.817173,4.674903,m_osm_3087213215,KDR&ZV,port
candidate,914.9,quay,Ligplaats passagierssteiger Minervahaven Zuid Amsterdam,IJssel,52.400138,4.874074,m_osm_177695057,Amsterdam Marina,port
candidate,916.9,quay,Dienstensteiger PSD,Unknown waterway,51.443622,3.598162,m_osm_895035948,VVW Schelde,port
candidate,918.4,quay,Ligplaats Oranjewerf Dok Amsterdam,IJssel,52.383515,4.949208,m_osm_464935020,WSV de Zuiderzee,port
candidate,918.5,quay,,Netherlands waterway,51.611838,4.75934,m_osm_686502436,WSV Breda,port
candidate,918.5,quay,,Kanaal Bocholt-Herentals,51.233394,5.16097,m_osm_1305739099,Zilvermeerhaven,port
candidate,919.3,quay,Ligplaats Sumatrakade passagiers Amsterdam,IJssel,52.378062,4.936,m_osm_187166606,Jachthaven Piet Hein,port
candidate,919.4,quay,604,Belgium waterway,51.335294,3.216569,m_osm_554945941,Royal Belgian Sailing Club,port
candidate,919.5,quay,2050,Belgium waterway,51.115362,3.753706,m_osm_241795954,Jachthaven Langerbrugge,port
candidate,920.4,quay,Ligplaats kade Gemeente Uitwellingera,Netherlands waterway,52.996906,5.700055,m_osm_4123006888,JH Hart van Friesland,port
candidate,920.5,pontoon,BPG Steiger 1 Rheinfelden,Hochrhein,47.554137,7.790107,m_osm_2371763088,Boot-Club Rheinfelden,port
candidate,921.9,quay,Ligplaats Petroleumhaven TTS steiger 12 Amsterdam,IJssel,52.41062,4.855343,m_osm_13526713621,Kokernoot,port
candidate,922.2,quay,,Maas,51.384195,6.149919,m_osm_834352362,WSV De Maas,port
candidate,922.7,quay,Ligplaats 1 autoafzetplaats Nijmegen,Waal,51.850828,5.857371,m_osm_1446067379,Lindenberghaven Passantensteiger,port
candidate,923.6,quay,2060,Belgium waterway,51.114588,3.754291,m_osm_241795954,Jachthaven Langerbrugge,port
candidate,923.9,quay,Ligplaats Buiten IJ - Palen Midden Kegel Durgerdam,IJssel,52.370394,4.999271,m_osm_1097263874,Jachthaven Durgerdam,port
candidate,924.5,quay,Ligplaats 1 Hasselt,Netherlands waterway,52.586532,6.094905,m_osm_444695838,Passantenhaven,port
candidate,925.5,quay,Vesta Oost,Unknown waterway,51.447735,3.600365,m_osm_895035948,VVW Schelde,port
candidate,926.0,quay,Ligplaats Kade Provincie Friesland Idskenhuizen,Netherlands waterway,52.927334,5.69284,m_osm_85033584,Jachthaven de Koevoet,port
candidate,926.5,quay,Firma Schumann,Main,49.995426,8.302343,m_osm_761731357,Hafen Segelclub Mainspitze e.V.,port
candidate,926.8,quay,,Maas,51.155801,5.846562,m_osm_965954976,Thorner Zeilclub,port
candidate,928.0,quay,,Lek,51.940432,4.849574,m_osm_65589716,'t Wilgerak,port
candidate,928.2,quay,SPVD,Belgium waterway,51.222202,4.396201,m_osm_625248475,Jachthaven Linkeroever,port
candidate,928.7,quay,,Netherlands waterway,52.575704,5.867808,m_osm_2637215145,Watersportvereniging Berend Aalbers,port
candidate,930.1,quay,Ligplaats 3 Plas Hatenboer Roermond,Maas,51.201531,5.955974,m_osm_1062212293,WV Hertha,port
candidate,930.1,quay,Ligplaats Oranjewerf IJ-kade dok Amsterdam,IJssel,52.383977,4.948801,m_osm_9019001054,Het Jacht,port
candidate,931.0,quay,,Main,50.121094,8.915583,m_osm_1506364309,Hanauer Boots-Club e.V.,port
candidate,931.6,quay,Liegeplatz,Rhine,49.537314,8.423597,m_osm_2376144133,Xylon-Werft,port
candidate,932.2,quay,Ligplaats Isaac Baarthaven Zaanse Schroothandel Zaandam,Netherlands waterway,52.422708,4.842184,m_osm_13526713621,Kokernoot,port
candidate,932.7,quay,Ligplaats 1 Kalle en Bakker Roermond,Maas,51.203826,5.988613,m_osm_2193181345,Camping J. H. Hermans,port
candidate,933.9,quay,725,Unknown waterway,51.449701,3.600241,m_osm_895035948,VVW Schelde,port
candidate,934.2,pontoon,,Belgium waterway,51.13514,2.753918,m_osm_184227446,Novus Portus,port
candidate,935.0,quay,Rollfähre Spitz-Arnsdorf,Donau,48.362382,15.417913,m_osm_332670512,Wassersportclub Spitz,port
candidate,935.5,quay,Ligplaats Noordzeekanaal ICL palen Amsterdam,IJssel,52.407157,4.873293,m_osm_177695057,Amsterdam Marina,port
candidate,936.8,quay,Ligplaats Noordzeekanaal Mebin Wacht kade Amsterdam,IJssel,52.414281,4.865986,m_osm_13526713621,Kokernoot,port
candidate,937.9,pontoon,,Unknown waterway,53.17378,5.409741,m_osm_1291039459,Harlinger Watersportvereniging,port
candidate,938.2,quay,2070,Belgium waterway,51.113776,3.754904,m_osm_241795954,Jachthaven Langerbrugge,port
candidate,938.3,quay,Untere Donaulände,Donau,48.315171,14.295418,m_osm_2150418535,MYCN - Motor Yacht Club Nibelungen,port
candidate,938.9,pontoon,Steg Bootshaus Kantonspolizei BS,Hochrhein,47.56134,7.587058,m_osm_2371811036,Motoryachtclub Basel,port
candidate,939.2,quay,Litschauer,Donau,48.265096,16.366871,m_osm_24905185,Yachthafen Kuchelau,port
candidate,939.2,quay,Ligplaats Oranjewerf Binnenkant Dok Amsterdam,IJssel,52.383847,4.948761,m_osm_9019001054,Het Jacht,port
candidate,939.6,quay,24,Unknown waterway,52.956858,4.793113,m_osm_1068215593,Water Sport Club Breewijd,port
candidate,939.6,quay,Duna,Donau,47.563262,19.07619,m_osm_4389392359,Hableány kikötő,port
candidate,939.9,quay,Ankerplaats De Nes,Netherlands waterway,52.433478,5.085595,m_osm_103315331,Marina Resort Uitdam,port
candidate,940.1,quay,,Netherlands waterway,51.961028,5.657936,m_osm_183254169,WSV Vada,port
candidate,941.5,quay,,Amsterdam-Rijnkanaal,52.244254,5.046962,m_osm_2101902826,"Overmeer, jachthaven",port
candidate,941.8,quay,Ligplaats Noordzeekanaal ICL Binnenkant palen Amsterdam,IJssel,52.406662,4.872888,m_osm_177695057,Amsterdam Marina,port
candidate,941.8,quay,8200,Belgium waterway,51.117669,3.751506,m_osm_241795954,Jachthaven Langerbrugge,port
candidate,942.6,quay,Ligplaats autoafzetplaats sluis Grave - Beneden,Maas,51.770147,5.737534,m_osm_516774851,WSV De Stuw,port
candidate,943.3,quay,,Amsterdam-Rijnkanaal,52.307743,5.029964,m_osm_521830923,VVV Steiger,port
candidate,943.5,quay,,Rupel,51.082839,4.37345,m_osm_111869545,yachtclub Volante,port
candidate,944.0,quay,Duna,Donau,47.565677,19.077288,m_osm_4389392359,Hableány kikötő,port
candidate,944.6,quay,Liegestelle Kehl-Süd,Rhine,48.56971,7.804685,m_osm_316844307,Nautic Club Kehl,port
candidate,944.7,quay,,Ringvaart om Gent,51.007243,3.750674,m_osm_2533763290,Yachting Merelbeke,port
candidate,945.2,quay,302,Belgium waterway,51.323552,3.195969,m_osm_462344084,Brugse Zeil- en Yachtclub,port
candidate,945.6,quay,Duna,Donau,47.557917,19.073268,m_osm_12248405464,Prestige Yacht Club,port
candidate,945.8,quay,Lände der Linz AG - NSL,Donau,48.316685,14.294129,m_osm_2150418535,MYCN - Motor Yacht Club Nibelungen,port
candidate,946.1,quay,,Belgium waterway,50.986471,3.520636,m_osm_264017868,Deinze Yacht Club,port
candidate,946.4,quay,Stadt Kitzingen,Main,49.738042,10.165243,m_osm_1735060686,Segel u. Sportbootclub Kitzingen e.V.,port
candidate,946.7,quay,,Bovenschelde,51.006326,3.731251,m_osm_2533763290,Yachting Merelbeke,port
candidate,947.2,quay,,Netherlands waterway,51.81956,4.874117,m_osm_1739184574,WSV de Snap,port
candidate,948.2,quay,Ligplaats Antwerpen RO kmp 5.0,Belgium waterway,51.222074,4.396615,m_osm_625248475,Jachthaven Linkeroever,port
candidate,949.7,quay,Lände Marktbreit,Main,49.66681,10.131707,m_osm_1924158103,Anlegestelle Marktbreit,port
candidate,950.1,quay,,Maas,51.383945,6.150631,m_osm_834352362,WSV De Maas,port
candidate,950.3,quay,"Terschelling, aanleginrichting veerdienst",Unknown waterway,53.356477,5.216753,m_osm_7797394748,Tankstation,fuel
candidate,950.5,quay,Liegestelle Hafen Nürnberg,Main-Donau-Kanal,49.394471,11.067422,m_osm_186602023,Polizeibootshaus,port
candidate,950.5,quay,,Dender,50.953434,4.037026,m_osm_8867559693,Jachthaven VVW Aalst,port
candidate,950.6,quay,,Netherlands waterway,51.819005,4.715178,m_osm_2960691533,Jachthaven Westergoot,port
candidate,951.0,quay,Ligplaats 2 Noordzeekanaal Hoogtij Zaandam,Netherlands waterway,52.430237,4.757942,m_osm_415633186,Jachthaven Nauerna,port
candidate,951.7,quay,29,Unknown waterway,52.961288,4.796041,m_osm_863230287,KMJC Den Helder,port
candidate,952.6,quay,,Netherlands waterway,52.43019,4.757835,m_osm_415633186,Jachthaven Nauerna,port
candidate,954.2,quay,Liegestelle Oelganginsel,Rhine,51.210907,6.727349,m_osm_588465780,Wassersportfreunde Düsseldorf e.V.,port
candidate,954.3,quay,30,Unknown waterway,52.960524,4.795834,m_osm_863230287,KMJC Den Helder,port
candidate,954.4,quay,Marine Kade,Unknown waterway,51.450529,3.600216,m_osm_895035948,VVW Schelde,port
candidate,954.6,quay,,Bovenschelde,51.006507,3.730777,m_osm_2533763290,Yachting Merelbeke,port
candidate,955.1,quay,,Amsterdam-Rijnkanaal,52.24418,5.047351,m_osm_2101902826,"Overmeer, jachthaven",port
candidate,956.6,quay,,Bovenschelde,50.795161,3.515908,m_osm_1266763915,Kloron,port
candidate,956.8,quay,Ligplaats Lochem3,Netherlands waterway,52.166342,6.407568,m_osm_192280566,Passantenhaven,port
candidate,956.8,quay,850,Belgium waterway,51.103146,3.741535,m_osm_241795954,Jachthaven Langerbrugge,port
candidate,956.9,quay,Duna,Donau,47.562766,19.076083,m_osm_4389392359,Hableány kikötő,port
candidate,958.3,pontoon,,Oise,49.423614,2.830403,m161,Port de Plaisance de Compiègne,port
candidate,958.5,quay,,Lek,51.891249,4.620979,m_osm_827546836,'t Balkengat,port
candidate,958.7,quay,Ligplaats autoafzetplaats Volkeraksluizen - Noord,Hollands Diep,51.699709,4.424149,m_osm_743643041,Jachthaven De Batterij,port
candidate,959.8,quay,,Maas,50.816096,5.69505,m_osm_381246023,Maastricht Marina Pietersplas,port
candidate,959.9,quay,Ligplaats 4 Vlissingen,Unknown waterway,51.456544,3.589666,m_osm_895035948,VVW Schelde,port
candidate,961.2,quay,606,Belgium waterway,51.339488,3.213646,m_osm_554945941,Royal Belgian Sailing Club,port
candidate,961.4,quay,Rollfähre Spitz-Arnsdorf,Donau,48.360822,15.419935,m_osm_332670512,Wassersportclub Spitz,port
candidate,961.4,quay,,Netherlands waterway,52.970892,5.431287,m_osm_641098770,Jachthaven It Soal,port
candidate,961.9,quay,4520,Belgium waterway,51.137732,3.787873,m_osm_8087252421,VVW Mendonk,port
candidate,962.1,quay,,Netherlands waterway,53.317862,6.913539,m_osm_109141847,Jachthaven 't Dok Delfzijl,port
candidate,962.2,quay,113,Belgium waterway,51.334736,3.188528,m_osm_462344084,Brugse Zeil- en Yachtclub,port
candidate,962.3,quay,4780,Belgium waterway,51.143664,3.797166,m_osm_8087252421,VVW Mendonk,port
candidate,962.7,quay,Ligplaats Buiten IJ - Palen Oost Kegel Durgerdam,Netherlands waterway,52.370492,5.000759,m_osm_1097263874,Jachthaven Durgerdam,port
candidate,963.1,quay,2080,Belgium waterway,51.112964,3.755518,m_osm_241795954,Jachthaven Langerbrugge,port
candidate,964.3,quay,202,Belgium waterway,51.336768,3.190421,m_osm_462344084,Brugse Zeil- en Yachtclub,port
candidate,965.9,quay,Public Berth - APDF SA Giurgiu,Donau,43.771118,24.52419,m_osm_707599445,Portul Turistic Corabia,port
candidate,966.1,quay,730,Unknown waterway,51.451268,3.599984,m_osm_895035948,VVW Schelde,port
candidate,966.2,pontoon,,Belgium waterway,51.33444,3.188278,m_osm_462344084,Brugse Zeil- en Yachtclub,port
candidate,966.3,quay,,Netherlands waterway,52.363167,5.629519,m_osm_677124302,De Knar,port
candidate,966.3,quay,720,Unknown waterway,51.447419,3.600925,m_osm_895035948,VVW Schelde,port
candidate,966.3,quay,63,Port of Antwerp,51.240738,4.406565,m_osm_4322795,Kempisch dok,port
candidate,967.4,quay,,Leie,50.904468,3.334626,m_osm_694535055,Jachthaven Ooigem,port
candidate,967.8,quay,Ligplaats Petroleumhaven TTS steiger 13 Amsterdam,IJssel,52.410241,4.855993,m_osm_13526713621,Kokernoot,port
candidate,968.3,quay,4190,Belgium waterway,51.137425,3.78765,m_osm_8087252421,VVW Mendonk,port
candidate,968.5,quay,5840,Belgium waterway,51.199993,3.80258,m_osm_279405371,Watersportvereniging Zelzate,port
candidate,969.2,quay,Liegemöglichkeit Budenheim,Rhine,50.027306,8.156946,m_osm_933070279,Segelclub Rheingau (SCR),port
candidate,969.6,quay,Ligplaats Enschede - Hein Heun Milieu,Netherlands waterway,52.225811,6.845458,m_osm_142276122,Jachthaven Enschede,port
candidate,970.1,quay,Duna,Donau,47.562328,19.075919,m_osm_4389392359,Hableány kikötő,port
candidate,971.0,quay,,Maas,51.204581,5.989583,m_osm_2193181345,Camping J. H. Hermans,port
candidate,972.4,quay,Duna,Donau,47.586718,19.076307,m_osm_13921906575,River Yacht Club,port
candidate,972.7,quay,,Netherlands waterway,52.434545,4.725137,m_osm_106660520,Watersportvereniging IJmond,port
candidate,974.3,quay,Stadt Miltenberg,Main,49.701452,9.243791,m_osm_183016564,Yacht-Club Miltenberg,port
candidate,974.6,quay,,Amsterdam-Rijnkanaal,52.07963,5.108041,m_osm_3569367793,Passantenhaven Catharijnesingel,port
candidate,976.6,quay,Ligplaats 2 Hasselt,Netherlands waterway,52.585805,6.093694,m_osm_444695838,Passantenhaven,port
candidate,976.7,quay,Ligplaats Buiten IJ - Palen Midden Kegel Durgerdam,Netherlands waterway,52.370088,5.000006,m_osm_1097263874,Jachthaven Durgerdam,port
candidate,976.7,quay,443,Belgium waterway,51.322637,3.202718,m_osm_462344084,Brugse Zeil- en Yachtclub,port
candidate,977.0,quay,204,Belgium waterway,51.340089,3.194315,m_osm_554945941,Royal Belgian Sailing Club,port
candidate,977.1,quay,,Albertkanaal,51.242804,4.414031,m_osm_4322795,Kempisch dok,port
candidate,977.3,quay,Ligplaats 1 SIF-Group Roermond,Maas,51.205482,5.989979,m_osm_2193181345,Camping J. H. Hermans,port
candidate,979.3,quay,,Albertkanaal,51.237304,4.428527,m_osm_4322795,Kempisch dok,port
candidate,981.2,quay,25,Unknown waterway,52.957315,4.793792,m_osm_863230287,KMJC Den Helder,port
candidate,982.6,quay,Stadlau II,Donau,48.199476,16.443556,m_osm_1502802694,Franz vom Schiff (Scheriau),port
candidate,982.8,quay,Liegeplatz,Rhine,49.528859,8.430224,m_osm_2376144133,Xylon-Werft,port
candidate,982.8,quay,Duna,Donau,47.564614,19.077509,m_osm_4389392359,Hableány kikötő,port
candidate,983.3,quay,4790,Belgium waterway,51.143997,3.797999,m_osm_8087252421,VVW Mendonk,port
candidate,983.5,quay,,Leie,50.786192,3.108345,m_osm_114555530,Port de plaisance d'Halluin,port
candidate,984.2,quay,Helogistics Asset Leasing Kft,Donau,48.313264,14.325425,m_osm_2150418661,Sportboothafen Linz,port
candidate,984.3,quay,Liege-Ankerstelle/Gefahrgut,Rhine,49.530573,8.426646,m_osm_2376144133,Xylon-Werft,port
candidate,984.6,quay,,Haringvliet,51.82486,4.134755,m_osm_1196917260,Helius Haven,port
candidate,984.7,quay,940,Belgium waterway,51.224217,3.22257,m_osm_1816556549,Koninklijke Brugse zeil- en yachtclub,port
candidate,985.4,quay,,Amsterdam-Rijnkanaal,52.265445,5.026983,m_osm_4127647041,WSV Nigtevecht,port
candidate,988.0,quay,Ligplaats Enschede - Aalderson,Netherlands waterway,52.225569,6.844889,m_osm_142276122,Jachthaven Enschede,port
candidate,988.1,pontoon,,Seine,49.434575,1.101507,m020,Rouen – Halte de Plaisance,halte
candidate,989.2,quay,Massagoedhaven Bravo (Ovet),Unknown waterway,51.312033,3.834975,m_osm_12407056733,Zeeland Bunkering BV,fuel
candidate,989.4,quay,Wachtplaats Slik - Remming Noord  Amsterdam,IJssel,52.381728,4.943923,m_osm_9019001054,Het Jacht,port
candidate,990.7,pontoon,,Oise,49.423804,2.832104,m161,Port de Plaisance de Compiègne,port
candidate,991.3,quay,Wartelaende Oberwasser Jochenstein,Donau,48.524127,13.691947,m_osm_2406985045,Sportboothafen Grünau,port
candidate,992.9,quay,406,Belgium waterway,51.32479,3.210943,m_osm_462344084,Brugse Zeil- en Yachtclub,port
candidate,993.8,quay,Ligplaats steiger 5 Jan van Riebeeckhaven Eurotank Amsterdam,Netherlands waterway,52.412253,4.844616,m_osm_13526713621,Kokernoot,port
candidate,994.0,quay,,Albertkanaal,51.24294,4.417108,m_osm_4322795,Kempisch dok,port
candidate,994.2,quay,Duna,Donau,47.561712,19.075713,m_osm_4389392359,Hableány kikötő,port
candidate,994.4,quay,Wachtplaats Spooldersluis,Netherlands waterway,52.506585,6.049447,m_osm_855152630,Passantenhaven Katerveer,port
candidate,994.4,quay,SMC,Belgium waterway,51.294647,4.292094,m_osm_837845424,Yacht Club Scaldis,port
candidate,994.6,quay,TAU Steiger 1,Hochrhein,47.545623,7.657339,m_osm_2371780446,MSC Hochrhein,port
candidate,994.9,quay,,Leie,50.910748,3.420361,m_osm_3211749240,Jachthaven Zulte,port
candidate,995.3,quay,8550,Belgium waterway,51.10369,3.735654,m_osm_241795954,Jachthaven Langerbrugge,port
candidate,996.1,quay,,IJssel,52.378938,4.862871,m_osm_1304899732,Staverno,port
candidate,996.2,quay,Ligplaats steiger oost van de fuik van de Buitenhuizerpont,Netherlands waterway,52.434355,4.725766,m_osm_106660520,Watersportvereniging IJmond,port
candidate,996.8,quay,602,Belgium waterway,51.33248,3.217897,m_osm_554945941,Royal Belgian Sailing Club,port
candidate,997.4,quay,2090,Belgium waterway,51.112153,3.756131,m_osm_241795954,Jachthaven Langerbrugge,port
candidate,997.5,pontoon,,Unknown waterway,53.172517,5.408773,m_osm_5797967394,Gem. Harlingen,halte
candidate,997.8,quay,"Terschelling, aanleginrichting sneldienst",Unknown waterway,53.356262,5.215633,m_osm_3924013456,Stichting Passantenhaven Terschelling,port
candidate,998.8,quay,Lafarge,Donau,48.315886,14.318202,m_osm_2150418535,MYCN - Motor Yacht Club Nibelungen,port
no_match,1000.4,quay,6340,Belgium waterway,51.200056,3.800594,m_osm_279405371,Watersportvereniging Zelzate,port
no_match,1001.2,quay,,Kanaal Bocholt-Herentals,51.223639,5.095974,m_osm_1223232168,Nuclea Yacht Club,port
no_match,1002.0,quay,442N,Belgium waterway,51.322371,3.201857,m_osm_462344084,Brugse Zeil- en Yachtclub,port
no_match,1002.1,quay,TAU Steiger 2,Hochrhein,47.545485,7.65729,m_osm_2371780446,MSC Hochrhein,port
no_match,1002.1,quay,Ligplaats Nijkerkersluis - Oost,Netherlands waterway,52.263062,5.473648,m_osm_169638800,Jachthaven Erkemederstrand,port
no_match,1002.2,quay,46,Port of Antwerp,51.240898,4.406069,m_osm_4322795,Kempisch dok,port
no_match,1003.6,quay,"Wiener Donauraum GmbH, Marina Wien - Rundfahrerlände",Donau,48.208105,16.430984,m_osm_230897330,Wiener Ruderclub Pirat,port
no_match,1004.1,quay,Liegemöglichkeit Geisenheim,Rhine,49.978861,7.959287,m_osm_1314860626,Rüdesheimer Yacht Club,port
no_match,1004.6,quay,Wachtplaats Slik - Remming Zuid kegel Amsterdam,IJssel,52.381378,4.943867,m_osm_187166606,Jachthaven Piet Hein,port
no_match,1006.8,quay,,Rhine,51.753076,6.406823,m_osm_1446067398,WSV Wassersportverein Xanten,port
no_match,1008.1,quay,61,Unknown waterway,52.958015,4.795029,m_osm_863230287,KMJC Den Helder,port
no_match,1008.6,quay,Ligplaats 2 Zilverstrand Almere,Netherlands waterway,52.319853,5.146713,m_osm_74584457,Jachthaven Naarden,port
no_match,1008.6,quay,,IJssel,52.379357,4.934099,m_osm_495482225,WSV De Oostvaarders,port
no_match,1008.9,quay,Ruse-berth8,Donau,43.852823,25.94923,m_osm_508231317,Yacht Club Port Rousse,port
no_match,1009.3,quay,Gemeinde Esternberg,Donau,48.550961,13.64095,m_osm_2406980246,Bootshafen Kasten,port
no_match,1009.7,quay,Liegestelle Dietfurt unterer Vorhafen,Main-Donau-Kanal,49.032073,11.564428,m_osm_2112453446,Sportboothafen Dietfurt,port
no_match,1010.1,quay,,Rhine,51.449045,6.734434,m_osm_431072366,Ruhrorter Yachtclub e.V. - Süd,port
no_match,1010.8,quay,810,Belgium waterway,51.103245,3.73674,m_osm_241795954,Jachthaven Langerbrugge,port
no_match,1011.0,quay,,Rhine,51.448504,6.727449,m_osm_431072366,Ruhrorter Yachtclub e.V. - Süd,port
no_match,1011.1,quay,Ligplaats Lochem - ForFarmers 1,Netherlands waterway,52.166924,6.397121,m_osm_972945829,Jachthaven Lochem,port
no_match,1011.4,quay,Autoverladeplatz Linz Mitte,Donau,48.297196,14.337132,m_osm_2150418661,Sportboothafen Linz,port
no_match,1011.5,quay,TAU Steiger 3,Hochrhein,47.545322,7.657238,m_osm_2371780446,MSC Hochrhein,port
no_match,1012.0,quay,61,Port of Antwerp,51.241943,4.40818,m_osm_4322795,Kempisch dok,port
no_match,1012.5,quay,Duna,Donau,47.561337,19.075613,m_osm_4389392359,Hableány kikötő,port
no_match,1013.1,quay,Untere Laende Esternberg,Donau,48.563302,13.608891,m_osm_1880106936,Bootshafen für mittelgroße Boote Obernzell,port
no_match,1013.1,quay,914,Belgium waterway,51.242086,3.220459,m_osm_1816556549,Koninklijke Brugse zeil- en yachtclub,port
no_match,1013.7,quay,Ligplaats 1 Maasboulevard Maastricht,Maas,50.846773,5.696267,m_osm_4720042858,Bassin,port
no_match,1013.8,quay,,Netherlands waterway,52.51969,6.077086,m_osm_444695844,Passantenhaven,port
no_match,1014.6,pontoon,,Oise,49.424048,2.831813,m161,Port de Plaisance de Compiègne,port
no_match,1017.0,quay,4770,Belgium waterway,51.143919,3.795933,m_osm_8087252421,VVW Mendonk,port
no_match,1017.1,quay,Ligplaats 4 passagiersschepen Europakade Tolkamer,Boven-Rijn / Pannerdens Kanaal,51.850332,6.100911,m_osm_183218371,Jachthaven de Bijland,port
no_match,1017.7,quay,Ligplaats Unicorn Weert,Netherlands waterway,51.253558,5.691498,m_osm_1395865713,Passantenhaven Weert,port
no_match,1017.7,quay,,Unknown waterway,51.505636,4.258721,m_osm_65410787,WSV De Schelde,port
no_match,1018.9,quay,Duna,Donau,47.563964,19.07773,m_osm_4389392359,Hableány kikötő,port
no_match,1020.0,quay,203,Belgium waterway,51.33933,3.19229,m_osm_554945941,Royal Belgian Sailing Club,port
no_match,1021.6,quay,Rollfähre Weißenkirchen-St.Lorenz,Donau,48.393345,15.474517,m_osm_332669159,Hafen Joching - Wassersportclub Weißenkirchen,port
no_match,1022.0,quay,,Donau,49.019617,12.117962,m_osm_1565155216,Marina Regensburg,port
no_match,1022.2,quay,Ligplaats autoafzetplaats Prinses Beatrixsluis - Westzijde Noord,Amsterdam-Rijnkanaal,52.018037,5.11084,m_osm_1839055018,WSV Plettenburg,port
no_match,1022.2,quay,Viking Technical GmbH,Main,49.76193,9.5283,m_osm_417285845,Sportboothafen,port
no_match,1022.6,quay,Wartelände Stadlau,Donau,48.186727,16.462687,m_osm_1502802694,Franz vom Schiff (Scheriau),port
no_match,1023.0,quay,1974,Belgium waterway,51.294587,4.285574,m_osm_837845424,Yacht Club Scaldis,port
no_match,1023.4,quay,Liegestelle Aschaffenburg - Leider,Main,49.972872,9.099262,m_osm_712285033,Wasserskiclub Mainaschaff e.V.,port
no_match,1023.8,quay,Rollfähre Weißenkirchen-St.Lorenz,Donau,48.394837,15.472444,m_osm_332669159,Hafen Joching - Wassersportclub Weißenkirchen,port
no_match,1024.9,quay,442Z,Belgium waterway,51.322167,3.201957,m_osm_462344084,Brugse Zeil- en Yachtclub,port
no_match,1025.7,quay,Ligplaats autoafzetplaats Irnsum,Netherlands waterway,53.053774,5.786782,m_osm_1236145709,Jachthaven Kaap Hoorn,port
no_match,1025.8,quay,441,Belgium waterway,51.32221,3.202981,m_osm_462344084,Brugse Zeil- en Yachtclub,port
no_match,1026.8,quay,Ligplaats John bv Noordzeekanaal Amsterdam,IJssel,52.413819,4.867075,m_osm_13526713621,Kokernoot,port
no_match,1027.5,quay,Offenbach 1,Main,50.106074,8.719393,m_osm_1448414441,WSC-Kaiserlei,port
no_match,1028.7,quay,Ligplaats steiger 10 Jan van Riebeeckhaven Amsterdam,Netherlands waterway,52.412976,4.842764,m_osm_13526713621,Kokernoot,port
no_match,1029.1,quay,Wiener Donauraum GmbH,Donau,48.226327,16.406258,m_osm_10539264340,Bunkerstation für Binnenschiffe,fuel
no_match,1030.3,quay,Wachtplaats,Unknown waterway,51.336235,3.809263,m_osm_5452229236,WV Neusen,port
no_match,1030.7,quay,Liegeplatz Bernkastel-Kues,Mosel,49.913256,7.070424,m_osm_127679910,Schutzhafen Kues,port
no_match,1032.0,quay,442W,Belgium waterway,51.322094,3.201154,m_osm_462344084,Brugse Zeil- en Yachtclub,port
no_match,1032.2,quay,960,Belgium waterway,51.24208,3.219005,m_osm_1816556549,Koninklijke Brugse zeil- en yachtclub,port
no_match,1033.0,pontoon,TAU Steiger 3,Hochrhein,47.545206,7.657469,m_osm_2371780446,MSC Hochrhein,port
no_match,1033.0,quay,,Netherlands waterway,51.653838,4.847965,m_osm_316312859,WSV Sluis 1,port
no_match,1033.3,quay,Ligplaats 1 Krabbersgat Zuid,Netherlands waterway,52.6884,5.282148,m_osm_238795009,Krabbershaven,port
no_match,1033.7,quay,Liegestelle,Saar,49.608614,6.555805,m_osm_345548964,Wassersportclub Saarburg,port
no_match,1034.4,pontoon,Ponton club d'aviron,Saône,46.784025,4.866247,m053,Chalon-sur-Saône – Port de Plaisance,port
no_match,1034.4,quay,Fahrgastlände Krems-Stein Donaustation 39,Donau,48.400536,15.580607,m_osm_2870329975,Wassersportverein Krems,port
no_match,1034.7,quay,Ligplaats Panheel,Netherlands waterway,51.171423,5.872644,m_osm_2632127906,Jachthaven Boschmolenplas,port
no_match,1035.0,quay,8190,Belgium waterway,51.118299,3.752392,m_osm_241795954,Jachthaven Langerbrugge,port
no_match,1035.2,quay,Liegestelle Regensburg Regenmündung,Donau,49.025742,12.101817,m_osm_59970968,1. Motorboot- und Wasserskiclub Regensburg e.V.,port
no_match,1035.5,quay,,Kanaal Bocholt-Herentals,51.253648,5.308592,m_osm_4441653077,Water Sports,port
no_match,1035.6,quay,2100,Belgium waterway,51.111422,3.756683,m_osm_241795954,Jachthaven Langerbrugge,port
no_match,1036.5,quay,Steiger provincie,Unknown waterway,51.441388,3.597448,m_osm_895035948,VVW Schelde,port
no_match,1036.8,quay,,Netherlands waterway,51.810484,4.646903,m_osm_1368200086,"WSV ""Maartensgat""",port
no_match,1037.0,quay,Liegestelle,Rhine,49.063275,8.304408,m_osm_166381003,RKCW - Ruder- und Kanu Club Wörth,port
no_match,1038.3,pontoon,,Belgium waterway,51.340265,3.213973,m_osm_554945941,Royal Belgian Sailing Club,port
no_match,1038.8,quay,Dienstensteiger DCS,Unknown waterway,51.444864,3.6011,m_osm_895035948,VVW Schelde,port
no_match,1039.9,quay,,Donau,49.026564,12.101435,m_osm_59970968,1. Motorboot- und Wasserskiclub Regensburg e.V.,port
no_match,1041.1,pontoon,Halte Waterbus,Albertkanaal,51.236647,4.429821,m_osm_4322795,Kempisch dok,port
no_match,1042.2,quay,Duna,Donau,47.563396,19.077759,m_osm_4389392359,Hableány kikötő,port
no_match,1043.5,quay,Krems,Donau,48.401679,15.643845,m_osm_738437385,Segelboot Club Krems,port
no_match,1044.8,quay,,Dender,50.936835,4.046625,m_osm_8867559693,Jachthaven VVW Aalst,port
no_match,1045.8,quay,"Fahrgastlände Melk, Donaustation 7",Donau,48.232851,15.325599,m_osm_333012197,Yachthafen Emmersdorf,port
no_match,1046.4,quay,408,Belgium waterway,51.323738,3.21009,m_osm_462344084,Brugse Zeil- en Yachtclub,port
no_match,1046.5,quay,Liegestelle Wallersheim,Rhine,50.387864,7.606223,m_osm_1681454344,Yachtclub Vallendar,port
no_match,1048.3,quay,,Netherlands waterway,52.62892,6.042417,m_osm_6006926680,De Ketting,port
no_match,1049.4,quay,60,Unknown waterway,52.957182,4.794885,m_osm_863230287,KMJC Den Helder,port
no_match,1049.8,quay,,Zeekanaal Brussel-Schelde,51.065156,4.364093,m_osm_528530237,Dok 3,port
no_match,1053.4,quay,Liegeplatz Karden,Mosel,50.179745,7.300665,m_osm_530788484,Yachthafen Treis-Karden,port
no_match,1054.4,quay,Ruse-berth26,Donau,43.838546,25.933295,m_osm_508231317,Yacht Club Port Rousse,port
no_match,1054.5,quay,62,Port of Antwerp,51.241861,4.406832,m_osm_4322795,Kempisch dok,port
no_match,1054.6,quay,Duna,Donau,47.563021,19.077709,m_osm_4389392359,Hableány kikötő,port
no_match,1055.0,quay,,Netherlands waterway,51.820627,4.876484,m_osm_1739184574,WSV de Snap,port
no_match,1055.1,quay,Kleinbootanlegestelle Rhytaxi,Hochrhein,47.560716,7.590459,m_osm_2371811036,Motoryachtclub Basel,port
no_match,1055.2,quay,Liegestelle Homberg,Rhine,51.451305,6.717727,m_osm_431072366,Ruhrorter Yachtclub e.V. - Süd,port
no_match,1055.5,quay,603,Belgium waterway,51.332742,3.218788,m_osm_554945941,Royal Belgian Sailing Club,port
no_match,1055.7,quay,,Netherlands waterway,52.462786,4.811434,m_osm_46595875,Zeilvereniging De Onderlinge,port
no_match,1056.5,quay,607,Belgium waterway,51.341171,3.21265,m_osm_554945941,Royal Belgian Sailing Club,port
no_match,1057.4,quay,1030,Belgium waterway,51.102612,3.746058,m_osm_241795954,Jachthaven Langerbrugge,port
no_match,1057.9,quay,,Netherlands waterway,52.020013,6.13213,m_osm_530792598,Passantenhaven Doesburg,port
no_match,1059.1,quay,4530,Belgium waterway,51.138065,3.786576,m_osm_8087252421,VVW Mendonk,port
no_match,1061.6,quay,Liegestelle,Rhine,48.690884,7.919037,m_osm_2373251464,Segelclub Freistett,port
no_match,1063.4,quay,,Albertkanaal,50.940861,5.353249,m_osm_317822393,Royal Hasselt Yachting Club,port
no_match,1064.0,quay,,Donau,44.621428,22.61367,m_osm_1882211480,Марина Кладово,port
no_match,1065.7,quay,860,Belgium waterway,51.102168,3.742252,m_osm_241795954,Jachthaven Langerbrugge,port
no_match,1066.0,quay,Ligplaats Servicesteiger Haaften,Waal,51.816974,5.229239,m_osm_1197645951,Stadshaven,port
no_match,1066.5,quay,4180,Belgium waterway,51.137763,3.786333,m_osm_8087252421,VVW Mendonk,port
no_match,1070.0,quay,Wiener Donauraum GmbH,Donau,48.264044,16.367674,m_osm_24905185,Yachthafen Kuchelau,port
no_match,1070.6,quay,,Netherlands waterway,52.519957,6.07633,m_osm_444695844,Passantenhaven,port
no_match,1072.3,quay,,Leie,50.910849,3.418756,m_osm_3211749240,Jachthaven Zulte,port
no_match,1073.1,quay,Ligplaats 1 Minervahaven Charter/Pax Amsterdam,IJssel,52.399006,4.872441,m_osm_177695057,Amsterdam Marina,port
no_match,1074.6,quay,,Bovenschelde,51.005722,3.729599,m_osm_2533763290,Yachting Merelbeke,port
no_match,1075.3,quay,2110,Belgium waterway,51.110763,3.757181,m_osm_241795954,Jachthaven Langerbrugge,port
no_match,1076.6,quay,,Netherlands waterway,52.971508,5.432669,m_osm_641098770,Jachthaven It Soal,port
no_match,1076.6,quay,Duna,Donau,47.559629,19.074458,m_osm_4389392359,Hableány kikötő,port
no_match,1076.8,quay,710,Unknown waterway,51.44444,3.601426,m_osm_895035948,VVW Schelde,port
no_match,1079.0,quay,608,Belgium waterway,51.341265,3.212992,m_osm_554945941,Royal Belgian Sailing Club,port
no_match,1079.7,quay,Ligplaats Nijkerkersluis - West,Netherlands waterway,52.26209,5.468305,m_osm_2104284121,Vluchthaven Hameland,port
no_match,1080.0,quay,4760,Belgium waterway,51.144189,3.794631,m_osm_8087252421,VVW Mendonk,port
no_match,1080.4,quay,112,Belgium waterway,51.335036,3.186886,m_osm_462344084,Brugse Zeil- en Yachtclub,port
no_match,1083.4,quay,,Netherlands waterway,52.364284,5.631556,m_osm_507842507,De Kluut,port
no_match,1083.5,quay,440,Belgium waterway,51.321667,3.202629,m_osm_462344084,Brugse Zeil- en Yachtclub,port
no_match,1084.1,quay,Ligplaats Noordzeekanaal ICL kade Amsterdam,IJssel,52.407957,4.871473,m_osm_177695057,Amsterdam Marina,port
no_match,1084.2,quay,S21,Belgium waterway,51.220697,4.395307,m_osm_625248475,Jachthaven Linkeroever,port
no_match,1084.3,quay,4800,Belgium waterway,51.144989,3.798526,m_osm_8087252421,VVW Mendonk,port
no_match,1084.4,quay,Untere Donaulände,Donau,48.313961,14.29428,m_osm_2150418535,MYCN - Motor Yacht Club Nibelungen,port
no_match,1085.1,quay,,Rhine,51.431248,6.748676,m_osm_185529303,Innenhafen,port
no_match,1086.1,quay,Ligplaats Zijkanaal G Artillerie steiger Zaandam,Netherlands waterway,52.421836,4.839153,m_osm_13526713621,Kokernoot,port
no_match,1086.7,quay,Ankerplaats 1 Hollandsch Diep Willemstad,Hollands Diep,51.706095,4.441327,m_osm_743643041,Jachthaven De Batterij,port
no_match,1089.0,quay,,Main,49.703132,9.24132,m_osm_183016564,Yacht-Club Miltenberg,port
no_match,1090.1,quay,Ligplaats 2e Merwedehaven HBR 1 Dordrecht,Netherlands waterway,51.820204,4.71427,m_osm_2960691533,Jachthaven Westergoot,port
no_match,1090.5,quay,5825,Belgium waterway,51.198868,3.802626,m_osm_279405371,Watersportvereniging Zelzate,port
no_match,1090.7,quay,BRISE Romania SA Grain Berth,Donau,43.770995,24.525739,m_osm_707599445,Portul Turistic Corabia,port
no_match,1092.0,quay,Havarieabsetzplatz,Donau,48.398564,15.644087,m_osm_738437385,Segelboot Club Krems,port
no_match,1094.8,quay,8560,Belgium waterway,51.102875,3.735062,m_osm_241795954,Jachthaven Langerbrugge,port
no_match,1096.5,quay,Liegestelle Nürnberg,Main-Donau-Kanal,49.412679,11.06362,m_osm_186602023,Polizeibootshaus,port
no_match,1097.7,quay,6360,Belgium waterway,51.199124,3.800623,m_osm_279405371,Watersportvereniging Zelzate,port
no_match,1100.8,quay,Ligplaats Noordzeekanaal van Vliet Amsterdam,IJssel,52.410311,4.873615,m_osm_177695057,Amsterdam Marina,port
no_match,1102.0,quay,Ligplaats Hengelo 2,Netherlands waterway,52.249186,6.778245,m_osm_170673593,Twentse Watersport Vereniging,port
no_match,1102.1,quay,1401,Unknown waterway,51.310991,3.835284,m_osm_12407056733,Zeeland Bunkering BV,fuel
no_match,1102.2,quay,MinCell GmbH & Co. KG,Donau,48.214297,15.179719,m_osm_2150615445,Sporthafen Pöchlarn,port
no_match,1102.4,quay,111,Belgium waterway,51.335088,3.186578,m_osm_462344084,Brugse Zeil- en Yachtclub,port
no_match,1104.0,quay,Ligplaats Mercuriushaven Binnenkant Wachten Amsterdam,IJssel,52.402754,4.869877,m_osm_177695057,Amsterdam Marina,port
no_match,1104.1,quay,Liegestelle,Saar,49.608247,6.554874,m_osm_345548964,Wassersportclub Saarburg,port
no_match,1104.7,quay,,Maas,51.166178,5.888337,m_osm_608983342,Fuel station Diesel,fuel
no_match,1105.2,quay,Massagoedhaven Charlie (Ovet),Unknown waterway,51.310818,3.834804,m_osm_12407056733,Zeeland Bunkering BV,fuel
no_match,1106.7,quay,Liegestelle,Rhine,47.606877,7.591014,m_osm_528560929,MYC Motorboot- und Yachtclub Weil am Rhein,port
no_match,1108.7,quay,Ligplaats Containerterminal Doesburg,Netherlands waterway,52.020454,6.133139,m_osm_530792598,Passantenhaven Doesburg,port
no_match,1109.1,quay,,Bovenschelde,50.787841,3.491834,m_osm_1266763915,Kloron,port
no_match,1109.1,quay,308,Belgium waterway,51.321839,3.196612,m_osm_462344084,Brugse Zeil- en Yachtclub,port
no_match,1109.7,quay,"Fahrgastlände Linz-Urfahr, Land Oberösterreich",Donau,48.315572,14.292436,m_osm_2150418535,MYCN - Motor Yacht Club Nibelungen,port
no_match,1109.8,quay,,Amsterdam-Rijnkanaal,52.242903,5.048384,m_osm_2101902826,"Overmeer, jachthaven",port
no_match,1110.6,quay,Liegestelle Bonn-Mondorf,Rhine,50.774849,7.061355,m_osm_36675574,Yachthafen Mondorf,port
no_match,1113.5,quay,Ligplaats Mercuriushaven Bungel Olieverlading Amsterdam,IJssel,52.402502,4.869791,m_osm_177695057,Amsterdam Marina,port
no_match,1113.9,quay,,Lek,51.884514,4.625927,m_osm_1368200131,Jachthaven Ridderkerk BV,port
no_match,1117.1,quay,303,Belgium waterway,51.322491,3.193784,m_osm_462344084,Brugse Zeil- en Yachtclub,port
no_match,1117.2,pontoon,,Moselle,48.664996,5.890295,m225,Halte Fluviale de Toul,halte
no_match,1118.1,quay,"Fahrgastlände Spitz, Donaustation 15, Brandner Schifffahrt GmbH",Donau,48.361142,15.416253,m_osm_332670512,Wassersportclub Spitz,port
no_match,1118.1,quay,Ligplaats 3 Europakade Tolkamer,Boven-Rijn / Pannerdens Kanaal,51.849927,6.102945,m_osm_183218371,Jachthaven de Bijland,port
no_match,1118.1,quay,47,Port of Antwerp,51.241873,4.405335,m_osm_4322795,Kempisch dok,port
no_match,1118.3,quay,"Liegemöglichkeit Oberwinter, Am düsteren Baum",Rhine,50.609086,7.211524,m_osm_353831968,Yachthafen Oberwinter,port
no_match,1119.8,quay,Wartelände Altenwörth Unterwasser,Donau,48.369494,15.872065,m_osm_101627915,Yachthafen WSCA Altenwörth,port
no_match,1120.7,quay,,IJssel,52.381243,4.862515,m_osm_1208894275,Staverno Nassaukade,port
no_match,1122.8,quay,,Kanaal Bocholt-Herentals,51.236779,5.179913,m_osm_1305739099,Zilvermeerhaven,port
no_match,1123.3,quay,,Ringvaart om Gent,51.007144,3.753725,m_osm_2533763290,Yachting Merelbeke,port
no_match,1123.9,quay,Segelkammeradschaft Maintal e. V. Würzburg,Main,49.832148,9.867422,m_osm_6271215593,Marina Veitshöchheim e.V.,port
no_match,1124.0,quay,Duna,Donau,47.615109,19.102964,m_osm_3036772747,Csónak kikötő,port
no_match,1125.5,quay,Ligplaats autoafzetplaats Oude Maas Dordrecht,Netherlands waterway,51.80784,4.648526,m_osm_1368200086,"WSV ""Maartensgat""",port
no_match,1125.5,quay,Würzburger Hafen GmbH,Main,49.787035,9.925906,m_osm_1941411115,Schiffsanlegestelle Würzburg,port
no_match,1125.6,quay,Donauchemie AG,Donau,48.338393,15.950818,m_osm_1872392089,Boot-Club Zwentendorf,port
no_match,1126.4,quay,Massagoedhaven Delta (Verbrugge),Unknown waterway,51.310076,3.832376,m_osm_12407056733,Zeeland Bunkering BV,fuel
no_match,1126.5,quay,2120,Belgium waterway,51.11078,3.757921,m_osm_241795954,Jachthaven Langerbrugge,port
no_match,1129.0,quay,,Netherlands waterway,51.166713,5.886712,m_osm_608983342,Fuel station Diesel,fuel
no_match,1129.0,quay,Ligplaats Antwerpen RO kmp 4.8,Belgium waterway,51.220278,4.395094,m_osm_625248475,Jachthaven Linkeroever,port
no_match,1129.2,quay,,Netherlands waterway,52.461686,4.577605,m_osm_106684570,Marina Seaport IJmuiden,port
no_match,1130.8,quay,,Amsterdam-Rijnkanaal,52.242693,5.048289,m_osm_2101902826,"Overmeer, jachthaven",port
no_match,1131.0,quay,,Leie,50.910922,3.417614,m_osm_3211749240,Jachthaven Zulte,port
no_match,1132.6,quay,2190,Belgium waterway,51.116242,3.756419,m_osm_241795954,Jachthaven Langerbrugge,port
no_match,1133.5,quay,405,Belgium waterway,51.324227,3.212921,m_osm_462344084,Brugse Zeil- en Yachtclub,port
no_match,1135.0,quay,2180,Belgium waterway,51.115502,3.756978,m_osm_241795954,Jachthaven Langerbrugge,port
no_match,1136.7,quay,,Ringvaart om Gent,51.007401,3.754206,m_osm_2533763290,Yachting Merelbeke,port
no_match,1136.9,quay,Ligplaats Coenhaven ICL kade Amsterdam,IJssel,52.405505,4.869473,m_osm_177695057,Amsterdam Marina,port
no_match,1138.0,pontoon,,Belgium waterway,51.34001,3.216304,m_osm_554945941,Royal Belgian Sailing Club,port
no_match,1138.3,quay,Duna,Donau,47.558979,19.075898,m_osm_12248405464,Prestige Yacht Club,port
no_match,1140.1,quay,8180,Belgium waterway,51.119001,3.753404,m_osm_241795954,Jachthaven Langerbrugge,port
no_match,1140.8,quay,Ligplaats 2 Nederweert,Netherlands waterway,51.272763,5.749147,m_osm_598259530,Passantenhaven Nederweert,port
no_match,1141.5,quay,,Unknown waterway,51.506133,4.257082,m_osm_65410787,WSV De Schelde,port
no_match,1142.3,pontoon,,Unknown waterway,51.8241,4.035809,m_osm_1196173403,Marina Stellendam,port
no_match,1144.4,quay,2170,Belgium waterway,51.11478,3.757524,m_osm_241795954,Jachthaven Langerbrugge,port
no_match,1144.5,quay,Ligplaats Buitenhaven Laad en los kade IJmuiden,Netherlands waterway,52.462931,4.577147,m_osm_106684570,Marina Seaport IJmuiden,port
no_match,1146.2,quay,Ligplaats Noordzeekanaal Openbare kade Stadsdeel Noord Amsterdam,IJssel,52.413166,4.868478,m_osm_13526713621,Kokernoot,port
no_match,1146.7,quay,Helogistics Asset Leasing Kft.,Donau,48.315359,14.32004,m_osm_2150418535,MYCN - Motor Yacht Club Nibelungen,port
no_match,1147.3,quay,Ligplaats kade Asfaltproductie Kootstertille (APK),Netherlands waterway,53.204305,6.089626,m_osm_2883684001,Jachthaven Koostertille,port
no_match,1147.3,quay,,Netherlands waterway,52.461715,4.57787,m_osm_106684570,Marina Seaport IJmuiden,port
no_match,1147.6,quay,4750,Belgium waterway,51.144459,3.793329,m_osm_8087252421,VVW Mendonk,port
no_match,1148.0,quay,,Netherlands waterway,51.580105,5.054486,m_osm_6943441829,TWV Tilburg,port
no_match,1149.3,quay,,Maas,51.678396,5.971417,m_osm_1446067224,WSV De PaesPlas,port
no_match,1150.6,quay,Kegelligplaats Uitwellingerga,Netherlands waterway,52.994915,5.699022,m_osm_4123006888,JH Hart van Friesland,port
no_match,1151.0,quay,"Fahrgastlände Emmersdorf, Donaustation 12",Donau,48.235259,15.325874,m_osm_333012197,Yachthafen Emmersdorf,port
no_match,1151.3,quay,609,Belgium waterway,51.340267,3.21621,m_osm_554945941,Royal Belgian Sailing Club,port
no_match,1151.5,quay,Ligplaats 1 autoafzetplaats Noordzeekanaal Amsterdam,Netherlands waterway,52.429463,4.742198,m_osm_415633186,Jachthaven Nauerna,port
no_match,1151.5,quay,Ligplaats Almelo - Dollegoor BV,Netherlands waterway,52.364579,6.624213,m_osm_972944445,Almelo,port
no_match,1151.8,quay,Liegeplatz,Rhine,49.52814,8.427513,m_osm_2376144133,Xylon-Werft,port
no_match,1153.1,quay,,Netherlands waterway,52.461828,4.577907,m_osm_106684570,Marina Seaport IJmuiden,port
no_match,1153.1,quay,,Boven-Zeeschelde,51.123012,4.216793,m_osm_2382615930,De Ponton,port
no_match,1153.4,quay,,Netherlands waterway,52.46171,4.811496,m_osm_46595875,Zeilvereniging De Onderlinge,port
no_match,1153.5,quay,Ligplaats Coenhaven ICL Zuurlosplaats Amsterdam,IJssel,52.406652,4.869622,m_osm_177695057,Amsterdam Marina,port
no_match,1153.7,quay,Liegemöglichkeit Geisenheim,Rhine,49.979038,7.961387,m_osm_1314860626,Rüdesheimer Yacht Club,port
no_match,1154.8,pontoon,TAU Steiger 4,Hochrhein,47.544879,7.659205,m_osm_2371780446,MSC Hochrhein,port
no_match,1154.8,quay,Ligplaats steiger 7 Jan van Riebeeckhaven Eurotank Amsterdam,Netherlands waterway,52.409905,4.845891,m_osm_13526713621,Kokernoot,port
no_match,1155.2,quay,Ligplaats Kolenhaven HBR 1 Dordrecht,Netherlands waterway,51.821591,4.710775,m_osm_4537329787,Bunkerstation Papendrecht,fuel
no_match,1157.0,quay,Ligplaats Kolenhaven HBR 2 Dordrecht,Netherlands waterway,51.820594,4.710413,m_osm_4537329787,Bunkerstation Papendrecht,fuel
no_match,1157.0,quay,4810,Belgium waterway,51.145629,3.79831,m_osm_8087252421,VVW Mendonk,port
no_match,1160.0,quay,4540,Belgium waterway,51.138411,3.785231,m_osm_8087252421,VVW Mendonk,port
no_match,1160.1,quay,Ligplaats Coenhaven kade Papierweg Amsterdam,IJssel,52.405057,4.869033,m_osm_177695057,Amsterdam Marina,port
no_match,1161.6,quay,2160,Belgium waterway,51.114018,3.7581,m_osm_241795954,Jachthaven Langerbrugge,port
no_match,1163.0,pontoon,TAU Steiger 4,Hochrhein,47.544842,7.659301,m_osm_2371780446,MSC Hochrhein,port
no_match,1163.9,quay,,Netherlands waterway,52.51068,6.056077,m_osm_855152630,Passantenhaven Katerveer,port
no_match,1164.3,quay,Liegestelle,Saar,49.696866,6.570227,m_osm_128645794,Yachthafen WSC Konz,port
no_match,1164.7,quay,4170,Belgium waterway,51.138101,3.78502,m_osm_8087252421,VVW Mendonk,port
no_match,1164.8,quay,,Bovenschelde,51.004915,3.729083,m_osm_2533763290,Yachting Merelbeke,port
no_match,1167.0,quay,Ligplaats Haringhaven IJbunker IJmuiden,Netherlands waterway,52.460725,4.578521,m_osm_106684570,Marina Seaport IJmuiden,port
no_match,1167.2,quay,2200,Belgium waterway,51.117126,3.756218,m_osm_241795954,Jachthaven Langerbrugge,port
no_match,1167.2,quay,800,Belgium waterway,51.101965,3.735799,m_osm_241795954,Jachthaven Langerbrugge,port
no_match,1168.5,quay,,Leie,50.910968,3.416909,m_osm_3211749240,Jachthaven Zulte,port
no_match,1169.1,quay,Ruse-berthXX,Donau,43.85401,25.950375,m_osm_508231317,Yacht Club Port Rousse,port
no_match,1171.6,quay,Ligplaats 2 Kalle en Bakker Roermond,Maas,51.204641,5.992567,m_osm_2193181345,Camping J. H. Hermans,port
no_match,1172.0,quay,Liegestelle,Rhine,48.691546,7.917796,m_osm_2373251464,Segelclub Freistett,port
no_match,1172.7,quay,,Leie,50.784717,3.10666,m_osm_114555530,Port de plaisance d'Halluin,port
no_match,1173.6,quay,,Lek,51.8934,4.617544,m_osm_827546836,'t Balkengat,port
no_match,1176.7,quay,870,Belgium waterway,51.101189,3.74297,m_osm_241795954,Jachthaven Langerbrugge,port
no_match,1177.0,quay,Putnicko pristaniste Vukovar,Donau,45.35179,19.006044,m_osm_866432688,Marina Vukovar,port
no_match,1177.9,quay,Klosterfeld,Donau,48.496367,13.740191,m_osm_2150252229,Schiffsanlegestellen Engelhartszell,port
no_match,1177.9,quay,Liegeplatz,Rhine,49.526699,8.431147,m_osm_2376144133,Xylon-Werft,port
no_match,1178.1,quay,8570,Belgium waterway,51.102194,3.734566,m_osm_241795954,Jachthaven Langerbrugge,port
no_match,1179.6,pontoon,Ponton club d'aviron,Saône,46.784801,4.867814,m053,Chalon-sur-Saône – Port de Plaisance,port
no_match,1179.7,pontoon,,Unknown waterway,53.285979,5.090591,m_osm_157319075,Waddenhaven Vlieland,port
no_match,1180.2,quay,Duna,Donau,47.559398,19.07609,m_osm_4389392359,Hableány kikötő,port
no_match,1180.4,quay,,Netherlands waterway,52.362903,5.634789,m_osm_507842507,De Kluut,port
no_match,1181.3,quay,Ligplaats calamiteiten Farmsum,Netherlands waterway,53.315157,6.929159,m_osm_109141847,Jachthaven 't Dok Delfzijl,port
no_match,1183.6,quay,Szabo,Donau,48.206368,16.433561,m_osm_230897330,Wiener Ruderclub Pirat,port
no_match,1184.2,quay,Reede Koblenz,Rhine,50.371368,7.613147,m_osm_1904840426,Bauhafen,port
no_match,1184.4,quay,,Rhine,51.450153,6.741555,m_osm_431072366,Ruhrorter Yachtclub e.V. - Süd,port
no_match,1184.8,quay,,Ringvaart om Gent,51.006603,3.754205,m_osm_2533763290,Yachting Merelbeke,port
no_match,1186.2,quay,S20,Belgium waterway,51.219741,4.394653,m_osm_625248475,Jachthaven Linkeroever,port
no_match,1186.4,quay,,Rhine,51.446599,6.751012,m_osm_185529303,Innenhafen,port
no_match,1187.1,quay,,Hollands Diep,51.694735,4.420227,m_osm_743643041,Jachthaven De Batterij,port
no_match,1187.2,quay,Ligplaats Noordzeekanaal afvalzorg Nauerna Zaanstad,Netherlands waterway,52.433914,4.729365,m_osm_106660520,Watersportvereniging IJmond,port
no_match,1188.7,quay,,Bovenschelde,51.004995,3.728449,m_osm_2533763290,Yachting Merelbeke,port
no_match,1189.9,quay,Public Berth,Donau,43.770839,24.526966,m_osm_707599445,Portul Turistic Corabia,port
no_match,1190.5,quay,2150,Belgium waterway,51.113133,3.758768,m_osm_241795954,Jachthaven Langerbrugge,port
no_match,1191.2,quay,,Kanaal Gent-Oostende,51.222418,3.224363,m_osm_1816556549,Koninklijke Brugse zeil- en yachtclub,port
no_match,1192.1,quay,,Netherlands waterway,51.829986,4.395117,m_osm_406243924,WSV Het Spui,port
no_match,1192.3,quay,6380,Belgium waterway,51.198227,3.80065,m_osm_279405371,Watersportvereniging Zelzate,port
no_match,1193.7,quay,Ligplaats 6 lekkanaal Westzijde Nieuwegein,Amsterdam-Rijnkanaal,52.019835,5.111765,m_osm_1839055018,WSV Plettenburg,port
no_match,1195.2,quay,Ligplaats 2 Europakade Tolkamer,Boven-Rijn / Pannerdens Kanaal,51.849766,6.1047,m_osm_183218371,Jachthaven de Bijland,port
no_match,1195.9,quay,,Kanaal Gent-Oostende,51.222318,3.222657,m_osm_1816556549,Koninklijke Brugse zeil- en yachtclub,port
no_match,1196.4,quay,Gerlachshausen,Main,49.812085,10.223187,m_osm_2400291648,Sportboothafen Schwarzenau,port
no_match,1196.6,quay,Ligplaats Zijkanaal G Jansse & Diepering Zaandam,Netherlands waterway,52.424052,4.838939,m_osm_13526713621,Kokernoot,port
no_match,1197.8,quay,2130,Belgium waterway,51.111569,3.759013,m_osm_241795954,Jachthaven Langerbrugge,port
no_match,1198.2,quay,Ligplaats 1 buitenzijde duwbakken Lemmer,Netherlands waterway,52.842067,5.675184,m_osm_2154631095,Jachthaven Tacozijl,port
no_match,1198.4,quay,Ligplaats Noordzeekanaal Commodity Centre Nederland,Netherlands waterway,52.42753,4.756369,m_osm_415633186,Jachthaven Nauerna,port
no_match,1198.5,quay,,Netherlands waterway,52.429524,4.762917,m_osm_415633186,Jachthaven Nauerna,port
no_match,1199.0,quay,Ligplaats Argos Roermond,Maas,51.203147,5.994384,m_osm_2932887734,RWV Nautilus,port
no_match,1201.6,quay,4820,Belgium waterway,51.145881,3.7971,m_osm_8087252421,VVW Mendonk,port
no_match,1201.8,quay,,Kanaal Gent-Oostende,51.222456,3.225823,m_osm_1816556549,Koninklijke Brugse zeil- en yachtclub,port
no_match,1203.6,quay,5810,Belgium waterway,51.19783,3.802665,m_osm_279405371,Watersportvereniging Zelzate,port
no_match,1204.0,quay,Bootstaxi Litschauer,Donau,48.262814,16.368092,m_osm_24905185,Yachthafen Kuchelau,port
no_match,1204.7,quay,,Beneden-Merwede,51.739452,5.151886,m_osm_721652678,WSV Heusden,port
no_match,1209.5,quay,Stadlau III,Donau,48.200927,16.441402,m_osm_1502802694,Franz vom Schiff (Scheriau),port
no_match,1210.4,quay,Ligplaats Weststadbrug Boven - Linker oever (AAP) Oosterhout,Netherlands waterway,51.655518,4.84801,m_osm_316312859,WSV Sluis 1,port
no_match,1212.1,quay,,Netherlands waterway,51.167737,5.883395,m_osm_608983342,Fuel station Diesel,fuel
no_match,1214.2,quay,,Netherlands waterway,52.362553,5.63871,m_osm_507842507,De Kluut,port
no_match,1214.3,quay,Ligplaats Usselincxhaven steiger 11 Amsterdam,Netherlands waterway,52.412766,4.839603,m_osm_13526713621,Kokernoot,port
no_match,1214.4,quay,Kegelligplaats 1 Amerongen,Netherlands waterway,51.982937,5.425499,m_osm_183253990,Jachthaven Eiland van Maurik,port
no_match,1216.1,pontoon,Ponton VNF,Saône,46.78502,4.86819,m053,Chalon-sur-Saône – Port de Plaisance,port
no_match,1216.9,quay,Ligplaats 2 Jos Menten Roermond,Maas,51.202364,5.995713,m_osm_2932887734,RWV Nautilus,port
no_match,1218.0,quay,FHS - Freunde Historischer Schiffe,Donau,48.350909,16.251915,m_osm_288436725,Alter Hafen,port
no_match,1219.0,quay,4740,Belgium waterway,51.14473,3.792025,m_osm_8087252421,VVW Mendonk,port
no_match,1219.2,quay,Budapest 3.1,Donau,47.605949,19.088196,m_osm_3036772747,Csónak kikötő,port
no_match,1219.7,quay,913,Belgium waterway,51.243911,3.219889,m_osm_1816556549,Koninklijke Brugse zeil- en yachtclub,port
no_match,1220.5,quay,Liegemöglichkeit Neuwieder Stromarm,Rhine,50.420031,7.464885,m_osm_2378863283,MYC Neuwied,fuel
no_match,1222.7,quay,Liegestelle Obernzell,Donau,48.553423,13.640057,m_osm_2406980246,Bootshafen Kasten,port
no_match,1223.2,quay,2140,Belgium waterway,51.112359,3.759353,m_osm_241795954,Jachthaven Langerbrugge,port
no_match,1225.7,quay,Leopold II-dam,Belgium waterway,51.341724,3.19187,m_osm_554945941,Royal Belgian Sailing Club,port
no_match,1226.0,quay,Stadt Seligenstadt,Main,50.043453,8.979675,m_osm_35681681,Marina Karlstein,port
no_match,1226.1,quay,1900,Belgium waterway,51.297949,4.274251,m_osm_837845424,Yacht Club Scaldis,port
no_match,1226.7,quay,"Fahrgastlände Weißenkirchen, Donaustationen  17 und 18",Donau,48.396383,15.473942,m_osm_332669159,Hafen Joching - Wassersportclub Weißenkirchen,port
no_match,1228.1,quay,,Lek,51.940194,4.845147,m_osm_65589716,'t Wilgerak,port
no_match,1229.2,quay,"Fahrgastlände Linz, Land Oberösterreich",Donau,48.31278,14.293185,m_osm_2150418535,MYCN - Motor Yacht Club Nibelungen,port
no_match,1229.4,quay,110,Belgium waterway,51.337352,3.186404,m_osm_462344084,Brugse Zeil- en Yachtclub,port
no_match,1229.6,quay,,Netherlands waterway,51.819467,4.880778,m_osm_1739173350,W.S.V. 'Huibjesbrug',port
no_match,1233.7,quay,,Netherlands waterway,51.961943,5.940264,m_osm_4115683032,Jachthaven Valkenburg,port
no_match,1234.8,quay,100,Port of Antwerp,51.244077,4.407788,m_osm_4322795,Kempisch dok,port
no_match,1234.9,quay,,IJssel,52.383339,4.86156,m_osm_1208894275,Staverno Nassaukade,port
no_match,1236.6,quay,Ligplaats Bosscherweg Maastricht,Maas,50.866457,5.689194,m_osm_4720042858,Bassin,port
no_match,1237.5,quay,8170,Belgium waterway,51.119665,3.754319,m_osm_241795954,Jachthaven Langerbrugge,port
no_match,1238.5,quay,Ligplaats BCTN Roermond,Maas,51.203484,5.994662,m_osm_2932887734,RWV Nautilus,port
no_match,1238.5,quay,2210,Belgium waterway,51.118173,3.756352,m_osm_241795954,Jachthaven Langerbrugge,port
no_match,1238.6,quay,,Rhine,51.446591,6.732606,m_osm_431072366,Ruhrorter Yachtclub e.V. - Süd,port
no_match,1238.9,quay,Ligplaats 3 Kalle en Bakker Roermond,Maas,51.204259,5.993424,m_osm_2932887734,RWV Nautilus,port
no_match,1240.9,pontoon,,Unknown waterway,52.934257,5.039054,m_osm_108802293,Marina Den Oever,port
no_match,1241.4,quay,"Fahrgastlände Melk, Donaustationen 31 und 8",Donau,48.233882,15.327937,m_osm_333012197,Yachthafen Emmersdorf,port
no_match,1241.8,pontoon,Ponton VNF,Saône,46.785167,4.868459,m053,Chalon-sur-Saône – Port de Plaisance,port
no_match,1241.8,quay,"Teerlackenlände, ÖSWAG Werft Linz AG",Donau,48.316161,14.321919,m_osm_2150418535,MYCN - Motor Yacht Club Nibelungen,port
no_match,1242.8,quay,,Albertkanaal,50.940692,5.355807,m_osm_317822393,Royal Hasselt Yachting Club,port
no_match,1244.1,quay,,Netherlands waterway,52.362245,5.636442,m_osm_507842507,De Kluut,port
no_match,1245.8,quay,Ligplaats Noordzeekanaal Oranje Marine Kade Amsterdam,IJssel,52.412622,4.869648,m_osm_13526713621,Kokernoot,port
no_match,1247.6,quay,Zevenaarhaven RoRo1 (Verbrugge),Unknown waterway,51.308879,3.831848,m_osm_12407056733,Zeeland Bunkering BV,fuel
no_match,1251.6,quay,307,Belgium waterway,51.320911,3.194653,m_osm_462344084,Brugse Zeil- en Yachtclub,port
no_match,1252.1,quay,Ligplaats 1 Jos Menten Roermond,Maas,51.202592,5.996074,m_osm_2932887734,RWV Nautilus,port
no_match,1252.4,quay,,Kanaal Gent-Oostende,51.222634,3.229345,m_osm_1816556549,Koninklijke Brugse zeil- en yachtclub,port
no_match,1253.1,quay,1700,Belgium waterway,51.299178,4.272858,m_osm_837845424,Yacht Club Scaldis,port
no_match,1253.5,quay,Regensburg Regenmündung,Donau,49.024492,12.10529,m_osm_59970968,1. Motorboot- und Wasserskiclub Regensburg e.V.,port
no_match,1254.2,quay,,Netherlands waterway,52.519406,6.068609,m_osm_2515257941,Diesel Tankstelle,fuel
no_match,1255.1,quay,Ligplaats Coenhaven ICL Noorderhoofd Amsterdam,IJssel,52.407909,4.868715,m_osm_177695057,Amsterdam Marina,port
no_match,1256.7,quay,961,Belgium waterway,51.244081,3.218503,m_osm_1816556549,Koninklijke Brugse zeil- en yachtclub,port
no_match,1257.0,quay,109,Belgium waterway,51.338161,3.186819,m_osm_462344084,Brugse Zeil- en Yachtclub,port
no_match,1257.5,quay,,Zeekanaal Brussel-Schelde,51.084414,4.352668,m_osm_111869545,yachtclub Volante,port
no_match,1257.6,quay,,Zeekanaal Brussel-Schelde,51.083844,4.351773,m_osm_111869545,yachtclub Volante,port
no_match,1257.8,quay,409,Belgium waterway,51.321777,3.21087,m_osm_462344084,Brugse Zeil- en Yachtclub,port
no_match,1258.2,quay,,Maas,51.741865,5.204706,m_osm_1197645941,Jachthaven Het Oude Veerhuis,port
no_match,1258.2,quay,Ligplaats 1 Irnsum,Netherlands waterway,53.055396,5.789234,m_osm_1236145709,Jachthaven Kaap Hoorn,port
no_match,1259.6,quay,4550,Belgium waterway,51.138751,3.783904,m_osm_8087252421,VVW Mendonk,port
no_match,1260.2,quay,4830,Belgium waterway,51.146178,3.795674,m_osm_8087252421,VVW Mendonk,port
no_match,1261.2,quay,8580,Belgium waterway,51.101856,3.733021,m_osm_241795954,Jachthaven Langerbrugge,port
no_match,1261.3,quay,4160,Belgium waterway,51.138433,3.783729,m_osm_8087252421,VVW Mendonk,port
no_match,1261.5,quay,Ligplaats Mercuriushaven Bunge Meelverlading Amsterdam,IJssel,52.401575,4.867848,m_osm_177695057,Amsterdam Marina,port
no_match,1263.2,quay,,Netherlands waterway,51.579916,5.056126,m_osm_6943441829,TWV Tilburg,port
no_match,1263.3,quay,,Beneden-Merwede,51.739916,5.152514,m_osm_721652678,WSV Heusden,port
no_match,1263.6,quay,Ligplaats Enschede - Betoncentrale Rouwmaat,Netherlands waterway,52.229557,6.845132,m_osm_142276122,Jachthaven Enschede,port
no_match,1265.4,quay,,Maas,51.67725,5.970957,m_osm_1446067224,WSV De PaesPlas,port
no_match,1266.1,quay,Liegeplatz Pommern,Mosel,50.168742,7.27682,m_osm_530788484,Yachthafen Treis-Karden,port
no_match,1266.9,quay,Ligplaats 1 Waalhaven Nijmegen,Waal,51.849735,5.852153,m_osm_1446067379,Lindenberghaven Passantensteiger,port
no_match,1267.0,quay,Ligplaats Schuttevaerhaven Sneek,Netherlands waterway,53.023486,5.686691,m_osm_83732505,Camping jachthaven De Domp,port
no_match,1268.7,quay,Ligplaats Oude Maas Handelskade Dordrecht,Netherlands waterway,51.806785,4.647292,m_osm_1368200086,"WSV ""Maartensgat""",port
no_match,1269.2,quay,Wartelände Aschach Unterwasser,Donau,48.378378,14.027409,m_osm_1576596901,Schiffsanlegestelle Aschach,port
no_match,1269.3,quay,Liegestelle Obernzell,Donau,48.55353,13.639368,m_osm_2406980246,Bootshafen Kasten,port
no_match,1270.3,quay,Ligplaats Coenhaven pier Azië Kop Maja Amsterdam,IJssel,52.406483,4.86778,m_osm_177695057,Amsterdam Marina,port
no_match,1271.1,quay,Schmidt,Main,49.833511,9.867205,m_osm_6271215593,Marina Veitshöchheim e.V.,port
no_match,1271.2,quay,,Netherlands waterway,53.040622,5.839413,m_osm_4118863670,Passantenhaven Akkrum,port
no_match,1272.9,quay,,Netherlands waterway,52.574629,5.879401,m_osm_2637215145,Watersportvereniging Berend Aalbers,port
no_match,1273.0,quay,,Maas,51.810875,5.409928,m_osm_13200688631,Jachthaven Heerewaarden,port
no_match,1274.2,quay,,Lek,51.971779,5.013939,m_osm_68186367,WSV Bolsweerd,port
no_match,1274.7,quay,,Netherlands waterway,53.023382,5.686579,m_osm_83732505,Camping jachthaven De Domp,port
no_match,1274.7,quay,Liegestelle Hitdorf,Rhine,51.052123,6.927114,m_osm_1544997008,Yacht-Club Leverkusen Hitdorf e.V. (YCLH),port
no_match,1275.3,quay,Ligplaats dienstensteiger RWS Farmsum,Netherlands waterway,53.318884,6.938368,m_osm_109141847,Jachthaven 't Dok Delfzijl,port
no_match,1276.1,quay,Ligplaats Coenhaven Westerhoofd Amsterdam,IJssel,52.407878,4.859712,m_osm_13526713621,Kokernoot,port
no_match,1278.2,quay,Ligsteiger 1 oostzijde Haaften,Waal,51.815934,5.225617,m_osm_1197645951,Stadshaven,port
no_match,1280.3,quay,Ligplaats 1 SIF-Group insteekhaven Roermond,Maas,51.206334,5.994479,m_osm_2193181345,Camping J. H. Hermans,port
no_match,1280.4,quay,48,Port of Antwerp,51.242276,4.40256,m_osm_4322795,Kempisch dok,port
no_match,1281.2,quay,108,Belgium waterway,51.33906,3.187479,m_osm_554945941,Royal Belgian Sailing Club,port
no_match,1281.7,quay,8590,Belgium waterway,51.1022,3.731574,m_osm_241795954,Jachthaven Langerbrugge,port
no_match,1282.9,quay,Ligplaats steiger 9 Jan van Riebeeckhaven Eurotank Amsterdam,Netherlands waterway,52.408027,4.848064,m_osm_13526713621,Kokernoot,port
no_match,1283.2,quay,,IJssel,52.411505,4.87175,m_osm_177695057,Amsterdam Marina,port
no_match,1285.4,quay,Wasserwacht,Main,49.833644,9.867188,m_osm_6271215593,Marina Veitshöchheim e.V.,port
no_match,1285.8,quay,Ligplaats Mercuriushaven Overslag Boeien Zuid Amsterdam,IJssel,52.400751,4.867816,m_osm_177695057,Amsterdam Marina,port
no_match,1285.9,pontoon,,Moselle,48.663444,5.891017,m225,Halte Fluviale de Toul,halte
no_match,1285.9,quay,,Haringvliet,51.826499,4.035265,m_osm_1196173403,Marina Stellendam,port
no_match,1286.0,quay,107,Belgium waterway,51.339806,3.188112,m_osm_554945941,Royal Belgian Sailing Club,port
no_match,1286.2,quay,,Zeekanaal Brussel-Schelde,51.062945,4.364509,m_osm_528530237,Dok 3,port
no_match,1287.7,quay,6400,Belgium waterway,51.19733,3.800679,m_osm_279405371,Watersportvereniging Zelzate,port
no_match,1287.9,quay,,Netherlands waterway,52.572325,5.887119,m_osm_86841338,WSV De Riette,port
no_match,1289.3,quay,Ligplaats Van Hemerthaven kade West Amsterdam,IJssel,52.412804,4.870603,m_osm_13526713621,Kokernoot,port
no_match,1289.5,quay,880,Belgium waterway,51.100209,3.743688,m_osm_241795954,Jachthaven Langerbrugge,port
no_match,1289.5,quay,304,Belgium waterway,51.321424,3.19176,m_osm_462344084,Brugse Zeil- en Yachtclub,port
no_match,1290.3,quay,,Kanaal Gent-Oostende,51.221593,3.21989,m_osm_1816556549,Koninklijke Brugse zeil- en yachtclub,port
no_match,1291.3,quay,Ruse-berth9,Donau,43.854871,25.951347,m_osm_508231317,Yacht Club Port Rousse,port
no_match,1291.6,quay,,Netherlands waterway,51.28173,5.773787,m_osm_598259530,Passantenhaven Nederweert,port
no_match,1292.2,quay,,Amsterdam-Rijnkanaal,52.322249,5.063616,m_osm_306824567,Jachthaven Stichting Muiden,port
no_match,1292.5,quay,S19C,Belgium waterway,51.218766,4.39397,m_osm_625248475,Jachthaven Linkeroever,port
no_match,1293.5,quay,VOEST-Alpine,Donau,48.270499,14.366777,m_osm_117626204,Motoryachtclub Steyregg,port
no_match,1293.6,quay,,Zeekanaal Brussel-Schelde,51.085761,4.354492,m_osm_111869545,yachtclub Volante,port
no_match,1293.9,quay,Ligplaats binnenzijde Farmsum,Netherlands waterway,53.31721,6.93665,m_osm_109141847,Jachthaven 't Dok Delfzijl,port
no_match,1294.6,quay,Liegestelle Dillingen,Saar,49.342181,6.709543,m_osm_634729651,Sportboothafen Dillingen,port
no_match,1294.9,quay,1020,Belgium waterway,51.100654,3.747493,m_osm_241795954,Jachthaven Langerbrugge,port
no_match,1295.2,quay,,Netherlands waterway,51.818795,4.801777,m_osm_1072664760,WSV de Snap,port
no_match,1295.3,quay,Spitz,Donau,48.359987,15.414591,m_osm_332670512,Wassersportclub Spitz,port
no_match,1298.2,quay,Umschlagstelle Soja Mainz,Rhine,49.974124,8.318292,m_osm_2367499209,Wassersportfreunde Bleiau e.V.,port
no_match,1298.6,quay,Ligplaats Mercuriushaven Palen Zuid Westzijde Amsterdam,IJssel,52.40099,4.867513,m_osm_177695057,Amsterdam Marina,port
no_match,1301.1,quay,106,Belgium waterway,51.34156,3.190046,m_osm_554945941,Royal Belgian Sailing Club,port
no_match,1301.7,quay,,Rupel,51.13902,4.586959,m_osm_98241745,Jachthaven VVW Emblem,port
no_match,1302.1,quay,,Maas,51.822495,5.40357,m_osm_13200688631,Jachthaven Heerewaarden,port
no_match,1302.2,quay,Schwabelweiser Hinterstellung II,Donau,49.017871,12.154595,m_osm_1725630687,Bunkerschiff Castrol,fuel
no_match,1302.5,pontoon,,Unknown waterway,52.934335,5.037073,m_osm_108802293,Marina Den Oever,port
no_match,1302.8,quay,5795,Belgium waterway,51.196923,3.802698,m_osm_279405371,Watersportvereniging Zelzate,port
no_match,1303.1,quay,4730,Belgium waterway,51.145034,3.790558,m_osm_8087252421,VVW Mendonk,port
no_match,1304.0,quay,,Albertkanaal,50.941482,5.356877,m_osm_317822393,Royal Hasselt Yachting Club,port
no_match,1305.7,quay,Ligplaats Haringhaven Leonarduskade Zuidwest IJmuiden,Netherlands waterway,52.460409,4.580662,m_osm_106684570,Marina Seaport IJmuiden,port
no_match,1306.1,quay,,Hochrhein,47.5589,7.592842,m_osm_2371811036,Motoryachtclub Basel,port
no_match,1306.5,quay,Ligplaats 2 Krabbersgat Zuid,Netherlands waterway,52.686538,5.278972,m_osm_238795009,Krabbershaven,port
no_match,1307.0,quay,Ligplaats 1 autoafzetplaats HBR Kooihaven Papendrecht,Netherlands waterway,51.827327,4.712257,m_osm_4537329787,Bunkerstation Papendrecht,fuel
no_match,1309.2,quay,bollards,Saône,47.104332,5.256873,m052,St-Jean-de-Losne – Grand Bassin,port
no_match,1310.2,quay,Liegestelle Sürth,Rhine,50.871238,7.029042,m_osm_233697893,Yachthafen: Club für Wassersport Porz,port
no_match,1313.2,quay,"Liegemöglichkeit Urmitz, Am guten Mann",Rhine,50.412559,7.504175,m_osm_1551431586,Bootssteg ASV Neuwied,port
no_match,1313.4,quay,Ligplaats buitenzijde Oostkant Lemmer,Netherlands waterway,52.842336,5.671563,m_osm_2154631095,Jachthaven Tacozijl,port
no_match,1313.9,quay,Ligplaats Lochem - ForFarmers 2,Netherlands waterway,52.166766,6.401554,m_osm_972945829,Jachthaven Lochem,port
no_match,1316.1,quay,Ligplaats Almelo - Van Merkestijn,Netherlands waterway,52.366701,6.620428,m_osm_972944445,Almelo,port
no_match,1316.4,quay,,Leie,50.855943,3.307144,m_osm_1280257416,Kuurne,port
no_match,1317.2,quay,Ligplaats 2 SIF-Group insteekhaven Roermond,Maas,51.20621,5.995,m_osm_2193181345,Camping J. H. Hermans,port
no_match,1318.2,quay,Ligplaats 2 buitenzijde duwbakken Lemmer,Netherlands waterway,52.840842,5.675173,m_osm_2154631095,Jachthaven Tacozijl,port
no_match,1319.8,quay,8600,Belgium waterway,51.102402,3.730207,m_osm_241795954,Jachthaven Langerbrugge,port
no_match,1320.0,quay,,Netherlands waterway,52.519007,6.067487,m_osm_2515257941,Diesel Tankstelle,fuel
no_match,1320.4,quay,105,Belgium waterway,51.342875,3.191949,m_osm_554945941,Royal Belgian Sailing Club,port
no_match,1321.0,quay,,Netherlands waterway,53.040037,5.838801,m_osm_4118863670,Passantenhaven Akkrum,port
no_match,1321.0,quay,Ligsteiger 1 westzijde Haaften,Waal,51.815995,5.225001,m_osm_1197645951,Stadshaven,port
no_match,1323.1,pontoon,,Belgium waterway,51.144206,3.813851,m_osm_8087252421,VVW Mendonk,port
no_match,1323.3,quay,,Netherlands waterway,51.720324,4.7997,m_osm_23112594,Oude Jachthaven,port
no_match,1324.5,quay,4840,Belgium waterway,51.146475,3.794246,m_osm_8087252421,VVW Mendonk,port
no_match,1325.2,quay,Ligplaats Van Hemerthaven kade Noord Amsterdam,IJssel,52.412954,4.871366,m_osm_13526713621,Kokernoot,port
no_match,1327.4,quay,Domos,Donau,47.775487,18.908321,m_osm_3454422372,Hajókikötő,port
no_match,1328.4,pontoon,,Belgium waterway,51.149771,2.728099,m_osm_315908933,Oude Jachthaven,port
no_match,1329.7,quay,Rittinger,Main,49.834043,9.867088,m_osm_6271215593,Marina Veitshöchheim e.V.,port
no_match,1330.0,quay,404,Belgium waterway,51.322357,3.213865,m_osm_462344084,Brugse Zeil- en Yachtclub,port
no_match,1330.3,quay,309,Belgium waterway,51.31962,3.197729,m_osm_462344084,Brugse Zeil- en Yachtclub,port
no_match,1330.4,quay,,Kanaal Bocholt-Herentals,51.225334,5.113828,m_osm_1223232168,Nuclea Yacht Club,port
no_match,1331.0,quay,Ligplaats buitenzijde Westkant Lemmer,Netherlands waterway,52.84234,5.67115,m_osm_2154631095,Jachthaven Tacozijl,port
no_match,1333.1,quay,,Netherlands waterway,53.315995,6.908534,m_osm_109141847,Jachthaven 't Dok Delfzijl,port
no_match,1334.2,quay,8160,Belgium waterway,51.120335,3.755209,m_osm_241795954,Jachthaven Langerbrugge,port
no_match,1336.3,quay,,Kanaal Bocholt-Herentals,51.237439,5.183652,m_osm_1305739099,Zilvermeerhaven,port
no_match,1336.8,quay,Ligplaats autoafzetplaats Fietsbrug Gazellepad Veghel,Netherlands waterway,51.616582,5.516166,m_osm_725050041,Passantenhaven Veghel,port
no_match,1336.9,quay,9340,Belgium waterway,51.101362,3.732214,m_osm_241795954,Jachthaven Langerbrugge,port
no_match,1337.1,quay,Tanklände Linz Mitte,Donau,48.294459,14.3387,m_osm_2150418661,Sportboothafen Linz,port
no_match,1338.5,quay,,Kanaal Bocholt-Herentals,51.221107,5.085476,m_osm_1223232168,Nuclea Yacht Club,port
no_match,1338.8,quay,,Netherlands waterway,52.573076,5.876863,m_osm_2637215145,Watersportvereniging Berend Aalbers,port
no_match,1339.0,quay,,Leie,50.906133,3.329585,m_osm_694535055,Jachthaven Ooigem,port
no_match,1340.1,quay,,Netherlands waterway,51.721426,4.80574,m_osm_23112594,Oude Jachthaven,port
no_match,1340.7,quay,Ligplaats Carel Reynierszhaven Europoint steiger 16 Amsterdam,Netherlands waterway,52.413869,4.836453,m_osm_13526713621,Kokernoot,port
no_match,1340.8,quay,Ligplaats 1 Bakkenplaats Tiel,Waal,51.893322,5.459903,m_osm_3018764612,Tielse Watersportvereniging De Waal,port
no_match,1341.0,quay,8605,Belgium waterway,51.102753,3.729064,m_osm_241795954,Jachthaven Langerbrugge,port
no_match,1341.4,quay,Ligplaats 1 Europakade Tolkamer,Boven-Rijn / Pannerdens Kanaal,51.849399,6.107494,m_osm_183218371,Jachthaven de Bijland,port
no_match,1343.4,quay,Liegestelle Homberger Ort,Rhine,51.466544,6.714752,m_osm_4097568572,Ruhrorter Yachtclub e.V. - Nord,port
no_match,1343.7,quay,104,Belgium waterway,51.343919,3.193806,m_osm_554945941,Royal Belgian Sailing Club,port
no_match,1343.8,quay,,Rupel,51.087052,4.356579,m_osm_111869545,yachtclub Volante,port
no_match,1344.6,pontoon,,Belgium waterway,51.220164,2.957644,m_osm_127979467,Royal Yacht Club Oostende,port
no_match,1345.4,quay,Ligplaats 5 lekkanaal Westzijde Nieuwegein,Amsterdam-Rijnkanaal,52.021352,5.112518,m_osm_1839055018,WSV Plettenburg,port
no_match,1346.5,quay,49,Port of Antwerp,51.242077,4.400914,m_osm_19627721,Jachthaven Linkeroever,port
no_match,1346.8,quay,,IJssel,52.384467,4.860473,m_osm_1208894275,Staverno Nassaukade,port
no_match,1347.1,quay,Ligplaats Haringhaven Leonarduskade West IJmuiden,Netherlands waterway,52.461972,4.580807,m_osm_106684570,Marina Seaport IJmuiden,port
no_match,1347.2,quay,9330,Belgium waterway,51.101763,3.73093,m_osm_241795954,Jachthaven Langerbrugge,port
no_match,1347.4,quay,Ligplaats 3 Waalhaven Nijmegen,Waal,51.850776,5.851108,m_osm_1446067379,Lindenberghaven Passantensteiger,port
no_match,1348.0,quay,2220,Belgium waterway,51.119263,3.757011,m_osm_241795954,Jachthaven Langerbrugge,port
no_match,1348.8,quay,Ligplaats autoafzetplaats Farmsum,Netherlands waterway,53.315451,6.934773,m_osm_109141847,Jachthaven 't Dok Delfzijl,port
no_match,1351.0,quay,Ligplaats autoafzetplaats Diemen,Amsterdam-Rijnkanaal,52.341052,5.002348,m_osm_148568963,Haven WV IJburg,port
no_match,1351.0,quay,Ligplaats Van Hemerthaven kade Oost Amsterdam,IJssel,52.412467,4.871332,m_osm_13526713621,Kokernoot,port
no_match,1351.8,quay,S19B,Belgium waterway,51.21823,4.393591,m_osm_625248475,Jachthaven Linkeroever,port
no_match,1352.4,quay,Boos,Main,49.834252,9.867054,m_osm_6271215593,Marina Veitshöchheim e.V.,port
no_match,1353.1,quay,Ligplaats loswal Gennep,Maas,51.698956,5.957333,m_osm_1446067224,WSV De PaesPlas,port
no_match,1353.3,pontoon,Vlotsteiger 7,Belgium waterway,51.312416,4.27638,m_osm_837845424,Yacht Club Scaldis,port
no_match,1354.0,quay,Ligplaats Farmsumerhaven Farmsum,Netherlands waterway,53.314694,6.933166,m_osm_109141847,Jachthaven 't Dok Delfzijl,port
no_match,1354.3,quay,Kegelligplaats binnenzijde Farmsum,Netherlands waterway,53.316671,6.937062,m_osm_109141847,Jachthaven 't Dok Delfzijl,port
no_match,1357.2,pontoon,,Belgium waterway,51.144448,3.814153,m_osm_8087252421,VVW Mendonk,port
no_match,1357.5,quay,Liegestelle Erlangen unterer Vorhafen,Main-Donau-Kanal,49.625868,10.982366,m_osm_2336944052,Sportboothafen Süß,port
no_match,1358.1,quay,Ligplaats 4 Lekkanaal - Oostzijde Nieuwegein,Amsterdam-Rijnkanaal,52.020398,5.114117,m_osm_1839055018,WSV Plettenburg,port
no_match,1358.1,quay,Ligplaats Hengelo - Op en overslag Twente,Netherlands waterway,52.248399,6.781808,m_osm_170673593,Twentse Watersport Vereniging,port
no_match,1358.3,quay,Ligplaats 2 Waalhaven Nijmegen,Waal,51.850667,5.850928,m_osm_1446067379,Lindenberghaven Passantensteiger,port
no_match,1358.4,quay,4150,Belgium waterway,51.138766,3.782433,m_osm_8087252421,VVW Mendonk,port
no_match,1358.9,quay,,Rhine,51.445795,6.745759,m_osm_185529303,Innenhafen,port
no_match,1359.3,quay,4560,Belgium waterway,51.139092,3.782578,m_osm_8087252421,VVW Mendonk,port
no_match,1360.3,quay,9320,Belgium waterway,51.102065,3.729951,m_osm_241795954,Jachthaven Langerbrugge,port
no_match,1361.3,quay,Wachtplaats Jan van Riebeeckhaven Noord Amsterdam,Netherlands waterway,52.406929,4.850162,m_osm_13526713621,Kokernoot,port
no_match,1362.3,quay,Ligplaats Coenhaven pier Amerika Amsterdam,IJssel,52.407267,4.860765,m_osm_13526713621,Kokernoot,port
no_match,1363.6,quay,Ligplaats Coenhaven pier Amerika Kop Amsterdam,IJssel,52.408207,4.864291,m_osm_13526713621,Kokernoot,port
no_match,1364.2,quay,103,Belgium waterway,51.344663,3.195446,m_osm_554945941,Royal Belgian Sailing Club,port
no_match,1364.6,pontoon,,Belgium waterway,51.22012,2.957925,m_osm_127979467,Royal Yacht Club Oostende,port
no_match,1364.7,quay,Ligsteiger 2 oostzijde Haaften,Waal,51.815597,5.224253,m_osm_1197645951,Stadshaven,port
no_match,1365.5,quay,Ligplaats Adenhaven kade Hemwegcentrale Amsterdam,Netherlands waterway,52.409262,4.841932,m_osm_13526713621,Kokernoot,port
no_match,1366.5,quay,,Kanaal Gent-Oostende,51.2226,3.232859,m_osm_1816556549,Koninklijke Brugse zeil- en yachtclub,port
no_match,1367.3,quay,,Netherlands waterway,51.721656,4.805468,m_osm_23112594,Oude Jachthaven,port
no_match,1367.6,quay,,Netherlands waterway,52.573217,5.87829,m_osm_2637215145,Watersportvereniging Berend Aalbers,port
no_match,1368.8,quay,,Rhine,51.448276,6.750352,m_osm_185529303,Innenhafen,port
no_match,1370.1,quay,Ligplaats kanaalzijde steiger Farmsumerhaven,Netherlands waterway,53.314589,6.933341,m_osm_109141847,Jachthaven 't Dok Delfzijl,port
no_match,1370.6,pontoon,CDW,Belgium waterway,51.307021,4.270671,m_osm_837845424,Yacht Club Scaldis,port
no_match,1371.9,quay,8610,Belgium waterway,51.103147,3.72777,m_osm_241795954,Jachthaven Langerbrugge,port
no_match,1373.3,quay,Spies,Main,49.834444,9.867025,m_osm_6271215593,Marina Veitshöchheim e.V.,port
no_match,1374.5,quay,Ligplaats 3 SIF-Group insteekhaven Roermond,Maas,51.205954,5.995799,m_osm_2193181345,Camping J. H. Hermans,port
no_match,1374.8,quay,Steyregg,Donau,48.272916,14.366222,m_osm_117626204,Motoryachtclub Steyregg,port
no_match,1375.0,quay,,Bovenschelde,51.003902,3.726418,m_osm_2533763290,Yachting Merelbeke,port
no_match,1375.7,quay,Ligplaats Gat van de Visschen,Hollands Diep,51.726516,4.699044,m_osm_99427008,Jachthaven Crezée,port
no_match,1376.2,quay,Ligplaats Fortput Steiger Eiland IJmuiden,Netherlands waterway,52.465297,4.579026,m_osm_106684570,Marina Seaport IJmuiden,port
no_match,1376.9,quay,306,Belgium waterway,51.320133,3.192983,m_osm_462344084,Brugse Zeil- en Yachtclub,port
no_match,1378.1,quay,9310,Belgium waterway,51.102381,3.728934,m_osm_241795954,Jachthaven Langerbrugge,port
no_match,1379.7,quay,Ligplaats Haringhaven Kotterkade IJmuiden,Netherlands waterway,52.458425,4.581868,m_osm_106684570,Marina Seaport IJmuiden,port
no_match,1383.0,quay,Grenzkontrolllände,Donau,48.243764,16.385752,m_osm_1178234226,Eiltank 52,fuel
no_match,1383.6,quay,6420,Belgium waterway,51.196433,3.800712,m_osm_279405371,Watersportvereniging Zelzate,port
no_match,1383.8,quay,Liegestelle Gerlachshausen,Main,49.813914,10.222876,m_osm_2400291648,Sportboothafen Schwarzenau,port
no_match,1384.7,quay,305,Belgium waterway,51.320403,3.191864,m_osm_462344084,Brugse Zeil- en Yachtclub,port
no_match,1385.6,quay,,Albertkanaal,51.23433,4.43537,m_osm_60261478,Kempischdok,port
no_match,1386.4,quay,4720,Belgium waterway,51.145324,3.789159,m_osm_8087252421,VVW Mendonk,port
no_match,1387.9,quay,Spindler,Main,49.834579,9.867006,m_osm_6271215593,Marina Veitshöchheim e.V.,port
no_match,1389.7,quay,,Netherlands waterway,51.81432,4.88553,m_osm_682648032,Bruine Kilhaven,port
no_match,1392.0,quay,102,Belgium waterway,51.345405,3.197375,m_osm_554945941,Royal Belgian Sailing Club,port
no_match,1392.9,pontoon,Ponton avitaillement,Saône,47.101119,5.26088,m052,St-Jean-de-Losne – Grand Bassin,port
no_match,1392.9,quay,Reede Mannheim - Ludwigshafen,Rhine,49.432773,8.499808,m_osm_1094422531,MCA - Motorboot Club Altrip,port
no_match,1393.5,quay,,Leie,50.899524,3.364033,m_osm_1082686157,Yachthaven Ooigem Leiekanaal,port
no_match,1393.8,quay,4850,Belgium waterway,51.146772,3.792817,m_osm_8087252421,VVW Mendonk,port
no_match,1398.7,quay,50,Port of Antwerp,51.242777,4.40013,m_osm_19627721,Jachthaven Linkeroever,port
no_match,1399.7,quay,53A,Port of Antwerp,51.243117,4.398448,m_osm_19627721,Jachthaven Linkeroever,port
no_match,1400.5,quay,,Netherlands waterway,51.711858,5.275143,m_osm_491655203,WSV Viking,port
no_match,1401.5,quay,5780,Belgium waterway,51.196023,3.802729,m_osm_279405371,Watersportvereniging Zelzate,port
no_match,1401.9,quay,Liegestelle Kehl-Süd,Rhine,48.565678,7.805962,m_osm_316844307,Nautic Club Kehl,port
no_match,1402.6,quay,Meier,Main,49.834714,9.866988,m_osm_6271215593,Marina Veitshöchheim e.V.,port
no_match,1402.9,quay,,Waal,51.899657,5.583601,m_osm_13277793812,Jachthaven van Druten,port
no_match,1403.3,quay,Sportbootlaende der Gemeinde Esternberg,Donau,48.565679,13.604875,m_osm_1880106936,Bootshafen für mittelgroße Boote Obernzell,port
no_match,1403.3,quay,890,Belgium waterway,51.09923,3.744406,m_osm_241795954,Jachthaven Langerbrugge,port
no_match,1403.7,quay,,Netherlands waterway,52.572051,5.87518,m_osm_2637215145,Watersportvereniging Berend Aalbers,port
no_match,1404.3,quay,"Wohnanlage am Casteller Platz GmbH, Ochsenfurt",Main,49.784524,9.925642,m_osm_1941411115,Schiffsanlegestelle Würzburg,port
no_match,1405.0,quay,Ligplaats 4 SIF-Group insteekhaven Roermond,Maas,51.20572,5.996208,m_osm_2193181345,Camping J. H. Hermans,port
no_match,1406.6,quay,Campingplatz Frickenhausen,Main,49.668602,10.077542,m_osm_1649616239,Sportboothafen Ochsenfurt OBC,port
no_match,1406.8,quay,Ligplaats Kade GSP Appingedam,Netherlands waterway,53.306239,6.855989,m_osm_137386068,Stadshaven Appingedam,port
no_match,1407.3,quay,101,Port of Antwerp,51.244455,4.403915,m_osm_4322795,Kempisch dok,port
no_match,1408.1,quay,Ligsteiger 2 westzijde Haaften,Waal,51.81565,5.223628,m_osm_1197645951,Stadshaven,port
no_match,1408.4,quay,8615,Belgium waterway,51.103533,3.726504,m_osm_241795954,Jachthaven Langerbrugge,port
no_match,1408.5,quay,Ligplaats 1 Sliedrecht,Netherlands waterway,51.823264,4.736859,m_osm_2960691533,Jachthaven Westergoot,port
no_match,1408.5,quay,SWLN,Belgium waterway,51.312776,4.275835,m_osm_837845424,Yacht Club Scaldis,port
no_match,1408.7,quay,Ruse-berth1a,Donau,43.835783,25.930864,m_osm_508231317,Yacht Club Port Rousse,port
no_match,1410.5,quay,Ligplaats Haringhaven Leonarduskade Zuid IJmuiden,Netherlands waterway,52.458912,4.582344,m_osm_106684570,Marina Seaport IJmuiden,port
no_match,1412.0,quay,9350,Belgium waterway,51.100458,3.732601,m_osm_241795954,Jachthaven Langerbrugge,port
no_match,1412.2,quay,790,Belgium waterway,51.099961,3.734327,m_osm_241795954,Jachthaven Langerbrugge,port
no_match,1412.5,quay,Ligplaats Coenhaven pier Azie Amsterdam,IJssel,52.406002,4.86549,m_osm_177695057,Amsterdam Marina,port
no_match,1413.2,quay,795,Belgium waterway,51.099671,3.735554,m_osm_241795954,Jachthaven Langerbrugge,port
no_match,1414.0,pontoon,,Moselle,48.683541,5.905969,m225,Halte Fluviale de Toul,halte
no_match,1414.2,quay,,Netherlands waterway,51.720077,4.796188,m_osm_23112594,Oude Jachthaven,port
no_match,1415.2,quay,Kleinfahrzeuglände Wehrkanal Nussdorf,Donau,48.260821,16.368512,m_osm_24905185,Yachthafen Kuchelau,port
no_match,1416.0,quay,Ligplaats Diemen,Amsterdam-Rijnkanaal,52.340397,5.003582,m_osm_148568963,Haven WV IJburg,port
no_match,1416.5,quay,Liegestelle Rheinauhafen Becken 23,Rhine,49.427863,8.511724,m_osm_975087207,MCK Motoryacht-Club Mannheim,port
no_match,1416.8,quay,"Fahrgastlände Linz, Donaustation 1",Donau,48.311368,14.291661,m_osm_2150418535,MYCN - Motor Yacht Club Nibelungen,port
no_match,1418.0,quay,Liegestelle Homberg,Rhine,51.448693,6.714468,m_osm_431072366,Ruhrorter Yachtclub e.V. - Süd,port
no_match,1418.1,quay,9300,Belgium waterway,51.102679,3.727578,m_osm_241795954,Jachthaven Langerbrugge,port
no_match,1418.3,quay,Ligplaats 1 Hendrik-Ido-Ambacht,Netherlands waterway,51.844585,4.660426,m_osm_3078600480,WSV Hendrik Ido Ambacht,port
no_match,1420.7,quay,,Albertkanaal,50.940524,5.358339,m_osm_317822393,Royal Hasselt Yachting Club,port
no_match,1421.6,quay,Ligplaats 5 SIF-Group insteekhaven Roermond,Maas,51.205591,5.996428,m_osm_2193181345,Camping J. H. Hermans,port
no_match,1422.4,quay,Ligplaats 3 SIF-Group Roermond,Maas,51.204513,5.996736,m_osm_2932887734,RWV Nautilus,port
no_match,1422.5,quay,53B,Port of Antwerp,51.243612,4.396233,m_osm_19627721,Jachthaven Linkeroever,port
no_match,1423.6,quay,Ligplaats 5 Mercuriushaven Bunge Amsterdam,IJssel,52.400599,4.865778,m_osm_177695057,Amsterdam Marina,port
no_match,1424.7,quay,101,Belgium waterway,51.346047,3.199378,m_osm_554945941,Royal Belgian Sailing Club,port
no_match,1425.4,pontoon,Vlotsteiger 8,Belgium waterway,51.313218,4.276268,m_osm_837845424,Yacht Club Scaldis,port
no_match,1425.7,quay,Ligplaats Zijkanaal G Vooruit Scheepswerf Zaandam,Netherlands waterway,52.425867,4.836783,m_osm_13526713621,Kokernoot,port
no_match,1426.9,quay,,Leie,50.782841,3.104367,m_osm_114555530,Port de plaisance d'Halluin,port
no_match,1428.9,quay,Ligplaats Mercuriushaven Binnenkant 5 Amsterdam,IJssel,52.400743,4.865635,m_osm_177695057,Amsterdam Marina,port
no_match,1429.2,quay,102,Port of Antwerp,51.246026,4.407948,m_osm_4322795,Kempisch dok,port
no_match,1429.4,quay,Ligplaats Carel Reynierszhaven Albeton Amsterdam,Netherlands waterway,52.414635,4.834538,m_osm_13526713621,Kokernoot,port
no_match,1430.2,quay,,Leie,50.975799,3.502631,m_osm_264017868,Deinze Yacht Club,port
no_match,1430.7,quay,Ruse-berth10,Donau,43.855799,25.952571,m_osm_508231317,Yacht Club Port Rousse,port
no_match,1431.4,pontoon,Steiger Leu - Fähri Kleinbasel,Hochrhein,47.558125,7.594375,m_osm_2371811036,Motoryachtclub Basel,port
no_match,1433.6,quay,Ligplaats Jan van Riebeeckhaven Nuon kade Amsterdam,Netherlands waterway,52.406433,4.848989,m_osm_13526713621,Kokernoot,port
no_match,1434.1,quay,,Netherlands waterway,51.579655,5.058563,m_osm_6943441829,TWV Tilburg,port
no_match,1435.6,quay,"Fahrgastlände Melk/Altarm, Donaustationen 10 und 11",Donau,48.232249,15.331067,m_osm_333012197,Yachthafen Emmersdorf,port
no_match,1436.4,quay,8150,Belgium waterway,51.121045,3.756146,m_osm_241795954,Jachthaven Langerbrugge,port
no_match,1436.5,quay,S19A,Belgium waterway,51.217473,4.393053,m_osm_625248475,Jachthaven Linkeroever,port
no_match,1437.0,quay,,Rhine,51.444983,6.743316,m_osm_185529303,Innenhafen,port
no_match,1437.6,quay,Ligplaats autoafzetplaats Jan van Riebeeckhaven Amsterdam,Netherlands waterway,52.406296,4.849646,m_osm_13526713621,Kokernoot,port
no_match,1438.3,quay,53C,Port of Antwerp,51.243838,4.395121,m_osm_19627721,Jachthaven Linkeroever,port
no_match,1439.3,quay,1744,Belgium waterway,51.303758,4.268842,m_osm_837845424,Yacht Club Scaldis,port
no_match,1439.7,quay,,Amsterdam-Rijnkanaal,52.296512,5.062137,m_osm_2411593243,"Jachthaven ""WSV de Vecht""",port
no_match,1439.9,quay,VOEST-Alpine,Donau,48.27097,14.364843,m_osm_117626204,Motoryachtclub Steyregg,port
no_match,1440.3,quay,Ligplaats Usselincxhaven steiger 14 Amsterdam,Netherlands waterway,52.412067,4.836376,m_osm_13526713621,Kokernoot,port
no_match,1440.3,quay,Ligplaats 2 Sliedrecht,Netherlands waterway,51.823202,4.737768,m_osm_2960691533,Jachthaven Westergoot,port
no_match,1441.3,quay,Ligplaats kade Wildeman Farmsum,Netherlands waterway,53.31198,6.924072,m_osm_109141847,Jachthaven 't Dok Delfzijl,port
no_match,1441.4,quay,912,Belgium waterway,51.245891,3.219511,m_osm_1816556549,Koninklijke Brugse zeil- en yachtclub,port
no_match,1441.7,quay,,Netherlands waterway,51.825796,4.722036,m_osm_2960691533,Jachthaven Westergoot,port
no_match,1444.6,quay,Ligplaats autoafzetplaats Oude Maas Handelskade Dordrecht,Netherlands waterway,51.80556,4.645662,m_osm_1368200086,"WSV ""Maartensgat""",port
no_match,1444.6,quay,1702,Belgium waterway,51.297967,4.270699,m_osm_837845424,Yacht Club Scaldis,port
no_match,1445.4,quay,312,Belgium waterway,51.318543,3.197967,m_osm_462344084,Brugse Zeil- en Yachtclub,port
no_match,1446.3,pontoon,,Moselle,48.683591,5.906491,m225,Halte Fluviale de Toul,halte
no_match,1446.3,quay,Bankl,Main,49.835118,9.86694,m_osm_6271215593,Marina Veitshöchheim e.V.,port
no_match,1448.2,quay,Markt Bürgstadt,Main,49.71699,9.263984,m_osm_183016564,Yacht-Club Miltenberg,port
no_match,1449.1,quay,,Zeekanaal Brussel-Schelde,51.085797,4.351008,m_osm_111869545,yachtclub Volante,port
no_match,1451.7,quay,Ligsteiger 3 oostzijde Haaften,Waal,51.815257,5.222908,m_osm_1197645951,Stadshaven,port
no_match,1452.3,quay,Ligplaats 4 SIF-Group Roermond,Maas,51.203751,5.99828,m_osm_2932887734,RWV Nautilus,port
no_match,1452.8,quay,"Fahrgastlände Melk, Donaustation 9",Donau,48.234821,15.330495,m_osm_333012197,Yachthafen Emmersdorf,port
no_match,1453.0,quay,via donau,Donau,48.26064,16.369115,m_osm_24905185,Yachthafen Kuchelau,port
no_match,1453.2,quay,,Albertkanaal,50.941455,5.359014,m_osm_317822393,Royal Hasselt Yachting Club,port
no_match,1455.5,quay,8620,Belgium waterway,51.103954,3.725109,m_osm_241795954,Jachthaven Langerbrugge,port
no_match,1456.5,quay,Liegestelle Heubach im Anschluss OVH,Main,49.708463,9.236666,m_osm_183016564,Yacht-Club Miltenberg,port
no_match,1456.7,quay,"Fahrgastlände Linz-Urfahr, Donautouristik",Donau,48.312546,14.289624,m_osm_2150418535,MYCN - Motor Yacht Club Nibelungen,port
no_match,1456.8,quay,Ligplaats loswal bij Grondstoffendepot Trechterweide Utrecht,Amsterdam-Rijnkanaal,52.119583,5.065005,m_osm_209274021,Jachthaven Den Hoek,port
no_match,1456.8,quay,9290,Belgium waterway,51.103105,3.726176,m_osm_241795954,Jachthaven Langerbrugge,port
no_match,1457.0,quay,Stadt Regensburg,Donau,49.019801,12.107625,m_osm_59970968,1. Motorboot- und Wasserskiclub Regensburg e.V.,port
no_match,1458.9,quay,4570,Belgium waterway,51.139432,3.781252,m_osm_8087252421,VVW Mendonk,port
no_match,1460.2,quay,,Netherlands waterway,51.825995,4.727469,m_osm_2960691533,Jachthaven Westergoot,port
no_match,1460.4,quay,,Amsterdam-Rijnkanaal,52.026001,5.09979,m_osm_1839055018,WSV Plettenburg,port
no_match,1461.4,quay,54A,Port of Antwerp,51.24409,4.393972,m_osm_19627721,Jachthaven Linkeroever,port
no_match,1461.5,quay,Kühn,Main,49.835259,9.866926,m_osm_6271215593,Marina Veitshöchheim e.V.,port
no_match,1462.0,quay,4140,Belgium waterway,51.139121,3.781051,m_osm_8087252421,VVW Mendonk,port
no_match,1462.7,quay,Ligplaats 2 SIF-Group Roermond,Maas,51.204979,5.996904,m_osm_2193181345,Camping J. H. Hermans,port
no_match,1462.7,quay,103,Port of Antwerp,51.245657,4.405526,m_osm_4322795,Kempisch dok,port
no_match,1465.2,quay,,Netherlands waterway,51.847448,4.665779,m_osm_3078600480,WSV Hendrik Ido Ambacht,port
no_match,1467.5,quay,4860,Belgium waterway,51.14707,3.791388,m_osm_8087252421,VVW Mendonk,port
no_match,1467.7,quay,4710,Belgium waterway,51.145599,3.78783,m_osm_8087252421,VVW Mendonk,port
no_match,1468.2,quay,2230,Belgium waterway,51.120149,3.758086,m_osm_241795954,Jachthaven Langerbrugge,port
no_match,1470.2,quay,Ligplaats Carel Reynierszhaven Europoint steiger 17 Amsterdam,Netherlands waterway,52.414163,4.834181,m_osm_13526713621,Kokernoot,port
no_match,1472.3,quay,410,Belgium waterway,51.319838,3.211687,m_osm_462344084,Brugse Zeil- en Yachtclub,port
no_match,1475.0,quay,962,Belgium waterway,51.246025,3.218019,m_osm_1816556549,Koninklijke Brugse zeil- en yachtclub,port
no_match,1476.4,quay,,Bovenschelde,50.785296,3.4885,m_osm_1266763915,Kloron,port
no_match,1480.1,quay,6440,Belgium waterway,51.195536,3.800745,m_osm_279405371,Watersportvereniging Zelzate,port
no_match,1481.4,quay,Ligplaats Tophaven Sneek,Netherlands waterway,53.022275,5.689865,m_osm_83732505,Camping jachthaven De Domp,port
no_match,1483.0,quay,,Hochrhein,47.557808,7.594985,m_osm_2371811036,Motoryachtclub Basel,port
no_match,1485.3,pontoon,,Moselle,48.683823,5.906889,m225,Halte Fluviale de Toul,halte
no_match,1485.8,quay,Ligplaats Usselincxhaven steiger 12 Amsterdam,Netherlands waterway,52.410839,4.836944,m_osm_13526713621,Kokernoot,port
no_match,1487.6,quay,Ligplaats 2 Kampen,Netherlands waterway,52.581021,5.847226,m_osm_2637215145,Watersportvereniging Berend Aalbers,port
no_match,1488.1,quay,104,Port of Antwerp,51.246798,4.408887,m_osm_4322795,Kempisch dok,port
no_match,1489.4,quay,Zevenaarhaven Alfa (Verbrugge),Unknown waterway,51.306791,3.832861,m_osm_12407056733,Zeeland Bunkering BV,fuel
no_match,1489.4,quay,,Leie,50.906525,3.327208,m_osm_694535055,Jachthaven Ooigem,port
no_match,1490.5,quay,,Dender,50.958375,4.03781,m_osm_8867559693,Jachthaven VVW Aalst,port
no_match,1490.7,quay,,Netherlands waterway,51.82778,4.71483,m_osm_4537329787,Bunkerstation Papendrecht,fuel
no_match,1491.5,quay,,Netherlands waterway,52.42126,4.694327,m_osm_602926559,De Rietpol,port
no_match,1493.3,quay,,Netherlands waterway,52.2307,6.842175,m_osm_142276122,Jachthaven Enschede,port
no_match,1494.3,quay,99,Port of Antwerp,51.244122,4.401219,m_osm_4322795,Kempisch dok,port
no_match,1495.2,quay,Liegestelle Nierstein,Rhine,49.870855,8.346523,m_osm_380364211,Oppenheimer Hafen,port
no_match,1495.5,quay,Ligsteiger 3 westzijde Haaften,Waal,51.815312,5.222278,m_osm_1197645951,Stadshaven,port
no_match,1498.5,quay,,Netherlands waterway,53.32282,6.949392,m_osm_109141846,Jachthaven KZ&RV Neptunus,port
no_match,1499.2,pontoon,BPG - Steiger Birsfelden,Hochrhein,47.558297,7.619294,m_osm_2127664274,Yacht-Club Hörnle Grenzach-Wyhlen,port
no_match,1499.2,pontoon,Vlotsteiger 9,Belgium waterway,51.314019,4.276156,m_osm_837845424,Yacht Club Scaldis,port
no_match,1499.2,pontoon,,Belgium waterway,51.151209,2.727029,m_osm_315908933,Oude Jachthaven,port
no_match,1500.6,quay,,Kanaal Bocholt-Herentals,51.23768,5.387312,m_osm_47429625,Jachthaven De Meerpaal,port
no_match,1501.0,quay,Getreideverladestelle der Fa. Georg Plange KG,Rhine,51.448259,6.713477,m_osm_431072366,Ruhrorter Yachtclub e.V. - Süd,port
no_match,1501.3,quay,,Netherlands waterway,51.82457,4.736087,m_osm_2960691533,Jachthaven Westergoot,port
no_match,1502.4,quay,5765,Belgium waterway,51.195105,3.80276,m_osm_279405371,Watersportvereniging Zelzate,port
no_match,1502.7,quay,9280,Belgium waterway,51.103521,3.724783,m_osm_241795954,Jachthaven Langerbrugge,port
no_match,1502.9,quay,S18B,Belgium waterway,51.216885,4.392631,m_osm_625248475,Jachthaven Linkeroever,port
no_match,1504.8,quay,9360,Belgium waterway,51.099601,3.732357,m_osm_241795954,Jachthaven Langerbrugge,port
no_match,1504.9,pontoon,Steiger Leu - Fähri Grossbasel,Hochrhein,47.557026,7.592999,m_osm_2371811036,Motoryachtclub Basel,port
no_match,1507.2,quay,Duna,Donau,47.467665,19.065154,m_osm_6943300825,MOL,fuel
no_match,1508.8,quay,4700,Belgium waterway,51.145449,3.786648,m_osm_8087252421,VVW Mendonk,port
no_match,1511.8,quay,,Netherlands waterway,51.807124,4.642173,m_osm_1368200086,"WSV ""Maartensgat""",port
no_match,1513.1,quay,8625,Belgium waterway,51.10437,3.723647,m_osm_241795954,Jachthaven Langerbrugge,port
no_match,1513.2,quay,,Rhine,51.445029,6.737856,m_osm_431072366,Ruhrorter Yachtclub e.V. - Süd,port
no_match,1514.0,quay,ducs d'albe,Saône,46.102309,4.760794,m125,Belleville-en-Beaujolais – Port,port
no_match,1516.3,quay,Ligplaats Coenhaven pier Afrika Amsterdam,IJssel,52.406193,4.86399,m_osm_177695057,Amsterdam Marina,port
no_match,1516.5,quay,54B,Port of Antwerp,51.244558,4.391689,m_osm_19627721,Jachthaven Linkeroever,port
no_match,1516.8,quay,Ligplaats 2 Julianabrug (sluis Vianen),Lek,51.990989,5.097414,m_osm_3012966896,Zeilvereniging De Lek,port
no_match,1518.0,quay,,Netherlands waterway,51.709312,5.272469,m_osm_491655203,WSV Viking,port
no_match,1519.8,quay,,Netherlands waterway,51.998503,6.195611,m_osm_1347596116,Jachthaven Bommen Berend,port
no_match,1520.7,quay,Wachtplaats Prinses Marijkesluis zijde de Lek Rijswijk (Gld),Netherlands waterway,51.957122,5.351933,m_osm_1672869237,Stadshaven Wijk bij Duurstede,port
no_match,1522.9,quay,Viadonau Steinverladelände,Donau,48.351866,16.255826,m_osm_288436725,Alter Hafen,port
no_match,1523.5,quay,Szigetmonostor middle,Donau,47.603359,19.085244,m_osm_3036772747,Csónak kikötő,port
no_match,1523.6,quay,Ligplaats Vissershaven Trawlerkade ZZ West IJmuiden,Netherlands waterway,52.461862,4.583523,m_osm_106684570,Marina Seaport IJmuiden,port
no_match,1523.6,quay,,Netherlands waterway,52.005002,4.711095,m_osm_1430300662,WVG Gouda,port
no_match,1524.4,quay,1742,Belgium waterway,51.302142,4.267711,m_osm_837845424,Yacht Club Scaldis,port
no_match,1524.6,quay,Ligplaats 3 Lekkanaal Oostzijde Nieuwegein,Amsterdam-Rijnkanaal,52.022309,5.114654,m_osm_1839055018,WSV Plettenburg,port
no_match,1525.2,quay,,Netherlands waterway,53.0219,5.690089,m_osm_83732505,Camping jachthaven De Domp,port
no_match,1525.6,quay,,Amsterdam-Rijnkanaal,52.23701,5.057414,m_osm_981207271,Ottenhome,port
no_match,1526.1,quay,Ligplaats Enschede - Avia,Netherlands waterway,52.231285,6.842503,m_osm_142276122,Jachthaven Enschede,port
no_match,1526.4,quay,Ligplaats Vlothaven Bunge 4 Amsterdam,IJssel,52.400585,4.864217,m_osm_177695057,Amsterdam Marina,port
no_match,1527.0,quay,,Netherlands waterway,51.709808,5.272444,m_osm_491655203,WSV Viking,port
no_match,1527.2,quay,Ruse-berth11,Donau,43.856383,25.953534,m_osm_508231317,Yacht Club Port Rousse,port
no_match,1527.8,quay,Ligplaats 1 Zilverstrand Almere,Netherlands waterway,52.324198,5.143417,m_osm_74584457,Jachthaven Naarden,port
no_match,1528.3,quay,Ligplaats Zijkanaal G Hagglunds Kenz Kade Zaandam,Netherlands waterway,52.42694,4.836154,m_osm_13526713621,Kokernoot,port
no_match,1529.0,quay,,Netherlands waterway,51.587057,5.017632,m_osm_6943441829,TWV Tilburg,port
no_match,1529.7,quay,Stadt Würzburg,Main,49.783399,9.925871,m_osm_1941411115,Schiffsanlegestelle Würzburg,port
no_match,1530.3,pontoon,,Moselle,48.684128,5.907299,m225,Halte Fluviale de Toul,halte
no_match,1533.2,quay,1010,Belgium waterway,51.098694,3.748928,m_osm_241795954,Jachthaven Langerbrugge,port
no_match,1533.6,quay,,Netherlands waterway,51.828677,4.714961,m_osm_4537329787,Bunkerstation Papendrecht,fuel
no_match,1533.7,quay,,Amsterdam-Rijnkanaal,52.277567,5.043873,m_osm_2101902827,WSV Nigtevecht,port
no_match,1535.5,quay,,Amsterdam-Rijnkanaal,52.319588,5.06545,m_osm_306824567,Jachthaven Stichting Muiden,port
no_match,1536.0,quay,8140,Belgium waterway,51.121739,3.757055,m_osm_241795954,Jachthaven Langerbrugge,port
no_match,1536.4,quay,,Dender,50.933036,4.050217,m_osm_8867559693,Jachthaven VVW Aalst,port
no_match,1536.7,quay,Ligplaats Vlothaven Bunge 1 Amsterdam,IJssel,52.400327,4.864171,m_osm_177695057,Amsterdam Marina,port
no_match,1537.4,quay,,Netherlands waterway,51.824761,4.736593,m_osm_2960691533,Jachthaven Westergoot,port
no_match,1537.4,quay,,Netherlands waterway,51.719578,4.792249,m_osm_23112594,Oude Jachthaven,port
no_match,1537.5,quay,,Kanaal Bocholt-Herentals,51.238169,5.388177,m_osm_47429625,Jachthaven De Meerpaal,port
no_match,1537.8,quay,Liegestelle Riedenburg unterer Vorhafen,Main-Donau-Kanal,48.973257,11.685113,m_osm_2391735488,Sportboothafen Riedenburg,port
no_match,1538.4,quay,,Leie,50.85778,3.308757,m_osm_1280257416,Kuurne,port
no_match,1538.6,quay,,Netherlands waterway,52.426094,4.835051,m_osm_13526713621,Kokernoot,port
no_match,1539.6,quay,Ligsteiger 4 oostzijde Haaften,Waal,51.814923,5.221575,m_osm_1197645951,Stadshaven,port
no_match,1543.5,quay,,Bovenschelde,51.002725,3.724885,m_osm_2533763290,Yachting Merelbeke,port
no_match,1543.8,quay,,Netherlands waterway,51.847194,4.993951,m_osm_1334520004,WSV de Gors,port
no_match,1543.9,quay,,Netherlands waterway,51.743448,4.855219,m_osm_840331845,Vissershang,port
no_match,1544.7,quay,4870,Belgium waterway,51.147367,3.789959,m_osm_8087252421,VVW Mendonk,port
no_match,1545.4,quay,,Bovenschelde,50.785112,3.487354,m_osm_1266763915,Kloron,port
no_match,1547.7,quay,Krieau,Donau,48.203409,16.437628,m_osm_230897330,Wiener Ruderclub Pirat,port
no_match,1548.3,quay,9270,Belgium waterway,51.104012,3.723418,m_osm_241795954,Jachthaven Langerbrugge,port
no_match,1548.6,quay,,Netherlands waterway,52.003331,4.709717,m_osm_1430300662,WVG Gouda,port
no_match,1549.5,quay,4690,Belgium waterway,51.145419,3.785741,m_osm_8087252421,VVW Mendonk,port
no_match,1551.3,quay,Ligplaats 4 Lekkanaal Westzijde Nieuwegein,Amsterdam-Rijnkanaal,52.023399,5.113376,m_osm_1839055018,WSV Plettenburg,port
no_match,1551.7,quay,Liegestelle Koblenz-Wallersheim,Rhine,50.393305,7.592991,m_osm_1681454344,Yachtclub Vallendar,port
no_match,1552.0,quay,,Netherlands waterway,51.997895,4.690811,m_osm_1430300662,WVG Gouda,port
no_match,1554.1,quay,Ligplaats kade Agrifirm Farmsum,Netherlands waterway,53.312493,6.911176,m_osm_109141847,Jachthaven 't Dok Delfzijl,port
no_match,1554.3,quay,Ligplaats Coenhaven Havenkom C Waternet Amsterdam,IJssel,52.404353,4.863133,m_osm_177695057,Amsterdam Marina,port
no_match,1555.1,quay,,Netherlands waterway,52.231133,6.841601,m_osm_142276122,Jachthaven Enschede,port
no_match,1556.8,quay,Ligplaats DFDS Amsterdam Terminal,Netherlands waterway,52.462826,4.583636,m_osm_106684570,Marina Seaport IJmuiden,port
no_match,1556.9,quay,780,Belgium waterway,51.098654,3.733964,m_osm_241795954,Jachthaven Langerbrugge,port
no_match,1558.1,quay,Liegeplatz Enkirch Unterwasser,Mosel,49.979475,7.121874,m_osm_530787671,Hafen Traben-Trarbach,port
no_match,1560.8,quay,,Maas,51.80238,5.377576,m_osm_13200688631,Jachthaven Heerewaarden,port
no_match,1561.1,quay,,Netherlands waterway,51.99664,6.085995,m_osm_855152283,Jachthaven Giesbeek,port
no_match,1561.3,quay,,Hochrhein,47.557379,7.596031,m_osm_2371811036,Motoryachtclub Basel,port
no_match,1561.5,quay,900,Belgium waterway,51.097882,3.745393,m_osm_241795954,Jachthaven Langerbrugge,port
no_match,1563.7,quay,Ligplaats Antwerpen RO kmp 4.3,Belgium waterway,51.216346,4.392338,m_osm_625248475,Jachthaven Linkeroever,port
no_match,1563.8,quay,97,Port of Antwerp,51.244464,4.39951,m_osm_19627721,Jachthaven Linkeroever,port
no_match,1563.9,quay,54C,Port of Antwerp,51.244884,4.390153,m_osm_19627721,Jachthaven Linkeroever,port
no_match,1568.9,quay,4580,Belgium waterway,51.139808,3.779789,m_osm_8087252421,VVW Mendonk,port
no_match,1570.8,quay,310,Belgium waterway,51.317714,3.195538,m_osm_462344084,Brugse Zeil- en Yachtclub,port
no_match,1571.2,quay,,Albertkanaal,51.233927,4.438061,m_osm_60261478,Kempischdok,port
no_match,1571.6,quay,1361,Unknown waterway,51.30617,3.833797,m_osm_12407056733,Zeeland Bunkering BV,fuel
no_match,1571.8,quay,,Netherlands waterway,51.827007,4.722449,m_osm_2960691533,Jachthaven Westergoot,port
no_match,1573.5,quay,S18A,Belgium waterway,51.216264,4.39218,m_osm_625248475,Jachthaven Linkeroever,port
no_match,1574.5,quay,95,Port of Antwerp,51.244834,4.397747,m_osm_19627721,Jachthaven Linkeroever,port
no_match,1574.7,pontoon,,Moselle,48.684422,5.907712,m225,Halte Fluviale de Toul,halte
no_match,1574.7,pontoon,Vlotsteiger 10,Belgium waterway,51.314821,4.276044,m_osm_837845424,Yacht Club Scaldis,port
no_match,1576.9,quay,6460,Belgium waterway,51.194639,3.800778,m_osm_279405371,Watersportvereniging Zelzate,port
no_match,1579.2,quay,,Rhine,51.44514,6.740365,m_osm_431072366,Ruhrorter Yachtclub e.V. - Süd,port
no_match,1579.7,quay,Wartelände Nussdorf,Donau,48.260022,16.370984,m_osm_24905185,Yachthafen Kuchelau,port
no_match,1580.2,quay,2240,Belgium waterway,51.12097,3.759082,m_osm_241795954,Jachthaven Langerbrugge,port
no_match,1583.5,quay,,Beneden-Merwede,51.715479,4.898969,m_osm_183169161,Watersportcentrum Hermenzeil b.v.,port
no_match,1584.2,quay,Ligsteiger 4 westzijde Haaften,Waal,51.814976,5.22093,m_osm_1197645951,Stadshaven,port
no_match,1585.2,quay,4130,Belgium waterway,51.139542,3.779409,m_osm_8087252421,VVW Mendonk,port
no_match,1586.6,quay,,Netherlands waterway,52.457298,4.584774,m_osm_106684570,Marina Seaport IJmuiden,port
no_match,1586.7,quay,Ligplaats Vlothaven Bunge 3 Amsterdam,IJssel,52.401078,4.863122,m_osm_177695057,Amsterdam Marina,port
no_match,1586.7,quay,911,Belgium waterway,51.247182,3.219188,m_osm_1816556549,Koninklijke Brugse zeil- en yachtclub,port
no_match,1589.0,quay,,Kanaal Gent-Oostende,51.220205,3.235107,m_osm_446828219,Coupure Marina,port
no_match,1590.1,quay,Ligplaats 1 Breukelen,Amsterdam-Rijnkanaal,52.184184,4.996263,m_osm_2885742076,Van Heusden Watersport,port
no_match,1590.2,quay,118,Port of Antwerp,51.247757,4.408874,m_osm_4322795,Kempisch dok,port
no_match,1590.5,quay,403,Belgium waterway,51.319958,3.215081,m_osm_462344084,Brugse Zeil- en Yachtclub,port
no_match,1590.6,quay,Ankerstelle Laubenheim,Rhine,49.972165,8.321882,m_osm_2367499209,Wassersportfreunde Bleiau e.V.,port
no_match,1590.9,quay,Felbermayr Bau GmbH & Co KG,Donau,48.232218,14.55909,m_osm_2150418671,Steganlage - Campingplatz in Au an der Donau,port
no_match,1592.0,quay,Ligplaats Carel Reynierszhaven Icova kade Amsterdam,Netherlands waterway,52.414433,4.832119,m_osm_13526713621,Kokernoot,port
no_match,1593.3,quay,,Leie,50.857858,3.30972,m_osm_1280257416,Kuurne,port
no_match,1593.6,quay,311,Belgium waterway,51.317345,3.196613,m_osm_462344084,Brugse Zeil- en Yachtclub,port
no_match,1594.3,quay,Fahrgastlände Schaurecker,Donau,48.311458,14.288491,m_osm_2150418535,MYCN - Motor Yacht Club Nibelungen,port
no_match,1595.1,quay,Ligplaats Haringhaven Loggerkade IJmuiden,Netherlands waterway,52.457907,4.585,m_osm_106684570,Marina Seaport IJmuiden,port
no_match,1597.7,quay,Ligplaats kade Wijnne & Barends Logistics bv Farmsum,Netherlands waterway,53.3126,6.909523,m_osm_109141847,Jachthaven 't Dok Delfzijl,port
no_match,1599.4,quay,93,Port of Antwerp,51.245234,4.396035,m_osm_19627721,Jachthaven Linkeroever,port
no_match,1600.8,quay,8630,Belgium waterway,51.104813,3.721764,m_osm_241795954,Jachthaven Langerbrugge,port
no_match,1601.1,quay,,Netherlands waterway,51.619433,4.767007,m_osm_686502436,WSV Breda,port
no_match,1601.4,quay,5750,Belgium waterway,51.194205,3.802791,m_osm_279405371,Watersportvereniging Zelzate,port
no_match,1602.4,quay,9370,Belgium waterway,51.098742,3.731975,m_osm_241795954,Jachthaven Langerbrugge,port
no_match,1602.7,quay,,Boven-Zeeschelde,51.121674,4.208887,m_osm_2382615930,De Ponton,port
no_match,1603.4,quay,Ligplaats 1 HBR Kooihaven Papendrecht,Netherlands waterway,51.828137,4.716367,m_osm_4537329787,Bunkerstation Papendrecht,fuel
no_match,1604.5,quay,Ligplaats Vlothaven Bunge 2 Amsterdam,IJssel,52.400903,4.862913,m_osm_177695057,Amsterdam Marina,port
no_match,1605.6,quay,Liegestelle Rheinauhafen Becken 22,Rhine,49.428429,8.515224,m_osm_975087207,MCK Motoryacht-Club Mannheim,port
no_match,1607.5,quay,,Bovenschelde,50.784337,3.487402,m_osm_1266763915,Kloron,port
no_match,1610.0,quay,Ligplaats veersteiger Varik,Waal,51.825843,5.380123,m_osm_13200688631,Jachthaven Heerewaarden,port
no_match,1610.0,quay,Liegestelle Luftball,Rhine,51.469326,6.713847,m_osm_4097568572,Ruhrorter Yachtclub e.V. - Nord,port
no_match,1611.0,quay,Ligplaats 2 Breukelen,Amsterdam-Rijnkanaal,52.182996,4.995944,m_osm_2885742076,Van Heusden Watersport,port
no_match,1612.5,quay,Zevenaarhaven Bravo (Verbrugge),Unknown waterway,51.305856,3.834203,m_osm_12407056733,Zeeland Bunkering BV,fuel
no_match,1612.6,quay,Ligplaats Amerikahaven bunkersteiger NW zijde Ceres Amsterdam,Netherlands waterway,52.426009,4.765387,m_osm_415633186,Jachthaven Nauerna,port
no_match,1613.0,quay,105,Port of Antwerp,51.247226,4.405716,m_osm_4322795,Kempisch dok,port
no_match,1613.3,quay,Ligplaats Carel Reynierszhaven Beelen Amsterdam,Netherlands waterway,52.415037,4.831492,m_osm_13526713621,Kokernoot,port
no_match,1614.3,quay,Ligplaats Vlothaven Bunge 10 Amsterdam,IJssel,52.400363,4.862973,m_osm_177695057,Amsterdam Marina,port
no_match,1615.3,quay,Ligplaats kade E. Offeringa bv Groningen,Netherlands waterway,53.235054,6.581973,m_osm_127077120,Motorboot Club Groningen,port
no_match,1620.1,quay,Heidingsfeld,Main,49.746504,9.984976,m_osm_1732034361,WSC Eibelstadt,port
no_match,1620.8,quay,,Netherlands waterway,52.45669,4.812986,m_osm_46595875,Zeilvereniging De Onderlinge,port
no_match,1621.4,quay,Ligplaats Hengelo - HKS / ACT,Netherlands waterway,52.249569,6.786082,m_osm_170673593,Twentse Watersport Vereniging,port
no_match,1621.7,quay,Ruse-berth12,Donau,43.85695,25.954475,m_osm_508231317,Yacht Club Port Rousse,port
no_match,1623.3,quay,,Kanaal Bocholt-Herentals,51.226232,5.118666,m_osm_1223232168,Nuclea Yacht Club,port
no_match,1625.0,quay,4880,Belgium waterway,51.147664,3.788531,m_osm_8087252421,VVW Mendonk,port
no_match,1631.2,quay,Ligplaats Vlothaven Bunge 16 Amsterdam,IJssel,52.401521,4.862319,m_osm_177695057,Amsterdam Marina,port
no_match,1631.3,quay,Ligplaats Alaskahaven Noord Amsterdam,Netherlands waterway,52.424955,4.763051,m_osm_415633186,Jachthaven Nauerna,port
no_match,1631.6,quay,Wachtplaats Schoterbrug Haarlem,Netherlands waterway,52.403146,4.659176,m_osm_602926559,De Rietpol,port
no_match,1631.9,quay,400,Belgium waterway,51.322894,3.220458,m_osm_462344084,Brugse Zeil- en Yachtclub,port
no_match,1632.4,quay,S17B,Belgium waterway,51.215749,4.391807,m_osm_625248475,Jachthaven Linkeroever,port
no_match,1632.7,quay,9260,Belgium waterway,51.104477,3.721541,m_osm_241795954,Jachthaven Langerbrugge,port
no_match,1634.1,quay,Kotvisko Komarno - lavy breh,Donau,47.742277,18.179414,m_osm_6602902501,MOL Nyrt.,port
no_match,1635.2,quay,Ligplaats Usselincxhaven steiger 3 Amsterdam,Netherlands waterway,52.410801,4.834292,m_osm_13526713621,Kokernoot,port
no_match,1636.1,quay,612,Belgium waterway,51.343427,3.221052,m_osm_554945941,Royal Belgian Sailing Club,port
no_match,1637.1,quay,55,Port of Antwerp,51.245309,4.388034,m_osm_19627721,Jachthaven Linkeroever,port
no_match,1638.8,quay,Inzell,Donau,48.43922,13.860219,m_osm_136813178,Yachthafen Schlögen,port
no_match,1638.9,quay,,Hollands Diep,51.689058,4.551711,m_osm_2814634671,Jachthaven Noordschans,port
no_match,1640.6,quay,Ligplaats Echt,Maas,51.107307,5.850374,m_osm_3701515580,YCBL - Ohé en Laak,port
no_match,1640.9,quay,,Kanaal Bocholt-Herentals,51.237467,5.389346,m_osm_47429625,Jachthaven De Meerpaal,port
no_match,1641.8,quay,Ligplaats 1 Julianabrug (sluis Vianen),Lek,51.989807,5.097711,m_osm_3012966896,Zeilvereniging De Lek,port
no_match,1642.2,quay,Ligplaats Alaskahaven Zuid Amsterdam,Netherlands waterway,52.424776,4.76283,m_osm_415633186,Jachthaven Nauerna,port
no_match,1643.3,quay,Ligplaats 3 Breukelen,Amsterdam-Rijnkanaal,52.181798,4.995617,m_osm_2885742076,Van Heusden Watersport,port
no_match,1643.3,quay,Würzburger Ruderverein Bayern von 1875 / 1905 e. V.,Main,49.782384,9.92626,m_osm_1941411115,Schiffsanlegestelle Würzburg,port
no_match,1644.2,quay,8130,Belgium waterway,51.122503,3.758025,m_osm_241795954,Jachthaven Langerbrugge,port
no_match,1644.9,quay,"Fahrgastlände Linz, Wurm und Köck",Donau,48.309677,14.289804,m_osm_2150418535,MYCN - Motor Yacht Club Nibelungen,port
no_match,1645.7,quay,,Netherlands waterway,51.998569,6.193756,m_osm_1347596116,Jachthaven Bommen Berend,port
no_match,1646.8,quay,4680,Belgium waterway,51.145729,3.784259,m_osm_8087252421,VVW Mendonk,port
no_match,1648.4,quay,Ligplaats Usselincxhaven steiger 5 Amsterdam,Netherlands waterway,52.410818,4.834041,m_osm_13526713621,Kokernoot,port
no_match,1648.5,quay,,Netherlands waterway,51.712773,4.84426,m_osm_2961368189,WSV de Donge,port
no_match,1649.5,quay,Segelkammeradschaft Maintal e. V. Würzburg,Main,49.837027,9.86693,m_osm_6271215593,Marina Veitshöchheim e.V.,port
no_match,1650.1,quay,,Amsterdam-Rijnkanaal,52.310682,5.003356,m_osm_1581703779,ZVG zeilvereniging gaasperplas,port
no_match,1650.3,quay,,Netherlands waterway,52.515639,6.06332,m_osm_444695844,Passantenhaven,port
no_match,1651.6,pontoon,Vlotsteiger 11,Belgium waterway,51.315622,4.275932,m_osm_837845424,Yacht Club Scaldis,port
no_match,1653.3,quay,Tiefenbach,Donau,48.207819,14.85546,m_osm_31244298,Hafen Grein - Bootsverein Turul,port
no_match,1655.0,pontoon,,Unknown waterway,51.401937,3.548737,m_osm_405177913,Jachthaven Breskens,port
no_match,1656.1,quay,,Netherlands waterway,51.708095,5.270327,m_osm_491655203,WSV Viking,port
no_match,1657.3,quay,Ligplaats Hengelo - CTT,Netherlands waterway,52.247931,6.786144,m_osm_170673593,Twentse Watersport Vereniging,port
no_match,1657.5,quay,,Netherlands waterway,51.71942,4.789545,m_osm_23112594,Oude Jachthaven,port
no_match,1662.8,quay,,Netherlands waterway,51.76347,4.770501,m_osm_4612324791,Van Oversteeg,port
no_match,1663.6,quay,Ligplaats Mercuriushaven Houtveem kade Amsterdam,IJssel,52.397282,4.864076,m_osm_177695057,Amsterdam Marina,port
no_match,1663.7,quay,625A,Port of Antwerp,51.314939,4.304864,m_osm_837845424,Yacht Club Scaldis,port
no_match,1664.0,quay,Ligplaats Spannenburg binnenzijde noord,Netherlands waterway,52.916204,5.697938,m_osm_85033586,Jachthaven Recreatiepark Idskenhuizen,port
no_match,1664.9,quay,Liegestelle Passau Zolllände,Donau,48.576164,13.457449,m_osm_2406931787,Bunkerboot,fuel
no_match,1665.3,quay,Ligplaats Vlothaven Bunge 14 Amsterdam,IJssel,52.401299,4.861873,m_osm_177695057,Amsterdam Marina,port
no_match,1665.8,quay,,Albertkanaal,51.234307,4.439401,m_osm_60261478,Kempischdok,port
no_match,1666.3,quay,,Kanaal Bocholt-Herentals,51.238835,5.188225,m_osm_1305739099,Zilvermeerhaven,port
no_match,1668.5,quay,613,Belgium waterway,51.344513,3.219984,m_osm_554945941,Royal Belgian Sailing Club,port
no_match,1668.7,quay,91,Port of Antwerp,51.245949,4.394264,m_osm_19627721,Jachthaven Linkeroever,port
no_match,1672.0,quay,Havarieabsetzplatz,Donau,48.203382,14.958661,m_osm_2150478403,Anlegestelle Camping Krenn,port
no_match,1672.4,quay,,Belgium waterway,51.070617,3.72993,m_osm_1301287574,Portus Ganda,port
no_match,1672.5,quay,,Albertkanaal,50.939984,5.361836,m_osm_317822393,Royal Hasselt Yachting Club,port
no_match,1674.1,quay,6480,Belgium waterway,51.193742,3.800811,m_osm_279405371,Watersportvereniging Zelzate,port
no_match,1675.0,quay,Ligplaats Usselincxhaven steiger 13 Amsterdam,Netherlands waterway,52.409166,4.835567,m_osm_13526713621,Kokernoot,port
no_match,1676.5,quay,4120,Belgium waterway,51.139854,3.778194,m_osm_8087252421,VVW Mendonk,port
no_match,1679.0,quay,4590,Belgium waterway,51.140184,3.778325,m_osm_8087252421,VVW Mendonk,port
no_match,1680.0,quay,Ligplaats Vlothaven Spaansen Amsterdam,IJssel,52.403813,4.85596,m_osm_13526713621,Kokernoot,port
no_match,1680.1,quay,2250,Belgium waterway,51.121701,3.759968,m_osm_241795954,Jachthaven Langerbrugge,port
no_match,1681.1,quay,Kleinbootanlegestelle,Hochrhein,47.555862,7.59503,m_osm_2371811036,Motoryachtclub Basel,port
no_match,1681.1,quay,Ligplaats Zuidertoeleiding Cruiseterminal IJmuiden,Netherlands waterway,52.463663,4.585136,m_osm_106684570,Marina Seaport IJmuiden,port
no_match,1682.1,quay,Ligplaats Vissershaven Felison Terminal IJmuiden,Netherlands waterway,52.462115,4.585826,m_osm_106684570,Marina Seaport IJmuiden,port
no_match,1683.0,quay,770,Belgium waterway,51.097403,3.734174,m_osm_241795954,Jachthaven Langerbrugge,port
no_match,1685.1,quay,,Netherlands waterway,52.006625,4.714921,m_osm_1430300662,WVG Gouda,port
no_match,1685.8,quay,Ligplaats 4 Breukelen,Amsterdam-Rijnkanaal,52.180597,4.995291,m_osm_2885742076,Van Heusden Watersport,port
no_match,1685.9,quay,Ligplaats 3 Lekkanaal Westzijde Nieuwegein,Amsterdam-Rijnkanaal,52.024758,5.113798,m_osm_1839055018,WSV Plettenburg,port
no_match,1686.6,quay,Ligplaats Vlothaven Bunge 15 Amsterdam,IJssel,52.401935,4.861392,m_osm_177695057,Amsterdam Marina,port
no_match,1686.7,quay,Ligplaats (bijzondere) Vitens Spannenburg,Netherlands waterway,52.915871,5.6983,m_osm_85033586,Jachthaven Recreatiepark Idskenhuizen,port
no_match,1687.0,quay,,Kanaal Gent-Oostende,51.219353,3.212248,m_osm_1816556549,Koninklijke Brugse zeil- en yachtclub,port
no_match,1687.4,quay,Ankerplaats De Hoef,Netherlands waterway,51.821422,4.902407,m_osm_1739173350,W.S.V. 'Huibjesbrug',port
no_match,1690.2,quay,420,Belgium waterway,51.316175,3.201373,m_osm_462344084,Brugse Zeil- en Yachtclub,port
no_match,1691.9,quay,Ligplaats Afrikahaven Rietlanden ACT Palen Amsterdam,Netherlands waterway,52.423229,4.74565,m_osm_415633186,Jachthaven Nauerna,port
no_match,1692.1,quay,Ligplaats autoafzetplaats Haaften,Waal,51.815079,5.219369,m_osm_1197645951,Stadshaven,port
no_match,1692.4,quay,963,Belgium waterway,51.24796,3.217533,m_osm_1816556549,Koninklijke Brugse zeil- en yachtclub,port
no_match,1692.9,quay,411,Belgium waterway,51.317847,3.212467,m_osm_462344084,Brugse Zeil- en Yachtclub,port
no_match,1696.7,quay,Liegeplatz,Rhine,49.456166,8.440732,m_osm_47251144,Boots-Club Weinstraße,port
no_match,1696.8,quay,Liegestelle,Rhine,49.437264,8.508613,m_osm_1094422531,MCA - Motorboot Club Altrip,port
no_match,1698.3,quay,623,Port of Antwerp,51.314134,4.306993,m_osm_837845424,Yacht Club Scaldis,port
no_match,1700.5,quay,5735,Belgium waterway,51.193306,3.80282,m_osm_279405371,Watersportvereniging Zelzate,port
no_match,1704.2,quay,Liegestelle Rheinauhafen Becken 22,Rhine,49.429691,8.514783,m_osm_975087207,MCK Motoryacht-Club Mannheim,port
no_match,1705.3,quay,,Leie,50.858868,3.310397,m_osm_1280257416,Kuurne,port
no_match,1706.1,quay,,Albertkanaal,50.941396,5.362631,m_osm_317822393,Royal Hasselt Yachting Club,port
no_match,1707.2,quay,1704,Belgium waterway,51.295703,4.268336,m_osm_837845424,Yacht Club Scaldis,port
no_match,1707.4,quay,9380,Belgium waterway,51.097846,3.731477,m_osm_241795954,Jachthaven Langerbrugge,port
no_match,1707.7,quay,,Belgium waterway,51.070845,3.729054,m_osm_1301287574,Portus Ganda,port
no_match,1707.9,quay,4890,Belgium waterway,51.147961,3.787103,m_osm_8087252421,VVW Mendonk,port
no_match,1708.5,quay,Ligplaats Averijhaven IJ Palen IJmuiden,Netherlands waterway,52.469064,4.580599,m_osm_106684570,Marina Seaport IJmuiden,port
no_match,1709.1,quay,Ligplaats 1 autoafzetplaats Lekkanaal - Oostzijde Nieuwegein,Amsterdam-Rijnkanaal,52.024287,5.115222,m_osm_1839055018,WSV Plettenburg,port
no_match,1709.4,quay,,Netherlands waterway,52.628768,6.053936,m_osm_369651339,Recreatiecentrum Zwartewater,port
no_match,1711.5,quay,Ligplaats Vissershaven Trawlerkade ZZ Midden IJmuiden,Netherlands waterway,52.460678,4.58664,m_osm_106684570,Marina Seaport IJmuiden,port
no_match,1714.5,quay,Ligplaats Carel Reynierszhaven Elementis Palen Amsterdam,Netherlands waterway,52.414676,4.830108,m_osm_13526713621,Kokernoot,port
no_match,1714.9,quay,Ligplaats Usselincxhaven steiger 4 Amsterdam,Netherlands waterway,52.409979,4.833791,m_osm_13526713621,Kokernoot,port
no_match,1716.0,quay,,Rupel,51.078929,4.390792,m_osm_528530237,Dok 3,port
no_match,1717.2,quay,Stadt Karlstadt,Main,49.96415,9.762633,m_osm_1690368458,Sportboothafen Laudenbach,port
no_match,1717.5,quay,Ruse-berth13,Donau,43.857503,25.955461,m_osm_508231317,Yacht Club Port Rousse,port
no_match,1717.6,quay,,Netherlands waterway,52.515875,6.057402,m_osm_855152630,Passantenhaven Katerveer,port
no_match,1719.6,quay,Ligplaats Afrikahaven Rietlanden ACT kade Amsterdam,Netherlands waterway,52.423122,4.744755,m_osm_415633186,Jachthaven Nauerna,port
no_match,1720.5,quay,Ligplaats Vlothaven Bunge 13 Amsterdam,IJssel,52.401716,4.860937,m_osm_177695057,Amsterdam Marina,port
no_match,1721.0,quay,1740,Belgium waterway,51.29985,4.265462,m_osm_837845424,Yacht Club Scaldis,port
no_match,1722.6,quay,Liegeplatz Traben,Mosel,49.951488,7.126409,m_osm_530787671,Hafen Traben-Trarbach,port
no_match,1725.9,pontoon,Steiger Clariant / RESAG,Hochrhein,47.539789,7.662429,m_osm_2371780446,MSC Hochrhein,port
no_match,1726.2,quay,Ligplaats Averijhaven IJ Palen 2 IJmuiden,Netherlands waterway,52.469434,4.580412,m_osm_106684570,Marina Seaport IJmuiden,port
no_match,1729.2,quay,,Amsterdam-Rijnkanaal,52.116567,5.059403,m_osm_1373920006,Boei26,fuel
no_match,1729.7,pontoon,Vlotsteiger 12,Belgium waterway,51.316424,4.27582,m_osm_837845424,Yacht Club Scaldis,port
no_match,1730.2,quay,S17A,Belgium waterway,51.214903,4.391133,m_osm_625248475,Jachthaven Linkeroever,port
no_match,1733.8,quay,120,Port of Antwerp,51.248916,4.407879,m_osm_4322795,Kempisch dok,port
no_match,1735.3,quay,,Netherlands waterway,51.840989,4.659813,m_osm_3078600480,WSV Hendrik Ido Ambacht,port
no_match,1737.9,quay,Ligplaats 5 Breukelen,Amsterdam-Rijnkanaal,52.179399,4.994964,m_osm_2885742076,Van Heusden Watersport,port
no_match,1738.2,quay,Zevenaarhaven Charlie RoRo1 (Verbrugge),Unknown waterway,51.30492,3.835546,m_osm_12407056733,Zeeland Bunkering BV,fuel
no_match,1743.4,quay,Wachtplaats Sluis,Unknown waterway,51.506041,4.247075,m_osm_65410787,WSV De Schelde,port
no_match,1743.6,quay,107,Port of Antwerp,51.248258,4.404813,m_osm_4322795,Kempisch dok,port
no_match,1744.4,quay,4670,Belgium waterway,51.146036,3.782793,m_osm_8087252421,VVW Mendonk,port
no_match,1746.7,quay,ÖGEG,Donau,48.310472,14.287021,m_osm_2150418535,MYCN - Motor Yacht Club Nibelungen,port
no_match,1747.3,quay,Ligplaats Carel Reynierszhaven Egmond kade Amsterdam,Netherlands waterway,52.415211,4.829377,m_osm_13526713621,Kokernoot,port
no_match,1747.6,quay,8120,Belgium waterway,51.123205,3.758997,m_osm_241795954,Jachthaven Langerbrugge,port
no_match,1748.9,quay,402,Belgium waterway,51.318518,3.215788,m_osm_462344084,Brugse Zeil- en Yachtclub,port
no_match,1749.8,quay,4600,Belgium waterway,51.141115,3.777786,m_osm_8087252421,VVW Mendonk,port
no_match,1750.4,quay,,Netherlands waterway,52.579291,6.097837,m_osm_444695838,Passantenhaven,port
no_match,1751.4,quay,,Leie,50.907091,3.323096,m_osm_694535055,Jachthaven Ooigem,port
no_match,1751.5,quay,quai de chargement et de déchargement,Moselle,48.659291,5.893448,m225,Halte Fluviale de Toul,halte
no_match,1752.9,quay,4610,Belgium waterway,51.142211,3.778498,m_osm_8087252421,VVW Mendonk,port
no_match,1753.7,quay,"Fahrgastlände Pöchlarn, Donaustation 6",Donau,48.21401,15.21781,m_osm_2150615445,Sporthafen Pöchlarn,port
no_match,1753.7,quay,Ligplaats autoafzetplaats sluis Hintham - Beneden,Netherlands waterway,51.70026,5.357486,m_osm_1365397854,Zeilvereniging Oosterplas,port
no_match,1755.3,quay,Kleinbootanlegestelle,Hochrhein,47.557749,7.615965,m_osm_2127664274,Yacht-Club Hörnle Grenzach-Wyhlen,port
no_match,1755.8,quay,,Maas,51.568962,6.037175,m_osm_377021345,Jachthaven Leukermeer,port
no_match,1759.1,quay,,Kanaal Bocholt-Herentals,51.182906,4.882559,m_osm_36273295,Jachthaven Herentals,port
no_match,1759.3,quay,1920,Belgium waterway,51.292428,4.271379,m_osm_837845424,Yacht Club Scaldis,port
no_match,1759.9,quay,Havarieabsetzplatz Kleinpöchlarn,Donau,48.216279,15.217266,m_osm_2150615445,Sporthafen Pöchlarn,port
no_match,1759.9,quay,1201,Unknown waterway,51.304479,3.834139,m_osm_12407056733,Zeeland Bunkering BV,fuel
no_match,1759.9,quay,4110,Belgium waterway,51.139584,3.776822,m_osm_8087252421,VVW Mendonk,port
no_match,1764.6,quay,,Belgium waterway,51.071277,3.728341,m_osm_1301287574,Portus Ganda,port
no_match,1764.8,quay,4620,Belgium waterway,51.1431,3.77904,m_osm_8087252421,VVW Mendonk,port
no_match,1765.1,pontoon,Steiger Ultra Brag,Hochrhein,47.539427,7.662606,m_osm_2371780446,MSC Hochrhein,port
no_match,1766.7,quay,Ligplaats Veghel - Rechter oever (direct ten oosten A50) (AAP),Netherlands waterway,51.619665,5.510827,m_osm_725050041,Passantenhaven Veghel,port
no_match,1767.6,quay,,Netherlands waterway,53.31427,6.902192,m_osm_109141847,Jachthaven 't Dok Delfzijl,port
no_match,1768.4,quay,Ligplaats Vlothaven CST Terminal Amsterdam,IJssel,52.403192,4.858577,m_osm_13526713621,Kokernoot,port
no_match,1768.9,quay,Pischelsdorf,Donau,48.338549,15.959629,m_osm_1872392089,Boot-Club Zwentendorf,port
no_match,1769.8,quay,710,Belgium waterway,51.218984,2.963461,m_osm_127979467,Royal Yacht Club Oostende,port
no_match,1770.2,quay,,Kanaal Gent-Oostende,51.179857,3.233894,m_osm_319622162,Flandria,port
no_match,1771.0,quay,4100,Belgium waterway,51.138935,3.776397,m_osm_8087252421,VVW Mendonk,port
no_match,1771.6,quay,6500,Belgium waterway,51.192845,3.800842,m_osm_279405371,Watersportvereniging Zelzate,port
no_match,1771.9,quay,1000,Belgium waterway,51.096735,3.750364,m_osm_241795954,Jachthaven Langerbrugge,port
no_match,1772.9,quay,313,Belgium waterway,51.315433,3.200846,m_osm_462344084,Brugse Zeil- en Yachtclub,port
no_match,1776.5,quay,2260,Belgium waterway,51.122387,3.760846,m_osm_241795954,Jachthaven Langerbrugge,port
no_match,1776.6,quay,627A,Port of Antwerp,51.316305,4.304709,m_osm_837845424,Yacht Club Scaldis,port
no_match,1777.5,quay,Ligplaats Vlothaven Bunge 12 Amsterdam,IJssel,52.402134,4.860001,m_osm_177695057,Amsterdam Marina,port
no_match,1778.6,quay,Akademischer Ruderclub Würzburg e. V.,Main,49.78118,9.92676,m_osm_1941411115,Schiffsanlegestelle Würzburg,port
no_match,1778.7,pontoon,,Belgium waterway,51.343819,3.223231,m_osm_554945941,Royal Belgian Sailing Club,port
no_match,1779.1,quay,4630,Belgium waterway,51.143901,3.779558,m_osm_8087252421,VVW Mendonk,port
no_match,1779.2,quay,910,Belgium waterway,51.096044,3.746738,m_osm_241795954,Jachthaven Langerbrugge,port
no_match,1779.9,quay,89,Port of Antwerp,51.246955,4.392477,m_osm_19627721,Jachthaven Linkeroever,port
no_match,1783.8,quay,,Albertkanaal,51.234669,4.441068,m_osm_60261478,Kempischdok,port
no_match,1784.0,quay,Ligplaats Vlothaven BMN Amsterdam,IJssel,52.40285,4.85481,m_osm_13526713621,Kokernoot,port
no_match,1784.1,quay,,Netherlands waterway,51.712294,4.841517,m_osm_2961368189,WSV de Donge,port
no_match,1784.2,quay,,Zeekanaal Brussel-Schelde,51.087388,4.346732,m_osm_111869545,yachtclub Volante,port
no_match,1786.3,quay,345,Port of Antwerp,51.245985,4.384202,m_osm_19627721,Jachthaven Linkeroever,port
no_match,1786.8,quay,Ligplaats kade bunkerschepen Finco Farmsum,Netherlands waterway,53.312991,6.903912,m_osm_109141847,Jachthaven 't Dok Delfzijl,port
no_match,1789.3,quay,4900,Belgium waterway,51.148245,3.785739,m_osm_8087252421,VVW Mendonk,port
no_match,1790.1,quay,4090,Belgium waterway,51.138082,3.775847,m_osm_8087252421,VVW Mendonk,port
no_match,1792.9,quay,,Beneden-Merwede,51.716237,4.896186,m_osm_183169161,Watersportcentrum Hermenzeil b.v.,port
no_match,1795.5,quay,obere Lände Unterloiben,Donau,48.386002,15.542184,m_osm_332664662,Motorboot-Club St.Pölten-Rossatz,port
no_match,1796.1,quay,Ligplaats Spannenburg,Netherlands waterway,52.914613,5.698995,m_osm_85033586,Jachthaven Recreatiepark Idskenhuizen,port
no_match,1796.4,quay,Ligplaats 6 Breukelen,Amsterdam-Rijnkanaal,52.178192,4.994676,m_osm_2885742076,Van Heusden Watersport,port
no_match,1798.2,quay,4640,Belgium waterway,51.144773,3.780161,m_osm_8087252421,VVW Mendonk,port
no_match,1798.8,quay,,Amsterdam-Rijnkanaal,52.115944,5.059625,m_osm_1373920006,Boei26,fuel
no_match,1799.9,quay,5720,Belgium waterway,51.192405,3.802847,m_osm_279405371,Watersportvereniging Zelzate,port
no_match,1802.3,quay,Ligplaats 2 Lekkanaal Westzijde Nieuwegein,Amsterdam-Rijnkanaal,52.025971,5.114019,m_osm_1839055018,WSV Plettenburg,port
no_match,1803.0,quay,,Netherlands waterway,51.831648,4.527341,m_osm_2189653371,Maritiem Centrum Barendrecht (Jachthaven en Jachtservice),port
no_match,1807.0,quay,9390,Belgium waterway,51.096968,3.731102,m_osm_241795954,Jachthaven Langerbrugge,port
no_match,1809.2,quay,Ligplaats Vlothaven Bunge 11 Amsterdam,IJssel,52.401944,4.859568,m_osm_177695057,Amsterdam Marina,port
no_match,1809.5,quay,760,Belgium waterway,51.096167,3.734382,m_osm_241795954,Jachthaven Langerbrugge,port
no_match,1813.0,quay,COFCO INTERNATIONAL ROMANIA SRL Grain Berth,Donau,43.771172,24.534744,m_osm_707599445,Portul Turistic Corabia,port
no_match,1813.3,quay,Liegeplatz,Rhine,49.520499,8.433764,m_osm_2376144133,Xylon-Werft,port
no_match,1813.9,quay,Ruse-berth14,Donau,43.858197,25.956182,m_osm_508231317,Yacht Club Port Rousse,port
no_match,1814.8,quay,4080,Belgium waterway,51.137228,3.775296,m_osm_8087252421,VVW Mendonk,port
no_match,1816.9,quay,,Netherlands waterway,51.785544,5.086247,m_osm_1261913614,WSV Het Esmeer,port
no_match,1817.9,quay,,Netherlands waterway,51.844947,4.992037,m_osm_1334520004,WSV de Gors,port
no_match,1818.9,quay,4660,Belgium waterway,51.146057,3.781392,m_osm_8087252421,VVW Mendonk,port
no_match,1820.1,quay,,Netherlands waterway,51.660976,4.83586,m_osm_316312859,WSV Sluis 1,port
no_match,1820.6,quay,Ligplaats Carel Reynierszhaven Elementis kade Amsterdam,Netherlands waterway,52.414891,4.828394,m_osm_13526713621,Kokernoot,port
no_match,1822.4,quay,910,Belgium waterway,51.249274,3.218639,m_osm_1816556549,Koninklijke Brugse zeil- en yachtclub,port
no_match,1822.6,quay,4650,Belgium waterway,51.145543,3.780647,m_osm_8087252421,VVW Mendonk,port
no_match,1824.2,quay,625B,Port of Antwerp,51.31606,4.306319,m_osm_837845424,Yacht Club Scaldis,port
no_match,1825.0,quay,,Kanaal Bocholt-Herentals,51.23928,5.190694,m_osm_1305739099,Zilvermeerhaven,port
no_match,1826.3,quay,,Leie,50.910192,3.40689,m_osm_3211749240,Jachthaven Zulte,port
no_match,1827.0,quay,Ligplaats autoafzetplaats Breukelen,Amsterdam-Rijnkanaal,52.17704,4.994548,m_osm_2905904954,Jachthaven De Opbouw,port
no_match,1827.3,pontoon,Steiger Ultra Brag,Hochrhein,47.538848,7.662871,m_osm_2371780446,MSC Hochrhein,port
no_match,1827.9,quay,,Netherlands waterway,52.255562,5.328987,m_osm_161939045,Jachthaven 't Raboes,port
no_match,1830.7,quay,,Netherlands waterway,51.802545,4.642684,m_osm_1368200086,"WSV ""Maartensgat""",port
no_match,1831.9,quay,,Netherlands waterway,53.317028,6.946788,m_osm_109141846,Jachthaven KZ&RV Neptunus,port
no_match,1832.4,quay,Ligplaats autoafzetplaats sluis Lith Boven,Maas,51.808513,5.455115,m_osm_824274936,Jan de Groot Watersportcentrum,port
no_match,1833.8,quay,,Netherlands waterway,52.592918,5.742092,m_osm_87846473,Inter Harbour Ketelhaven,port
no_match,1834.7,quay,,Kanaal Gent-Oostende,51.218775,3.20944,m_osm_1816556549,Koninklijke Brugse zeil- en yachtclub,port
no_match,1834.8,pontoon,,Belgium waterway,51.344818,3.222888,m_osm_554945941,Royal Belgian Sailing Club,port
no_match,1835.0,quay,,Maas,51.120539,5.856429,m_osm_366045378,Stevensweert Marina,port
no_match,1836.6,quay,Ligplaats Afrikahaven Palen 4 ZO Amsterdam,Netherlands waterway,52.421468,4.750378,m_osm_415633186,Jachthaven Nauerna,port
no_match,1838.8,quay,VOEST-Alpine,Donau,48.272677,14.359743,m_osm_117626204,Motoryachtclub Steyregg,port
no_match,1840.7,quay,8110,Belgium waterway,51.12391,3.759748,m_osm_241795954,Jachthaven Langerbrugge,port
no_match,1842.2,quay,,Netherlands waterway,51.921747,4.589432,m_osm_4531516234,WSV De Hollandsche IJssel,port
no_match,1844.4,quay,347,Port of Antwerp,51.246005,4.382126,m_osm_19627721,Jachthaven Linkeroever,port
no_match,1844.6,quay,,Netherlands waterway,51.838437,4.67436,m_osm_489776422,WSV Papendrecht,port
no_match,1844.6,quay,4070,Belgium waterway,51.136375,3.774748,m_osm_8087252421,VVW Mendonk,port
no_match,1845.4,quay,625E,Port of Antwerp,51.316428,4.306079,m_osm_837845424,Yacht Club Scaldis,port
no_match,1845.9,quay,Ligplaats Vlothaven AST Amsterdam,IJssel,52.399753,4.859706,m_osm_177695057,Amsterdam Marina,port
no_match,1846.9,quay,Ligplaats Mercuriushaven Scrap Terminal Amsterdam,IJssel,52.398408,4.860365,m_osm_177695057,Amsterdam Marina,port
no_match,1849.0,quay,Ligplaats Afrikahaven Palen 4 ZW Amsterdam,Netherlands waterway,52.421387,4.749655,m_osm_415633186,Jachthaven Nauerna,port
no_match,1849.1,quay,,Hollands Diep,51.73036,4.703093,m_osm_99427008,Jachthaven Crezée,port
no_match,1850.4,quay,,Kanaal Gent-Oostende,51.179121,3.234003,m_osm_319622162,Flandria,port
no_match,1856.1,quay,,Netherlands waterway,51.660959,4.833969,m_osm_316312859,WSV Sluis 1,port
no_match,1859.7,quay,Ligplaats Spannenburg binnenzijde zuid,Netherlands waterway,52.913962,5.699145,m_osm_85033586,Jachthaven Recreatiepark Idskenhuizen,port
no_match,1859.8,quay,Würzburger Ruderverein Bayern von 1875 / 1905 e. V.,Main,49.780473,9.927359,m_osm_1941411115,Schiffsanlegestelle Würzburg,port
no_match,1860.2,quay,Ligplaats kade Bunkerstation Finco Farmsum,Netherlands waterway,53.313018,6.902261,m_osm_109141847,Jachthaven 't Dok Delfzijl,port
no_match,1862.5,quay,122,Port of Antwerp,51.249954,4.406996,m_osm_4322795,Kempisch dok,port
no_match,1862.7,pontoon,,Unknown waterway,51.65214,4.09743,m_osm_813584876,WSV BRU,port
no_match,1869.4,quay,,Netherlands waterway,52.418269,4.826878,m_osm_13526713621,Kokernoot,port
no_match,1869.4,quay,6520,Belgium waterway,51.191948,3.800871,m_osm_279405371,Watersportvereniging Zelzate,port
no_match,1873.8,quay,,Rhine,51.016825,6.965587,m_osm_7232924505,Sportboothafen Wiesdorf,port
no_match,1874.2,quay,Zevenaarhaven Kilo (Broomchemie),Unknown waterway,51.303617,3.83538,m_osm_12407056733,Zeeland Bunkering BV,fuel
no_match,1874.9,quay,Ligplaats Hemkade Zaandam,Netherlands waterway,52.421111,4.827018,m_osm_13526713621,Kokernoot,port
no_match,1874.9,quay,,Belgium waterway,51.0722,3.727673,m_osm_1301287574,Portus Ganda,port
no_match,1880.0,quay,4060,Belgium waterway,51.135525,3.774194,m_osm_8087252421,VVW Mendonk,port
no_match,1880.1,pontoon,Steiger Wild Maa - Fähri Kleinbasel,Hochrhein,47.556813,7.602336,m_osm_2371811036,Motoryachtclub Basel,port
no_match,1884.6,quay,4910,Belgium waterway,51.148755,3.784553,m_osm_8087252421,VVW Mendonk,port
no_match,1885.4,quay,Wasserbaugeräte WALO Bertschinger,Hochrhein,47.557331,7.61431,m_osm_2127664274,Yacht-Club Hörnle Grenzach-Wyhlen,port
no_match,1886.7,quay,,Albertkanaal,51.161493,4.854247,m_osm_36273295,Jachthaven Herentals,port
no_match,1887.4,quay,401,Belgium waterway,51.317619,3.217204,m_osm_462344084,Brugse Zeil- en Yachtclub,port
no_match,1887.5,quay,,Amsterdam-Rijnkanaal,52.321364,4.994159,m_osm_9436534948,Jachthaven De Grote Zomer,port
no_match,1887.5,quay,621B,Port of Antwerp,51.315367,4.308871,m_osm_837845424,Yacht Club Scaldis,port
no_match,1890.6,quay,2270,Belgium waterway,51.12321,3.761864,m_osm_241795954,Jachthaven Langerbrugge,port
no_match,1891.2,quay,121,Belgium waterway,51.347296,3.187689,m_osm_554945941,Royal Belgian Sailing Club,port
no_match,1893.3,quay,,Netherlands waterway,51.66177,4.848645,m_osm_316312859,WSV Sluis 1,port
no_match,1893.8,quay,1910,Belgium waterway,51.291477,4.270162,m_osm_837845424,Yacht Club Scaldis,port
no_match,1894.6,quay,Ligplaats wachtplaats Zuidersluis IJmuiden,Netherlands waterway,52.463805,4.588362,m_osm_106684570,Marina Seaport IJmuiden,port
no_match,1896.0,quay,627B,Port of Antwerp,51.317079,4.305922,m_osm_837845424,Yacht Club Scaldis,port
no_match,1896.3,quay,Pöchlarn,Donau,48.213611,15.219798,m_osm_2150615445,Sporthafen Pöchlarn,port
no_match,1897.2,quay,Stadtwerkstatt,Donau,48.309613,14.285446,m_osm_2150418535,MYCN - Motor Yacht Club Nibelungen,port
no_match,1897.5,quay,via donau,Donau,48.257428,16.372821,m_osm_24905185,Yachthafen Kuchelau,port
no_match,1898.3,pontoon,Steiger Florin / Grisard,Hochrhein,47.538241,7.663265,m_osm_2371780446,MSC Hochrhein,port
no_match,1899.0,quay,122,Belgium waterway,51.345598,3.184326,m_osm_554945941,Royal Belgian Sailing Club,port
no_match,1899.1,quay,5705,Belgium waterway,51.191506,3.802878,m_osm_279405371,Watersportvereniging Zelzate,port
no_match,1904.4,quay,109,Port of Antwerp,51.249535,4.403721,m_osm_4322795,Kempisch dok,port
no_match,1904.9,quay,,Netherlands waterway,52.421069,4.826563,m_osm_13526713621,Kokernoot,port
no_match,1905.4,quay,Festmachstelle,Saar,49.229753,6.996151,m_osm_567360463,Charterhafen Saarbrücken-Arnual,port
no_match,1905.7,quay,,Netherlands waterway,52.45398,4.813203,m_osm_46595875,Zeilvereniging De Onderlinge,port
no_match,1906.3,quay,Ligplaats Vlothaven Rotim Amsterdam,IJssel,52.401755,4.855214,m_osm_13526713621,Kokernoot,port
no_match,1906.5,quay,87,Port of Antwerp,51.248087,4.392183,m_osm_19627721,Jachthaven Linkeroever,port
no_match,1906.9,quay,349,Port of Antwerp,51.246034,4.380218,m_osm_19627721,Jachthaven Linkeroever,port
no_match,1908.2,quay,9400,Belgium waterway,51.096059,3.730787,m_osm_241795954,Jachthaven Langerbrugge,port
no_match,1911.0,quay,,Amsterdam-Rijnkanaal,52.115196,5.060926,m_osm_1373920006,Boei26,fuel
no_match,1912.0,quay,"ADM Romania TradingGrain Berth",Donau,43.771341,24.535979,m_osm_707599445,Portul Turistic Corabia,port
no_match,1912.3,quay,412,Belgium waterway,51.31588,3.21323,m_osm_462344084,Brugse Zeil- en Yachtclub,port
no_match,1912.8,quay,Ligplaats kade Combex Bouwlogistiek Schuilenburg,Netherlands waterway,53.201729,6.077833,m_osm_2883684001,Jachthaven Koostertille,port
no_match,1913.9,quay,7935,Belgium waterway,51.141673,3.775608,m_osm_8087252421,VVW Mendonk,port
no_match,1915.8,quay,964,Belgium waterway,51.249945,3.217017,m_osm_1816556549,Koninklijke Brugse zeil- en yachtclub,port
no_match,1915.9,quay,,Netherlands waterway,51.622264,4.767067,m_osm_686502436,WSV Breda,port
no_match,1916.0,quay,,Kanaal Gent-Oostende,51.218328,3.208352,m_osm_1816556549,Koninklijke Brugse zeil- en yachtclub,port
no_match,1916.3,quay,7940,Belgium waterway,51.140831,3.775084,m_osm_8087252421,VVW Mendonk,port
no_match,1917.1,quay,Ligplaats 1 Lekkanaal Westzijde Nieuwegein,Amsterdam-Rijnkanaal,52.027188,5.114122,m_osm_1839055018,WSV Plettenburg,port
no_match,1917.3,quay,7930,Belgium waterway,51.142517,3.776124,m_osm_8087252421,VVW Mendonk,port
no_match,1919.9,quay,Ligplaats Diensthaven Weiwerd,Netherlands waterway,53.314253,6.944781,m_osm_109141847,Jachthaven 't Dok Delfzijl,port
no_match,1920.2,quay,4050,Belgium waterway,51.134677,3.77364,m_osm_8087252421,VVW Mendonk,port
no_match,1921.6,quay,7945,Belgium waterway,51.140101,3.774646,m_osm_8087252421,VVW Mendonk,port
no_match,1922.0,quay,Duna,Donau,47.443071,19.064517,m_osm_343473473,Kalóztanya Vendéglátó Állóhajó és Közforgalmú Hajó állomás,port
no_match,1922.3,quay,Ligplaats 2 Lekkanaal Oostzijde Nieuwegein,Amsterdam-Rijnkanaal,52.026591,5.115597,m_osm_1839055018,WSV Plettenburg,port
no_match,1922.3,quay,1351,Unknown waterway,51.30353,3.837268,m_osm_12407056733,Zeeland Bunkering BV,fuel
no_match,1926.2,quay,7925,Belgium waterway,51.143361,3.776637,m_osm_8087252421,VVW Mendonk,port
no_match,1926.3,quay,Kleinbootanlegestelle,Hochrhein,47.558686,7.613501,m_osm_2127664274,Yacht-Club Hörnle Grenzach-Wyhlen,port
no_match,1927.2,quay,Ligplaats Vlothaven boei 6 amsterdam,IJssel,52.40166,4.857459,m_osm_13526713621,Kokernoot,port
no_match,1927.9,quay,S16,Belgium waterway,51.213228,4.389621,m_osm_625248475,Jachthaven Linkeroever,port
no_match,1928.6,quay,Ligplaats 2 sluis Panheel - Beneden,Netherlands waterway,51.177912,5.852536,m_osm_2632127906,Jachthaven Boschmolenplas,port
no_match,1932.2,quay,7950,Belgium waterway,51.139375,3.774187,m_osm_8087252421,VVW Mendonk,port
no_match,1933.6,quay,Ligplaats Amerikahaven Holland Cargo Terminal Noord Amsterdam,Netherlands waterway,52.423237,4.76709,m_osm_415633186,Jachthaven Nauerna,port
no_match,1937.1,quay,Ligplaats Vissershaven Trawlerkade ZZ Oost IJmuiden,Netherlands waterway,52.459348,4.590112,m_osm_106684570,Marina Seaport IJmuiden,port
no_match,1938.8,quay,8100,Belgium waterway,51.124615,3.760603,m_osm_241795954,Jachthaven Langerbrugge,port
no_match,1939.4,quay,7920,Belgium waterway,51.144202,3.777162,m_osm_8087252421,VVW Mendonk,port
no_match,1941.1,quay,120,Belgium waterway,51.349265,3.191595,m_osm_554945941,Royal Belgian Sailing Club,port
no_match,1945.4,quay,750,Belgium waterway,51.094857,3.734601,m_osm_241795954,Jachthaven Langerbrugge,port
no_match,1946.3,quay,1738,Belgium waterway,51.297573,4.263167,m_osm_837845424,Yacht Club Scaldis,port
no_match,1948.8,quay,,Hochrhein,47.557033,7.613531,m_osm_2127664274,Yacht-Club Hörnle Grenzach-Wyhlen,port
no_match,1949.0,quay,Zevenaarhaven Delta RoRo2 (Verbrugge),Unknown waterway,51.303335,3.837542,m_osm_12407056733,Zeeland Bunkering BV,fuel
no_match,1950.1,quay,7955,Belgium waterway,51.138535,3.773645,m_osm_8087252421,VVW Mendonk,port
no_match,1951.8,quay,,Albertkanaal,50.952796,5.315504,m_osm_317822393,Royal Hasselt Yachting Club,port
no_match,1952.2,quay,,Kanaal Bossuit-Kortrijk,50.831697,3.283217,m_osm_1280257416,Kuurne,port
no_match,1953.0,quay,,Kanaal Bocholt-Herentals,51.18338,4.885236,m_osm_36273295,Jachthaven Herentals,port
no_match,1953.1,quay,123,Belgium waterway,51.343912,3.180985,m_osm_554945941,Royal Belgian Sailing Club,port
no_match,1953.4,quay,,Lek,51.977556,5.230652,m_osm_68187626,Jachthaven De Helling,port
no_match,1958.1,quay,75,Port of Antwerp,51.248294,4.388351,m_osm_19627721,Jachthaven Linkeroever,port
no_match,1959.2,pontoon,BPG-Steiger St. Alban,Hochrhein,47.555222,7.600969,m_osm_2371811036,Motoryachtclub Basel,port
no_match,1959.6,quay,7915,Belgium waterway,51.145149,3.777764,m_osm_8087252421,VVW Mendonk,port
no_match,1959.8,quay,,Kanaal Bossuit-Kortrijk,50.83212,3.281347,m_osm_1280257416,Kuurne,port
no_match,1961.9,pontoon,Steiger Florin / Grisard,Hochrhein,47.537728,7.663671,m_osm_2371780446,MSC Hochrhein,port
no_match,1962.0,pontoon,,Seine (Amont),48.388714,2.806487,m101,Moret-sur-Loing – Halte Nautique,halte
no_match,1962.0,quay,,Rhine,51.0161,6.967984,m_osm_7232924505,Sportboothafen Wiesdorf,port
no_match,1963.0,pontoon,,Seine (Amont),48.388586,2.805895,m101,Moret-sur-Loing – Halte Nautique,halte
no_match,1963.3,quay,,Albertkanaal,51.163921,4.841996,m_osm_36273295,Jachthaven Herentals,port
no_match,1963.9,quay,Ligplaats Vlothaven kade Amsterdam,IJssel,52.400708,4.857575,m_osm_177695057,Amsterdam Marina,port
no_match,1965.3,quay,4040,Belgium waterway,51.133835,3.773079,m_osm_8087252421,VVW Mendonk,port
no_match,1965.6,quay,,Rupel,51.15948,4.607211,m_osm_98241745,Jachthaven VVW Emblem,port
no_match,1967.4,quay,6540,Belgium waterway,51.191051,3.800901,m_osm_279405371,Watersportvereniging Zelzate,port
no_match,1970.7,quay,,Netherlands waterway,52.577769,6.100544,m_osm_444695838,Passantenhaven,port
no_match,1971.0,quay,,Unknown waterway,51.506964,4.244132,m_osm_65410787,WSV De Schelde,port
no_match,1971.4,quay,,Netherlands waterway,51.56941,5.101921,m_osm_1395864394,Piushaven,port
no_match,1972.1,pontoon,,Boven-Rijn / Pannerdens Kanaal,51.867486,6.052901,m_osm_530792412,Tankstation De Bijland,fuel
no_match,1972.3,quay,,Kanaal Bossuit-Kortrijk,50.832453,3.279886,m_osm_1280257416,Kuurne,port
no_match,1972.9,quay,7960,Belgium waterway,51.137698,3.773104,m_osm_8087252421,VVW Mendonk,port
no_match,1973.4,pontoon,,Seine (Amont),48.388921,2.806943,m101,Moret-sur-Loing – Halte Nautique,halte
no_match,1974.8,quay,81PO,Port of Antwerp,51.248647,4.390784,m_osm_19627721,Jachthaven Linkeroever,port
no_match,1976.5,quay,351,Port of Antwerp,51.246047,4.378264,m_osm_19627721,Jachthaven Linkeroever,port
no_match,1976.8,quay,4920,Belgium waterway,51.149503,3.783935,m_osm_8087252421,VVW Mendonk,port
no_match,1977.9,quay,621A,Port of Antwerp,51.31594,4.309794,m_osm_837845424,Yacht Club Scaldis,port
no_match,1979.4,quay,1706,Belgium waterway,51.293459,4.265972,m_osm_837845424,Yacht Club Scaldis,port
no_match,1981.4,quay,,Netherlands waterway,53.201091,6.613558,m_osm_755436289,JSG Stadswerf,port
no_match,1982.5,quay,5630,Belgium waterway,51.190675,3.805477,m_osm_279405371,Watersportvereniging Zelzate,port
no_match,1982.6,quay,81PW,Port of Antwerp,51.248709,4.390638,m_osm_19627721,Jachthaven Linkeroever,port
no_match,1983.5,quay,,Rhine,51.015839,6.96528,m_osm_7232924505,Sportboothafen Wiesdorf,port
no_match,1985.1,quay,,Belgium waterway,50.994986,3.531782,m_osm_264017868,Deinze Yacht Club,port
no_match,1985.1,quay,,Kanaal Bossuit-Kortrijk,50.832002,3.280898,m_osm_1280257416,Kuurne,port
no_match,1985.5,quay,Ligplaats aanlegsteiger voor Vletterlieden/loodsen,Netherlands waterway,52.464474,4.589429,m_osm_106684570,Marina Seaport IJmuiden,port
no_match,1990.2,quay,7910,Belgium waterway,51.14616,3.77837,m_osm_8087252421,VVW Mendonk,port
no_match,1991.2,quay,343,Belgium waterway,51.242876,4.371921,m_osm_19627721,Jachthaven Linkeroever,port
no_match,1991.8,quay,5645,Belgium waterway,51.190599,3.804707,m_osm_279405371,Watersportvereniging Zelzate,port
no_match,1992.4,quay,314,Belgium waterway,51.313457,3.20133,m_osm_462344084,Brugse Zeil- en Yachtclub,port
no_match,1993.1,quay,Festmachstelle,Saar,49.230153,6.995108,m_osm_567360463,Charterhafen Saarbrücken-Arnual,port
no_match,1995.0,quay,,Kanaal Bocholt-Herentals,51.168971,4.833951,m_osm_36273295,Jachthaven Herentals,port
no_match,1996.4,pontoon,,Donau,43.859131,25.958253,m_osm_508231317,Yacht Club Port Rousse,port
no_match,1998.7,quay,5690,Belgium waterway,51.190605,3.802908,m_osm_279405371,Watersportvereniging Zelzate,port
no_match,1999.6,quay,,Kanaal Bocholt-Herentals,51.230123,5.142727,m_osm_1305739099,Zilvermeerhaven,port
no_match,1999.7,quay,85,Port of Antwerp,51.248938,4.392938,m_osm_19627721,Jachthaven Linkeroever,port
no_match,2000.5,quay,Ligplaats veersteiger Sophiapolder Hendrik-Ido-Ambacht,Netherlands waterway,51.835058,4.662853,m_osm_489776422,WSV Papendrecht,port
no_match,2000.7,quay,7965,Belgium waterway,51.136858,3.772561,m_osm_8087252421,VVW Mendonk,port
no_match,2000.8,quay,9410,Belgium waterway,51.09523,3.730496,m_osm_241795954,Jachthaven Langerbrugge,port
no_match,2003.0,quay,2280,Belgium waterway,51.124022,3.762863,m_osm_241795954,Jachthaven Langerbrugge,port
no_match,2005.8,quay,Ligplaats Hengelo - Van Heteren,Netherlands waterway,52.247307,6.791163,m_osm_170673593,Twentse Watersport Vereniging,port
no_match,2006.5,quay,Ligplaats Neptunushaven PK Waterbouw Amsterdam,IJssel,52.398241,4.857972,m_osm_177695057,Amsterdam Marina,port
no_match,2006.6,quay,Ligplaats 4 steiger Shell Chemie Moerdijk,Hollands Diep,51.690234,4.556703,m_osm_2814634671,Jachthaven Noordschans,port
no_match,2007.4,quay,Ligplaats Afvalstoffen Terminal Moerdijk bv Moerdijk,Hollands Diep,51.696619,4.59742,m_osm_1935108154,Jachthaven Strijensas,port
no_match,2010.3,quay,,Netherlands waterway,51.838267,4.659883,m_osm_3078600480,WSV Hendrik Ido Ambacht,port
no_match,2010.7,quay,625D,Port of Antwerp,51.317464,4.307814,m_osm_837845424,Yacht Club Scaldis,port
no_match,2010.7,quay,990,Belgium waterway,51.094777,3.751798,m_osm_241795954,Jachthaven Langerbrugge,port
no_match,2012.2,quay,,Kanaal Bocholt-Herentals,51.226985,5.125131,m_osm_1223232168,Nuclea Yacht Club,port
no_match,2012.9,quay,920,Belgium waterway,51.094086,3.748172,m_osm_241795954,Jachthaven Langerbrugge,port
no_match,2013.0,quay,83PO,Port of Antwerp,51.249047,4.392247,m_osm_19627721,Jachthaven Linkeroever,port
no_match,2014.0,quay,611,Port of Antwerp,51.310807,4.316012,m_osm_837845424,Yacht Club Scaldis,port
no_match,2014.2,quay,111,Port of Antwerp,51.250406,4.402976,m_osm_4322795,Kempisch dok,port
no_match,2016.8,quay,,Albertkanaal,51.160785,4.850666,m_osm_36273295,Jachthaven Herentals,port
no_match,2017.3,quay,Ligplaats Vissershaven Halkade IJmuiden,Netherlands waterway,52.459983,4.591259,m_osm_106684570,Marina Seaport IJmuiden,port
no_match,2019.4,quay,4030,Belgium waterway,51.132961,3.772453,m_osm_8087252421,VVW Mendonk,port
no_match,2020.1,quay,613,Port of Antwerp,51.312112,4.315081,m_osm_837845424,Yacht Club Scaldis,port
no_match,2020.8,quay,7905,Belgium waterway,51.147067,3.778961,m_osm_8087252421,VVW Mendonk,port
no_match,2021.1,quay,"Fahrgastlände Linz, Land Oberösterreich",Donau,48.307698,14.285632,m_osm_2150418535,MYCN - Motor Yacht Club Nibelungen,port
no_match,2021.3,quay,83PW,Port of Antwerp,51.249116,4.391998,m_osm_19627721,Jachthaven Linkeroever,port
no_match,2022.9,quay,124,Port of Antwerp,51.251249,4.405925,m_osm_4322795,Kempisch dok,port
no_match,2023.9,quay,Ligplaats 2 Sluis Dieren,Netherlands waterway,52.049538,6.115003,m_osm_59366371,Droompark Marina Strandbad,port
no_match,2024.0,quay,,Leie,50.779396,3.097849,m_osm_114555530,Port de plaisance d'Halluin,port
no_match,2024.4,quay,,Dender,51.042503,4.082342,m_osm_3872683655,Costa Zela,port
no_match,2024.6,quay,Ligplaats 1 sluis Panheel - Beneden,Netherlands waterway,51.177866,5.85116,m_osm_2632127906,Jachthaven Boschmolenplas,port
no_match,2025.5,quay,Ligplaats 1 Sluis Dieren,Netherlands waterway,52.049271,6.114468,m_osm_59366371,Droompark Marina Strandbad,port
no_match,2025.6,quay,,Netherlands waterway,51.620595,5.50736,m_osm_725050041,Passantenhaven Veghel,port
no_match,2026.4,quay,625C,Port of Antwerp,51.317374,4.308341,m_osm_837845424,Yacht Club Scaldis,port
no_match,2027.7,pontoon,Steiger Wild Maa - Fähri Grossbasel,Hochrhein,47.555258,7.602603,m_osm_2371811036,Motoryachtclub Basel,port
no_match,2029.8,quay,909,Belgium waterway,51.251118,3.218184,m_osm_1816556549,Koninklijke Brugse zeil- en yachtclub,port
no_match,2032.3,quay,414,Belgium waterway,51.314004,3.210383,m_osm_462344084,Brugse Zeil- en Yachtclub,port
no_match,2033.0,quay,7970,Belgium waterway,51.136017,3.772019,m_osm_8087252421,VVW Mendonk,port
no_match,2033.6,quay,,Amsterdam-Rijnkanaal,52.114256,5.062593,m_osm_209274021,Jachthaven Den Hoek,port
no_match,2034.5,quay,Ligplaats Zijkanaal G De Burcht Kade Zaandam,Netherlands waterway,52.438163,4.827528,m_osm_2896082747,Jachthaven De Hippert,port
no_match,2034.8,quay,,Netherlands waterway,52.47108,4.584106,m_osm_106684570,Marina Seaport IJmuiden,port
no_match,2035.6,quay,Ligplaats Antwerpen RO kmp 3.8,Belgium waterway,51.212333,4.388749,m_osm_625248475,Jachthaven Linkeroever,port
no_match,2035.9,quay,8090,Belgium waterway,51.125292,3.761485,m_osm_241795954,Jachthaven Langerbrugge,port
no_match,2036.2,quay,413,Belgium waterway,51.314453,3.212489,m_osm_462344084,Brugse Zeil- en Yachtclub,port
no_match,2037.2,quay,Wartelände Greifenstein Unterwasser,Donau,48.35455,16.261552,m_osm_288436725,Alter Hafen,port
no_match,2040.7,quay,Ligplaats Sivomatic Hollandsch Diep Moerdijk,Hollands Diep,51.701942,4.610887,m_osm_1935108154,Jachthaven Strijensas,port
no_match,2041.1,quay,,Rhine,51.456487,6.775601,m_osm_431072361,Marina Duisburg,port
no_match,2042.9,quay,Ligplaats Neptunushaven Ontsmettingspalen Amsterdam,IJssel,52.397792,4.857658,m_osm_177695057,Amsterdam Marina,port
no_match,2044.4,pontoon,Steiger Roche,Hochrhein,47.557368,7.60635,m_osm_2371811036,Motoryachtclub Basel,port
no_match,2046.1,quay,615,Port of Antwerp,51.313271,4.314429,m_osm_837845424,Yacht Club Scaldis,port
no_match,2047.4,quay,,Netherlands waterway,51.662744,4.833848,m_osm_316312859,WSV Sluis 1,port
no_match,2048.2,quay,321,Port of Antwerp,51.248553,4.384572,m_osm_19627721,Jachthaven Linkeroever,port
no_match,2048.2,quay,,Rupel,51.160329,4.60777,m_osm_98241745,Jachthaven VVW Emblem,port
no_match,2052.3,quay,Luger-Linz,Donau,48.308844,14.283693,m_osm_2150418535,MYCN - Motor Yacht Club Nibelungen,port
no_match,2054.4,quay,7900,Belgium waterway,51.147912,3.779506,m_osm_8087252421,VVW Mendonk,port
no_match,2055.4,quay,77,Port of Antwerp,51.249267,4.389232,m_osm_19627721,Jachthaven Linkeroever,port
no_match,2057.5,quay,Brigittenau II,Donau,48.248837,16.380747,m_osm_1178234226,Eiltank 52,fuel
no_match,2059.5,quay,5615,Belgium waterway,51.189983,3.805508,m_osm_279405371,Watersportvereniging Zelzate,port
no_match,2065.5,quay,6560,Belgium waterway,51.190154,3.800931,m_osm_279405371,Watersportvereniging Zelzate,port
no_match,2067.5,quay,Ligplaats Hengelo 6,Netherlands waterway,52.247705,6.792228,m_osm_170673593,Twentse Watersport Vereniging,port
no_match,2067.8,quay,5660,Belgium waterway,51.189931,3.804064,m_osm_279405371,Watersportvereniging Zelzate,port
no_match,2068.3,quay,4930,Belgium waterway,51.150493,3.783863,m_osm_8087252421,VVW Mendonk,port
no_match,2071.3,quay,Ligplaats Havenweg Vianen,Lek,51.98532,5.096697,m_osm_3012966896,Zeilvereniging De Lek,port
no_match,2071.3,quay,7975,Belgium waterway,51.135146,3.771454,m_osm_8087252421,VVW Mendonk,port
no_match,2071.7,quay,,Leie,50.90026,3.373785,m_osm_1082686157,Yachthaven Ooigem Leiekanaal,port
no_match,2073.2,quay,270,Belgium waterway,51.09416,3.732005,m_osm_241795954,Jachthaven Langerbrugge,port
no_match,2073.5,quay,,Zeekanaal Brussel-Schelde,51.090077,4.345214,m_osm_111869545,yachtclub Volante,port
no_match,2073.8,quay,Ligplaats Zanzibarhaven Coasterkade Amsterdam,Netherlands waterway,52.419894,4.744307,m_osm_415633186,Jachthaven Nauerna,port
no_match,2075.0,quay,617,Port of Antwerp,51.31499,4.312994,m_osm_837845424,Yacht Club Scaldis,port
no_match,2078.0,quay,Ligplaats Buitenhaven Pelt & Hooykaas Velsen-Noord,Netherlands waterway,52.471393,4.584502,m_osm_106684570,Marina Seaport IJmuiden,port
no_match,2078.4,pontoon,,Oise,49.432347,2.840703,m161,Port de Plaisance de Compiègne,port
no_match,2078.7,quay,,Hochrhein,47.555381,7.603925,m_osm_2371811036,Motoryachtclub Basel,port
no_match,2079.5,pontoon,,Unknown waterway,53.19447,5.436351,m_osm_1291039459,Harlinger Watersportvereniging,port
no_match,2079.7,quay,,Kanaal Bocholt-Herentals,51.189616,4.954854,m_osm_4447544120,Yachting Club Geel,port
no_match,2082.3,quay,Duna,Donau,47.443133,19.062318,m_osm_343473473,Kalóztanya Vendéglátó Állóhajó és Közforgalmú Hajó állomás,port
no_match,2085.2,quay,,Netherlands waterway,51.662803,4.832409,m_osm_316312859,WSV Sluis 1,port
no_match,2085.2,quay,353,Port of Antwerp,51.246069,4.375533,m_osm_19627721,Jachthaven Linkeroever,port
no_match,2085.9,quay,4020,Belgium waterway,51.132032,3.771722,m_osm_8087252421,VVW Mendonk,port
no_match,2087.2,quay,2290,Belgium waterway,51.124632,3.763605,m_osm_241795954,Jachthaven Langerbrugge,port
no_match,2088.1,quay,Ligplaats haven Moerdijk,Hollands Diep,51.704278,4.62243,m_osm_1196173419,Watersportvereniging De Kil,port
no_match,2089.0,quay,601,Port of Antwerp,51.307209,4.318982,m_osm_837845424,Yacht Club Scaldis,port
no_match,2090.6,quay,370,Belgium waterway,51.074431,3.737001,m_osm_1301287574,Portus Ganda,port
no_match,2091.7,quay,416,Belgium waterway,51.313009,3.207797,m_osm_462344084,Brugse Zeil- en Yachtclub,port
no_match,2091.8,quay,,Lek,51.976565,5.086674,m_osm_3250884857,Watersportvereniging De Peiler,port
no_match,2094.7,quay,Ligplaats 1 Spijk,Boven-Rijn / Pannerdens Kanaal,51.843507,6.16153,m_osm_274598962,Wassersportclub Kleve e.V. (WSCKL),port
no_match,2094.7,quay,715,Belgium waterway,51.218039,2.967877,m_osm_127979467,Royal Yacht Club Oostende,port
no_match,2096.7,quay,Zevenaarhaven Juliet,Unknown waterway,51.301888,3.837316,m_osm_12407056733,Zeeland Bunkering BV,fuel
no_match,2096.8,quay,Liegemöglichkeit Bad Hönningen,Rhine,50.506019,7.311752,m_osm_2612452192,Sportboothafen Brohl,port
no_match,2097.9,quay,9420,Belgium waterway,51.094393,3.730075,m_osm_241795954,Jachthaven Langerbrugge,port
no_match,2099.2,quay,83B,Port of Antwerp,51.249833,4.393021,m_osm_19627721,Jachthaven Linkeroever,port
no_match,2100.8,quay,745,Belgium waterway,51.093371,3.734881,m_osm_241795954,Jachthaven Langerbrugge,port
no_match,2102.2,quay,5675,Belgium waterway,51.189665,3.803002,m_osm_279405371,Watersportvereniging Zelzate,port
no_match,2102.6,quay,7895,Belgium waterway,51.148974,3.780194,m_osm_8087252421,VVW Mendonk,port
no_match,2103.6,quay,Ligplaats Amerikahaven Voorbij Beton Amsterdam,Netherlands waterway,52.423739,4.772376,m_osm_415633186,Jachthaven Nauerna,port
no_match,2105.0,quay,1205,Unknown waterway,51.301823,3.837382,m_osm_12407056733,Zeeland Bunkering BV,fuel
no_match,2106.8,quay,319,Port of Antwerp,51.248575,4.382138,m_osm_19627721,Jachthaven Linkeroever,port
no_match,2110.4,quay,Ligplaats Zijkanaal G Bode Centrum Oost Zaandam,Netherlands waterway,52.437939,4.82635,m_osm_2896082747,Jachthaven De Hippert,port
no_match,2110.7,quay,,Bovenschelde,50.780141,3.48424,m_osm_1266763915,Kloron,port
no_match,2111.7,quay,,Belgium waterway,51.189527,3.804373,m_osm_279405371,Watersportvereniging Zelzate,port
no_match,2112.3,quay,113,Port of Antwerp,51.251185,4.402309,m_osm_4322795,Kempisch dok,port
no_match,2114.5,quay,7980,Belgium waterway,51.134268,3.770884,m_osm_8087252421,VVW Mendonk,port
no_match,2115.1,quay,,Kanaal Bocholt-Herentals,51.227259,5.126667,m_osm_1223232168,Nuclea Yacht Club,port
no_match,2115.7,quay,Ligplaats Passewaaij - Korevaer Steenfabriek,Waal,51.863347,5.418431,m_osm_8610048660,De Polderbol,halte
no_match,2116.9,quay,S15,Belgium waterway,51.211687,4.387887,m_osm_625248475,Jachthaven Linkeroever,port
no_match,2119.0,quay,,Rupel,51.160746,4.608551,m_osm_98241745,Jachthaven VVW Emblem,port
no_match,2120.1,quay,83A,Port of Antwerp,51.250016,4.392501,m_osm_19627721,Jachthaven Linkeroever,port
no_match,2120.6,quay,619,Port of Antwerp,51.316295,4.312085,m_osm_837845424,Yacht Club Scaldis,port
no_match,2121.3,quay,415,Belgium waterway,51.312741,3.207834,m_osm_462344084,Brugse Zeil- en Yachtclub,port
no_match,2121.5,quay,Ligplaats Van Oord Moerdijk,Hollands Diep,51.696302,4.600682,m_osm_1935108154,Jachthaven Strijensas,port
no_match,2122.1,quay,,Netherlands waterway,51.809003,4.608215,m_osm_400332332,De Waterlelie,port
no_match,2122.6,quay,4940,Belgium waterway,51.151316,3.784398,m_osm_8087252421,VVW Mendonk,port
no_match,2124.4,quay,Kegelligplaats Dorkwerd,Netherlands waterway,53.254514,6.51647,m_osm_127077125,Jachthaven Reitdiep,port
no_match,2124.6,quay,Border Police Berth,Donau,43.771276,24.538626,m_osm_707599445,Portul Turistic Corabia,port
no_match,2124.9,pontoon,,Donau,43.771376,24.53863,m_osm_707599445,Portul Turistic Corabia,port
no_match,2131.1,quay,Liegestelle WSV,Saar,49.372054,6.699387,m_osm_634729651,Sportboothafen Dillingen,port
no_match,2131.2,quay,"Fahrgastlände Emmersdorf, Donaustation 38",Donau,48.240196,15.33694,m_osm_333012197,Yachthafen Emmersdorf,port
no_match,2132.0,quay,,Leie,50.900415,3.37461,m_osm_1082686157,Yachthaven Ooigem Leiekanaal,port
no_match,2132.5,quay,,Albertkanaal,51.236102,4.445905,m_osm_4322795,Kempisch dok,port
no_match,2135.1,quay,,Amsterdam-Rijnkanaal,52.099976,5.083386,m_osm_1420183411,Passantenhaven Weerdsluis,port
no_match,2135.8,quay,Ligplaats Sonthaven Handelsveem Palen Amsterdam,Netherlands waterway,52.405406,4.832003,m_osm_13526713621,Kokernoot,port
no_match,2137.0,quay,965,Belgium waterway,51.251909,3.216494,m_osm_1816556549,Koninklijke Brugse zeil- en yachtclub,port
no_match,2137.1,pontoon,Splav Zeppelin,Donau,45.250564,19.8563,m_osm_1882129488,Yachtclub Liman,port
no_match,2138.9,quay,Ankerplaats Bergsche Veld Lage Zwaluwe,Hollands Diep,51.718379,4.666114,m_osm_99427008,Jachthaven Crezée,port
no_match,2139.3,quay,Duna,Donau,47.444392,19.062127,m_osm_343473473,Kalóztanya Vendéglátó Állóhajó és Közforgalmú Hajó állomás,port
no_match,2140.8,quay,8080,Belgium waterway,51.126046,3.762399,m_osm_241795954,Jachthaven Langerbrugge,port
no_match,2143.7,quay,79,Port of Antwerp,51.250126,4.390007,m_osm_19627721,Jachthaven Linkeroever,port
no_match,2144.5,quay,375,Belgium waterway,51.07485,3.737871,m_osm_1301287574,Portus Ganda,port
no_match,2144.8,quay,,Zeekanaal Brussel-Schelde,51.089812,4.343286,m_osm_111869545,yachtclub Volante,port
no_match,2145.1,quay,4010,Belgium waterway,51.131268,3.7711,m_osm_8087252421,VVW Mendonk,port
no_match,2145.2,quay,,Beneden-Merwede,51.723937,4.959009,m_osm_183169655,Jachthaven 't Oude Maasje,port
no_match,2146.7,pontoon,,Donau,43.86002,25.959718,m_osm_508231317,Yacht Club Port Rousse,port
no_match,2146.9,quay,Ligplaats Zijkanaal G Bode Centrum West Zaandam,Netherlands waterway,52.438031,4.825825,m_osm_2896082747,Jachthaven De Hippert,port
no_match,2149.6,quay,5600,Belgium waterway,51.189179,3.804739,m_osm_279405371,Watersportvereniging Zelzate,port
no_match,2151.1,quay,616,Belgium waterway,51.352058,3.212469,m_osm_554945941,Royal Belgian Sailing Club,port
no_match,2151.8,quay,,Netherlands waterway,51.675393,4.845603,m_osm_2978966195,Jachthaven DOK12,port
no_match,2156.1,quay,124,Belgium waterway,51.34416,3.177703,m_osm_554945941,Royal Belgian Sailing Club,port
no_match,2156.9,quay,Ligplaats Middelharnis - Loswal,Haringvliet,51.773363,4.191117,m_osm_2580610337,Watersportvereniging Flacquee,port
no_match,2157.9,quay,7985,Belgium waterway,51.133488,3.770358,m_osm_8087252421,VVW Mendonk,port
no_match,2158.4,quay,Zevenaarhaven Echo (Verbrugge),Unknown waterway,51.301831,3.839704,m_osm_12407056733,Zeeland Bunkering BV,fuel
no_match,2162.9,quay,Ligplaats Zanzibarhaven Binnenvaartkade Amsterdam,Netherlands waterway,52.41958,4.741463,m_osm_415633186,Jachthaven Nauerna,port
no_match,2162.9,quay,Liegestelle Schreckling,Rhine,51.44084,6.71319,m_osm_431072366,Ruhrorter Yachtclub e.V. - Süd,port
no_match,2163.0,quay,Wartelände Altenwörth Oberwasser,Donau,48.379512,15.837837,m_osm_101627915,Yachthafen WSCA Altenwörth,port
no_match,2165.6,quay,Ligplaats Sonthaven Handelsveem Kade Amsterdam,Netherlands waterway,52.405168,4.831771,m_osm_13526713621,Kokernoot,port
no_match,2165.9,quay,629A,Port of Antwerp,51.31887,4.308571,m_osm_837845424,Yacht Club Scaldis,port
no_match,2166.5,quay,Ligplaats 5 Prins Bernhardsluis Noord,Amsterdam-Rijnkanaal,51.907051,5.450119,m_osm_3018764612,Tielse Watersportvereniging De Waal,port
no_match,2167.0,quay,6580,Belgium waterway,51.189228,3.800961,m_osm_279405371,Watersportvereniging Zelzate,port
no_match,2167.9,quay,Ligplaats 1 Mainhaven Bovenkamp Oost Amsterdam,Netherlands waterway,52.392527,4.823644,m_osm_222267337,VVE Noordzijde,port
no_match,2168.2,quay,Ligplaats OBM NIH Moerdijk,Hollands Diep,51.69605,4.601424,m_osm_1935108154,Jachthaven Strijensas,port
no_match,2169.2,quay,629B,Port of Antwerp,51.319073,4.308221,m_osm_837845424,Yacht Club Scaldis,port
no_match,2170.1,quay,,Kanaal Bossuit-Kortrijk,50.828765,3.297161,m_osm_1280257416,Kuurne,port
no_match,2170.3,quay,126,Port of Antwerp,51.252419,4.404859,m_osm_4322795,Kempisch dok,port
no_match,2170.9,quay,365,Belgium waterway,51.075216,3.736027,m_osm_1301287574,Portus Ganda,port
no_match,2171.1,quay,81,Port of Antwerp,51.250444,4.391366,m_osm_19627721,Jachthaven Linkeroever,port
no_match,2171.5,quay,Ligplaats 1 Lekkanaal Oostzijde Nieuwegein,Amsterdam-Rijnkanaal,52.029425,5.115353,m_osm_1839055018,WSV Plettenburg,port
no_match,2172.9,quay,2380,Belgium waterway,51.130676,3.770911,m_osm_8087252421,VVW Mendonk,port
no_match,2173.0,quay,Wartelände Melk Oberwasser,Donau,48.222317,15.285425,m_osm_333012197,Yachthafen Emmersdorf,port
no_match,2174.1,quay,Ligplaats Sivomatic Roode Vaart Moerdijk,Hollands Diep,51.699654,4.610081,m_osm_1935108154,Jachthaven Strijensas,port
no_match,2175.2,quay,2300,Belgium waterway,51.125302,3.76433,m_osm_241795954,Jachthaven Langerbrugge,port
no_match,2175.5,quay,317,Port of Antwerp,51.248596,4.379751,m_osm_19627721,Jachthaven Linkeroever,port
no_match,2175.9,quay,Ligplaats Middelharnis - Passagierssteiger,Haringvliet,51.773244,4.191641,m_osm_2580610337,Watersportvereniging Flacquee,port
no_match,2178.8,quay,541,Port of Antwerp,51.304974,4.320786,m_osm_837845424,Yacht Club Scaldis,port
no_match,2178.9,quay,Wachtplaats Prinses Marijkesluis zijde Betuwepand Rijswijk (Gld),Netherlands waterway,51.952713,5.362374,m_osm_1672869237,Stadshaven Wijk bij Duurstede,port
no_match,2180.6,quay,355,Port of Antwerp,51.246122,4.373408,m_osm_19627721,Jachthaven Linkeroever,port
no_match,2180.7,quay,4950,Belgium waterway,51.152148,3.784938,m_osm_8087252421,VVW Mendonk,port
no_match,2181.8,quay,275,Belgium waterway,51.092917,3.733083,m_osm_241795954,Jachthaven Langerbrugge,port
no_match,2184.3,quay,,Amsterdam-Rijnkanaal,52.100042,5.082675,m_osm_1420183411,Passantenhaven Weerdsluis,port
no_match,2184.6,quay,,Amsterdam-Rijnkanaal,52.11303,5.065625,m_osm_209274021,Jachthaven Den Hoek,port
no_match,2185.3,quay,138,Port of Antwerp,51.253685,4.413716,m_osm_4322795,Kempisch dok,port
no_match,2188.3,quay,Liegestelle WSP,Saar,49.372579,6.699465,m_osm_634729651,Sportboothafen Dillingen,port
no_match,2189.5,quay,Garant Tiernahrung,Donau,48.213857,15.223739,m_osm_2150615445,Sporthafen Pöchlarn,port
no_match,2189.6,quay,7890,Belgium waterway,51.149944,3.780021,m_osm_8087252421,VVW Mendonk,port
no_match,2190.2,quay,,Kanaal Bocholt-Herentals,51.183995,4.888495,m_osm_36273295,Jachthaven Herentals,port
no_match,2190.6,quay,1736,Belgium waterway,51.295301,4.260851,m_osm_837845424,Yacht Club Scaldis,port
no_match,2193.3,quay,9430,Belgium waterway,51.093522,3.729849,m_osm_241795954,Jachthaven Langerbrugge,port
no_match,2195.7,quay,Ligplaats Ulgersmakade Groningen,Netherlands waterway,53.237854,6.573382,m_osm_127077120,Motorboot Club Groningen,port
no_match,2197.5,quay,136,Port of Antwerp,51.253699,4.411898,m_osm_4322795,Kempisch dok,port
no_match,2198.4,quay,Liegeplatz Wasserbaugeräte,Hochrhein,47.555834,7.607019,m_osm_2371811036,Motoryachtclub Basel,port
no_match,2199.5,quay,,Netherlands waterway,51.499701,5.287964,m_osm_1395865479,Passantenhaven Oirschot,port
no_match,2199.7,quay,VOEST-Alpine,Donau,48.27453,14.35534,m_osm_117626204,Motoryachtclub Steyregg,port
no_match,2204.3,quay,127,Belgium waterway,51.34945,3.184769,m_osm_554945941,Royal Belgian Sailing Club,port
no_match,2204.7,quay,Ligplaats Vissershaven K.N.R.M. IJmuiden,Netherlands waterway,52.45801,4.594025,m_osm_106684570,Marina Seaport IJmuiden,port
no_match,2205.1,quay,Ligplaats Vissershaven Dok IJmuiden,Netherlands waterway,52.458369,4.594055,m_osm_106684570,Marina Seaport IJmuiden,port
no_match,2205.2,quay,,Dender,50.964503,4.044968,m_osm_8867559693,Jachthaven VVW Aalst,port
no_match,2207.0,quay,740,Belgium waterway,51.092255,3.735912,m_osm_241795954,Jachthaven Langerbrugge,port
no_match,2208.7,quay,,Leie,50.908031,3.402479,m_osm_3211749240,Jachthaven Zulte,port
no_match,2209.5,quay,7990,Belgium waterway,51.132688,3.769763,m_osm_8087252421,VVW Mendonk,port
no_match,2211.5,quay,Liegestelle,Saar,49.232083,6.993344,m_osm_567360463,Charterhafen Saarbrücken-Arnual,port
no_match,2211.8,quay,126,Belgium waterway,51.347759,3.18142,m_osm_554945941,Royal Belgian Sailing Club,port
no_match,2215.6,quay,B慮氀耀ｙ욈鵉耀1澳㠀耀｛욶鹀耀〲㠱퐀繘｝운齴耀畄慮渀耀｟욲ꀀ耀噏F㤀耀ｑ우ꄨ耀癉ᅇἡｓ욾ꊂ耀㤷㤹瀀耀ｕ욼ꍉ耀1⁴灵耀ｗ욺ꓐ耀噏F㜰㘱ｉ울ꖂ耀裤㞧ἡｋ욦ꘀ耀㤷㤹㬀耀ｍ욤Ꝙ耀㤷㤹耀䷯ｏ욢꡸耀〲㠱琀耀ａ욠꧈耀噏F㰀耀ｃ욮꩘耀〲㠱,Donau,47.460649,19.060791,m_osm_6943300825,MOL,fuel
no_match,2218.0,quay,Liegestelle Rheinauhafen Becken 21,Rhine,49.434524,8.516062,m_osm_975087207,MCK Motoryacht-Club Mannheim,port
no_match,2220.3,quay,134,Port of Antwerp,51.253723,4.409885,m_osm_4322795,Kempisch dok,port
no_match,2220.8,quay,,Dordtsche Kil,51.799275,4.640185,m_osm_1368200086,"WSV ""Maartensgat""",port
no_match,2224.2,quay,2370,Belgium waterway,51.130201,3.770347,m_osm_8087252421,VVW Mendonk,port
no_match,2224.7,quay,Ligplaats Gooskens Houthandel Moerdijk,Hollands Diep,51.69374,4.587802,m_osm_1935108154,Jachthaven Strijensas,port
no_match,2225.1,quay,aus Altdatenbestand übernommen,Rhine,51.328432,6.721334,m_osm_183217153,Crefelder Yacht Club (CYC),port
no_match,2225.5,quay,,Netherlands waterway,52.399775,4.652386,m_osm_602926559,De Rietpol,port
no_match,2226.6,pontoon,,Belgium waterway,51.351434,3.18934,m_osm_554945941,Royal Belgian Sailing Club,port
no_match,2228.0,quay,115,Port of Antwerp,51.252103,4.401524,m_osm_4322795,Kempisch dok,port
no_match,2230.2,quay,Dalbenanlegestelle,Saar,49.200945,7.022266,m_osm_4782331021,Steg PSV Saarland,port
no_match,2230.9,quay,730,Belgium waterway,51.091878,3.737446,m_osm_241795954,Jachthaven Langerbrugge,port
no_match,2231.1,quay,Liegestelle,Saar,49.337655,6.722871,m_osm_634729651,Sportboothafen Dillingen,port
no_match,2235.9,quay,Liegeplatz Trarbach,Mosel,49.948441,7.117813,m_osm_530787671,Hafen Traben-Trarbach,port
no_match,2236.5,quay,,Netherlands waterway,52.398018,4.654733,m_osm_602926559,De Rietpol,port
no_match,2237.8,quay,Ligplaats Amerikahaven Holland Cargo Terminal Zuid Amsterdam,Netherlands waterway,52.42059,4.768582,m_osm_415633186,Jachthaven Nauerna,port
no_match,2239.0,quay,,Netherlands waterway,51.625168,4.767398,m_osm_686502436,WSV Breda,port
no_match,2240.9,quay,128,Belgium waterway,51.351264,3.188365,m_osm_554945941,Royal Belgian Sailing Club,port
no_match,2241.8,quay,4960,Belgium waterway,51.152981,3.785478,m_osm_8087252421,VVW Mendonk,port
no_match,2242.2,quay,,Beneden-Merwede,51.720701,4.892683,m_osm_183169161,Watersportcentrum Hermenzeil b.v.,port
no_match,2242.6,quay,,Netherlands waterway,52.000347,6.162665,m_osm_1140833256,W.S.V. De Oude IJssel,port
no_match,2243.2,quay,132,Port of Antwerp,51.253739,4.408347,m_osm_4322795,Kempisch dok,port
no_match,2244.2,quay,5585,Belgium waterway,51.188346,3.803943,m_osm_279405371,Watersportvereniging Zelzate,port
no_match,2244.5,quay,7885,Belgium waterway,51.150151,3.779217,m_osm_8087252421,VVW Mendonk,port
no_match,2246.1,quay,8070,Belgium waterway,51.126802,3.763315,m_osm_241795954,Jachthaven Langerbrugge,port
no_match,2246.6,quay,380,Belgium waterway,51.075805,3.737519,m_osm_1301287574,Portus Ganda,port
no_match,2247.9,quay,930,Belgium waterway,51.092127,3.749606,m_osm_241795954,Jachthaven Langerbrugge,port
no_match,2249.6,quay,Ankerplaats Kerkeinde,Netherlands waterway,51.82481,4.914118,m_osm_1739173350,W.S.V. 'Huibjesbrug',port
no_match,2250.2,quay,Ligplaats Moezelhaven Golden Arrow Oost Amsterdam,Netherlands waterway,52.392863,4.818085,m_osm_178828118,De Duikelaar,port
no_match,2250.6,quay,Liegestelle Dorfprozelten 2,Main,49.775439,9.380249,m_osm_431045310,Bootsmarina Hock-Boote,port
no_match,2250.8,quay,,Amsterdam-Rijnkanaal,52.203736,5.020451,m_osm_2885742076,Van Heusden Watersport,port
no_match,2252.3,quay,Liegestelle Hausen unterer Vorhafen,Main-Donau-Kanal,49.687667,11.041584,m_osm_8147471328,Stadthafen Forchheim,port
no_match,2254.2,quay,315,Port of Antwerp,51.248616,4.377364,m_osm_19627721,Jachthaven Linkeroever,port
no_match,2254.9,quay,Ruse-berth1a,Donau,43.828839,25.925911,m_osm_508231317,Yacht Club Port Rousse,port
no_match,2255.8,quay,Ligplaats Moezelhaven Golden Arrow West Amsterdam,Netherlands waterway,52.392894,4.817867,m_osm_178828118,De Duikelaar,port
no_match,2256.7,quay,,Albertkanaal,51.235887,4.447731,m_osm_4322795,Kempisch dok,port
no_match,2257.0,quay,,Maas,51.729972,5.884278,m_osm_745712885,Jachthaven De Driesen,port
no_match,2258.1,quay,615,Belgium waterway,51.352385,3.215656,m_osm_554945941,Royal Belgian Sailing Club,port
no_match,2259.1,quay,Deggendorf Helfkam,Donau,48.832222,12.94108,m_osm_2339243116,Schutzhafen Deggendorf,port
no_match,2259.2,quay,125,Belgium waterway,51.346068,3.178072,m_osm_554945941,Royal Belgian Sailing Club,port
no_match,2259.6,quay,,Kanaal Bossuit-Kortrijk,50.828166,3.29925,m_osm_1280257416,Kuurne,port
no_match,2259.8,quay,1708,Belgium waterway,51.291202,4.263599,m_osm_837845424,Yacht Club Scaldis,port
no_match,2260.3,quay,,Albertkanaal,51.239508,4.446729,m_osm_4322795,Kempisch dok,port
no_match,2260.6,quay,,Albertkanaal,51.169663,4.82905,m_osm_36273295,Jachthaven Herentals,port
no_match,2261.4,quay,720,Belgium waterway,51.091489,3.739027,m_osm_241795954,Jachthaven Langerbrugge,port
no_match,2263.7,pontoon,,Belgium waterway,51.210517,4.38651,m_osm_625248475,Jachthaven Linkeroever,port
no_match,2263.9,quay,,Maas,51.818668,5.476687,m_osm_824274934,WSV De Maaskant,port
no_match,2263.9,quay,Duna,Donau,47.443203,19.059839,m_osm_343473473,Kalóztanya Vendéglátó Állóhajó és Közforgalmú Hajó állomás,port
no_match,2267.8,quay,128,Port of Antwerp,51.25328,4.404542,m_osm_4322795,Kempisch dok,port
no_match,2268.5,quay,6600,Belgium waterway,51.188303,3.800982,m_osm_279405371,Watersportvereniging Zelzate,port
no_match,2269.0,quay,Liegestelle,Saar,49.232699,6.993003,m_osm_567360463,Charterhafen Saarbrücken-Arnual,port
no_match,2269.8,quay,140,Port of Antwerp,51.254471,4.414822,m_osm_4322795,Kempisch dok,port
no_match,2271.0,quay,,Netherlands waterway,51.807116,4.763034,m_osm_2948275720,WSV Kop van 't Land,port
no_match,2273.0,quay,Langenschönbichl,Donau,48.341302,15.966517,m_osm_1872392089,Boot-Club Zwentendorf,port
no_match,2274.0,quay,Ankerplaats sluis Lith - Beneden,Maas,51.809271,5.448064,m_osm_824274936,Jan de Groot Watersportcentrum,port
no_match,2275.4,quay,Ligplaats Vissershaven steigers IJmuiden,Netherlands waterway,52.458364,4.595093,m_osm_106684570,Marina Seaport IJmuiden,port
no_match,2275.5,quay,Ligplaats Sonthaven Exolum steiger 1 Amsterdam,Netherlands waterway,52.40532,4.829316,m_osm_13526713621,Kokernoot,port
no_match,2275.8,quay,7995,Belgium waterway,51.131776,3.769031,m_osm_8087252421,VVW Mendonk,port
no_match,2276.9,quay,980,Belgium waterway,51.092596,3.753395,m_osm_241795954,Jachthaven Langerbrugge,port
no_match,2277.2,quay,357,Port of Antwerp,51.246122,4.371283,m_osm_19627721,Jachthaven Linkeroever,port
no_match,2280.0,quay,7850,Belgium waterway,51.15048,3.779034,m_osm_8087252421,VVW Mendonk,port
no_match,2283.3,quay,,Leie,50.864067,3.313558,m_osm_1280257416,Kuurne,port
no_match,2284.3,quay,Ligplaats Amerikahaven Titan Palen Amsterdam,Netherlands waterway,52.421911,4.772944,m_osm_415633186,Jachthaven Nauerna,port
no_match,2284.7,quay,"Schiermonnikoog, veerinrichting West",Unknown waterway,53.468353,6.201634,m_osm_429604743,Jachthaven Schiermonnikoog,port
no_match,2286.3,quay,Ligplaats kade Wado Schuilenburg,Netherlands waterway,53.20087,6.071951,m_osm_2883684001,Jachthaven Koostertille,port
no_match,2288.2,quay,1265,Unknown waterway,51.300903,3.841008,m_osm_12407056733,Zeeland Bunkering BV,fuel
no_match,2288.4,quay,2360,Belgium waterway,51.129617,3.769653,m_osm_8087252421,VVW Mendonk,port
no_match,2288.7,quay,,Netherlands waterway,51.804838,4.611444,m_osm_400332332,De Waterlelie,port
no_match,2289.0,quay,,Zeekanaal Brussel-Schelde,51.090699,4.34178,m_osm_111869545,yachtclub Volante,port
no_match,2291.9,quay,130,Port of Antwerp,51.253764,4.405776,m_osm_4322795,Kempisch dok,port
no_match,2292.2,quay,2310,Belgium waterway,51.126084,3.765457,m_osm_241795954,Jachthaven Langerbrugge,port
no_match,2294.5,quay,9440,Belgium waterway,51.09262,3.729532,m_osm_241795954,Jachthaven Langerbrugge,port
no_match,2296.2,quay,710,Belgium waterway,51.091115,3.740544,m_osm_241795954,Jachthaven Langerbrugge,port
no_match,2300.0,quay,Ligplaats 4 Prins Bernhardsluis Noord,Amsterdam-Rijnkanaal,51.90841,5.449251,m_osm_3018764612,Tielse Watersportvereniging De Waal,port
no_match,2300.6,quay,Ligplaats Amerikahaven Titan steiger Amsterdam,Netherlands waterway,52.421966,4.773438,m_osm_415633186,Jachthaven Nauerna,port
no_match,2305.5,quay,4970,Belgium waterway,51.153813,3.786019,m_osm_8087252421,VVW Mendonk,port
no_match,2305.8,quay,Langer Haufen,Donau,48.325186,14.049724,m_osm_2150298954,Anlegestelle Brandstatt,port
no_match,2306.7,quay,,Netherlands waterway,51.822673,4.913796,m_osm_1739173350,W.S.V. 'Huibjesbrug',port
no_match,2308.1,quay,Ligplaats opstelplaats voor opleidingsinstituut,Netherlands waterway,52.464511,4.594378,m_osm_106684570,Marina Seaport IJmuiden,port
no_match,2309.0,quay,Liegestelle Homberger Ort,Rhine,51.46953,6.700915,m_osm_4097568572,Ruhrorter Yachtclub e.V. - Nord,port
no_match,2310.1,quay,360,Belgium waterway,51.076481,3.735817,m_osm_1301287574,Portus Ganda,port
no_match,2310.6,quay,Ligplaats Bosporushaven Heijmans Amsterdam,Netherlands waterway,52.402436,4.833624,m_osm_13526713621,Kokernoot,port
no_match,2310.6,quay,S14,Belgium waterway,51.21016,4.385987,m_osm_625248475,Jachthaven Linkeroever,port
no_match,2312.0,quay,Ligplaats Hengelo - Nobian,Netherlands waterway,52.246827,6.795597,m_osm_170673593,Twentse Watersport Vereniging,port
no_match,2313.9,quay,129,Belgium waterway,51.35295,3.191739,m_osm_554945941,Royal Belgian Sailing Club,port
no_match,2314.9,quay,7840,Belgium waterway,51.151138,3.77946,m_osm_8087252421,VVW Mendonk,port
no_match,2315.4,quay,,Amsterdam-Rijnkanaal,52.333394,5.016643,m_osm_9436534948,Jachthaven De Grote Zomer,port
no_match,2316.6,quay,Ligplaats Afrikahaven pier 1 W2 Amsterdam,Netherlands waterway,52.417206,4.748897,m_osm_415633186,Jachthaven Nauerna,port
no_match,2317.3,quay,Duna,Donau,47.439269,19.058152,m_osm_343473473,Kalóztanya Vendéglátó Állóhajó és Közforgalmú Hajó állomás,port
no_match,2319.5,quay,,Leie,50.863925,3.314632,m_osm_1280257416,Kuurne,port
no_match,2321.1,quay,Ligplaats Middelharnis,Haringvliet,51.774402,4.192821,m_osm_2580610337,Watersportvereniging Flacquee,port
no_match,2321.2,quay,Zevenaarhaven Foxtrot (Verbrugge),Unknown waterway,51.300676,3.841368,m_osm_12407056733,Zeeland Bunkering BV,fuel
no_match,2323.3,quay,,Netherlands waterway,51.805381,4.611929,m_osm_400332332,De Waterlelie,port
no_match,2324.8,quay,537,Port of Antwerp,51.302349,4.322935,m_osm_837845424,Yacht Club Scaldis,port
no_match,2326.2,quay,Ligplaats 3 (1) steiger Shell Chemie Moerdijk,Hollands Diep,51.691502,4.560904,m_osm_2814634671,Jachthaven Noordschans,port
no_match,2326.9,quay,504,Belgium waterway,51.31213,3.214441,m_osm_462344084,Brugse Zeil- en Yachtclub,port
no_match,2330.5,quay,,Netherlands waterway,51.804346,4.612049,m_osm_400332332,De Waterlelie,port
no_match,2331.8,quay,,Maas,51.750914,5.878714,m_osm_989162651,WSV De Kraaijenbergse Plassen,port
no_match,2333.4,quay,Ligplaats 3 (2) steiger Shell Chemie Moerdijk,Hollands Diep,51.691832,4.560823,m_osm_2814634671,Jachthaven Noordschans,port
no_match,2333.6,quay,Ligplaats Sonthaven Toren Binnenkant Amsterdam,Netherlands waterway,52.406633,4.8265,m_osm_13526713621,Kokernoot,port
no_match,2333.8,quay,,Kanaal Bocholt-Herentals,51.188573,4.951557,m_osm_4447544120,Yachting Club Geel,port
no_match,2334.0,quay,,Kanaal Bossuit-Kortrijk,50.832997,3.270017,m_osm_1280257416,Kuurne,port
no_match,2340.3,quay,Ligplaats Wilhelminahaven HBR 1 Dordrecht,Dordtsche Kil,51.795923,4.645723,m_osm_1368200086,"WSV ""Maartensgat""",port
no_match,2341.1,quay,Ligplaats Keulsekade Utrecht,Amsterdam-Rijnkanaal,52.094967,5.08012,m_osm_1420183411,Passantenhaven Weerdsluis,port
no_match,2341.1,quay,Zevenaarhaven Hotel (TPT),Unknown waterway,51.300109,3.83986,m_osm_12407056733,Zeeland Bunkering BV,fuel
no_match,2341.1,quay,313,Port of Antwerp,51.248638,4.37501,m_osm_19627721,Jachthaven Linkeroever,port
no_match,2341.5,quay,908,Belgium waterway,51.253886,3.217484,m_osm_1816556549,Koninklijke Brugse zeil- en yachtclub,port
no_match,2341.6,quay,5570,Belgium waterway,51.187488,3.803396,m_osm_279405371,Watersportvereniging Zelzate,port
no_match,2341.7,quay,,Netherlands waterway,51.810409,4.610926,m_osm_400332332,De Waterlelie,port
no_match,2344.4,quay,8060,Belgium waterway,51.127508,3.764171,m_osm_241795954,Jachthaven Langerbrugge,port
no_match,2345.1,quay,8010,Belgium waterway,51.130995,3.768262,m_osm_8087252421,VVW Mendonk,port
no_match,2345.2,quay,,Albertkanaal,51.157917,4.867341,m_osm_36273295,Jachthaven Herentals,port
no_match,2345.5,quay,Ligplaats Buitenhaven Buitenkade 2 West Velsen-Noord,Netherlands waterway,52.471981,4.588832,m_osm_106684570,Marina Seaport IJmuiden,port
no_match,2346.0,quay,"Schiermonnikoog, veerinrichting Zuid",Unknown waterway,53.468285,6.202557,m_osm_429604743,Jachthaven Schiermonnikoog,port
no_match,2347.0,quay,"Schiermonnikoog, KNRM Noord",Unknown waterway,53.468972,6.202595,m_osm_429604743,Jachthaven Schiermonnikoog,port
no_match,2351.2,quay,"Schiermonnikoog, KNRM Zuid",Unknown waterway,53.468856,6.202657,m_osm_429604743,Jachthaven Schiermonnikoog,port
no_match,2351.6,quay,,Kanaal Bossuit-Kortrijk,50.832727,3.270102,m_osm_1280257416,Kuurne,port
no_match,2352.6,quay,2350,Belgium waterway,51.129041,3.768969,m_osm_8087252421,VVW Mendonk,port
no_match,2354.0,quay,Liegeplatz Müden Oberwasser,Mosel,50.185095,7.319154,m_osm_530788484,Yachthafen Treis-Karden,port
no_match,2354.1,quay,,Netherlands waterway,51.804728,4.612396,m_osm_400332332,De Waterlelie,port
no_match,2355.2,quay,Ligplaats autoafzetplaats Schuilenburg,Netherlands waterway,53.200243,6.062961,m_osm_2161072433,Jachthaven Bergumermeer Recreatiecentrum,port
no_match,2356.0,quay,700,Belgium waterway,51.090567,3.741041,m_osm_241795954,Jachthaven Langerbrugge,port
no_match,2356.5,quay,505,Belgium waterway,51.31283,3.217704,m_osm_462344084,Brugse Zeil- en Yachtclub,port
no_match,2356.7,quay,,Netherlands waterway,51.805847,4.612381,m_osm_400332332,De Waterlelie,port
no_match,2358.0,quay,"Fahrgastlände Linz, Donaustation 32",Donau,48.306499,14.281191,m_osm_2150418535,MYCN - Motor Yacht Club Nibelungen,port
no_match,2359.7,quay,Ligplaats 2 Spijk,Boven-Rijn / Pannerdens Kanaal,51.849745,6.130294,m_osm_78094220,Klever Segelgemeinschaft e.V. (KSG),port
no_match,2361.0,quay,966,Belgium waterway,51.2539,3.215991,m_osm_1816556549,Koninklijke Brugse zeil- en yachtclub,port
no_match,2361.2,quay,Ligplaats Bosporushaven HKS steiger 2 Amsterdam,Netherlands waterway,52.401623,4.834169,m_osm_13526713621,Kokernoot,port
no_match,2361.3,quay,Ligplaats Moezelhaven Kade van Lent Amsterdam,Netherlands waterway,52.393813,4.817446,m_osm_178828118,De Duikelaar,port
no_match,2361.3,quay,Ligplaats Hengelo - Den Oudsten,Netherlands waterway,52.247886,6.796667,m_osm_170673593,Twentse Watersport Vereniging,port
no_match,2361.5,quay,Liegeplatz,Rhine,49.463767,8.454641,m_osm_47251144,Boots-Club Weinstraße,port
no_match,2361.9,quay,,Netherlands waterway,51.805085,4.774908,m_osm_2948275720,WSV Kop van 't Land,port
no_match,2362.1,quay,7830,Belgium waterway,51.151971,3.779999,m_osm_8087252421,VVW Mendonk,port
no_match,2368.1,quay,Ligplaats Moezelhaven Prodockhaven Amsterdam,Netherlands waterway,52.39393,4.818022,m_osm_178828118,De Duikelaar,port
no_match,2369.3,quay,142,Port of Antwerp,51.255341,4.413691,m_osm_4322795,Kempisch dok,port
no_match,2369.8,quay,,Albertkanaal,51.239735,4.448261,m_osm_4322795,Kempisch dok,port
no_match,2370.2,quay,,Albertkanaal,51.240022,4.448136,m_osm_4322795,Kempisch dok,port
no_match,2370.5,quay,Ligplaats 2 Sonthaven OBA Toren Amsterdam,Netherlands waterway,52.406362,4.82615,m_osm_13526713621,Kokernoot,port
no_match,2371.0,quay,6620,Belgium waterway,51.187369,3.801023,m_osm_279405371,Watersportvereniging Zelzate,port
no_match,2371.8,quay,4980,Belgium waterway,51.154646,3.786559,m_osm_8087252421,VVW Mendonk,port
no_match,2373.1,quay,,Dender,51.04415,4.088032,m_osm_3872683655,Costa Zela,port
no_match,2374.8,quay,608,Port of Antwerp,51.313668,4.319536,m_osm_837845424,Yacht Club Scaldis,port
no_match,2375.2,quay,606,Port of Antwerp,51.312858,4.320213,m_osm_837845424,Yacht Club Scaldis,port
no_match,2375.6,quay,Ligplaats Wilhelminahaven HBR 1 OZ Dordrecht,Dordtsche Kil,51.795288,4.646775,m_osm_1368200086,"WSV ""Maartensgat""",port
no_match,2376.7,quay,,Netherlands waterway,51.665788,4.851636,m_osm_316312859,WSV Sluis 1,port
no_match,2376.8,quay,,Netherlands waterway,51.805101,4.61272,m_osm_400332332,De Waterlelie,port
no_match,2377.2,quay,Ligplaats loswal Zuiderbinnentoeleidingskanaal Zuid Ijmuiden,Netherlands waterway,52.463848,4.595705,m_osm_106684570,Marina Seaport IJmuiden,port
no_match,2377.2,quay,390,Belgium waterway,51.077002,3.73732,m_osm_1301287574,Portus Ganda,port
no_match,2377.4,quay,610,Port of Antwerp,51.314376,4.318935,m_osm_837845424,Yacht Club Scaldis,port
no_match,2379.0,quay,Liegestelle Parkinsel,Rhine,49.463918,8.454749,m_osm_47251144,Boots-Club Weinstraße,port
no_match,2379.4,quay,359,Port of Antwerp,51.246125,4.369159,m_osm_19627721,Jachthaven Linkeroever,port
no_match,2381.0,quay,117,Port of Antwerp,51.253317,4.400485,m_osm_4322795,Kempisch dok,port
no_match,2381.7,quay,144,Port of Antwerp,51.255363,4.411861,m_osm_4322795,Kempisch dok,port
no_match,2381.7,quay,503,Belgium waterway,51.31092,3.211457,m_osm_462344084,Brugse Zeil- en Yachtclub,port
no_match,2382.2,quay,,Netherlands waterway,51.840349,4.988248,m_osm_1334520004,WSV de Gors,port
no_match,2383.2,quay,Liegestelle Bonn-Beuel,Rhine,50.743172,7.111105,m_osm_1598997836,Am Zehnhoff-Söns,port
no_match,2384.7,quay,604,Port of Antwerp,51.311571,4.321288,m_osm_837845424,Yacht Club Scaldis,port
no_match,2386.3,quay,Schiffswerft Erlenbach,Main,49.79894,9.159761,m_osm_1846447633,Hafen Erlenbach,port
no_match,2389.0,quay,Ligplaats ZHD Staalterminal Moerdijk,Hollands Diep,51.692364,4.591599,m_osm_1935108154,Jachthaven Strijensas,port
no_match,2389.5,quay,,Amsterdam-Rijnkanaal,51.909569,5.43878,m_osm_3018764612,Tielse Watersportvereniging De Waal,port
no_match,2390.6,quay,9450,Belgium waterway,51.091789,3.729134,m_osm_241795954,Jachthaven Langerbrugge,port
no_match,2392.0,quay,532,Belgium waterway,51.316081,3.225498,m_osm_462344084,Brugse Zeil- en Yachtclub,port
no_match,2392.2,quay,Ligplaats Antwerpen RO kmp 3.4,Belgium waterway,51.209532,4.385152,m_osm_625248475,Jachthaven Linkeroever,port
no_match,2393.0,quay,Ligplaats 2 Mainhaven Shipyard Amsterdam,Netherlands waterway,52.394553,4.823648,m_osm_222267337,VVE Noordzijde,port
no_match,2394.2,quay,,Dender,50.965959,4.04709,m_osm_8867559693,Jachthaven VVW Aalst,port
no_match,2397.6,quay,"Schiermonnikoog, aanleginrichting sneldienst",Unknown waterway,53.468873,6.203359,m_osm_429604743,Jachthaven Schiermonnikoog,port
no_match,2400.5,pontoon,,Unknown waterway,53.468804,6.203401,m_osm_429604743,Jachthaven Schiermonnikoog,port
no_match,2400.7,quay,Ligplaats Sonthaven Exolum steiger 2 Amsterdam,Netherlands waterway,52.405578,4.826561,m_osm_13526713621,Kokernoot,port
no_match,2400.7,quay,,Albertkanaal,51.236849,4.449643,m_osm_4322795,Kempisch dok,port
no_match,2402.4,quay,146,Port of Antwerp,51.255378,4.40982,m_osm_4322795,Kempisch dok,port
no_match,2403.9,quay,280,Belgium waterway,51.090786,3.733438,m_osm_241795954,Jachthaven Langerbrugge,port
no_match,2404.1,quay,8020,Belgium waterway,51.130395,3.767611,m_osm_8087252421,VVW Mendonk,port
no_match,2405.3,quay,Ligplaats Echteld - Wienerberger,Waal,51.890876,5.477003,m_osm_3018764612,Tielse Watersportvereniging De Waal,port
no_match,2405.4,quay,Ligplaats Bolsius Grondstoffen bv Moerdijk,Hollands Diep,51.69755,4.611351,m_osm_1935108154,Jachthaven Strijensas,port
no_match,2406.9,quay,Ligplaats kade gemeente Schuilenburg,Netherlands waterway,53.201103,6.069553,m_osm_2883684001,Jachthaven Koostertille,port
no_match,2406.9,quay,,Netherlands waterway,51.80555,4.613136,m_osm_400332332,De Waterlelie,port
no_match,2406.9,quay,660,Belgium waterway,51.090336,3.73681,m_osm_241795954,Jachthaven Langerbrugge,port
no_match,2407.3,quay,502,Belgium waterway,51.310142,3.20805,m_osm_462344084,Brugse Zeil- en Yachtclub,port
no_match,2408.0,quay,,Leie,50.776986,3.072194,m_osm_461940882,Passantenhaven De Balokken,port
no_match,2408.0,quay,602,Port of Antwerp,51.309979,4.322567,m_osm_837845424,Yacht Club Scaldis,port
no_match,2410.4,quay,2320,Belgium waterway,51.126947,3.766482,m_osm_241795954,Jachthaven Langerbrugge,port
no_match,2412.0,quay,1247,Unknown waterway,51.299608,3.840625,m_osm_12407056733,Zeeland Bunkering BV,fuel
no_match,2412.6,quay,7820,Belgium waterway,51.152804,3.780538,m_osm_8087252421,VVW Mendonk,port
no_match,2413.2,quay,Zevenaarhaven Golf (Verbrugge),Unknown waterway,51.299811,3.84149,m_osm_12407056733,Zeeland Bunkering BV,fuel
no_match,2414.3,quay,Ligplaats Schuilenburg,Netherlands waterway,53.199932,6.064134,m_osm_2161072433,Jachthaven Bergumermeer Recreatiecentrum,port
no_match,2415.0,quay,655,Belgium waterway,51.090374,3.735723,m_osm_241795954,Jachthaven Langerbrugge,port
no_match,2415.3,quay,Ligplaats 3 Jansen Mallegat Dordrecht,Dordtsche Kil,51.798255,4.637723,m_osm_1368200086,"WSV ""Maartensgat""",port
no_match,2415.6,quay,,Rupel,51.129559,4.592438,m_osm_98241745,Jachthaven VVW Emblem,port
no_match,2417.6,quay,"Schiermonnikoog, aanleginrichting veerdienst",Unknown waterway,53.468734,6.203658,m_osm_429604743,Jachthaven Schiermonnikoog,port
no_match,2418.2,quay,612W,Port of Antwerp,51.315188,4.318822,m_osm_837845424,Yacht Club Scaldis,port
no_match,2419.4,quay,Ligplaats DMT CIH Moerdijk,Hollands Diep,51.691989,4.588547,m_osm_1935108154,Jachthaven Strijensas,port
no_match,2421.6,quay,,Kanaal Bocholt-Herentals,51.228914,5.136527,m_osm_1305739099,Zilvermeerhaven,port
no_match,2422.2,quay,Ligplaats woonschepen Muiden,Amsterdam-Rijnkanaal,52.333275,5.019511,m_osm_148568963,Haven WV IJburg,port
no_match,2422.9,quay,148,Port of Antwerp,51.255392,4.408341,m_osm_4322795,Kempisch dok,port
no_match,2423.2,quay,Ligplaats Labe Moerdijk,Hollands Diep,51.696403,4.609504,m_osm_1935108154,Jachthaven Strijensas,port
no_match,2423.9,quay,535,Port of Antwerp,51.300894,4.324166,m_osm_837845424,Yacht Club Scaldis,port
no_match,2426.0,quay,2340,Belgium waterway,51.128393,3.768199,m_osm_8087252421,VVW Mendonk,port
no_match,2426.8,quay,Ligplaats Zijkanaal G Kade Woesteberg Zaandam,Netherlands waterway,52.434451,4.821489,m_osm_2896082747,Jachthaven De Hippert,port
no_match,2428.4,quay,350,Belgium waterway,51.077554,3.735639,m_osm_1301287574,Portus Ganda,port
no_match,2429.8,quay,Ligplaats 3 Prins Bernhardsluis Noord,Amsterdam-Rijnkanaal,51.9097,5.448418,m_osm_3018764612,Tielse Watersportvereniging De Waal,port
no_match,2430.6,quay,Ligplaats Bosporushaven HKS steiger 1 Amsterdam,Netherlands waterway,52.401627,4.832448,m_osm_13526713621,Kokernoot,port
no_match,2430.6,quay,,Amsterdam-Rijnkanaal,51.909964,5.439202,m_osm_3018764612,Tielse Watersportvereniging De Waal,port
no_match,2431.5,quay,Ligplaats Bunkerstation Keulsekade Utrecht,Amsterdam-Rijnkanaal,52.09615,5.078671,m_osm_1420183411,Passantenhaven Weerdsluis,port
no_match,2433.5,quay,670,Belgium waterway,51.089982,3.738243,m_osm_241795954,Jachthaven Langerbrugge,port
no_match,2435.8,quay,Brigittenau III,Donau,48.253281,16.376575,m_osm_24905185,Yachthafen Kuchelau,port
no_match,2435.8,quay,,Albertkanaal,51.242062,4.448021,m_osm_4322795,Kempisch dok,port
no_match,2437.2,quay,614,Port of Antwerp,51.315635,4.31868,m_osm_837845424,Yacht Club Scaldis,port
no_match,2437.3,quay,311,Port of Antwerp,51.248658,4.372618,m_osm_19627721,Jachthaven Linkeroever,port
no_match,2439.0,quay,690,Belgium waterway,51.089829,3.740581,m_osm_241795954,Jachthaven Langerbrugge,port
no_match,2439.9,quay,612O,Port of Antwerp,51.315349,4.319028,m_osm_837845424,Yacht Club Scaldis,port
no_match,2440.3,quay,4990,Belgium waterway,51.155477,3.787099,m_osm_8087252421,VVW Mendonk,port
no_match,2440.6,quay,,Albertkanaal,51.240773,4.448827,m_osm_4322795,Kempisch dok,port
no_match,2442.0,quay,,Zeekanaal Brussel-Schelde,51.052557,4.363351,m_osm_528530237,Dok 3,port
no_match,2442.5,quay,600,Port of Antwerp,51.308699,4.323657,m_osm_837845424,Yacht Club Scaldis,port
no_match,2444.6,quay,1743,Belgium waterway,51.29943,4.254968,m_osm_837845424,Yacht Club Scaldis,port
no_match,2445.3,quay,1734,Belgium waterway,51.293014,4.258578,m_osm_837845424,Yacht Club Scaldis,port
no_match,2445.8,quay,645,Port of Antwerp,51.324527,4.299585,m_osm_837845424,Yacht Club Scaldis,port
no_match,2446.1,quay,506,Belgium waterway,51.312758,3.220044,m_osm_462344084,Brugse Zeil- en Yachtclub,port
no_match,2446.8,quay,Ligplaats Wilhelminahaven boeispan 1-2 Dordrecht,Dordtsche Kil,51.79526,4.644374,m_osm_1368200086,"WSV ""Maartensgat""",port
no_match,2447.3,quay,Ligplaats Kruithaven steiger Velsen-Zuid,Netherlands waterway,52.445626,4.688875,m_osm_106660520,Watersportvereniging IJmond,port
no_match,2447.7,quay,,Amsterdam-Rijnkanaal,52.110619,5.065132,m_osm_209274021,Jachthaven Den Hoek,port
no_match,2448.3,quay,8050,Belgium waterway,51.128253,3.765075,m_osm_241795954,Jachthaven Langerbrugge,port
no_match,2450.6,quay,5555,Belgium waterway,51.186508,3.803341,m_osm_279405371,Watersportvereniging Zelzate,port
no_match,2450.7,quay,Ligplaats Beringhaven Sonneborn steiger Amsterdam,Netherlands waterway,52.395037,4.827346,m_osm_222267337,VVE Noordzijde,port
no_match,2451.4,quay,501,Belgium waterway,51.309429,3.204647,m_osm_462344084,Brugse Zeil- en Yachtclub,port
no_match,2453.0,quay,643,Port of Antwerp,51.323983,4.302429,m_osm_837845424,Yacht Club Scaldis,port
no_match,2454.8,quay,,Netherlands waterway,51.904044,6.00725,m_osm_4115799091,W.S.V. Loowaard Jachthaven,port
no_match,2457.4,quay,6640,Belgium waterway,51.186584,3.801049,m_osm_279405371,Watersportvereniging Zelzate,port
no_match,2462.9,quay,8030,Belgium waterway,51.129827,3.766967,m_osm_8087252421,VVW Mendonk,port
no_match,2463.0,quay,Ligplaats Wilhelminahaven ZHD 10 Dordrecht,Dordtsche Kil,51.795905,4.641943,m_osm_1368200086,"WSV ""Maartensgat""",port
no_match,2464.5,quay,150,Port of Antwerp,51.255414,4.405959,m_osm_4322795,Kempisch dok,port
no_match,2464.8,quay,680,Belgium waterway,51.089624,3.739692,m_osm_241795954,Jachthaven Langerbrugge,port
no_match,2466.0,quay,7810,Belgium waterway,51.153636,3.781077,m_osm_8087252421,VVW Mendonk,port
no_match,2466.3,quay,S13B,Belgium waterway,51.208992,4.384247,m_osm_625248475,Jachthaven Linkeroever,port
no_match,2467.0,quay,540,Port of Antwerp,51.30778,4.324344,m_osm_837845424,Yacht Club Scaldis,port
no_match,2467.1,quay,Ligplaats koppelplaats Rijswijk (Gld),Netherlands waterway,51.951107,5.367284,m_osm_721714333,WSV Rijn en Lek,port
no_match,2467.7,quay,Ligplaats Hengelo - Varo,Netherlands waterway,52.248166,6.798318,m_osm_170673593,Twentse Watersport Vereniging,port
no_match,2468.0,quay,616,Port of Antwerp,51.317083,4.317554,m_osm_837845424,Yacht Club Scaldis,port
no_match,2469.6,quay,Ligplaats Wilhelminahaven boeispan 2-4 Dordrecht,Dordtsche Kil,51.794804,4.645154,m_osm_1368200086,"WSV ""Maartensgat""",port
no_match,2471.2,quay,,Netherlands waterway,51.80714,4.613877,m_osm_400332332,De Waterlelie,port
no_match,2472.0,quay,,Netherlands waterway,52.248159,6.79838,m_osm_170673593,Twentse Watersport Vereniging,port
no_match,2472.2,quay,Ligplaats Mauritiushaven kade 5-1 Amsterdam,Netherlands waterway,52.416164,4.744702,m_osm_415633186,Jachthaven Nauerna,port
no_match,2472.9,quay,,Albertkanaal,51.238779,4.450161,m_osm_4322795,Kempisch dok,port
no_match,2473.5,quay,,Albertkanaal,51.242607,4.448254,m_osm_4322795,Kempisch dok,port
no_match,2474.7,quay,,Albertkanaal,51.241732,4.448819,m_osm_4322795,Kempisch dok,port
no_match,2476.1,quay,Duna,Donau,47.43855,19.055987,m_osm_343473473,Kalóztanya Vendéglátó Állóhajó és Közforgalmú Hajó állomás,port
no_match,2481.9,quay,Reede Mannheim,Rhine,49.503982,8.441557,m_osm_2072615406,Segelsportanlage Mannheim,port
no_match,2483.9,quay,940,Belgium waterway,51.090167,3.75104,m_osm_241795954,Jachthaven Langerbrugge,port
no_match,2484.4,quay,Ligplaats Mauritiushaven kade 5-2 Amsterdam,Netherlands waterway,52.41592,4.742532,m_osm_106660520,Watersportvereniging IJmond,port
no_match,2484.8,quay,Ligplaats Mainhaven steiger Newob Amsterdam,Netherlands waterway,52.395271,4.821132,m_osm_222267337,VVE Noordzijde,port
no_match,2486.2,quay,1992,Belgium waterway,51.281996,4.299629,m_osm_837845424,Yacht Club Scaldis,port
no_match,2486.4,quay,Ligplaats Horrnhaven Oost Van Dok Amsterdam,Netherlands waterway,52.394905,4.816966,m_osm_178828118,De Duikelaar,port
no_match,2486.8,quay,9460,Belgium waterway,51.090983,3.728633,m_osm_241795954,Jachthaven Langerbrugge,port
no_match,2492.6,quay,Liegestelle Unterhalb Baerler Brücke,Rhine,51.488626,6.689532,m_osm_2427061055,Seglergemeinschaft Lohheider See,port
no_match,2492.9,quay,Ligplaats ontheffingsplaats CNB,Netherlands waterway,52.463823,4.597465,m_osm_106684570,Marina Seaport IJmuiden,port
no_match,2492.9,quay,400,Belgium waterway,51.07806,3.737144,m_osm_1301287574,Portus Ganda,port
no_match,2493.0,quay,Ligplaats 2 Jansen Mallegat Dordrecht,Dordtsche Kil,51.797607,4.637218,m_osm_1368200086,"WSV ""Maartensgat""",port
no_match,2495.0,quay,Ligplaats Hornhaven Van Lent dok 1 Amsterdam,Netherlands waterway,52.394906,4.816252,m_osm_178828118,De Duikelaar,port
no_match,2496.2,quay,Liegestelle Wörth,Main,49.797777,9.159883,m_osm_1846447633,Hafen Erlenbach,port
no_match,2496.4,quay,152,Port of Antwerp,51.255429,4.404443,m_osm_4322795,Kempisch dok,port
no_match,2496.5,quay,Ligplaats Kruithaven Palen Velsen-Zuid,Netherlands waterway,52.446128,4.688698,m_osm_106660520,Watersportvereniging IJmond,port
no_match,2497.6,quay,,Netherlands waterway,51.806389,4.614377,m_osm_400332332,De Waterlelie,port
no_match,2497.7,quay,,Amsterdam-Rijnkanaal,52.110613,5.069782,m_osm_209274021,Jachthaven Den Hoek,port
no_match,2498.5,quay,Wartelände Aschach Oberwasser für Selbstfahrer,Donau,48.388645,14.017143,m_osm_1576596901,Schiffsanlegestelle Aschach,port
no_match,2499.4,quay,361,Port of Antwerp,51.246144,4.366798,m_osm_19627721,Jachthaven Linkeroever,port
no_match,2499.7,quay,Ligplaats Wilhelminahaven boeispan 1-4 Dordrecht,Dordtsche Kil,51.794872,4.643908,m_osm_1368200086,"WSV ""Maartensgat""",port
no_match,2500.7,quay,,Albertkanaal,51.239326,4.450371,m_osm_4322795,Kempisch dok,port
no_match,2503.4,quay,,Zeekanaal Brussel-Schelde,51.091876,4.339318,m_osm_111869545,yachtclub Volante,port
no_match,2504.1,quay,,Netherlands waterway,52.716634,5.683192,m_osm_8500676470,Jachthaven Espel,port
no_match,2504.8,quay,Ligplaats Wilhelminahaven boeispan 2-3 Dordrecht,Dordtsche Kil,51.794887,4.643695,m_osm_1368200086,"WSV ""Maartensgat""",port
no_match,2505.5,quay,Ligplaats 2 steiger Shell Chemie Moerdijk,Hollands Diep,51.691414,4.563695,m_osm_2814634671,Jachthaven Noordschans,port
no_match,2506.8,quay,Ligplaats 3 (3) steiger Shell Chemie Moerdijk,Hollands Diep,51.692256,4.563252,m_osm_2814634671,Jachthaven Noordschans,port
no_match,2506.9,quay,,Albertkanaal,51.17087,4.824462,m_osm_36273295,Jachthaven Herentals,port
no_match,2507.0,quay,Liegestelle Hamm,Rhine,49.736909,8.449336,m_osm_2376788093,MSC Gernsheim e.V.,port
no_match,2508.5,quay,Ligplaats 3 (4) steiger Shell Chemie Moerdijk,Hollands Diep,51.691947,4.563455,m_osm_2814634671,Jachthaven Noordschans,port
no_match,2508.8,quay,2330,Belgium waterway,51.127673,3.767344,m_osm_8087252421,VVW Mendonk,port
no_match,2511.1,quay,5015,Belgium waterway,51.156311,3.78764,m_osm_8087252421,VVW Mendonk,port
no_match,2511.5,quay,Liegestelle Dorfprozelten 1,Main,49.778602,9.375282,m_osm_431045310,Bootsmarina Hock-Boote,port
no_match,2512.8,quay,650,Belgium waterway,51.089503,3.735525,m_osm_241795954,Jachthaven Langerbrugge,port
no_match,2515.2,quay,,Amsterdam-Rijnkanaal,52.110253,5.068145,m_osm_209274021,Jachthaven Den Hoek,port
no_match,2516.0,quay,Ligplaats woonschepen Muiden,Netherlands waterway,52.333227,5.022451,m_osm_148568963,Haven WV IJburg,port
no_match,2517.3,quay,Ligplaats kade Laban Fryske Gea Grou,Netherlands waterway,53.12756,5.882742,m_osm_2883527001,Jachthaven Feenstra,port
no_match,2518.4,quay,Ligplaats 1 Sonthaven OBA Toren Amsterdam,Netherlands waterway,52.406603,4.823235,m_osm_13526713621,Kokernoot,port
no_match,2519.2,quay,,Rupel,51.094678,4.344174,m_osm_111869545,yachtclub Volante,port
no_match,2520.5,quay,Ligplaats Bosporushaven Exolum steiger 9 Amsterdam,Netherlands waterway,52.40241,4.828914,m_osm_13526713621,Kokernoot,port
no_match,2521.4,quay,,Netherlands waterway,51.804207,4.627844,m_osm_1368200086,"WSV ""Maartensgat""",port
no_match,2522.3,quay,7800,Belgium waterway,51.15447,3.781617,m_osm_8087252421,VVW Mendonk,port
no_match,2524.4,quay,,Albertkanaal,51.238183,4.451107,m_osm_4322795,Kempisch dok,port
no_match,2527.1,quay,345,Belgium waterway,51.078448,3.73549,m_osm_1301287574,Portus Ganda,port
no_match,2528.1,quay,Ligplaats Beringhaven VCK Ferry 1 Amsterdam,Netherlands waterway,52.395724,4.827612,m_osm_222267337,VVE Noordzijde,port
no_match,2528.1,quay,Ligplaats Mauritiushaven kade 4-1 Amsterdam,Netherlands waterway,52.415627,4.74491,m_osm_415633186,Jachthaven Nauerna,port
no_match,2529.9,quay,Liegestelle Homberg,Rhine,51.438175,6.710031,m_osm_431072366,Ruhrorter Yachtclub e.V. - Süd,port
no_match,2531.4,quay,Ligplaats Waterboot IJmuiden,Netherlands waterway,52.463817,4.598049,m_osm_106684570,Marina Seaport IJmuiden,port
no_match,2531.4,quay,533,Port of Antwerp,51.299464,4.32539,m_osm_837845424,Yacht Club Scaldis,port
no_match,2532.4,quay,Ligplaats Mauritiushaven kade 4-2 Amsterdam,Netherlands waterway,52.415381,4.742742,m_osm_106660520,Watersportvereniging IJmond,port
no_match,2535.8,quay,119,Port of Antwerp,51.254545,4.399434,m_osm_4322795,Kempisch dok,port
no_match,2535.8,quay,970,Belgium waterway,51.090261,3.754022,m_osm_241795954,Jachthaven Langerbrugge,port
no_match,2536.3,quay,720,Belgium waterway,51.216737,2.973869,m_osm_127979467,Royal Yacht Club Oostende,port
no_match,2536.5,quay,Ligplaats Wilhelminahaven boeispan 1-3 Dordrecht,Dordtsche Kil,51.794964,4.642465,m_osm_1368200086,"WSV ""Maartensgat""",port
no_match,2537.0,quay,,Albertkanaal,50.941276,5.374511,m_osm_317822393,Royal Hasselt Yachting Club,port
no_match,2538.7,quay,309,Port of Antwerp,51.248678,4.370275,m_osm_19627721,Jachthaven Linkeroever,port
no_match,2539.0,quay,Ligplaats Wilhelminahaven boeispan 2-5 Dordrecht,Dordtsche Kil,51.794551,4.64367,m_osm_1368200086,"WSV ""Maartensgat""",port
no_match,2539.4,quay,618,Port of Antwerp,51.319109,4.316128,m_osm_837845424,Yacht Club Scaldis,port
no_match,2541.2,quay,641Z,Port of Antwerp,51.324813,4.302513,m_osm_837845424,Yacht Club Scaldis,port
no_match,2543.9,quay,Havarieabsetzplatz Grafenau,Donau,48.446015,13.878275,m_osm_136813178,Yachthafen Schlögen,port
no_match,2544.2,quay,Petronell,Donau,48.128125,16.873118,m_osm_612162855,Jachtclub Marchfeld,port
no_match,2544.4,quay,,Belgium waterway,51.078284,3.727231,m_osm_1301287574,Portus Ganda,port
no_match,2544.6,quay,1710,Belgium waterway,51.288946,4.261226,m_osm_837845424,Yacht Club Scaldis,port
no_match,2545.3,quay,8040,Belgium waterway,51.12908,3.766067,m_osm_8087252421,VVW Mendonk,port
no_match,2546.1,quay,Ligplaats 2 Prins Bernhardsluis Noord,Amsterdam-Rijnkanaal,51.91084,5.447615,m_osm_3018764612,Tielse Watersportvereniging De Waal,port
no_match,2549.5,quay,,Netherlands waterway,51.770566,5.140596,m_osm_1261913614,WSV Het Esmeer,port
no_match,2551.3,quay,5540,Belgium waterway,51.185607,3.803182,m_osm_279405371,Watersportvereniging Zelzate,port
no_match,2551.5,quay,,Boven-Rijn / Pannerdens Kanaal,51.869627,6.04513,m_osm_530792412,Tankstation De Bijland,fuel
no_match,2551.6,pontoon,Ponton privé club aviron,Saône,46.324497,4.84852,m054,Mâcon – Port de Plaisance,port
no_match,2552.3,quay,6660,Belgium waterway,51.185748,3.800737,m_osm_279405371,Watersportvereniging Zelzate,port
no_match,2553.5,quay,VOEST-Alpine,Donau,48.283908,14.343147,m_osm_2150418661,Sportboothafen Linz,port
no_match,2555.4,quay,Ligplaats VBI Beton Huissen,Netherlands waterway,51.938581,5.960378,m_osm_4115799091,W.S.V. Loowaard Jachthaven,port
no_match,2556.7,quay,641N,Port of Antwerp,51.325061,4.302085,m_osm_837845424,Yacht Club Scaldis,port
no_match,2557.0,quay,Ligplaats Beringhaven VCK Ferry 2 Amsterdam,Netherlands waterway,52.39604,4.824459,m_osm_222267337,VVE Noordzijde,port
no_match,2557.8,quay,Ligplaats Wilhelminahaven B 3-4 Dordrecht,Dordtsche Kil,51.794498,4.64323,m_osm_1368200086,"WSV ""Maartensgat""",port
no_match,2559.2,quay,,Lek,51.892958,4.688242,m_osm_2471235629,d'Alblasserwaerd,port
no_match,2560.8,quay,,Amsterdam-Rijnkanaal,51.910974,5.436839,m_osm_3018764612,Tielse Watersportvereniging De Waal,port
no_match,2561.5,quay,,Leie,50.775934,3.092457,m_osm_114555530,Port de plaisance d'Halluin,port
no_match,2562.7,quay,Liegeplatz,Rhine,49.511041,8.434683,m_osm_2072615406,Segelsportanlage Mannheim,port
no_match,2564.2,quay,285,Belgium waterway,51.089266,3.733691,m_osm_241795954,Jachthaven Langerbrugge,port
no_match,2564.4,quay,Ligplaats Amerikahaven USA Amsterdam,Netherlands waterway,52.417731,4.770078,m_osm_415633186,Jachthaven Nauerna,port
no_match,2564.7,quay,Ligplaats Suezhaven Dwarswal Amsterdam,Netherlands waterway,52.399156,4.834859,m_osm_13526713621,Kokernoot,port
no_match,2565.4,quay,269,Port of Antwerp,51.253218,4.383592,m_osm_19627721,Jachthaven Linkeroever,port
no_match,2565.5,quay,Ligplaats 2 Kanaleneiland Utrecht,Amsterdam-Rijnkanaal,52.074725,5.085333,m_osm_3569367793,Passantenhaven Catharijnesingel,port
no_match,2565.7,quay,Ligplaats 3 Kanaleneiland Utrecht,Amsterdam-Rijnkanaal,52.073669,5.086313,m_osm_3569367793,Passantenhaven Catharijnesingel,port
no_match,2566.6,quay,271,Port of Antwerp,51.252973,4.382199,m_osm_19627721,Jachthaven Linkeroever,port
no_match,2569.4,quay,Ligplaats Wilhelminahaven boeispan 1-5 Dordrecht,Dordtsche Kil,51.794632,4.642451,m_osm_1368200086,"WSV ""Maartensgat""",port
no_match,2569.7,quay,Langenschönbichl,Donau,48.341493,15.970522,m_osm_1872392089,Boot-Club Zwentendorf,port
no_match,2573.3,quay,,Netherlands waterway,51.667576,4.851883,m_osm_316312859,WSV Sluis 1,port
no_match,2575.2,quay,Ligplaats Wilhelminahaven ZHD 7 Dordrecht,Dordtsche Kil,51.795605,4.639629,m_osm_1368200086,"WSV ""Maartensgat""",port
no_match,2575.5,quay,Ligplaats Afrikahaven pier 2 E1 Amsterdam,Netherlands waterway,52.414937,4.747732,m_osm_415633186,Jachthaven Nauerna,port
no_match,2576.4,quay,Ligplaats 4 Kanaleneiland Utrecht,Amsterdam-Rijnkanaal,52.072303,5.087585,m_osm_3569367793,Passantenhaven Catharijnesingel,port
no_match,2579.8,quay,Ligplaats (bijzondere) Kanaleneiland Utrecht,Amsterdam-Rijnkanaal,52.078286,5.082595,m_osm_3569367793,Passantenhaven Catharijnesingel,port
no_match,2580.0,quay,967,Belgium waterway,51.255849,3.215518,m_osm_1816556549,Koninklijke Brugse zeil- en yachtclub,port
no_match,2580.2,quay,Ligplaats 1 Kanaleneiland Utrecht,Amsterdam-Rijnkanaal,52.077125,5.083279,m_osm_3569367793,Passantenhaven Catharijnesingel,port
no_match,2581.3,quay,7790,Belgium waterway,51.155304,3.782157,m_osm_8087252421,VVW Mendonk,port
no_match,2582.5,quay,Liegestelle Baerler Brücke,Rhine,51.48488,6.683912,m_osm_2427061055,Seglergemeinschaft Lohheider See,port
no_match,2582.6,quay,Reede Ludwigshafen,Rhine,49.508848,8.435597,m_osm_2072615406,Segelsportanlage Mannheim,port
no_match,2583.9,quay,5030,Belgium waterway,51.157145,3.788179,m_osm_8087252421,VVW Mendonk,port
no_match,2586.7,quay,907,Belgium waterway,51.256065,3.216935,m_osm_1816556549,Koninklijke Brugse zeil- en yachtclub,port
no_match,2587.5,quay,Ligplaats Amerikahaven ZE steiger 10 Amsterdam,Netherlands waterway,52.419022,4.77409,m_osm_415633186,Jachthaven Nauerna,port
no_match,2587.9,quay,Liegestelle Faulbach im Anschluss OVH,Main,49.775377,9.444324,m_osm_431045310,Bootsmarina Hock-Boote,port
no_match,2588.1,quay,Ligplaats politie IJmuiden,Netherlands waterway,52.463801,4.59891,m_osm_106684570,Marina Seaport IJmuiden,port
no_match,2588.4,quay,S13A,Belgium waterway,51.208117,4.382767,m_osm_625248475,Jachthaven Linkeroever,port
no_match,2588.4,quay,154,Port of Antwerp,51.256142,4.403674,m_osm_4322795,Kempisch dok,port
no_match,2589.5,quay,Ligplaats Bosporushaven HKS kade Oost Amsterdam,Netherlands waterway,52.401561,4.828925,m_osm_13526713621,Kokernoot,port
no_match,2591.7,quay,Ligplaats Wilhelminahaven boeispan 4-5 Dordrecht,Dordtsche Kil,51.794164,4.643205,m_osm_1368200086,"WSV ""Maartensgat""",port
no_match,2592.1,quay,Ligplaats 2 Lekkerkerk,Lek,51.894323,4.683376,m_osm_2471235629,d'Alblasserwaerd,port
no_match,2592.5,quay,,Kanaal Bossuit-Kortrijk,50.827831,3.311299,m_osm_1280257416,Kuurne,port
no_match,2592.9,quay,,Netherlands waterway,51.808491,4.61536,m_osm_400332332,De Waterlelie,port
no_match,2593.2,quay,9470,Belgium waterway,51.090095,3.728065,m_osm_241795954,Jachthaven Langerbrugge,port
no_match,2593.4,quay,Loswal Den Helder - Oostoever,Unknown waterway,52.925235,4.790114,m_osm_849107411,Jachthaven Pluto,port
no_match,2593.6,quay,410,Belgium waterway,51.078979,3.736992,m_osm_1301287574,Portus Ganda,port
no_match,2594.2,quay,Kegelligplaats Sluis Hengelo1,Netherlands waterway,52.246525,6.79973,m_osm_170673593,Twentse Watersport Vereniging,port
no_match,2595.0,quay,Ligplaats K2 Betonnenblok Kegel Nieuwegein,Amsterdam-Rijnkanaal,52.033595,5.115967,m_osm_1839055018,WSV Plettenburg,port
no_match,2595.2,quay,,Netherlands waterway,51.807868,4.615547,m_osm_400332332,De Waterlelie,port
no_match,2595.7,quay,VOEST-Alpine,Donau,48.277116,14.350884,m_osm_117626204,Motoryachtclub Steyregg,port
no_match,2596.9,quay,Ligplaats Afrikahaven pier 2 W1 Amsterdam,Netherlands waterway,52.414785,4.747148,m_osm_415633186,Jachthaven Nauerna,port
no_match,2598.1,quay,Kostheim Oberwasser,Main,49.99867,8.349893,m_osm_761731357,Hafen Segelclub Mainspitze e.V.,port
no_match,2599.9,quay,Ligplaats 2 privaat IJmuiden,Netherlands waterway,52.464585,4.598796,m_osm_106684570,Marina Seaport IJmuiden,port
no_match,2600.0,quay,Ligplaats Amerikahaven ZE steiger 11 Amsterdam,Netherlands waterway,52.419129,4.774646,m_osm_415633186,Jachthaven Nauerna,port
no_match,2602.1,quay,538,Port of Antwerp,51.307449,4.32642,m_osm_837845424,Yacht Club Scaldis,port
no_match,2602.5,quay,Ligplaats Sonthaven Exolum steiger 3 Amsterdam,Netherlands waterway,52.405561,4.822887,m_osm_13526713621,Kokernoot,port
no_match,2603.4,quay,,Netherlands waterway,51.724662,4.778702,m_osm_23112594,Oude Jachthaven,port
no_match,2604.5,quay,Ligplaats Afrikahaven kade 3-1 Amsterdam,Netherlands waterway,52.414781,4.746365,m_osm_415633186,Jachthaven Nauerna,port
no_match,2605.5,quay,Ligplaats Mallegat ZHD 1 Dordrecht,Dordtsche Kil,51.796222,4.637431,m_osm_1368200086,"WSV ""Maartensgat""",port
no_match,2608.7,quay,647,Port of Antwerp,51.325998,4.299886,m_osm_837845424,Yacht Club Scaldis,port
no_match,2609.7,quay,Ligplaats Noordzeekanaal Paro Amsterdam,Netherlands waterway,52.424136,4.783018,m_osm_415633186,Jachthaven Nauerna,port
no_match,2611.6,quay,,Albertkanaal,51.237512,4.452554,m_osm_4322795,Kempisch dok,port
no_match,2613.0,quay,Ligplaats Suezhaven Markus Boskalis Amsterdam,Netherlands waterway,52.399693,4.832211,m_osm_13526713621,Kokernoot,port
no_match,2614.7,pontoon,,Seine,48.860119,2.331631,m214,Arsenal Marina Paris,halte
no_match,2615.8,quay,,Netherlands waterway,52.433239,4.818846,m_osm_2896082747,Jachthaven De Hippert,port
no_match,2615.9,quay,Ligplaats 5 Kanaleneiland Utrecht,Amsterdam-Rijnkanaal,52.070199,5.08954,m_osm_3569367793,Passantenhaven Catharijnesingel,port
no_match,2616.8,quay,Ligplaats Kade Finco Groningen,Netherlands waterway,53.240357,6.563496,m_osm_127077125,Jachthaven Reitdiep,port
no_match,2619.0,quay,,Netherlands waterway,51.668094,4.851256,m_osm_316312859,WSV Sluis 1,port
no_match,2619.6,quay,Ligplaats 1 Suezhaven RO-RO Amsterdam,Netherlands waterway,52.399523,4.83244,m_osm_13526713621,Kokernoot,port
no_match,2619.9,quay,,Netherlands waterway,51.574521,5.106976,m_osm_1395864394,Piushaven,port
no_match,2620.0,quay,Ligplaats Westhaven OBA Zuid Amsterdam,Netherlands waterway,52.411059,4.817991,m_osm_13526713621,Kokernoot,port
no_match,2620.6,quay,Border Police Berth,Donau,43.995986,22.923053,m_osm_27016292,BDIN кану-каяк клуб,port
no_match,2621.0,quay,Ligplaats autoafzetplaats Gorinchem,Netherlands waterway,51.82495,4.971509,m_osm_972977791,WSV Woudrichem,port
no_match,2621.9,quay,Ligplaats Afrikahaven pier 1 E1 Amsterdam,Netherlands waterway,52.414392,4.75065,m_osm_415633186,Jachthaven Nauerna,port
no_match,2621.9,quay,,Zeekanaal Brussel-Schelde,51.050947,4.363086,m_osm_528530237,Dok 3,port
no_match,2623.3,quay,,Lek,51.893076,4.690068,m_osm_2471235629,d'Alblasserwaerd,port
no_match,2625.6,quay,Lueftner,Donau,48.242739,15.342449,m_osm_333012197,Yachthafen Emmersdorf,port
no_match,2630.2,quay,Litschauer,Donau,48.215628,16.373742,m_osm_1178234226,Eiltank 52,fuel
no_match,2630.6,quay,Ligplaats 1 privaat IJmuiden,Netherlands waterway,52.464588,4.599262,m_osm_106684570,Marina Seaport IJmuiden,port
no_match,2631.4,quay,620,Port of Antwerp,51.321129,4.3147,m_osm_837845424,Yacht Club Scaldis,port
no_match,2632.2,quay,Ligplaats Hornhaven boei 2 Amsterdam,Netherlands waterway,52.395977,4.814746,m_osm_178828118,De Duikelaar,port
no_match,2632.8,quay,,Albertkanaal,51.155629,4.869559,m_osm_36273295,Jachthaven Herentals,port
no_match,2635.3,quay,Ligplaats 4 Begraafplaatssluis - Noordzijde Gorinchem,Netherlands waterway,51.840987,4.977691,m_osm_1334520004,WSV de Gors,port
no_match,2635.9,quay,RO-BG FERRY BERTH,Donau,43.996318,22.923249,m_osm_27016292,BDIN кану-каяк клуб,port
no_match,2636.2,quay,Ligplaats Afrikahaven pier 1 W1 Amsterdam,Netherlands waterway,52.414287,4.749756,m_osm_415633186,Jachthaven Nauerna,port
no_match,2636.3,quay,Ligplaats Wilhelminahaven ZHD 9 Dordrecht,Dordtsche Kil,51.794907,4.639747,m_osm_1368200086,"WSV ""Maartensgat""",port
no_match,2638.0,quay,5525,Belgium waterway,51.184825,3.803209,m_osm_279405371,Watersportvereniging Zelzate,port
no_match,2639.3,quay,Ligplaats autoafzetplaats Prinses Irenesluis - Boven,Lek,51.969358,5.311448,m_osm_1672869237,Stadshaven Wijk bij Duurstede,port
no_match,2639.9,quay,,Kanaal Bossuit-Kortrijk,50.827812,3.312582,m_osm_1280257416,Kuurne,port
no_match,2640.2,quay,273,Port of Antwerp,51.253048,4.379367,m_osm_19627721,Jachthaven Linkeroever,port
no_match,2640.4,quay,531,Port of Antwerp,51.298117,4.32655,m_osm_837845424,Yacht Club Scaldis,port
no_match,2640.6,quay,,Main,49.707662,10.018795,m_osm_336009662,Yachthafen Lewandowski,port
no_match,2641.2,quay,,Netherlands waterway,53.319707,6.966261,m_osm_109141846,Jachthaven KZ&RV Neptunus,port
no_match,2641.8,quay,Ligplaats Westhaven duwbakken Zuid Amsterdam,Netherlands waterway,52.396762,4.822611,m_osm_222267337,VVE Noordzijde,port
no_match,2642.0,quay,Ligplaats Moerdijkse Applicatie Centrum Moerdijk,Hollands Diep,51.69541,4.612594,m_osm_1935108154,Jachthaven Strijensas,port
no_match,2642.5,quay,Ligplaats 2 Suezhaven RO-RO Amsterdam,Netherlands waterway,52.399273,4.832442,m_osm_13526713621,Kokernoot,port
no_match,2642.7,quay,7780,Belgium waterway,51.156136,3.782696,m_osm_8087252421,VVW Mendonk,port
no_match,2645.5,quay,340,Belgium waterway,51.07952,3.735312,m_osm_1301287574,Portus Ganda,port
no_match,2645.7,quay,450,Belgium waterway,51.078832,3.74279,m_osm_1301287574,Portus Ganda,port
no_match,2646.0,quay,Ligplaats 6 Kanaleneiland Utrecht,Amsterdam-Rijnkanaal,52.069142,5.09052,m_osm_3569367793,Passantenhaven Catharijnesingel,port
no_match,2646.1,quay,,Netherlands waterway,52.70546,5.748803,m_osm_1446067217,Jachthaven,port
no_match,2646.1,quay,Dana acostare Dunapref SA GIURGIU,Donau,43.866115,25.958059,m_osm_508231317,Yacht Club Port Rousse,port
no_match,2646.9,quay,531,Belgium waterway,51.313939,3.227223,m_osm_462344084,Brugse Zeil- en Yachtclub,port
no_match,2647.9,quay,363,Port of Antwerp,51.246169,4.364004,m_osm_19627721,Jachthaven Linkeroever,port
no_match,2648.1,quay,Ligplaats 3 Wijk bij Duurstede Kanaal Noord,Lek,51.970549,5.311254,m_osm_1672869237,Stadshaven Wijk bij Duurstede,port
no_match,2648.3,quay,307,Port of Antwerp,51.248699,4.367888,m_osm_19627721,Jachthaven Linkeroever,port
no_match,2648.9,quay,,Rhine,51.428579,6.725127,m_osm_185529303,Innenhafen,port
no_match,2649.3,quay,640,Belgium waterway,51.088235,3.735737,m_osm_241795954,Jachthaven Langerbrugge,port
no_match,2649.4,quay,Ligplaats OBM ROV (Buiten) Moerdijk,Hollands Diep,51.694477,4.610825,m_osm_1935108154,Jachthaven Strijensas,port
no_match,2651.7,quay,6680,Belgium waterway,51.184919,3.79991,m_osm_279405371,Watersportvereniging Zelzate,port
no_match,2652.7,quay,,Maas,50.878255,5.703168,m_osm_4720042858,Bassin,port
no_match,2653.9,quay,267B,Port of Antwerp,51.253556,4.381012,m_osm_19627721,Jachthaven Linkeroever,port
no_match,2656.4,quay,Ligplaats Afrikahaven pier 2 E2 Amsterdam,Netherlands waterway,52.414173,4.748254,m_osm_415633186,Jachthaven Nauerna,port
no_match,2656.9,quay,Ligplaats Amerikahaven Evos steiger 19 Oost Amsterdam,Netherlands waterway,52.400429,4.773647,m_osm_197452216,de Swaenenburght,port
no_match,2657.2,quay,795,Belgium waterway,51.217414,2.976072,m_osm_127979467,Royal Yacht Club Oostende,port
no_match,2658.4,quay,5045,Belgium waterway,51.157978,3.788718,m_osm_8087252421,VVW Mendonk,port
no_match,2658.4,quay,Duna,Donau,47.443346,19.054482,m_osm_343473473,Kalóztanya Vendéglátó Állóhajó és Közforgalmú Hajó állomás,port
no_match,2658.6,quay,507,Belgium waterway,51.311746,3.223136,m_osm_462344084,Brugse Zeil- en Yachtclub,port
no_match,2658.8,quay,,Netherlands waterway,51.808274,4.622984,m_osm_1368200086,"WSV ""Maartensgat""",port
no_match,2658.9,quay,440,Belgium waterway,51.079151,3.741432,m_osm_1301287574,Portus Ganda,port
no_match,2660.2,quay,Ligplaats roeivereniging Stern,Netherlands waterway,52.464596,4.599707,m_osm_106684570,Marina Seaport IJmuiden,port
no_match,2662.1,quay,Ligplaats 1 Lekkerkerk,Lek,51.894635,4.685261,m_osm_2471235629,d'Alblasserwaerd,port
no_match,2662.6,quay,Ligplaats Westhaven OBA Meelverlading Amsterdam,Netherlands waterway,52.407338,4.82004,m_osm_13526713621,Kokernoot,port
no_match,2663.3,quay,Ligplaats Buitenhaven Buitenspuikanaal Palen West IJmuiden,Netherlands waterway,52.470333,4.596171,m_osm_106684570,Marina Seaport IJmuiden,port
no_match,2664.3,quay,Ligplaats 2 Buitenhaven Buitenkade Oost Velsen-Noord,Netherlands waterway,52.473044,4.593406,m_osm_106684570,Marina Seaport IJmuiden,port
no_match,2664.6,quay,,Rupel,51.095386,4.342186,m_osm_111869545,yachtclub Volante,port
no_match,2665.3,quay,Ligplaats OBM ROV (Binnen) Moerdijk,Hollands Diep,51.694213,4.610627,m_osm_1935108154,Jachthaven Strijensas,port
no_match,2665.5,quay,,Zeekanaal Brussel-Schelde,51.09349,4.33861,m_osm_111869545,yachtclub Volante,port
no_match,2665.9,quay,Ligplaats 1 Jansen Mallegat Dordrecht,Dordtsche Kil,51.796148,4.636143,m_osm_1368200086,"WSV ""Maartensgat""",port
no_match,2666.9,quay,Ligplaats dienststeiger RWS Borgbrug Groningen,Netherlands waterway,53.232349,6.635736,m_osm_94192567,Woonschepenhaven,port
no_match,2667.3,quay,,Netherlands waterway,51.832525,4.978013,m_osm_972977791,WSV Woudrichem,port
no_match,2669.0,quay,Duna,Donau,47.444304,19.0547,m_osm_343473473,Kalóztanya Vendéglátó Állóhajó és Közforgalmú Hajó állomás,port
no_match,2670.4,quay,558B,Port of Antwerp,51.304974,4.327875,m_osm_837845424,Yacht Club Scaldis,port
no_match,2670.9,quay,MA45,Donau,48.211765,16.381184,m_osm_10539264340,Bunkerstation für Binnenschiffe,fuel
no_match,2671.8,quay,Ligplaats Wilhelminahaven ZHD 8 Dordrecht,Dordtsche Kil,51.794754,4.639173,m_osm_1368200086,"WSV ""Maartensgat""",port
no_match,2672.6,quay,Ligplaats Amerikahaven ZE steiger C Amsterdam,Netherlands waterway,52.418011,4.773901,m_osm_415633186,Jachthaven Nauerna,port
no_match,2673.0,quay,Ligplaats Westhaven OBA Noord Amsterdam,Netherlands waterway,52.417081,4.815123,m_osm_13526713621,Kokernoot,port
no_match,2673.0,quay,Ligplaats 1 Prins Bernhardsluis Noord,Amsterdam-Rijnkanaal,51.912087,5.446387,m_osm_3018764612,Tielse Watersportvereniging De Waal,port
no_match,2675.3,quay,430,Belgium waterway,51.079461,3.740107,m_osm_1301287574,Portus Ganda,port
no_match,2675.6,quay,Ligplaats Sonthaven Exolum steiger 4 Amsterdam,Netherlands waterway,52.405199,4.821987,m_osm_13526713621,Kokernoot,port
no_match,2675.9,quay,Ligplaats kade IFG 2 Grou,Netherlands waterway,53.126148,5.881598,m_osm_2883527001,Jachthaven Feenstra,port
no_match,2678.9,quay,,Rupel,51.12704,4.592007,m_osm_98241745,Jachthaven VVW Emblem,port
no_match,2682.6,quay,Ligplaats 7 Kanaleneiland Utrecht,Amsterdam-Rijnkanaal,52.068086,5.0915,m_osm_3569367793,Passantenhaven Catharijnesingel,port
no_match,2682.6,quay,558A,Port of Antwerp,51.304776,4.328069,m_osm_837845424,Yacht Club Scaldis,port
no_match,2683.0,quay,168,Port of Antwerp,51.25817,4.413849,m_osm_4322795,Kempisch dok,port
no_match,2683.3,quay,,Netherlands waterway,51.769146,5.141143,m_osm_1261913614,WSV Het Esmeer,port
no_match,2683.5,quay,B,Donau,47.441885,19.053708,m_osm_343473473,Kalóztanya Vendéglátó Állóhajó és Közforgalmú Hajó állomás,port
no_match,2687.0,quay,Ligplaats loswal KWS Infra Utrecht,Amsterdam-Rijnkanaal,52.075173,5.082965,m_osm_3569367793,Passantenhaven Catharijnesingel,port
no_match,2687.3,quay,460,Belgium waterway,51.079118,3.743413,m_osm_1301287574,Portus Ganda,port
no_match,2689.1,quay,,Albertkanaal,51.169468,4.822501,m_osm_36273295,Jachthaven Herentals,port
no_match,2689.1,quay,9480,Belgium waterway,51.089295,3.727554,m_osm_241795954,Jachthaven Langerbrugge,port
no_match,2689.7,quay,,Albertkanaal,50.939762,5.376469,m_osm_317822393,Royal Hasselt Yachting Club,port
no_match,2693.0,quay,Ligplaats 3 Wijk bij Duurstede Kanaal Noord,Amsterdam-Rijnkanaal,51.970812,5.310598,m_osm_1672869237,Stadshaven Wijk bij Duurstede,port
no_match,2693.6,quay,536,Port of Antwerp,51.307196,4.327821,m_osm_837845424,Yacht Club Scaldis,port
no_match,2694.9,quay,267A,Port of Antwerp,51.253579,4.37938,m_osm_19627721,Jachthaven Linkeroever,port
no_match,2694.9,quay,415,Belgium waterway,51.079869,3.737415,m_osm_1301287574,Portus Ganda,port
no_match,2695.2,quay,B㠱ᘀ歠ｵ욜鍴耀〲㠱昀耀ｷ욚鐀耀〲㠱猀sｩ욘镠謀㤷㤹∀欴ｫ욆隂蠀d⛲缐ἡｭ욄霰蠀覅羃ἡｯ욂顨蠀dᅂ㰞ἡ｡욀馂踀2㠱樀耀｣욎騰謀〲ㄲ,Donau,47.44309,19.053894,m_osm_343473473,Kalóztanya Vendéglátó Állóhajó és Közforgalmú Hajó állomás,port
no_match,2695.5,quay,556B,Port of Antwerp,51.304517,4.328276,m_osm_837845424,Yacht Club Scaldis,port
no_match,2695.9,quay,166,Port of Antwerp,51.258192,4.411696,m_osm_4322795,Kempisch dok,port
no_match,2696.0,quay,Ligplaats Westhaven OBA Palen Zuid Amsterdam,Netherlands waterway,52.415637,4.815031,m_osm_13526713621,Kokernoot,port
no_match,2696.5,quay,Ligplaats HM Moerdijk,Hollands Diep,51.691025,4.574533,m_osm_1935108154,Jachthaven Strijensas,port
no_match,2696.7,quay,,Hollands Diep,51.691019,4.574551,m_osm_1935108154,Jachthaven Strijensas,port
no_match,2697.3,quay,Ligplaats Hornhaven Katoen Natie Amsterdam,Netherlands waterway,52.396928,4.817978,m_osm_222267337,VVE Noordzijde,port
no_match,2697.3,quay,420,Belgium waterway,51.079799,3.738669,m_osm_1301287574,Portus Ganda,port
no_match,2699.1,quay,Ligplaats autoafzetplaats sluis Belfeld,Maas,51.316172,6.106191,m_osm_722752741,WSV Poseidon,port
no_match,2700.3,pontoon,Ponton privé club aviron,Saône,46.325725,4.849326,m054,Mâcon – Port de Plaisance,port
no_match,2700.7,quay,,Hollands Diep,51.691874,4.56643,m_osm_2814634671,Jachthaven Noordschans,port
no_match,2702.1,quay,Liegestelle Schreckling,Rhine,51.434787,6.715483,m_osm_431072366,Ruhrorter Yachtclub e.V. - Süd,port
no_match,2702.2,quay,Ligplaats Suezhaven  Ferry 3 Amsterdam,Netherlands waterway,52.398488,4.832787,m_osm_13526713621,Kokernoot,port
no_match,2703.1,quay,,Netherlands waterway,52.446236,4.820296,m_osm_46595875,Zeilvereniging De Onderlinge,port
no_match,2704.1,quay,Wachtplaats sluis Hengelo Beneden1,Netherlands waterway,52.246344,6.801318,m_osm_170673593,Twentse Watersport Vereniging,port
no_match,2704.9,quay,Ligplaats ZHD Wuppperman Moerdijk,Hollands Diep,51.689721,4.594361,m_osm_1935108154,Jachthaven Strijensas,port
no_match,2705.0,quay,,Netherlands waterway,51.840542,4.976944,m_osm_1334520004,WSV de Gors,port
no_match,2705.4,quay,121,Port of Antwerp,51.25589,4.398283,m_osm_4322795,Kempisch dok,port
no_match,2705.8,quay,S12,Belgium waterway,51.207313,4.381245,m_osm_625248475,Jachthaven Linkeroever,port
no_match,2706.2,quay,7770,Belgium waterway,51.156967,3.783234,m_osm_8087252421,VVW Mendonk,port
no_match,2706.3,quay,556A,Port of Antwerp,51.304274,4.328446,m_osm_837845424,Yacht Club Scaldis,port
no_match,2706.7,quay,Ligplaats Wim Thomassenhaven Pieter Bon Zaandam,Netherlands waterway,52.426254,4.816378,m_osm_13526713621,Kokernoot,port
no_match,2706.7,quay,290,Belgium waterway,51.087923,3.733914,m_osm_241795954,Jachthaven Langerbrugge,port
no_match,2708.5,quay,1732,Belgium waterway,51.290715,4.256328,m_osm_837845424,Yacht Club Scaldis,port
no_match,2709.6,quay,700,Port of Antwerp,51.322716,4.313402,m_osm_837845424,Yacht Club Scaldis,port
no_match,2711.2,quay,,Netherlands waterway,51.809706,4.61674,m_osm_400332332,De Waterlelie,port
no_match,2712.0,quay,Ligplaats 2 Wijk bij Duurstede Kanaal Noord,Lek,51.970758,5.310321,m_osm_1672869237,Stadshaven Wijk bij Duurstede,port
no_match,2712.4,quay,Ligplaats autoafzetplaats  Lage Wellekade Deventer,Netherlands waterway,52.249507,6.158284,m_osm_295356909,Jachthaven Deventer,port
no_match,2713.0,quay,Dana acostare AGRICOR SA,Donau,43.99672,22.92421,m_osm_27016292,BDIN кану-каяк клуб,port
no_match,2713.9,quay,Kegelligplaats Sluis Eefde1,Netherlands waterway,52.158707,6.224426,m_osm_1140832794,Jachthaven De Mars,port
no_match,2714.1,quay,Dana acostare Dunapref SA Giurgiu,Donau,43.866478,25.958927,m_osm_508231317,Yacht Club Port Rousse,port
no_match,2716.7,quay,quai de chargement,Moselle,48.688247,5.922793,m225,Halte Fluviale de Toul,halte
no_match,2717.2,quay,164,Port of Antwerp,51.258214,4.409519,m_osm_4322795,Kempisch dok,port
no_match,2718.1,quay,554B,Port of Antwerp,51.304023,4.328628,m_osm_837845424,Yacht Club Scaldis,port
no_match,2721.1,quay,,Kanaal Bocholt-Herentals,51.236098,5.404955,m_osm_47429625,Jachthaven De Meerpaal,port
no_match,2724.4,quay,,Rupel,51.078306,4.405815,m_osm_528530237,Dok 3,port
no_match,2725.1,pontoon,Appontement,Saône,46.79719,4.879512,m053,Chalon-sur-Saône – Port de Plaisance,port
no_match,2725.6,quay,Ligplaats 8 Kanaleneiland Utrecht,Amsterdam-Rijnkanaal,52.067028,5.092477,m_osm_3569367793,Passantenhaven Catharijnesingel,port
no_match,2725.8,quay,Liegestelle Hochfeld,Rhine,51.417643,6.737806,m_osm_185529303,Innenhafen,port
no_match,2726.2,quay,Ligplaats Wilhelminahaven ZHD 6 Dordrecht,Dordtsche Kil,51.794369,4.638676,m_osm_1368200086,"WSV ""Maartensgat""",port
no_match,2727.8,quay,5510,Belgium waterway,51.184015,3.803235,m_osm_279405371,Watersportvereniging Zelzate,port
no_match,2728.2,quay,Liegestelle Berching unterer Vorhafen,Main-Donau-Kanal,49.089347,11.446146,m_osm_431082492,Sportboothafen Berching - Berchinger Yacht Club Wassersportfreunde,port
no_match,2730.2,quay,950,Belgium waterway,51.088128,3.752533,m_osm_241795954,Jachthaven Langerbrugge,port
no_match,2730.7,quay,Ligplaats 1 Nieuwegein K1 Betonnenblok Kegel,Amsterdam-Rijnkanaal,52.035785,5.112907,m_osm_1839055018,WSV Plettenburg,port
no_match,2730.7,quay,,Netherlands waterway,51.822576,4.761501,m_osm_2960691533,Jachthaven Westergoot,port
no_match,2730.7,quay,156,Port of Antwerp,51.257494,4.403708,m_osm_4322795,Kempisch dok,port
no_match,2730.8,quay,Ligplaats Westhaven OBA Palen Noord Amsterdam,Netherlands waterway,52.418298,4.814169,m_osm_13526713621,Kokernoot,port
no_match,2732.2,quay,Ligplaats sleepdienst J.J. Heida en ZN. B.V.,Netherlands waterway,52.464573,4.600808,m_osm_106684570,Marina Seaport IJmuiden,port
no_match,2732.9,quay,,Boven-Rijn / Pannerdens Kanaal,51.870235,6.042671,m_osm_530792412,Tankstation De Bijland,fuel
no_match,2732.9,quay,554A,Port of Antwerp,51.303795,4.328847,m_osm_837845424,Yacht Club Scaldis,port
no_match,2734.6,quay,5060,Belgium waterway,51.158812,3.789257,m_osm_8087252421,VVW Mendonk,port
no_match,2735.4,quay,,Amsterdam-Rijnkanaal,52.108872,5.072766,m_osm_209274021,Jachthaven Den Hoek,port
no_match,2735.5,quay,Ligplaats Buitenhaven Buitenspuikanaal kade IJmuiden,Netherlands waterway,52.470936,4.596846,m_osm_106684570,Marina Seaport IJmuiden,port
no_match,2738.1,quay,275,Port of Antwerp,51.253079,4.375994,m_osm_19627721,Jachthaven Linkeroever,port
no_match,2739.0,quay,Liegestelle Köln Bastei,Rhine,50.952197,6.969511,m_osm_26252012,Rheinau Sporthafen Köln Marina RSK,port
no_match,2739.1,quay,365,Port of Antwerp,51.246184,4.362338,m_osm_19627721,Jachthaven Linkeroever,port
no_match,2739.7,quay,6700,Belgium waterway,51.184177,3.799297,m_osm_279405371,Watersportvereniging Zelzate,port
no_match,2740.1,quay,Ligplaats Afrikahaven pier 2 E3 Amsterdam,Netherlands waterway,52.413426,4.748103,m_osm_415633186,Jachthaven Nauerna,port
no_match,2740.5,quay,Ligplaats 1 steiger Shell Chemie Moerdijk,Hollands Diep,51.692318,4.568562,m_osm_1935108154,Jachthaven Strijensas,port
no_match,2742.0,quay,Ligplaats Wilhelminahaven STG OZ Dordrecht,Dordtsche Kil,51.793164,4.64157,m_osm_1368200086,"WSV ""Maartensgat""",port
no_match,2742.6,quay,Ligplaats 1 Wilhelminakade Waddinxveen,Netherlands waterway,52.028444,4.662168,m_osm_1430300662,WVG Gouda,port
no_match,2742.7,quay,630,Belgium waterway,51.087297,3.736693,m_osm_241795954,Jachthaven Langerbrugge,port
no_match,2743.0,quay,Ligplaats Wim Thomassenhaven William Pont Meyer Kade Zaandam,Netherlands waterway,52.424735,4.815125,m_osm_13526713621,Kokernoot,port
no_match,2743.0,quay,534,Port of Antwerp,51.306574,4.328679,m_osm_837845424,Yacht Club Scaldis,port
no_match,2744.7,quay,B澳㠀耀｛욶鹀耀B㠱퐀繘｝운齴耀畄慮渀耀｟욲ꀀ耀噏F㤀耀ｑ우ꄨ耀癉ᅇἡｓ욾ꊂ耀㤷㤹瀀耀ｕ욼ꍉ耀1⁴灵耀ｗ욺ꓐ耀噏F㜰㘱ｉ울ꖂ耀裤㞧ἡｋ욦ꘀ耀㤷㤹㬀耀ｍ욤Ꝙ耀㤷㤹耀䷯ｏ욢꡸耀〲㠱琀耀ａ욠꧈耀噏F㰀耀ｃ욮꩘耀〲㠱,Donau,47.446413,19.054648,m_osm_343473473,Kalóztanya Vendéglátó Állóhajó és Közforgalmú Hajó állomás,port
no_match,2745.5,quay,550B,Port of Antwerp,51.302798,4.329018,m_osm_837845424,Yacht Club Scaldis,port
no_match,2745.9,quay,162,Port of Antwerp,51.258235,4.407385,m_osm_4322795,Kempisch dok,port
no_match,2746.7,quay,Ligplaats Hornhaven Vollers Steinweg Amsterdam,Netherlands waterway,52.396929,4.813989,m_osm_178828118,De Duikelaar,port
no_match,2748.1,quay,965,Belgium waterway,51.08815,3.753547,m_osm_241795954,Jachthaven Langerbrugge,port
no_match,2749.6,quay,Ligplaats Omya Benelux bv Moerdijk,Hollands Diep,51.689039,4.589843,m_osm_1935108154,Jachthaven Strijensas,port
no_match,2750.9,quay,529,Port of Antwerp,51.296683,4.3276,m_osm_837845424,Yacht Club Scaldis,port
no_match,2751.3,quay,Ligplaats 3 K1 Betonnenblok Kegel Nieuwegein,Amsterdam-Rijnkanaal,52.035699,5.114055,m_osm_1839055018,WSV Plettenburg,port
no_match,2753.3,quay,,Netherlands waterway,52.469838,6.106116,m_osm_1253348538,Jachthaven Hattem,port
no_match,2753.3,quay,,Netherlands waterway,51.809495,4.617434,m_osm_400332332,De Waterlelie,port
no_match,2753.6,quay,790,Belgium waterway,51.217353,2.97749,m_osm_127979467,Royal Yacht Club Oostende,port
no_match,2753.8,quay,Ligplaats 2 K1 Betonnenblok kegel Nieuwegein,Amsterdam-Rijnkanaal,52.035874,5.113459,m_osm_1839055018,WSV Plettenburg,port
no_match,2757.1,quay,,Netherlands waterway,51.760567,5.13482,m_osm_721652678,WSV Heusden,port
no_match,2761.0,quay,305,Port of Antwerp,51.24872,4.365555,m_osm_19627721,Jachthaven Linkeroever,port
no_match,2765.4,quay,Kleinpöchlarn,Donau,48.217214,15.230866,m_osm_2150615445,Sporthafen Pöchlarn,port
no_match,2766.0,quay,Ligplaats 2 Wijk bij Duurstede Kanaal Noord,Amsterdam-Rijnkanaal,51.971047,5.309535,m_osm_1672869237,Stadshaven Wijk bij Duurstede,port
no_match,2768.5,quay,170,Port of Antwerp,51.258957,4.414923,m_osm_4322795,Kempisch dok,port
no_match,2769.3,quay,,Netherlands waterway,51.818301,4.764297,m_osm_2960691533,Jachthaven Westergoot,port
no_match,2771.3,quay,160,Port of Antwerp,51.25825,4.405852,m_osm_4322795,Kempisch dok,port
no_match,2772.0,quay,7760,Belgium waterway,51.157799,3.783772,m_osm_8087252421,VVW Mendonk,port
no_match,2772.1,quay,552B,Port of Antwerp,51.302935,4.329406,m_osm_837845424,Yacht Club Scaldis,port
no_match,2772.4,quay,Ligplaats 4 K1 Betonnenblok Kegel Nieuwegein,Amsterdam-Rijnkanaal,52.035779,5.114538,m_osm_1839055018,WSV Plettenburg,port
no_match,2772.9,quay,620,Belgium waterway,51.086918,3.738186,m_osm_241795954,Jachthaven Langerbrugge,port
no_match,2773.2,quay,Ligplaats Amerikahaven Oiltanking steiger 5 Amsterdam,Netherlands waterway,52.401892,4.772603,m_osm_197452216,de Swaenenburght,port
no_match,2773.2,quay,Ligplaats Bosporushaven HKS palen Amsterdam,Netherlands waterway,52.40177,4.824697,m_osm_13526713621,Kokernoot,port
no_match,2773.5,quay,Budapest XXI. Csepel,Donau,47.455607,19.060278,m_osm_6943300825,MOL,fuel
no_match,2774.1,quay,335,Belgium waterway,51.080682,3.735119,m_osm_1301287574,Portus Ganda,port
no_match,2774.2,quay,Ligplaats 9 Kanaleneiland Utrecht,Amsterdam-Rijnkanaal,52.065971,5.09346,m_osm_3569367793,Passantenhaven Catharijnesingel,port
no_match,2774.8,quay,,Netherlands waterway,51.8343,4.978544,m_osm_972977791,WSV Woudrichem,port
no_match,2774.8,quay,,Amsterdam-Rijnkanaal,51.912741,5.435024,m_osm_3018764612,Tielse Watersportvereniging De Waal,port
no_match,2777.9,quay,Ligplaats 6 Broekweg Wijk bij Duurstede,Lek,51.969663,5.309396,m_osm_1672869237,Stadshaven Wijk bij Duurstede,port
no_match,2779.0,quay,,Amsterdam-Rijnkanaal,52.108159,5.070792,m_osm_209274021,Jachthaven Den Hoek,port
no_match,2780.3,quay,Ligplaats Afrikahaven pier 2 W2 Amsterdam,Netherlands waterway,52.413096,4.747559,m_osm_415633186,Jachthaven Nauerna,port
no_match,2783.2,quay,Ligplaats Wilhelminahaven Eeurpoort STG Dordrecht,Dordtsche Kil,51.793132,4.640406,m_osm_1368200086,"WSV ""Maartensgat""",port
no_match,2783.2,quay,470,Belgium waterway,51.080033,3.743263,m_osm_1301287574,Portus Ganda,port
no_match,2783.4,quay,,Durme,51.100774,4.132587,m_osm_5455037953,Yacht Club Driegoten,port
no_match,2783.7,quay,Ligplaats Palen HM Moerdijk,Hollands Diep,51.690853,4.571861,m_osm_1935108154,Jachthaven Strijensas,port
no_match,2783.8,quay,Ligplaats loswal Buitenhaven Steenstortkade Velsen-Noord,Netherlands waterway,52.472119,4.596538,m_osm_106684570,Marina Seaport IJmuiden,port
no_match,2783.8,quay,Ligplaats Wim Thomassenhaven Containerkade Zaandam,Netherlands waterway,52.426215,4.815168,m_osm_13526713621,Kokernoot,port
no_match,2784.2,quay,Ligplaats Amerikahaven ZE steiger 9 Amsterdam,Netherlands waterway,52.417253,4.774999,m_osm_415633186,Jachthaven Nauerna,port
no_match,2785.0,quay,MARZ,Port of Antwerp,51.254397,4.379176,m_osm_19627721,Jachthaven Linkeroever,port
no_match,2787.9,quay,9490,Belgium waterway,51.08844,3.727149,m_osm_241795954,Jachthaven Langerbrugge,port
no_match,2788.7,quay,702,Port of Antwerp,51.32302,4.314624,m_osm_837845424,Yacht Club Scaldis,port
no_match,2790.7,quay,Liegestelle,Saar,49.196511,7.028714,m_osm_4782331021,Steg PSV Saarland,port
no_match,2790.9,quay,Ligplaats Afrikahaven kade 3-2 Amsterdam,Netherlands waterway,52.413054,4.746798,m_osm_415633186,Jachthaven Nauerna,port
no_match,2791.6,quay,367,Port of Antwerp,51.246194,4.361396,m_osm_19627721,Jachthaven Linkeroever,port
no_match,2791.7,quay,Ligplaats Cacaohaven USA Amsterdam,Netherlands waterway,52.414982,4.768507,m_osm_415633186,Jachthaven Nauerna,port
no_match,2792.2,quay,Ligplaats Prins Bernhardsluis  - Noord Kegel,Amsterdam-Rijnkanaal,51.913238,5.444998,m_osm_3018764612,Tielse Watersportvereniging De Waal,port
no_match,2792.4,quay,Ligplaats steiger Q Farmsum,Netherlands waterway,53.312724,6.960574,m_osm_109141846,Jachthaven KZ&RV Neptunus,port
no_match,2792.4,quay,,Belgium waterway,51.20438,5.158821,m_osm_1305739099,Zilvermeerhaven,port
no_match,2794.6,quay,550A,Port of Antwerp,51.302022,4.329674,m_osm_837845424,Yacht Club Scaldis,port
no_match,2794.7,quay,Duna,Donau,47.433619,19.052276,m_osm_343473473,Kalóztanya Vendéglátó Állóhajó és Közforgalmú Hajó állomás,port
no_match,2795.8,quay,Ligplaats Amerikahaven ZE steiger 8  Amsterdam,Netherlands waterway,52.417361,4.775558,m_osm_415633186,Jachthaven Nauerna,port
no_match,2796.8,quay,158,Port of Antwerp,51.258263,4.404507,m_osm_4322795,Kempisch dok,port
no_match,2797.1,quay,Ligplaats Westhaven Exolum steiger 5 Amsterdam,Netherlands waterway,52.403689,4.821571,m_osm_13526713621,Kokernoot,port
no_match,2798.8,quay,Ligplaats zeilvereniging,Netherlands waterway,52.46378,4.602089,m_osm_106684570,Marina Seaport IJmuiden,port
no_match,2799.0,quay,532,Port of Antwerp,51.305381,4.329684,m_osm_837845424,Yacht Club Scaldis,port
no_match,2799.2,quay,968,Belgium waterway,51.2578,3.215046,m_osm_1816556549,Koninklijke Brugse zeil- en yachtclub,port
no_match,2799.7,quay,Dana acostare Giurgiunav,Donau,43.866967,25.959915,m_osm_508231317,Yacht Club Port Rousse,port
no_match,2799.8,quay,WSA Main Standort Aschaffenburg,Main,50.031082,9.030466,m_osm_35681681,Marina Karlstein,port
no_match,2800.2,quay,,Amsterdam-Rijnkanaal,52.100531,5.073674,m_osm_1420183411,Passantenhaven Weerdsluis,port
no_match,2804.0,quay,Ligplaats Bosporushaven HKS kade West Amsterdam,Netherlands waterway,52.401481,4.824522,m_osm_13526713621,Kokernoot,port
no_match,2804.3,quay,277,Port of Antwerp,51.253097,4.373979,m_osm_19627721,Jachthaven Linkeroever,port
no_match,2805.3,quay,,Hollands Diep,51.690611,4.571971,m_osm_1935108154,Jachthaven Strijensas,port
no_match,2805.3,quay,Ligplaats Antwerpen RO kmp 3.0,Belgium waterway,51.206651,4.379936,m_osm_625248475,Jachthaven Linkeroever,port
no_match,2805.3,quay,265B,Port of Antwerp,51.2543,4.377985,m_osm_19627721,Jachthaven Linkeroever,port
no_match,2807.4,quay,MARN,Port of Antwerp,51.254614,4.379182,m_osm_19627721,Jachthaven Linkeroever,port
no_match,2809.6,quay,610,Belgium waterway,51.086515,3.739774,m_osm_241795954,Jachthaven Langerbrugge,port
no_match,2809.8,quay,Ligplaats Buitenhaven Buitenspuikanaal Palen Oost IJmuiden,Netherlands waterway,52.470178,4.598734,m_osm_106684570,Marina Seaport IJmuiden,port
no_match,2810.6,quay,Liegestelle Homberg,Rhine,51.43515,6.710369,m_osm_431072366,Ruhrorter Yachtclub e.V. - Süd,port
no_match,2811.1,quay,,Netherlands waterway,52.704409,5.746816,m_osm_1446067217,Jachthaven,port
no_match,2812.2,quay,5075,Belgium waterway,51.159645,3.789796,m_osm_8087252421,VVW Mendonk,port
no_match,2812.3,quay,1212,Unknown waterway,51.295056,3.836062,m_osm_12407056733,Zeeland Bunkering BV,fuel
no_match,2815.1,quay,S11,Belgium waterway,51.206606,4.379722,m_osm_625248475,Jachthaven Linkeroever,port
no_match,2816.2,quay,Ligplaats Hollands Cement terminal Moerdijk,Hollands Diep,51.689061,4.597352,m_osm_1935108154,Jachthaven Strijensas,port
no_match,2817.9,quay,Ligplaats Europe Steel Centre Moerdijk,Hollands Diep,51.692886,4.611429,m_osm_1935108154,Jachthaven Strijensas,port
no_match,2818.2,quay,,Netherlands waterway,51.834188,4.977491,m_osm_972977791,WSV Woudrichem,port
no_match,2818.2,quay,552A,Port of Antwerp,51.302167,4.330026,m_osm_837845424,Yacht Club Scaldis,port
no_match,2819.8,quay,5495,Belgium waterway,51.183186,3.803233,m_osm_279405371,Watersportvereniging Zelzate,port
no_match,2822.7,quay,,Netherlands waterway,51.803647,4.619179,m_osm_400332332,De Waterlelie,port
no_match,2825.0,quay,,Netherlands waterway,51.805437,4.622028,m_osm_1368200086,"WSV ""Maartensgat""",port
no_match,2826.9,quay,,Amsterdam-Rijnkanaal,51.913448,5.437612,m_osm_3018764612,Tielse Watersportvereniging De Waal,port
no_match,2827.3,quay,,Netherlands waterway,51.822481,4.763086,m_osm_2960691533,Jachthaven Westergoot,port
no_match,2828.6,quay,Ligplaats 10 Kanaleneiland Utrecht,Amsterdam-Rijnkanaal,52.064913,5.094443,m_osm_3569367793,Passantenhaven Catharijnesingel,port
no_match,2829.1,quay,Ligplaats Cacaohaven loods Pim Amsterdam,Netherlands waterway,52.414399,4.767664,m_osm_415633186,Jachthaven Nauerna,port
no_match,2829.3,quay,Ligplaats Westhaven Waterland Terminal 3 Amsterdam,Netherlands waterway,52.412095,4.814224,m_osm_13526713621,Kokernoot,port
no_match,2829.3,quay,,Amsterdam-Rijnkanaal,52.227251,5.033787,m_osm_981207271,Ottenhome,port
no_match,2830.3,quay,6720,Belgium waterway,51.183406,3.798767,m_osm_279405371,Watersportvereniging Zelzate,port
no_match,2830.6,quay,1712,Belgium waterway,51.286687,4.258896,m_osm_837845424,Yacht Club Scaldis,port
no_match,2830.8,quay,Ligplaats Wilhelminahaven ZHD 5 Dordrecht,Dordtsche Kil,51.793733,4.637467,m_osm_1368200086,"WSV ""Maartensgat""",port
no_match,2831.2,quay,,Kanaal Bocholt-Herentals,51.238557,5.208469,m_osm_1305739099,Zilvermeerhaven,port
no_match,2831.3,quay,649,Port of Antwerp,51.327611,4.302377,m_osm_837845424,Yacht Club Scaldis,port
no_match,2832.3,quay,530,Belgium waterway,51.312406,3.228493,m_osm_462344084,Brugse Zeil- en Yachtclub,port
no_match,2835.3,quay,Duna,Donau,47.43268,19.051991,m_osm_343473473,Kalóztanya Vendéglátó Állóhajó és Közforgalmú Hajó állomás,port
no_match,2836.6,quay,,Zeekanaal Brussel-Schelde,51.094379,4.336551,m_osm_111869545,yachtclub Volante,port
no_match,2839.2,quay,785,Belgium waterway,51.21758,2.97888,m_osm_127979467,Royal Yacht Club Oostende,port
no_match,2839.4,quay,Ligplaats Westhaven Waterland kade Amsterdam,Netherlands waterway,52.410691,4.814778,m_osm_13526713621,Kokernoot,port
no_match,2839.6,quay,480,Belgium waterway,51.08068,3.742411,m_osm_1301287574,Portus Ganda,port
no_match,2839.7,quay,7750,Belgium waterway,51.158631,3.784312,m_osm_8087252421,VVW Mendonk,port
no_match,2840.5,quay,Ligplaats Sluis Eefde1,Netherlands waterway,52.158806,6.226296,m_osm_1140832794,Jachthaven De Mars,port
no_match,2840.8,quay,Ligplaats Krabbegeul PWA 1 Dordrecht,Dordtsche Kil,51.795934,4.632597,m_osm_1368200086,"WSV ""Maartensgat""",port
no_match,2841.3,quay,,Belgium waterway,51.088049,3.726647,m_osm_241795954,Jachthaven Langerbrugge,port
no_match,2842.6,quay,Ligplaats loswal TLC Tiel,Amsterdam-Rijnkanaal,51.913672,5.438999,m_osm_3018764612,Tielse Watersportvereniging De Waal,port
no_match,2842.6,quay,906,Belgium waterway,51.258336,3.216342,m_osm_1816556549,Koninklijke Brugse zeil- en yachtclub,port
no_match,2842.7,quay,261,Port of Antwerp,51.255308,4.380836,m_osm_19627721,Jachthaven Linkeroever,port
no_match,2844.8,quay,,Netherlands waterway,51.803107,4.619456,m_osm_400332332,De Waterlelie,port
no_match,2848.1,quay,123,Port of Antwerp,51.257022,4.397315,m_osm_4322795,Kempisch dok,port
no_match,2849.0,quay,Ligplaats Westhaven Waterland Terminal 2 Amsterdam,Netherlands waterway,52.414256,4.81311,m_osm_13526713621,Kokernoot,port
no_match,2849.1,quay,Ligplaats Hornhaven Tank Storage Argent Amsterdam,Netherlands waterway,52.397137,4.80966,m_osm_178828118,De Duikelaar,port
no_match,2850.8,quay,600,Belgium waterway,51.086113,3.741361,m_osm_241795954,Jachthaven Langerbrugge,port
no_match,2851.9,quay,Autoafzetplaats Sluis Eefde1,Netherlands waterway,52.163479,6.255426,m_osm_972946054,Jachthaven De Nieuwe Aanleg,port
no_match,2852.2,quay,Ligplaats Amerikahaven Evos steiger 18 Oost Amsterdam,Netherlands waterway,52.401512,4.776432,m_osm_197452216,de Swaenenburght,port
no_match,2853.8,quay,142,Belgium waterway,51.352962,3.176835,m_osm_554945941,Royal Belgian Sailing Club,port
no_match,2854.4,quay,Liegeplatz Oberfell,Mosel,50.263278,7.448113,m_osm_1888010194,Yacht-Club Löf,port
no_match,2854.6,quay,Ligplaats Amerikahaven Oiltanking steiger 2 Amsterdam,Netherlands waterway,52.402171,4.774454,m_osm_197452216,de Swaenenburght,port
no_match,2858.0,quay,490,Belgium waterway,51.081048,3.740841,m_osm_1301287574,Portus Ganda,port
no_match,2859.1,quay,Ligplaats Westhaven kade Koopman Amsterdam,Netherlands waterway,52.408211,4.816079,m_osm_13526713621,Kokernoot,port
no_match,2859.2,quay,263,Port of Antwerp,51.255167,4.379433,m_osm_19627721,Jachthaven Linkeroever,port
no_match,2859.3,quay,Ligplaats Amerikahaven Oiltanking steiger 3 Amsterdam,Netherlands waterway,52.402462,4.773614,m_osm_197452216,de Swaenenburght,port
no_match,2859.5,quay,Ligplaats 2 Doornenburg,Netherlands waterway,51.901707,6.011853,m_osm_4115799091,W.S.V. Loowaard Jachthaven,port
no_match,2859.5,quay,172,Port of Antwerp,51.259761,4.413978,m_osm_4322795,Kempisch dok,port
no_match,2860.0,quay,Ligplaats Suezhaven All Weather Terminal 4 Amsterdam,Netherlands waterway,52.398766,4.824549,m_osm_222267337,VVE Noordzijde,port
no_match,2861.1,quay,730,Belgium waterway,51.215777,2.978274,m_osm_127979467,Royal Yacht Club Oostende,port
no_match,2862.5,quay,530,Port of Antwerp,51.304193,4.330698,m_osm_837845424,Yacht Club Scaldis,port
no_match,2863.8,quay,Ligplaats Westhaven Waterland Terminal 1 Amsterdam,Netherlands waterway,52.414604,4.812787,m_osm_13526713621,Kokernoot,port
no_match,2863.9,quay,Ligplaats 2 passanten Spaarndamseweg Haarlem,Netherlands waterway,52.392849,4.650256,m_osm_602926559,De Rietpol,port
no_match,2865.0,quay,Ligplaats Westhaven Katoen Natie Amsterdam,Netherlands waterway,52.398579,4.81928,m_osm_222267337,VVE Noordzijde,port
no_match,2865.3,quay,B慮氀耀ｙ욈鵉耀1澳㠀耀｛욶鹀耀〲㠱퐀繘｝운齴耀畄慮渀耀｟욲ꀀ耀噏F㤀耀ｑ우ꄨ耀癉ᅇἡｓ욾ꊂ耀㤷㤹瀀耀ｕ욼ꍉ耀1⁴灵耀ｗ욺ꓐ耀噏F㜰㘱ｉ울ꖂ耀裤㞧ἡｋ욦ꘀ耀㤷㤹㬀耀ｍ욤Ꝙ耀㤷㤹耀䷯ｏ욢꡸耀〲㠱琀耀ａ욠꧈耀噏F㰀耀ｃ욮꩘耀〲㠱,Donau,47.45484,19.055889,m_osm_6943300825,MOL,fuel
no_match,2867.6,quay,Wartelände Melk Oberwasser,Donau,48.222704,15.275079,m_osm_333012197,Yachthafen Emmersdorf,port
no_match,2868.0,quay,174,Port of Antwerp,51.259762,4.411963,m_osm_4322795,Kempisch dok,port
no_match,2868.5,quay,Liegestelle Unterhalb Baerler Brücke,Rhine,51.491643,6.700151,m_osm_2427061055,Seglergemeinschaft Lohheider See,port
no_match,2869.3,quay,265A,Port of Antwerp,51.254932,4.378027,m_osm_19627721,Jachthaven Linkeroever,port
no_match,2870.2,quay,,Albertkanaal,50.939724,5.379057,m_osm_317822393,Royal Hasselt Yachting Club,port
no_match,2871.7,quay,141,Belgium waterway,51.354509,3.179567,m_osm_554945941,Royal Belgian Sailing Club,port
no_match,2872.5,quay,,Zeekanaal Brussel-Schelde,51.048719,4.362526,m_osm_528530237,Dok 3,port
no_match,2873.0,quay,Ligplaats BD05 haven Oss,Maas,51.795666,5.544805,m_osm_183214434,WSV 'De Gouden Ham',port
no_match,2874.2,quay,Ligplaats De Visser,Netherlands waterway,52.463779,4.603222,m_osm_106684570,Marina Seaport IJmuiden,port
no_match,2876.5,pontoon,,Belgium waterway,51.352721,3.175902,m_osm_554945941,Royal Belgian Sailing Club,port
no_match,2877.2,quay,Ligplaats Westhaven WZ Coldstores bv Amsterdam,Netherlands waterway,52.415974,4.812271,m_osm_13526713621,Kokernoot,port
no_match,2877.3,quay,Duna,Donau,47.431818,19.051705,m_osm_343473473,Kalóztanya Vendéglátó Állóhajó és Közforgalmú Hajó állomás,port
no_match,2877.5,quay,,Netherlands waterway,51.766952,5.141604,m_osm_1261913614,WSV Het Esmeer,port
no_match,2877.7,quay,527,Port of Antwerp,51.295234,4.328792,m_osm_837845424,Yacht Club Scaldis,port
no_match,2878.5,quay,300,Belgium waterway,51.086314,3.734182,m_osm_241795954,Jachthaven Langerbrugge,port
no_match,2878.7,quay,Dana acostare TTS - Transport Trade Service SA,Donau,43.867375,25.960916,m_osm_508231317,Yacht Club Port Rousse,port
no_match,2880.1,quay,303,Port of Antwerp,51.24874,4.363186,m_osm_19627721,Jachthaven Linkeroever,port
no_match,2881.0,quay,259,Port of Antwerp,51.255516,4.380086,m_osm_19627721,Jachthaven Linkeroever,port
no_match,2881.6,quay,500,Belgium waterway,51.081422,3.739252,m_osm_1301287574,Portus Ganda,port
no_match,2882.9,quay,Ligplaats 2 Begraafplaatssluis - Noordzijde Gorinchem,Netherlands waterway,51.838962,4.976119,m_osm_1334520004,WSV de Gors,port
no_match,2882.9,quay,176,Port of Antwerp,51.259768,4.410061,m_osm_4322795,Kempisch dok,port
no_match,2883.3,quay,492,Unknown waterway,51.349848,3.787909,m_osm_12912396611,Jachthaven Terneuzen,port
no_match,2884.9,quay,Ligplaats kade Total Groningen,Netherlands waterway,53.233637,6.638323,m_osm_94192567,Woonschepenhaven,port
no_match,2886.9,quay,Ligplaats 1 Wijk bij Duurstede Kanaal Noord,Amsterdam-Rijnkanaal,51.97154,5.307787,m_osm_1672869237,Stadshaven Wijk bij Duurstede,port
no_match,2888.1,quay,Ligplaats 5 Broekweg Wijk bij Duurstede,Lek,51.970132,5.307762,m_osm_1672869237,Stadshaven Wijk bij Duurstede,port
no_match,2888.3,quay,Ligplaats 11 Kanaleneiland Utrecht,Amsterdam-Rijnkanaal,52.063857,5.095422,m_osm_3569367793,Passantenhaven Catharijnesingel,port
no_match,2889.6,quay,Ligplaats Amerikahaven Evos steiger 17 Oost Amsterdam,Netherlands waterway,52.4016,4.777293,m_osm_197452216,de Swaenenburght,port
no_match,2891.2,quay,5090,Belgium waterway,51.160478,3.790334,m_osm_8087252421,VVW Mendonk,port
no_match,2891.4,quay,Ligplaats Krabbegeul PWA 2 Dordrecht,Dordtsche Kil,51.795256,4.632734,m_osm_1368200086,"WSV ""Maartensgat""",port
no_match,2891.8,quay,Scheldesteiger,Unknown waterway,51.350553,3.788234,m_osm_12912396611,Jachthaven Terneuzen,port
no_match,2895.2,quay,279,Port of Antwerp,51.253121,4.371444,m_osm_19627721,Jachthaven Linkeroever,port
no_match,2895.9,quay,,Albertkanaal,51.15438,4.875025,m_osm_36273295,Jachthaven Herentals,port
no_match,2896.1,quay,Ligplaats Suezhaven kade Noordzijde Amsterdam,Netherlands waterway,52.399472,4.825974,m_osm_13526713621,Kokernoot,port
no_match,2896.5,quay,,Maas,51.799171,5.654804,m_osm_425314295,Watersportvereniging Het Haventje,port
no_match,2897.2,quay,Ligplaats Amerikahaven Evos steiger 6 Oost Amsterdam,Netherlands waterway,52.403105,4.772619,m_osm_197452216,de Swaenenburght,port
no_match,2897.4,quay,369,Port of Antwerp,51.246213,4.359526,m_osm_19627721,Jachthaven Linkeroever,port
no_match,2898.8,quay,7740,Belgium waterway,51.159338,3.784769,m_osm_8087252421,VVW Mendonk,port
no_match,2902.7,quay,330,Belgium waterway,51.081844,3.734925,m_osm_1301287574,Portus Ganda,port
no_match,2903.8,quay,Liegestelle Windorf,Donau,48.622557,13.218388,m_osm_227704881,Bootsportverein - Vilshofen,port
no_match,2905.5,quay,140,Belgium waterway,51.355897,3.18206,m_osm_554945941,Royal Belgian Sailing Club,port
no_match,2907.3,quay,508,Belgium waterway,51.309736,3.224774,m_osm_462344084,Brugse Zeil- en Yachtclub,port
no_match,2907.4,quay,B慮둸Ě邑샻䀀考,Donau,47.434094,19.050647,m_osm_343473473,Kalóztanya Vendéglátó Állóhajó és Közforgalmú Hajó állomás,port
no_match,2907.8,quay,Liegestelle Hochemmerich,Rhine,51.422853,6.725895,m_osm_185529303,Innenhafen,port
no_match,2909.2,quay,510,Belgium waterway,51.081789,3.737686,m_osm_1301287574,Portus Ganda,port
no_match,2909.3,quay,,Netherlands waterway,51.576728,5.109432,m_osm_1395864394,Piushaven,port
no_match,2909.4,quay,178,Port of Antwerp,51.259785,4.407801,m_osm_4322795,Kempisch dok,port
no_match,2909.8,quay,,Waal,51.849302,5.828223,m_osm_1446067379,Lindenberghaven Passantensteiger,port
no_match,2912.1,quay,704,Port of Antwerp,51.323282,4.316897,m_osm_837845424,Yacht Club Scaldis,port
no_match,2915.0,quay,Ligplaats Westhaven ADM Wild Netherlands Amsterdam,Netherlands waterway,52.417596,4.811494,m_osm_13526713621,Kokernoot,port
no_match,2917.6,quay,780,Belgium waterway,51.217785,2.98014,m_osm_127979467,Royal Yacht Club Oostende,port
no_match,2918.1,quay,257,Port of Antwerp,51.255526,4.37854,m_osm_19627721,Jachthaven Linkeroever,port
no_match,2918.7,quay,,Belgium waterway,51.203394,5.157809,m_osm_1305739099,Zilvermeerhaven,port
no_match,2919.8,quay,Ligplaats autoafzetplaats sluis Linne - Boven,Maas,51.17099,5.919728,m_osm_2632127906,Jachthaven Boschmolenplas,port
no_match,2920.3,quay,Ankerplaats Tiel,Amsterdam-Rijnkanaal,51.914442,5.443164,m_osm_3018764612,Tielse Watersportvereniging De Waal,port
no_match,2923.4,quay,764,Port of Antwerp,51.325983,4.311199,m_osm_837845424,Yacht Club Scaldis,port
no_match,2924.8,quay,524,Port of Antwerp,51.30054,4.331353,m_osm_837845424,Yacht Club Scaldis,port
no_match,2925.3,quay,,Maas,50.880494,5.704828,m_osm_4720042858,Bassin,port
no_match,2926.8,quay,VOEST-Alpine,Donau,48.280866,14.345382,m_osm_2150418661,Sportboothafen Linz,port
no_match,2927.0,quay,5480,Belgium waterway,51.182226,3.803081,m_osm_279405371,Watersportvereniging Zelzate,port
no_match,2927.6,quay,6740,Belgium waterway,51.18258,3.798198,m_osm_279405371,Watersportvereniging Zelzate,port
no_match,2928.0,quay,Ligplaats Van Oord Dredging Moerdijk,Hollands Diep,51.687699,4.594448,m_osm_1935108154,Jachthaven Strijensas,port
no_match,2928.9,quay,,Hollands Diep,51.687694,4.59448,m_osm_1935108154,Jachthaven Strijensas,port
no_match,2929.8,pontoon,Port d'Arques 1,Canal Dunkerque–Escaut,50.746474,2.297634,m132,Saint-Omer – Port de Plaisance,port
no_match,2931.7,quay,528,Port of Antwerp,51.302998,4.331704,m_osm_837845424,Yacht Club Scaldis,port
no_match,2932.4,quay,590,Belgium waterway,51.085378,3.742245,m_osm_241795954,Jachthaven Langerbrugge,port
no_match,2932.9,quay,,Amsterdam-Rijnkanaal,51.91446,5.43848,m_osm_3018764612,Tielse Watersportvereniging De Waal,port
no_match,2935.5,quay,Ligplaats Madagascarhaven Schiphol Container Service,Netherlands waterway,52.41156,4.752358,m_osm_415633186,Jachthaven Nauerna,port
no_match,2937.3,quay,Kegelligplaats steiger Q Farmsum,Netherlands waterway,53.312125,6.962645,m_osm_109141846,Jachthaven KZ&RV Neptunus,port
no_match,2938.9,quay,Gut Persenbeug,Donau,48.197521,15.041108,m_osm_1462187804,Yachthafen Isperdorf,port
no_match,2940.3,quay,S10,Belgium waterway,51.205832,4.37792,m_osm_625248475,Jachthaven Linkeroever,port
no_match,2941.1,quay,Liegestelle,Saar,49.237002,6.986292,m_osm_567360463,Charterhafen Saarbrücken-Arnual,port
no_match,2941.8,quay,180,Port of Antwerp,51.259815,4.405773,m_osm_4322795,Kempisch dok,port
no_match,2942.0,quay,526,Port of Antwerp,51.301772,4.331773,m_osm_837845424,Yacht Club Scaldis,port
no_match,2942.3,quay,Ligplaats Amerikahaven Cargill Sennebogen Amsterdam,Netherlands waterway,52.414208,4.771041,m_osm_415633186,Jachthaven Nauerna,port
no_match,2942.7,quay,Ligplaats steiger Ecocem Moerdijk,Hollands Diep,51.688184,4.599267,m_osm_1935108154,Jachthaven Strijensas,port
no_match,2943.4,quay,,Belgium waterway,51.203014,5.158517,m_osm_1305739099,Zilvermeerhaven,port
no_match,2948.2,quay,Ligplaats Julianahaven 1 GEKA kade Dordrecht,Dordtsche Kil,51.790481,4.643782,m_osm_1368200086,"WSV ""Maartensgat""",port
no_match,2950.0,quay,522,Port of Antwerp,51.29952,4.331505,m_osm_837845424,Yacht Club Scaldis,port
no_match,2952.2,quay,Ligplaats 1 Roode Vaart steiger links Moerdijk,Hollands Diep,51.692345,4.613565,m_osm_1935108154,Jachthaven Strijensas,port
no_match,2954.9,quay,,Netherlands waterway,52.416005,4.776467,m_osm_415633186,Jachthaven Nauerna,port
no_match,2956.8,quay,Ligplaats Cronimet Moerdijk,Hollands Diep,51.68847,4.601539,m_osm_1935108154,Jachthaven Strijensas,port
no_match,2958.7,quay,766,Port of Antwerp,51.326685,4.310274,m_osm_837845424,Yacht Club Scaldis,port
no_match,2959.6,quay,Ligplaats autoafzetplaats Roode Vaart Moerdijk,Hollands Diep,51.691923,4.612797,m_osm_1935108154,Jachthaven Strijensas,port
no_match,2962.7,pontoon,Port d'Arques 2,Canal Dunkerque–Escaut,50.746482,2.298101,m132,Saint-Omer – Port de Plaisance,port
no_match,2963.6,quay,Ligplaats 1 Roode Vaart steiger rechts Moerdijk,Hollands Diep,51.692478,4.61413,m_osm_1935108154,Jachthaven Strijensas,port
no_match,2964.5,quay,Ligplaats autoafzetplaats Kanaleneiland Utrecht,Amsterdam-Rijnkanaal,52.062616,5.096581,m_osm_3569367793,Passantenhaven Catharijnesingel,port
no_match,2965.7,quay,762,Port of Antwerp,51.325849,4.312695,m_osm_837845424,Yacht Club Scaldis,port
no_match,2966.4,quay,,Netherlands waterway,52.703569,5.744546,m_osm_1446067217,Jachthaven,port
no_match,2967.1,quay,Ligplaats 2 Roode Vaart steiger rechts Moerdijk,Hollands Diep,51.692019,4.613205,m_osm_1935108154,Jachthaven Strijensas,port
no_match,2967.2,quay,Ligplaats Westhaven duwbakken 5 Amsterdam,Netherlands waterway,52.400586,4.822597,m_osm_13526713621,Kokernoot,port
no_match,2969.6,quay,Stadt Obernburg,Main,49.841814,9.151181,m_osm_1846447633,Hafen Erlenbach,port
no_match,2970.4,quay,255,Port of Antwerp,51.255539,4.376566,m_osm_19627721,Jachthaven Linkeroever,port
no_match,2971.6,quay,5105,Belgium waterway,51.161313,3.790875,m_osm_8087252421,VVW Mendonk,port
no_match,2972.1,quay,Liegestelle Worringen,Rhine,51.071673,6.862639,m_osm_1588137781,Bergische Yachtschule,port
no_match,2976.9,quay,,Albertkanaal,51.154049,4.876674,m_osm_36273295,Jachthaven Herentals,port
no_match,2979.2,pontoon,,Belgium waterway,51.353397,3.174894,m_osm_554945941,Royal Belgian Sailing Club,port
no_match,2980.1,quay,182,Port of Antwerp,51.259837,4.403722,m_osm_4322795,Kempisch dok,port
no_match,2980.6,quay,1730,Belgium waterway,51.288436,4.254023,m_osm_837845424,Yacht Club Scaldis,port
no_match,2981.5,quay,Ligplaats Krabbegeul PWA 3 Dordrecht,Dordtsche Kil,51.794129,4.632875,m_osm_1368200086,"WSV ""Maartensgat""",port
no_match,2983.4,quay,125,Port of Antwerp,51.258095,4.396396,m_osm_4322795,Kempisch dok,port
no_match,2984.1,quay,,Amsterdam-Rijnkanaal,52.106625,5.073198,m_osm_209274021,Jachthaven Den Hoek,port
no_match,2985.8,quay,Ligplaats Julianahaven 2 GEKA kade Dordrecht,Dordtsche Kil,51.790404,4.642678,m_osm_1368200086,"WSV ""Maartensgat""",port
no_match,2986.7,quay,,Kanaal Bocholt-Herentals,51.238223,5.211116,m_osm_1305739099,Zilvermeerhaven,port
no_match,2987.3,quay,,Netherlands waterway,53.270264,6.507032,m_osm_1040460429,Haven Sauwerd,port
no_match,2987.7,quay,Wartelände Abwinden Oberwasser,Donau,48.253841,14.41661,m_osm_117626204,Motoryachtclub Steyregg,port
no_match,2987.7,quay,,Netherlands waterway,51.758577,5.158385,m_osm_721652678,WSV Heusden,port
no_match,2993.8,quay,Ligplaats zeeverkenners Nannie van der Wiele,Netherlands waterway,52.463733,4.605031,m_osm_106684570,Marina Seaport IJmuiden,port
no_match,2994.5,quay,,Dordtsche Kil,51.790521,4.641945,m_osm_1368200086,"WSV ""Maartensgat""",port
no_match,2997.9,quay,Ligplaats 4 Broekweg Wijk bij Duurstede,Lek,51.970587,5.306148,m_osm_1672869237,Stadshaven Wijk bij Duurstede,port
no_match,2999.6,quay,143,Belgium waterway,51.354239,3.175999,m_osm_554945941,Royal Belgian Sailing Club,port
no_match,2999.7,quay,540,Belgium waterway,51.084887,3.737889,m_osm_241795954,Jachthaven Langerbrugge,port
no_match,3000.2,quay,Dana acostare CEREALCOM SA,Donau,43.99756,22.927767,m_osm_27016292,BDIN кану-каяк клуб,port
no_match,3002.1,quay,Ligplaats Van Dalen Recycling Huissen,Netherlands waterway,51.94314,5.959504,m_osm_4115799091,W.S.V. Loowaard Jachthaven,port
no_match,3002.5,quay,7730,Belgium waterway,51.160234,3.784328,m_osm_8087252421,VVW Mendonk,port
no_match,3005.1,quay,Ligplaats loswal De Ruiter Haarlemmerliede,Netherlands waterway,52.383383,4.71218,m_osm_197452216,de Swaenenburght,port
no_match,3007.9,quay,144,Belgium waterway,51.354291,3.175913,m_osm_554945941,Royal Belgian Sailing Club,port
no_match,3008.1,quay,VOEST-Alpine,Donau,48.280215,14.346666,m_osm_117626204,Motoryachtclub Steyregg,port
no_match,3008.2,quay,535,Belgium waterway,51.084892,3.736669,m_osm_241795954,Jachthaven Langerbrugge,port
no_match,3009.6,quay,,Zeekanaal Brussel-Schelde,51.047502,4.362207,m_osm_528530237,Dok 3,port
no_match,3010.2,quay,281,Port of Antwerp,51.253149,4.368503,m_osm_19627721,Jachthaven Linkeroever,port
no_match,3010.6,quay,Ligplaats Europsalt Moerdijk,Hollands Diep,51.68788,4.60112,m_osm_1935108154,Jachthaven Strijensas,port
no_match,3011.8,quay,Dana acostare Giurgiunav,Donau,43.868117,25.96244,m_osm_508231317,Yacht Club Port Rousse,port
no_match,3012.5,quay,960,Belgium waterway,51.085858,3.754561,m_osm_241795954,Jachthaven Langerbrugge,port
no_match,3012.8,quay,520,Belgium waterway,51.082779,3.736647,m_osm_1301287574,Portus Ganda,port
no_match,3017.6,quay,,Belgium waterway,51.085703,3.753994,m_osm_241795954,Jachthaven Langerbrugge,port
no_match,3019.3,quay,Liegestelle Kehl-Nord,Rhine,48.603574,7.81727,m_osm_316844307,Nautic Club Kehl,port
no_match,3019.9,quay,,Netherlands waterway,51.758137,4.793302,m_osm_4612324791,Van Oversteeg,port
no_match,3020.9,quay,529,Belgium waterway,51.310819,3.229715,m_osm_462344084,Brugse Zeil- en Yachtclub,port
no_match,3021.1,quay,955,Belgium waterway,51.085627,3.753755,m_osm_241795954,Jachthaven Langerbrugge,port
no_match,3023.6,quay,371,Port of Antwerp,51.246232,4.357335,m_osm_19627721,Jachthaven Linkeroever,port
no_match,3024.5,quay,301,Port of Antwerp,51.249493,4.36147,m_osm_19627721,Jachthaven Linkeroever,port
no_match,3024.6,quay,969,Belgium waterway,51.2598,3.214518,m_osm_1816556549,Koninklijke Brugse zeil- en yachtclub,port
no_match,3025.3,quay,Liegestelle Orsoy,Rhine,51.52543,6.692634,m_osm_2427061055,Seglergemeinschaft Lohheider See,port
no_match,3025.5,quay,184,Port of Antwerp,51.259867,4.40167,m_osm_4322795,Kempisch dok,port
no_match,3028.6,quay,Ligplaats Westhaven Steinweg Amsterdam,Netherlands waterway,52.402444,4.818835,m_osm_13526713621,Kokernoot,port
no_match,3028.8,quay,,Kanaal Gent-Oostende,51.17121,3.247187,m_osm_319622162,Flandria,port
no_match,3030.5,quay,Ligplaats Nefco / VGN Gas bv / Van Gelder Groep Tiel,Amsterdam-Rijnkanaal,51.915371,5.439092,m_osm_3018764612,Tielse Watersportvereniging De Waal,port
no_match,3031.1,quay,6760,Belgium waterway,51.181703,3.797594,m_osm_279405371,Watersportvereniging Zelzate,port
no_match,3031.2,quay,550,Belgium waterway,51.084537,3.739275,m_osm_241795954,Jachthaven Langerbrugge,port
no_match,3032.3,pontoon,,Belgium waterway,51.353896,3.174641,m_osm_554945941,Royal Belgian Sailing Club,port
no_match,3040.2,quay,Ligplaats BCTN containerterminal Nijmegen,Waal,51.861099,5.830627,m_osm_1446067379,Lindenberghaven Passantensteiger,port
no_match,3040.2,quay,Regensburg Kreuzhof,Donau,49.010718,12.175814,m_osm_1725630687,Bunkerschiff Castrol,fuel
no_match,3040.2,quay,5465,Belgium waterway,51.181226,3.802568,m_osm_279405371,Watersportvereniging Zelzate,port
no_match,3041.2,quay,320,Belgium waterway,51.083094,3.734717,m_osm_1301287574,Portus Ganda,port
no_match,3044.1,quay,Liegemöglichkeit Breisiger Feld,Rhine,50.511641,7.300573,m_osm_2612452192,Sportboothafen Brohl,port
no_match,3048.6,quay,706,Port of Antwerp,51.323562,4.319343,m_osm_837845424,Yacht Club Scaldis,port
no_match,3048.7,quay,Ligplaats loswal Dussen,Beneden-Merwede,51.719728,4.983125,m_osm_183169655,Jachthaven 't Oude Maasje,port
no_match,3050.0,quay,253,Port of Antwerp,51.255567,4.37392,m_osm_19627721,Jachthaven Linkeroever,port
no_match,3053.0,quay,,Belgium waterway,51.082717,3.725348,m_osm_1301287574,Portus Ganda,port
no_match,3053.0,quay,5120,Belgium waterway,51.162146,3.791414,m_osm_8087252421,VVW Mendonk,port
no_match,3053.4,quay,Liegestelle im Ölhafen Karlsruhe,Rhine,49.070917,8.336569,m_osm_166381003,RKCW - Ruder- und Kanu Club Wörth,port
no_match,3053.6,quay,Ligplaats Buitenhaven Teersteiger Velsen-Noord,Netherlands waterway,52.473926,4.599376,m_osm_106684570,Marina Seaport IJmuiden,port
no_match,3053.7,quay,Dana acostare Capitania Giurgiu,Donau,43.868343,25.96293,m_osm_508231317,Yacht Club Port Rousse,port
no_match,3054.5,quay,Ligplaats 4 Broekweg Wijk bij Duurstede,Amsterdam-Rijnkanaal,51.970855,5.305321,m_osm_1672869237,Stadshaven Wijk bij Duurstede,port
no_match,3054.5,quay,580,Belgium waterway,51.084281,3.742428,m_osm_241795954,Jachthaven Langerbrugge,port
no_match,3054.9,quay,520,Port of Antwerp,51.298174,4.332664,m_osm_837845424,Yacht Club Scaldis,port
no_match,3055.5,quay,525,Port of Antwerp,51.293328,4.330399,m_osm_837845424,Yacht Club Scaldis,port
no_match,3059.1,quay,768,Port of Antwerp,51.327973,4.309478,m_osm_837845424,Yacht Club Scaldis,port
no_match,3060.2,quay,Ankerplaats Huissen,Netherlands waterway,51.943675,5.959282,m_osm_4115799091,W.S.V. Loowaard Jachthaven,port
no_match,3060.8,quay,Ligplaats steiger voor em- en debarkeren IJmuiden,Netherlands waterway,52.468446,4.603971,m_osm_106684570,Marina Seaport IJmuiden,port
no_match,3061.1,quay,310,Belgium waterway,51.084614,3.734465,m_osm_241795954,Jachthaven Langerbrugge,port
no_match,3061.3,quay,Ligplaats Julianahaven Eurogrit Dordrecht,Dordtsche Kil,51.791285,4.637486,m_osm_1368200086,"WSV ""Maartensgat""",port
no_match,3061.5,quay,Ligplaats Van der Vlist Moerdijk,Hollands Diep,51.68802,4.604037,m_osm_1935108154,Jachthaven Strijensas,port
no_match,3061.5,quay,Ligplaats Lekhaven bv loswal Wijk bij Duurstede,Amsterdam-Rijnkanaal,51.972293,5.305288,m_osm_1672869237,Stadshaven Wijk bij Duurstede,port
no_match,3061.8,quay,Wachtplaats steiger Shell Moerdijk,Hollands Diep,51.687801,4.573329,m_osm_1935108154,Jachthaven Strijensas,port
no_match,3062.0,quay,Ligplaats Julianahaven KWS 1 Dordrecht,Dordtsche Kil,51.790494,4.639788,m_osm_1368200086,"WSV ""Maartensgat""",port
no_match,3064.2,quay,Ligplaats autoafzetplaats Kernhaven Utrecht,Amsterdam-Rijnkanaal,52.105565,5.07102,m_osm_209274021,Jachthaven Den Hoek,port
no_match,3064.4,quay,560,Belgium waterway,51.084201,3.740608,m_osm_241795954,Jachthaven Langerbrugge,port
no_match,3065.5,quay,,Netherlands waterway,52.402143,4.780776,m_osm_197452216,de Swaenenburght,port
no_match,3068.6,quay,Ligplaats Amerikahaven Cargill Olieverlading Amsterdam,Netherlands waterway,52.413132,4.771672,m_osm_415633186,Jachthaven Nauerna,port
no_match,3068.9,quay,Ligplaats Julianahaven TTD steiger 2 Dordrecht,Dordtsche Kil,51.789557,4.642806,m_osm_1368200086,"WSV ""Maartensgat""",port
no_match,3069.2,quay,Liegestelle Orsoy,Rhine,51.529954,6.682164,m_osm_2427061055,Seglergemeinschaft Lohheider See,port
no_match,3071.6,pontoon,,Netherlands waterway,52.159347,6.229569,m_osm_1140832794,Jachthaven De Mars,port
no_match,3071.9,quay,760,Port of Antwerp,51.326071,4.314902,m_osm_837845424,Yacht Club Scaldis,port
no_match,3073.5,quay,186,Port of Antwerp,51.259868,4.399631,m_osm_4322795,Kempisch dok,port
no_match,3074.0,quay,Ligplaats Aziëhaven ARA Amsterdam,Netherlands waterway,52.40215,4.780985,m_osm_197452216,de Swaenenburght,port
no_match,3077.9,quay,Ligplaats autoafzetplaats Overeindseweg Nieuwegein,Amsterdam-Rijnkanaal,52.03898,5.1135,m_osm_1839055018,WSV Plettenburg,port
no_match,3078.3,quay,Ligplaats Amerikahaven Cargill Pneumaat Amsterdam,Netherlands waterway,52.413297,4.772538,m_osm_415633186,Jachthaven Nauerna,port
no_match,3078.7,quay,905,Belgium waterway,51.260432,3.215803,m_osm_1816556549,Koninklijke Brugse zeil- en yachtclub,port
no_match,3081.9,quay,,Netherlands waterway,51.835591,4.509122,m_osm_2189653371,Maritiem Centrum Barendrecht (Jachthaven en Jachtservice),port
no_match,3082.9,quay,Ligplaats Krabbegeul PWA 4 Dordrecht,Dordtsche Kil,51.792896,4.633034,m_osm_1368200086,"WSV ""Maartensgat""",port
no_match,3083.9,quay,,Belgium waterway,51.201745,5.158238,m_osm_1305739099,Zilvermeerhaven,port
no_match,3084.5,quay,Dana acostare marfuri vreac SCAEP SA,Donau,43.997835,22.928804,m_osm_27016292,BDIN кану-каяк клуб,port
no_match,3089.0,quay,,Maas,50.881818,5.705918,m_osm_4720042858,Bassin,port
no_match,3089.8,quay,Ligplaats 1 Zuilichem,Waal,51.812116,5.126258,m_osm_1261913614,WSV Het Esmeer,port
no_match,3093.1,quay,Ligplaats Amerikahaven Oiltanking steiger 7 Amsterdam,Netherlands waterway,52.404803,4.77345,m_osm_197452216,de Swaenenburght,port
no_match,3093.1,quay,Liegestelle im Ölhafen Karlsruhe,Rhine,49.071618,8.336408,m_osm_166381003,RKCW - Ruder- und Kanu Club Wörth,port
no_match,3098.9,quay,,Zeekanaal Brussel-Schelde,51.095628,4.333233,m_osm_111869545,yachtclub Volante,port
no_match,3099.3,quay,0570,Belgium waterway,51.083876,3.741896,m_osm_241795954,Jachthaven Langerbrugge,port
no_match,3099.4,quay,Dana acostare ATG Shipyard Giurgiu,Donau,43.868586,25.963468,m_osm_508231317,Yacht Club Port Rousse,port
no_match,3100.5,quay,B,Donau,47.430942,19.04897,m_osm_343473473,Kalóztanya Vendéglátó Állóhajó és Közforgalmú Hajó állomás,port
no_match,3101.1,quay,Ligplaats Merwedesluis - Korte Brug Gorinchem,Netherlands waterway,51.832396,4.969901,m_osm_972977791,WSV Woudrichem,port
no_match,3102.4,quay,Liegemöglichkeit Engers,Rhine,50.42304,7.536607,m_osm_1551431586,Bootssteg ASV Neuwied,port
no_match,3102.8,quay,Ligplaats Van Dalen Moerdijk,Hollands Diep,51.687504,4.603518,m_osm_1935108154,Jachthaven Strijensas,port
no_match,3104.2,quay,530,Belgium waterway,51.08404,3.736439,m_osm_241795954,Jachthaven Langerbrugge,port
no_match,3105.8,quay,,Netherlands waterway,53.308832,6.960401,m_osm_109141846,Jachthaven KZ&RV Neptunus,port
no_match,3110.7,quay,Loswal Den Helder - NAM,Unknown waterway,52.92085,4.792706,m_osm_849107411,Jachthaven Pluto,port
no_match,3112.6,quay,1800,Belgium waterway,51.324276,4.259623,m_osm_837845424,Yacht Club Scaldis,port
no_match,3112.9,quay,Liegestelle Faulbach,Main,49.771791,9.45012,m_osm_431045310,Bootsmarina Hock-Boote,port
no_match,3117.8,quay,Ligplaats 3 vluchthaven Gorinchem,Netherlands waterway,51.828941,4.966408,m_osm_972977791,WSV Woudrichem,port
no_match,3118.4,quay,509,Belgium waterway,51.308059,3.226226,m_osm_462344084,Brugse Zeil- en Yachtclub,port
no_match,3119.2,quay,Ligplaats Westervoort1 - Ballast Nedam Arnhem,Netherlands waterway,51.973313,5.975573,m_osm_4115683032,Jachthaven Valkenburg,port
no_match,3120.7,quay,1714,Belgium waterway,51.284444,4.256512,m_osm_837845424,Yacht Club Scaldis,port
no_match,3121.1,quay,,Kanaal Gent-Oostende,51.143607,3.295152,m_osm_1493824668,BWSV Beernem,port
no_match,3121.7,quay,251,Port of Antwerp,51.255585,4.371742,m_osm_19627721,Jachthaven Linkeroever,port
no_match,3122.0,quay,1992,Belgium waterway,51.275548,4.294594,m_osm_837845424,Yacht Club Scaldis,port
no_match,3122.6,quay,Ligplaats Amerikahaven Oiltanking steiger 10 Amsterdam,Netherlands waterway,52.405189,4.773054,m_osm_197452216,de Swaenenburght,port
no_match,3123.9,quay,7720,Belgium waterway,51.161105,3.783153,m_osm_8087252421,VVW Mendonk,port
no_match,3128.4,quay,,Netherlands waterway,52.702208,5.743634,m_osm_1446067217,Jachthaven,port
no_match,3130.6,quay,,Ringvaart om Gent,51.100613,3.700674,m_osm_241795954,Jachthaven Langerbrugge,port
no_match,3130.9,quay,283,Port of Antwerp,51.253175,4.365638,m_osm_19627721,Jachthaven Linkeroever,port
no_match,3131.3,quay,6780,Belgium waterway,51.180855,3.797011,m_osm_279405371,Watersportvereniging Zelzate,port
no_match,3131.9,quay,Liegeplatz Briedern,Mosel,50.112408,7.201724,m_osm_530788429,Yachthafen Senheim,port
no_match,3132.9,quay,127,Port of Antwerp,51.259281,4.395381,m_osm_4322795,Kempisch dok,port
no_match,3133.3,quay,Ligplaats 3 Broekweg Wijk bij Duurstede,Amsterdam-Rijnkanaal,51.971155,5.304175,m_osm_1672869237,Stadshaven Wijk bij Duurstede,port
no_match,3134.5,quay,Liegeplatz,Rhine,49.494428,8.444189,m_osm_2072615406,Segelsportanlage Mannheim,port
no_match,3134.5,quay,281P,Port of Antwerp,51.253621,4.366493,m_osm_19627721,Jachthaven Linkeroever,port
no_match,3135.2,quay,5135,Belgium waterway,51.162977,3.791953,m_osm_8087252421,VVW Mendonk,port
no_match,3135.5,quay,,Leie,50.966251,3.482078,m_osm_264017868,Deinze Yacht Club,port
no_match,3138.6,quay,S9B,Belgium waterway,51.204704,4.374893,m_osm_625248475,Jachthaven Linkeroever,port
no_match,3139.0,quay,Ligplaats 4 vluchthaven Gorinchem,Netherlands waterway,51.827278,4.964885,m_osm_972977791,WSV Woudrichem,port
no_match,3143.5,quay,,Rhine,51.609284,6.593846,m_osm_431079388,Rhein-Lippe-Hafen,port
no_match,3145.7,quay,Liegestelle Eichel im Anschluß OVH,Main,49.748896,9.553051,m_osm_417285845,Sportboothafen,port
no_match,3147.6,quay,5450,Belgium waterway,51.18027,3.802296,m_osm_279405371,Watersportvereniging Zelzate,port
no_match,3149.4,quay,SCAEP SA Bulk Berth,Donau,43.997808,22.929619,m_osm_27016292,BDIN кану-каяк клуб,port
no_match,3150.6,quay,,Waal,51.859438,5.04473,m_osm_1334520004,WSV de Gors,port
no_match,3151.1,quay,Wachtplaats Sluis Eefde Boven2,Netherlands waterway,52.162854,6.251129,m_osm_972946054,Jachthaven De Nieuwe Aanleg,port
no_match,3152.9,quay,1993,Belgium waterway,51.276505,4.303678,m_osm_837845424,Yacht Club Scaldis,port
no_match,3154.0,quay,Ligplaats 0 Buitenhaven Buitenkade Velsen-Noord,Netherlands waterway,52.473681,4.601376,m_osm_106684570,Marina Seaport IJmuiden,port
no_match,3158.8,quay,quai de déchargement,Moselle,48.647686,5.90352,m225,Halte Fluviale de Toul,halte
no_match,3159.0,quay,,Netherlands waterway,51.725988,4.770135,m_osm_23112594,Oude Jachthaven,port
no_match,3167.6,quay,Ligplaats Aziëhaven AsfaltNu Amsterdam,Netherlands waterway,52.402277,4.783112,m_osm_197452216,de Swaenenburght,port
no_match,3169.2,quay,758,Port of Antwerp,51.326267,4.316857,m_osm_837845424,Yacht Club Scaldis,port
no_match,3170.2,quay,Wachtplaats Sluis Eefde - Beneden 1,Netherlands waterway,52.160231,6.230696,m_osm_1140832794,Jachthaven De Mars,port
no_match,3170.9,quay,,Belgium waterway,51.084993,3.726149,m_osm_241795954,Jachthaven Langerbrugge,port
no_match,3173.5,quay,287B,Port of Antwerp,51.251166,4.361077,m_osm_19627721,Jachthaven Linkeroever,port
no_match,3174.0,quay,,Netherlands waterway,52.402275,4.783278,m_osm_197452216,de Swaenenburght,port
no_match,3174.2,quay,,Leie,50.82944,3.258889,m_osm_1280257416,Kuurne,port
no_match,3175.3,quay,373,Port of Antwerp,51.246251,4.354747,m_osm_19627721,Jachthaven Linkeroever,port
no_match,3176.2,quay,Ligplaats 5 Weurt,Waal,51.857717,5.826376,m_osm_1446067379,Lindenberghaven Passantensteiger,port
no_match,3177.0,quay,708,Port of Antwerp,51.32382,4.321586,m_osm_837845424,Yacht Club Scaldis,port
no_match,3178.7,quay,Liegeplatz Klotten,Mosel,50.164713,7.20376,m_osm_276530161,Hafen Cochem - Cond,port
no_match,3178.8,quay,397,Port of Antwerp,51.248461,4.357164,m_osm_19627721,Jachthaven Linkeroever,port
no_match,3179.6,quay,DCR Romania - APDF SA Giurgiu,Donau,43.868989,25.964455,m_osm_508231317,Yacht Club Port Rousse,port
no_match,3182.1,quay,528,Belgium waterway,51.309156,3.230148,m_osm_462344084,Brugse Zeil- en Yachtclub,port
no_match,3182.7,quay,,Netherlands waterway,53.21666,6.489699,m_osm_127077125,Jachthaven Reitdiep,port
no_match,3183.6,quay,Ligplaats jachthaven Moerdijk,Hollands Diep,51.689557,4.612924,m_osm_1935108154,Jachthaven Strijensas,port
no_match,3183.8,quay,770,Port of Antwerp,51.329506,4.308517,m_osm_837845424,Yacht Club Scaldis,port
no_match,3184.9,quay,518,Port of Antwerp,51.296591,4.334019,m_osm_837845424,Yacht Club Scaldis,port
no_match,3185.1,quay,Ligplaats Aziëhaven KB kade Amsterdam,Netherlands waterway,52.403499,4.780571,m_osm_197452216,de Swaenenburght,port
no_match,3185.4,quay,,Netherlands waterway,52.363843,5.06875,m_osm_40030254,KNZ&RV,port
no_match,3186.5,quay,"Umschlaglände A26, ASFINAG",Donau,48.304528,14.269568,m_osm_2150418535,MYCN - Motor Yacht Club Nibelungen,port
no_match,3189.2,quay,Ligplaats aanlegsteiger RWS Moerdijk,Hollands Diep,51.682669,4.575221,m_osm_2814634671,Jachthaven Noordschans,port
no_match,3189.7,quay,Liegestelle Unterhalb Baerler Brücke,Rhine,51.49298,6.706463,m_osm_2427061055,Seglergemeinschaft Lohheider See,port
no_match,3190.4,quay,,Hollands Diep,51.689655,4.613355,m_osm_1935108154,Jachthaven Strijensas,port
no_match,3191.6,quay,Ligplaats scheepswerf Moerdijk,Hollands Diep,51.689643,4.613356,m_osm_1935108154,Jachthaven Strijensas,port
no_match,3192.5,quay,Kegelligplaats Sluis Hengelo2,Netherlands waterway,52.245824,6.808465,m_osm_170673593,Twentse Watersport Vereniging,port
no_match,3194.9,quay,Ligplaats 3 Overeindseweg Nieuwegein,Amsterdam-Rijnkanaal,52.040424,5.111821,m_osm_1839055018,WSV Plettenburg,port
no_match,3197.9,quay,249,Port of Antwerp,51.255611,4.369614,m_osm_19627721,Jachthaven Linkeroever,port
no_match,3200.3,quay,Ligplaats Amerikahaven Rietlanden Kade Amsterdam,Netherlands waterway,52.404389,4.77851,m_osm_197452216,de Swaenenburght,port
no_match,3202.9,quay,399,Port of Antwerp,51.249602,4.358196,m_osm_19627721,Jachthaven Linkeroever,port
no_match,3204.5,quay,188,Port of Antwerp,51.260722,4.397969,m_osm_4322795,Kempisch dok,port
no_match,3205.8,quay,Ligplaats Amerikahaven Cargill Meelverlading Amsterdam,Netherlands waterway,52.411944,4.772291,m_osm_415633186,Jachthaven Nauerna,port
no_match,3206.1,quay,209,Port of Antwerp,51.258885,4.381825,m_osm_19627721,Jachthaven Linkeroever,port
no_match,3206.9,quay,7710,Belgium waterway,51.161505,3.781677,m_osm_8087252421,VVW Mendonk,port
no_match,3209.0,quay,Ligplaats Amerikahaven ZE steiger B Amsterdam,Netherlands waterway,52.413484,4.776987,m_osm_415633186,Jachthaven Nauerna,port
no_match,3209.0,quay,,Ringvaart om Gent,51.099082,3.700559,m_osm_241795954,Jachthaven Langerbrugge,port
no_match,3210.6,quay,Turngemeinde Heidingsfeld,Main,49.770351,9.942068,m_osm_1941411115,Schiffsanlegestelle Würzburg,port
no_match,3215.1,quay,129,Port of Antwerp,51.259867,4.393814,m_osm_19627721,Jachthaven Linkeroever,port
no_match,3215.8,quay,,Hollands Diep,51.681887,4.575508,m_osm_2814634671,Jachthaven Noordschans,port
no_match,3217.1,quay,Kreuzhof II,Donau,49.008518,12.176818,m_osm_1725630687,Bunkerschiff Castrol,fuel
no_match,3218.0,quay,Duna,Donau,47.426894,19.049316,m_osm_343473473,Kalóztanya Vendéglátó Állóhajó és Közforgalmú Hajó állomás,port
no_match,3218.4,quay,131,Port of Antwerp,51.259885,4.391838,m_osm_19627721,Jachthaven Linkeroever,port
no_match,3218.7,quay,5150,Belgium waterway,51.16381,3.792493,m_osm_8087252421,VVW Mendonk,port
no_match,3220.3,quay,Ligplaats Amerikahaven Oiltanking steiger 8 Amsterdam,Netherlands waterway,52.405849,4.774212,m_osm_197452216,de Swaenenburght,port
no_match,3221.2,quay,RNA Calafat Berth,Donau,43.998164,22.93049,m_osm_27016292,BDIN кану-каяк клуб,port
no_match,3221.4,quay,,Albertkanaal,51.238697,4.461125,m_osm_4322795,Kempisch dok,port
no_match,3221.7,quay,Ligplaats Amerikahaven Rietlanden Palen Amsterdam,Netherlands waterway,52.404849,4.777763,m_osm_197452216,de Swaenenburght,port
no_match,3221.9,quay,,Waal,51.845345,5.824128,m_osm_1446067379,Lindenberghaven Passantensteiger,port
no_match,3222.4,quay,6800,Belgium waterway,51.180076,3.796554,m_osm_279405371,Watersportvereniging Zelzate,port
no_match,3222.7,quay,,Ringvaart om Gent,51.100368,3.699406,m_osm_241795954,Jachthaven Langerbrugge,port
no_match,3225.7,quay,,Belgium waterway,51.200466,5.157954,m_osm_1305739099,Zilvermeerhaven,port
no_match,3226.6,quay,1719,Belgium waterway,51.281074,4.259989,m_osm_837845424,Yacht Club Scaldis,port
no_match,3228.2,quay,7700,Belgium waterway,51.161315,3.780351,m_osm_8087252421,VVW Mendonk,port
no_match,3228.5,quay,133,Port of Antwerp,51.259905,4.389725,m_osm_19627721,Jachthaven Linkeroever,port
no_match,3231.0,quay,Ligplaats steiger RWS Belfeld,Maas,51.318697,6.11311,m_osm_722752741,WSV Poseidon,port
no_match,3234.4,quay,Ligplaats 2 Volker Mallegat Dordrecht,Dordtsche Kil,51.791416,4.632564,m_osm_1368200086,"WSV ""Maartensgat""",port
no_match,3237.5,quay,Ligplaats Aziëhaven Rietlanden kade Amsterdam,Netherlands waterway,52.403489,4.782037,m_osm_197452216,de Swaenenburght,port
no_match,3237.6,quay,521,Port of Antwerp,51.291584,4.332065,m_osm_837845424,Yacht Club Scaldis,port
no_match,3241.0,quay,Wachtplaats Sluis Eefde Beneden3,Netherlands waterway,52.159751,6.231965,m_osm_1140832794,Jachthaven De Mars,port
no_match,3241.2,quay,285,Port of Antwerp,51.253198,4.363171,m_osm_19627721,Jachthaven Linkeroever,port
no_match,3241.3,quay,Wachtplaats Sluis Eefde Beneden2,Netherlands waterway,52.16002,6.231861,m_osm_1140832794,Jachthaven De Mars,port
no_match,3242.6,quay,287A,Port of Antwerp,51.252397,4.361693,m_osm_19627721,Jachthaven Linkeroever,port
no_match,3244.2,quay,Ligplaats Amerikahaven Oiltanking steiger 9 Amsterdam,Netherlands waterway,52.406281,4.773402,m_osm_197452216,de Swaenenburght,port
no_match,3246.4,quay,,Kanaal Bossuit-Kortrijk,50.827603,3.32599,m_osm_1280257416,Kuurne,port
no_match,3247.0,quay,207,Port of Antwerp,51.259449,4.383063,m_osm_19627721,Jachthaven Linkeroever,port
no_match,3247.2,quay,970,Belgium waterway,51.261778,3.214018,m_osm_1816556549,Koninklijke Brugse zeil- en yachtclub,port
no_match,3248.9,quay,Ligplaats Julianaheven TTD steiger 1 Dordrecht,Dordtsche Kil,51.788884,4.638911,m_osm_1368200086,"WSV ""Maartensgat""",port
no_match,3251.0,quay,5435,Belgium waterway,51.179349,3.802052,m_osm_279405371,Watersportvereniging Zelzate,port
no_match,3252.2,quay,Ligplaats Almelo - CTT,Netherlands waterway,52.321168,6.630457,m_osm_972944659,Jachthaven AWV,port
no_match,3253.5,quay,7690,Belgium waterway,51.161116,3.778958,m_osm_8087252421,VVW Mendonk,port
no_match,3255.0,quay,Dana acostare APDF SA GIURGIU,Donau,43.998485,22.930884,m_osm_27016292,BDIN кану-каяк клуб,port
no_match,3255.5,quay,Ligplaats Kolb Jetty Moerdijk,Hollands Diep,51.681057,4.575942,m_osm_2814634671,Jachthaven Noordschans,port
no_match,3255.8,quay,211,Port of Antwerp,51.258909,4.379347,m_osm_19627721,Jachthaven Linkeroever,port
no_match,3256.7,quay,1728,Belgium waterway,51.286151,4.25174,m_osm_837845424,Yacht Club Scaldis,port
no_match,3257.5,quay,Ligplaats 2 Broekweg Wijk bij Duurstede,Amsterdam-Rijnkanaal,51.971665,5.30238,m_osm_1672869237,Stadshaven Wijk bij Duurstede,port
no_match,3257.6,quay,Ligplaats 2 vluchthaven Gorinchem,Netherlands waterway,51.828806,4.964062,m_osm_972977791,WSV Woudrichem,port
no_match,3258.7,quay,,Amsterdam-Rijnkanaal,51.917467,5.440296,m_osm_3018764612,Tielse Watersportvereniging De Waal,port
no_match,3259.0,quay,395,Port of Antwerp,51.247912,4.355081,m_osm_19627721,Jachthaven Linkeroever,port
no_match,3261.1,quay,135,Port of Antwerp,51.260167,4.389098,m_osm_19627721,Jachthaven Linkeroever,port
no_match,3272.1,quay,756,Port of Antwerp,51.326473,4.318853,m_osm_837845424,Yacht Club Scaldis,port
no_match,3272.4,quay,Liegestelle Kehl-Nord,Rhine,48.605532,7.819164,m_osm_316844307,Nautic Club Kehl,port
no_match,3275.2,quay,S9A,Belgium waterway,51.203981,4.37275,m_osm_625248475,Jachthaven Linkeroever,port
no_match,3277.1,quay,Liegestelle im Ölhafen Karlsruhe,Rhine,49.073289,8.33756,m_osm_166381003,RKCW - Ruder- und Kanu Club Wörth,port
no_match,3281.6,quay,7680,Belgium waterway,51.160916,3.777565,m_osm_8087252421,VVW Mendonk,port
no_match,3286.7,quay,247,Port of Antwerp,51.255636,4.367284,m_osm_19627721,Jachthaven Linkeroever,port
no_match,3287.3,quay,,Netherlands waterway,51.63455,4.764173,m_osm_686502436,WSV Breda,port
no_match,3287.7,quay,Kegelligplaats 1 Weurt,Waal,51.859894,5.825872,m_osm_1446067379,Lindenberghaven Passantensteiger,port
no_match,3287.9,quay,,Rupel,51.120894,4.582024,m_osm_98241745,Jachthaven VVW Emblem,port
no_match,3288.3,quay,,Waal,51.849109,5.822714,m_osm_1446067379,Lindenberghaven Passantensteiger,port
no_match,3288.7,quay,Ligplaats Amerikahaven Evos steiger 11 Oost Amsterdam,Netherlands waterway,52.406812,4.772969,m_osm_197452216,de Swaenenburght,port
no_match,3289.3,quay,,Netherlands waterway,53.213887,6.492152,m_osm_127077125,Jachthaven Reitdiep,port
no_match,3289.7,quay,201,Port of Antwerp,51.26033,4.38764,m_osm_19627721,Jachthaven Linkeroever,port
no_match,3289.9,quay,,Ringvaart om Gent,51.100432,3.698319,m_osm_241795954,Jachthaven Langerbrugge,port
no_match,3292.1,quay,772,Port of Antwerp,51.330801,4.307658,m_osm_837845424,Yacht Club Scaldis,port
no_match,3295.1,quay,Kegelligplaats 2 Weurt,Waal,51.858226,5.82482,m_osm_1446067379,Lindenberghaven Passantensteiger,port
no_match,3297.5,quay,Metzling,Donau,48.194189,15.108961,m_osm_333012215,Campingplatz Marbacher Freizeitzentrum & Sportboothafen,port
no_match,3297.8,quay,Ligplaats Julianahaven HBR A Dordrecht,Dordtsche Kil,51.787143,4.643641,m_osm_1368200086,"WSV ""Maartensgat""",port
no_match,3298.0,quay,Ligplaats kade Zandhandel Blauwforleat bv Blauwverlaat,Netherlands waterway,53.226737,6.172745,m_osm_2883687601,Nautic Stroobos,fuel
no_match,3298.6,quay,,Waal,51.848321,5.822591,m_osm_1446067379,Lindenberghaven Passantensteiger,port
no_match,3300.2,quay,quai de chargement,Moselle,48.647216,5.9075,m225,Halte Fluviale de Toul,halte
no_match,3301.1,pontoon,,Moselle,48.647206,5.907496,m225,Halte Fluviale de Toul,halte
no_match,3302.1,quay,904,Belgium waterway,51.262416,3.21529,m_osm_1816556549,Koninklijke Brugse zeil- en yachtclub,port
no_match,3303.1,quay,5165,Belgium waterway,51.164643,3.793033,m_osm_8087252421,VVW Mendonk,port
no_match,3304.6,quay,,Netherlands waterway,53.215281,6.489364,m_osm_127077125,Jachthaven Reitdiep,port
no_match,3306.4,quay,Dana de acostare Politia TN,Donau,43.998532,22.931523,m_osm_27016292,BDIN кану-каяк клуб,port
no_match,3307.8,quay,203,Port of Antwerp,51.260346,4.385922,m_osm_19627721,Jachthaven Linkeroever,port
no_match,3308.3,quay,,Leie,50.910664,3.300609,m_osm_694535055,Jachthaven Ooigem,port
no_match,3308.4,quay,375,Port of Antwerp,51.246728,4.352968,m_osm_19627721,Jachthaven Linkeroever,port
no_match,3309.4,quay,213,Port of Antwerp,51.25893,4.377035,m_osm_19627721,Jachthaven Linkeroever,port
no_match,3312.5,quay,7670,Belgium waterway,51.160717,3.776171,m_osm_8087252421,VVW Mendonk,port
no_match,3313.7,quay,Ligplaats 1 vluchthaven Gorinchem,Netherlands waterway,51.828419,4.962897,m_osm_972977791,WSV Woudrichem,port
no_match,3314.6,quay,710,Port of Antwerp,51.324093,4.323937,m_osm_837845424,Yacht Club Scaldis,port
no_match,3316.6,quay,Umschlagstelle Dormagen,Rhine,51.072974,6.858103,m_osm_1588137781,Bergische Yachtschule,port
no_match,3317.7,quay,Ligplaats 3 Weurt,Waal,51.85702,5.82391,m_osm_1446067379,Lindenberghaven Passantensteiger,port
no_match,3318.4,quay,Ligplaats kade Triferto bv Blauwverlaat Augustinusga,Netherlands waterway,53.226663,6.172464,m_osm_2883687601,Nautic Stroobos,fuel
no_match,3320.8,quay,Kreuzhof I,Donau,49.008316,12.178269,m_osm_1725630687,Bunkerschiff Castrol,fuel
no_match,3322.0,quay,516,Port of Antwerp,51.295009,4.335376,m_osm_837845424,Yacht Club Scaldis,port
no_match,3323.9,quay,527,Belgium waterway,51.307897,3.230897,m_osm_462344084,Brugse Zeil- en Yachtclub,port
no_match,3324.6,quay,Ligplaats Amerikahaven Evos steiger 12 Oost Amsterdam,Netherlands waterway,52.407212,4.772722,m_osm_197452216,de Swaenenburght,port
no_match,3326.3,quay,,Rupel,51.07936,4.41427,m_osm_528530237,Dok 3,port
no_match,3327.4,quay,,Main-Donau-Kanal,49.771467,11.025233,m_osm_431082573,Hafen (Port) Motoryachtclub Forchheim,port
no_match,3328.6,quay,Ligplaats kade Brandsma Scheepsbouw Rohel Augustinusga,Netherlands waterway,53.222718,6.147339,m_osm_2883684001,Jachthaven Koostertille,port
no_match,3329.0,quay,Ligplaats Julianahaven Bos steiger Dordrecht,Dordtsche Kil,51.786709,4.644264,m_osm_1368200086,"WSV ""Maartensgat""",port
no_match,3329.6,quay,205,Port of Antwerp,51.260362,4.384246,m_osm_19627721,Jachthaven Linkeroever,port
no_match,3332.8,quay,,Netherlands waterway,51.952771,4.645056,m_osm_465532305,Zandrak,port
no_match,3332.9,quay,,Leie,50.965058,3.479856,m_osm_264017868,Deinze Yacht Club,port
no_match,3333.4,quay,6820,Belgium waterway,51.179127,3.796006,m_osm_279405371,Watersportvereniging Zelzate,port
no_match,3333.5,quay,Wachtplaats sluis Hengelo Boven1,Netherlands waterway,52.245595,6.810501,m_osm_170673593,Twentse Watersport Vereniging,port
no_match,3333.6,quay,,Netherlands waterway,53.306256,6.961325,m_osm_109141847,Jachthaven 't Dok Delfzijl,port
no_match,3333.9,quay,Ligplaats Texashaven steiger 14 Amsterdam,Netherlands waterway,52.407637,4.771125,m_osm_197452216,de Swaenenburght,port
no_match,3334.4,quay,Ligplaats 2 Binnenhaven Kornwerderzand,Netherlands waterway,53.065736,5.337499,m_osm_4011677381,Watersportvereniging Makkum,port
no_match,3338.0,quay,"Ligplaats Aziëhaven Rietlanden palen A, B en C Amsterdam",Netherlands waterway,52.403296,4.785084,m_osm_197452216,de Swaenenburght,port
no_match,3340.7,quay,Ligplaats 1 autoafzetplaats Weurt,Waal,51.856058,5.823179,m_osm_1446067379,Lindenberghaven Passantensteiger,port
no_match,3341.4,quay,Ligplaats 3 Buitenhaven Buitenkade Velsen-Noord,Netherlands waterway,52.472576,4.60554,m_osm_106684570,Marina Seaport IJmuiden,port
no_match,3343.0,quay,510,Belgium waterway,51.306216,3.227625,m_osm_462344084,Brugse Zeil- en Yachtclub,port
no_match,3343.3,quay,Ligplaats 2 Overeindseweg Nieuwegein,Amsterdam-Rijnkanaal,52.042044,5.11043,m_osm_1839055018,WSV Plettenburg,port
no_match,3346.1,quay,7660,Belgium waterway,51.160517,3.774777,m_osm_8087252421,VVW Mendonk,port
no_match,3346.4,quay,5420,Belgium waterway,51.178486,3.802115,m_osm_279405371,Watersportvereniging Zelzate,port
no_match,3346.8,quay,Ligplaats Middenbinnentoeleidingskanaal Noord IJmuiden,Netherlands waterway,52.46547,4.609776,m_osm_106684570,Marina Seaport IJmuiden,port
no_match,3347.0,quay,,Albertkanaal,51.238888,4.462902,m_osm_4322795,Kempisch dok,port
no_match,3348.1,quay,,Ringvaart om Gent,51.100609,3.697305,m_osm_241795954,Jachthaven Langerbrugge,port
no_match,3349.8,quay,Ligplaats Julianahaven 3 Standic Dordrecht,Dordtsche Kil,51.788862,4.635877,m_osm_1368200086,"WSV ""Maartensgat""",port
no_match,3352.0,quay,Ligplaats Zuidersluis Merwedekanaal Nieuwegein,Amsterdam-Rijnkanaal,52.043005,5.100759,m_osm_1839055018,WSV Plettenburg,port
no_match,3352.7,quay,,Kanaal Bocholt-Herentals,51.186102,4.936791,m_osm_4447544120,Yachting Club Geel,port
no_match,3352.9,quay,Dana acostare pasageri Karpaten TURISM,Donau,43.869919,25.966424,m_osm_508231317,Yacht Club Port Rousse,port
no_match,3354.0,quay,,Hollands Diep,51.678677,4.576774,m_osm_2814634671,Jachthaven Noordschans,port
no_match,3357.5,quay,Ligplaats Texashaven steiger 15 Amsterdam,Netherlands waterway,52.407858,4.771136,m_osm_197452216,de Swaenenburght,port
no_match,3358.2,quay,Ligplaats Julianahaven Silo steiger Dordrecht,Dordtsche Kil,51.787134,4.64127,m_osm_1368200086,"WSV ""Maartensgat""",port
no_match,3361.4,quay,Ligplaats 1 Volker Mallegat Dordrecht,Dordtsche Kil,51.790363,4.631771,m_osm_1368200086,"WSV ""Maartensgat""",port
no_match,3363.5,quay,215,Port of Antwerp,51.25895,4.374961,m_osm_19627721,Jachthaven Linkeroever,port
no_match,3364.7,quay,5180,Belgium waterway,51.165244,3.793408,m_osm_8087252421,VVW Mendonk,port
no_match,3372.1,quay,200,Port of Antwerp,51.261077,4.387645,m_osm_19627721,Jachthaven Linkeroever,port
no_match,3373.1,quay,Ligplaats Antwerpen RO kmp 2.3,Belgium waterway,51.203473,4.371242,m_osm_625248475,Jachthaven Linkeroever,port
no_match,3375.8,quay,,Belgium waterway,51.199114,5.157655,m_osm_1305739099,Zilvermeerhaven,port
no_match,3375.9,quay,245,Port of Antwerp,51.255651,4.365055,m_osm_19627721,Jachthaven Linkeroever,port
no_match,3376.5,quay,S853,Belgium waterway,51.333257,4.280298,m_osm_837845424,Yacht Club Scaldis,port
no_match,3376.9,quay,Ligplaats 1 Buitenhaven Buitenkade Velsen-Noord,Netherlands waterway,52.473126,4.605665,m_osm_106684570,Marina Seaport IJmuiden,port
no_match,3379.2,pontoon,,Seine,48.862136,2.32162,m214,Arsenal Marina Paris,halte
no_match,3380.2,quay,754,Port of Antwerp,51.32668,4.320903,m_osm_837845424,Yacht Club Scaldis,port
no_match,3380.4,quay,401,Port of Antwerp,51.251671,4.357724,m_osm_19627721,Jachthaven Linkeroever,port
no_match,3381.6,quay,7650,Belgium waterway,51.16032,3.773405,m_osm_8087252421,VVW Mendonk,port
no_match,3382.3,quay,Ligplaats 1 Broekweg Wijk bij Duurstede,Amsterdam-Rijnkanaal,51.972174,5.300589,m_osm_1672869237,Stadshaven Wijk bij Duurstede,port
no_match,3387.0,quay,Ligplaats Texashaven steiger 16 Amsterdam,Netherlands waterway,52.408156,4.771037,m_osm_197452216,de Swaenenburght,port
no_match,3387.4,quay,Großauheim,Main,50.105415,8.939864,m_osm_1506364309,Hanauer Boots-Club e.V.,port
no_match,3389.6,quay,190,Port of Antwerp,51.262197,4.396706,m_osm_4322795,Kempisch dok,port
no_match,3390.3,quay,202,Port of Antwerp,51.261099,4.385949,m_osm_19627721,Jachthaven Linkeroever,port
no_match,3391.0,quay,Ligplaats 2 Standic Mallegat Dordrecht,Dordtsche Kil,51.789596,4.632815,m_osm_1368200086,"WSV ""Maartensgat""",port
no_match,3391.4,quay,,Zeekanaal Brussel-Schelde,51.044086,4.361642,m_osm_528530237,Dok 3,port
no_match,3391.8,quay,Budapest XI. Budafok,Donau,47.429533,19.045522,m_osm_343473473,Kalóztanya Vendéglátó Állóhajó és Közforgalmú Hajó állomás,port
no_match,3395.4,quay,,Netherlands waterway,53.30185,6.983796,m_osm_6631788217,WSV de Eems,port
no_match,3398.2,quay,Ligplaats sluis I - Boven sluis - kegel Tilburg,Netherlands waterway,51.595641,4.994221,m_osm_6943441829,TWV Tilburg,port
no_match,3398.5,quay,,Kanaal Dessel-Turnhout-Schoten,51.34347,4.679999,m_osm_1989728142,Brechtse Yacht Club,port
no_match,3399.2,quay,RO-BG FERRY BERTH,Donau,43.998978,22.932638,m_osm_27016292,BDIN кану-каяк клуб,port
no_match,3399.3,quay,198B,Port of Antwerp,51.261412,4.38906,m_osm_19627721,Jachthaven Linkeroever,port
no_match,3401.0,quay,Ligplaats Julianahaven Haan 2 ZZ Dordrecht,Dordtsche Kil,51.786219,4.643359,m_osm_1368200086,"WSV ""Maartensgat""",port
no_match,3401.0,quay,514C,Port of Antwerp,51.294008,4.33607,m_osm_837845424,Yacht Club Scaldis,port
no_match,3401.0,quay,,Ringvaart om Gent,51.100659,3.696459,m_osm_241795954,Jachthaven Langerbrugge,port
no_match,3406.8,quay,217,Port of Antwerp,51.258964,4.373427,m_osm_19627721,Jachthaven Linkeroever,port
no_match,3407.5,quay,Ligplaats 1 Binnenhaven Kornwerderzand,Netherlands waterway,53.066803,5.337043,m_osm_4011677381,Watersportvereniging Makkum,port
no_match,3408.1,quay,,IJssel,52.428136,4.971158,m_osm_954766353,WSV De Ouwe Helling,port
no_match,3408.2,quay,Ligplaats Attero Moerdijk,Hollands Diep,51.682028,4.578329,m_osm_2814634671,Jachthaven Noordschans,port
no_match,3410.3,quay,Ligplaats Amerikahaven LNG Amsterdam,Netherlands waterway,52.409973,4.772485,m_osm_415633186,Jachthaven Nauerna,port
no_match,3411.4,quay,Ligplaats BV02 haven Oss,Maas,51.790888,5.547206,m_osm_183214434,WSV 'De Gouden Ham',port
no_match,3411.6,quay,204,Port of Antwerp,51.261116,4.384272,m_osm_19627721,Jachthaven Linkeroever,port
no_match,3411.8,quay,512E,Port of Antwerp,51.293139,4.33576,m_osm_837845424,Yacht Club Scaldis,port
no_match,3412.2,quay,1716,Belgium waterway,51.282174,4.254172,m_osm_837845424,Yacht Club Scaldis,port
no_match,3414.4,quay,Liegestelle Orsoy,Rhine,51.534408,6.676662,m_osm_2427061055,Seglergemeinschaft Lohheider See,port
no_match,3415.4,quay,,Albertkanaal,51.173148,4.810126,m_osm_36273295,Jachthaven Herentals,port
no_match,3417.4,quay,Ligplaats Roodevaart Scouting Moerdijk,Hollands Diep,51.687806,4.614803,m_osm_1935108154,Jachthaven Strijensas,port
no_match,3418.2,quay,Schallemmersdorf,Donau,48.246516,15.351532,m_osm_333012197,Yachthafen Emmersdorf,port
no_match,3418.5,quay,5400,Belgium waterway,51.177855,3.801705,m_osm_279405371,Watersportvereniging Zelzate,port
no_match,3418.9,quay,Ligplaats Texashaven Global Petro Storage Kade Amsterdam,Netherlands waterway,52.408434,4.771157,m_osm_197452216,de Swaenenburght,port
no_match,3419.5,pontoon,,Seine,48.862335,2.321144,m214,Arsenal Marina Paris,halte
no_match,3419.8,quay,7640,Belgium waterway,51.160123,3.772029,m_osm_8087252421,VVW Mendonk,port
no_match,3419.9,quay,712,Port of Antwerp,51.324297,4.32571,m_osm_837845424,Yacht Club Scaldis,port
no_match,3422.4,quay,393,Port of Antwerp,51.248429,4.352793,m_osm_19627721,Jachthaven Linkeroever,port
no_match,3423.5,quay,,Zuid-Willemsvaart,50.884753,5.67687,m_osm_4720042858,Bassin,port
no_match,3423.8,quay,,Ringvaart om Gent,51.099295,3.697009,m_osm_241795954,Jachthaven Langerbrugge,port
no_match,3425.5,quay,Ligplaats Amerikahaven Asfaltproductie steiger Amsterdam,Netherlands waterway,52.406672,4.778518,m_osm_197452216,de Swaenenburght,port
no_match,3431.0,quay,,Maas,50.884584,5.708159,m_osm_4720042858,Bassin,port
no_match,3431.4,quay,Ligplaats BV01 haven Oss,Maas,51.790655,5.545496,m_osm_183214434,WSV 'De Gouden Ham',port
no_match,3433.9,quay,Wartelände Freudenau,Donau,48.171169,16.485343,m_osm_1502802694,Franz vom Schiff (Scheriau),port
no_match,3437.8,quay,Ligplaats Amerikahaven Global Petro Storage Binnenzijde Amsterdam,Netherlands waterway,52.409883,4.773139,m_osm_415633186,Jachthaven Nauerna,port
no_match,3440.8,quay,Ligplaats Julianahaven Valvoline steiger Dordrecht,Dordtsche Kil,51.786973,4.638891,m_osm_1368200086,"WSV ""Maartensgat""",port
no_match,3443.3,quay,Liegeplatz,Mosel,49.87181,6.927449,m_osm_234106062,Yachthafen Neumagen-Dhron,port
no_match,3443.5,quay,512D,Port of Antwerp,51.292455,4.335842,m_osm_837845424,Yacht Club Scaldis,port
no_match,3443.9,quay,Ligplaats 2 Doornenburg,Waal,51.898415,6.018601,m_osm_4115799091,W.S.V. Loowaard Jachthaven,port
no_match,3445.2,quay,198A,Port of Antwerp,51.261858,4.389699,m_osm_19627721,Jachthaven Linkeroever,port
no_match,3447.1,quay,Ligplaats Son en Breuge - Rechter oever (LP),Netherlands waterway,51.503986,5.447525,m_osm_370706850,Sonse Jachthaven,port
no_match,3448.8,quay,S8,Belgium waterway,51.203129,4.369961,m_osm_625248475,Jachthaven Linkeroever,port
no_match,3449.3,quay,712A,Port of Antwerp,51.324734,4.325637,m_osm_837845424,Yacht Club Scaldis,port
no_match,3449.8,quay,Ligplaats Amerikahaven Global Petro Storage zeesteiger Amsterdam,Netherlands waterway,52.40989,4.773586,m_osm_415633186,Jachthaven Nauerna,port
no_match,3451.2,quay,7090,Belgium waterway,51.165279,3.787883,m_osm_8087252421,VVW Mendonk,port
no_match,3451.3,quay,5195,Belgium waterway,51.166033,3.793404,m_osm_8087252421,VVW Mendonk,port
no_match,3453.0,quay,6840,Belgium waterway,51.178053,3.795821,m_osm_279405371,Watersportvereniging Zelzate,port
no_match,3453.6,quay,219,Port of Antwerp,51.258979,4.371873,m_osm_19627721,Jachthaven Linkeroever,port
no_match,3453.8,quay,377,Port of Antwerp,51.247595,4.351372,m_osm_19627721,Jachthaven Linkeroever,port
no_match,3455.0,quay,192,Port of Antwerp,51.262411,4.39513,m_osm_4322795,Kempisch dok,port
no_match,3456.0,quay,Ligplaats BV03 haven Oss,Maas,51.790728,5.550933,m_osm_183214434,WSV 'De Gouden Ham',port
no_match,3457.2,quay,7100,Belgium waterway,51.165082,3.78651,m_osm_8087252421,VVW Mendonk,port
no_match,3460.5,quay,712B,Port of Antwerp,51.324925,4.32557,m_osm_837845424,Yacht Club Scaldis,port
no_match,3461.1,quay,7630,Belgium waterway,51.159922,3.770627,m_osm_8087252421,VVW Mendonk,port
no_match,3461.6,quay,196,Port of Antwerp,51.26207,4.391648,m_osm_19627721,Jachthaven Linkeroever,port
no_match,3464.7,quay,206,Port of Antwerp,51.261307,4.382007,m_osm_19627721,Jachthaven Linkeroever,port
no_match,3466.1,quay,7110,Belgium waterway,51.164883,3.785116,m_osm_8087252421,VVW Mendonk,port
no_match,3466.7,quay,,Zeekanaal Brussel-Schelde,51.043403,4.361655,m_osm_528530237,Dok 3,port
no_match,3469.9,quay,Ligplaats Julianahaven Transnational steiger Dordrecht,Dordtsche Kil,51.786399,4.639917,m_osm_1368200086,"WSV ""Maartensgat""",port
no_match,3470.4,quay,971,Belgium waterway,51.26376,3.213499,m_osm_1816556549,Koninklijke Brugse zeil- en yachtclub,port
no_match,3472.3,quay,,Belgium waterway,51.198245,5.157464,m_osm_1305739099,Zilvermeerhaven,port
no_match,3472.7,quay,243,Port of Antwerp,51.255673,4.362772,m_osm_19627721,Jachthaven Linkeroever,port
no_match,3473.8,quay,Ligplaats Stichtse brug Huizen,Netherlands waterway,52.302219,5.315693,m_osm_161939045,Jachthaven 't Raboes,port
no_match,3475.2,quay,,Maas,50.885127,5.707592,m_osm_4720042858,Bassin,port
no_match,3476.7,quay,194,Port of Antwerp,51.262222,4.393218,m_osm_19627721,Jachthaven Linkeroever,port
no_match,3477.7,quay,"Ligplaats Aziëhaven Rietlanden palen D, E en F Amsterdam",Netherlands waterway,52.403301,4.788425,m_osm_197452216,de Swaenenburght,port
no_match,3477.8,quay,7120,Belgium waterway,51.164683,3.783722,m_osm_8087252421,VVW Mendonk,port
no_match,3478.9,quay,,Maas,50.88292,5.715748,m_osm_4720042858,Bassin,port
no_match,3482.0,quay,,Albertkanaal,51.172539,4.809328,m_osm_36273295,Jachthaven Herentals,port
no_match,3482.1,quay,Duna,Donau,47.422466,19.048601,m_osm_343473473,Kalóztanya Vendéglátó Állóhajó és Közforgalmú Hajó állomás,port
no_match,3483.2,quay,517,Port of Antwerp,51.289203,4.334159,m_osm_837845424,Yacht Club Scaldis,port
no_match,3484.8,quay,,Rupel,51.119547,4.57473,m_osm_98241745,Jachthaven VVW Emblem,port
no_match,3484.8,quay,DDM6,Port of Antwerp,51.251782,4.355858,m_osm_19627721,Jachthaven Linkeroever,port
no_match,3485.9,quay,Ligplaats Julianahaven Transnational steiger Binnen Oost Dordrecht,Dordtsche Kil,51.786198,4.640083,m_osm_1368200086,"WSV ""Maartensgat""",port
no_match,3487.7,quay,Ligplaats BV05 haven Oss,Maas,51.790642,5.552957,m_osm_183214434,WSV 'De Gouden Ham',port
no_match,3489.9,quay,5390,Belgium waterway,51.177231,3.8013,m_osm_279405371,Watersportvereniging Zelzate,port
no_match,3490.3,quay,,Rupel,51.078046,4.41694,m_osm_528530237,Dok 3,port
no_match,3492.4,quay,7130,Belgium waterway,51.164484,3.782329,m_osm_8087252421,VVW Mendonk,port
no_match,3496.4,quay,526,Belgium waterway,51.306885,3.232848,m_osm_462344084,Brugse Zeil- en Yachtclub,port
no_match,3498.5,quay,Liegeplatz,Rhine,49.491337,8.442243,m_osm_2072615406,Segelsportanlage Mannheim,port
no_match,3500.9,quay,7080,Belgium waterway,51.165932,3.789041,m_osm_8087252421,VVW Mendonk,port
no_match,3502.9,quay,,Ringvaart om Gent,51.100426,3.695038,m_osm_241795954,Jachthaven Langerbrugge,port
no_match,3503.5,quay,Wachtplaats Sluis Eefde Boven3,Netherlands waterway,52.162119,6.246074,m_osm_972946054,Jachthaven De Nieuwe Aanleg,port
no_match,3504.0,quay,514B,Port of Antwerp,51.292878,4.337019,m_osm_837845424,Yacht Club Scaldis,port
no_match,3504.5,quay,Ligplaats Julianahaven Transnational steiger Binnen West Dordrecht,Dordtsche Kil,51.786214,4.639349,m_osm_1368200086,"WSV ""Maartensgat""",port
no_match,3504.6,quay,SPO,Belgium waterway,51.239735,4.344919,m_osm_19627721,Jachthaven Linkeroever,port
no_match,3504.9,quay,7620,Belgium waterway,51.159722,3.769225,m_osm_8087252421,VVW Mendonk,port
no_match,3506.0,quay,208,Port of Antwerp,51.261328,4.379744,m_osm_19627721,Jachthaven Linkeroever,port
no_match,3507.3,quay,Ligplaats Broekweg Kegel Wijk bij Duurstede,Amsterdam-Rijnkanaal,51.972641,5.298803,m_osm_1672869237,Stadshaven Wijk bij Duurstede,port
no_match,3509.7,quay,7140,Belgium waterway,51.164284,3.780936,m_osm_8087252421,VVW Mendonk,port
no_match,3510.0,quay,Ligplaats Zwijndrecht LO kmp 10.4,Belgium waterway,51.239625,4.344788,m_osm_19627721,Jachthaven Linkeroever,port
no_match,3510.9,quay,Ligplaats BV04 haven Oss,Maas,51.790372,5.552418,m_osm_183214434,WSV 'De Gouden Ham',port
no_match,3510.9,quay,752,Port of Antwerp,51.326923,4.323319,m_osm_837845424,Yacht Club Scaldis,port
no_match,3513.6,quay,Ligplaats 6 vluchthaven 's-Gravendeel,Dordtsche Kil,51.756472,4.625612,m_osm_2189653482,W.S.V. “de Kil”,port
no_match,3514.6,quay,Ligplaats Julianahaven 7 Standic Dordrecht,Dordtsche Kil,51.787217,4.635728,m_osm_1368200086,"WSV ""Maartensgat""",port
no_match,3516.2,quay,Ligplaats 2 autoafzetplaats Weurt,Waal,51.851132,5.819477,m_osm_1446067379,Lindenberghaven Passantensteiger,port
no_match,3520.3,quay,Ligplaats 5 vluchthaven 's-Gravendeel,Dordtsche Kil,51.756544,4.626095,m_osm_2189653482,W.S.V. “de Kil”,port
no_match,3524.4,quay,Ligplaats 1 Overeindseweg Nieuwegein,Amsterdam-Rijnkanaal,52.043889,5.109225,m_osm_1839055018,WSV Plettenburg,port
no_match,3524.7,quay,Liegestelle Friemersheim,Rhine,51.375101,6.708554,m_osm_1473213338,Wassersportgemeinschaft Rumeln-Kaldenhausen 1961 e.V.,port
no_match,3529.7,quay,221,Port of Antwerp,51.259001,4.369511,m_osm_19627721,Jachthaven Linkeroever,port
no_match,3529.9,quay,7150,Belgium waterway,51.164085,3.779542,m_osm_8087252421,VVW Mendonk,port
no_match,3533.5,quay,Ligplaats Julianahaven 4 Standic Dordrecht,Dordtsche Kil,51.787423,4.634564,m_osm_1368200086,"WSV ""Maartensgat""",port
no_match,3534.9,quay,,Ringvaart om Gent,51.100164,3.694708,m_osm_241795954,Jachthaven Langerbrugge,port
no_match,3537.0,quay,1726,Belgium waterway,51.283887,4.249424,m_osm_837845424,Yacht Club Scaldis,port
no_match,3537.1,quay,,Netherlands waterway,51.513768,5.598635,m_osm_1395865546,Passantenhaven,port
no_match,3541.9,quay,Liegestelle im Ölhafen Karlsruhe,Rhine,49.073705,8.341752,m_osm_166381003,RKCW - Ruder- und Kanu Club Wörth,port
no_match,3543.9,quay,M12,Port of Antwerp,51.252358,4.355542,m_osm_19627721,Jachthaven Linkeroever,port
no_match,3544.5,quay,,Waal,51.84451,5.81958,m_osm_1446067379,Lindenberghaven Passantensteiger,port
no_match,3544.7,quay,,Maas,50.88551,5.708872,m_osm_4720042858,Bassin,port
no_match,3545.2,quay,,Rhine,51.792705,6.315041,m_osm_2137168531,Wassersport-Club Rees,port
no_match,3546.6,quay,Ligplaats NZ Van der Lee STG Mallegat Dordrecht,Dordtsche Kil,51.788845,4.630579,m_osm_1368200086,"WSV ""Maartensgat""",port
no_match,3547.4,quay,Ligplaats CCT Oost Moerdijk,Hollands Diep,51.682239,4.59629,m_osm_1935108154,Jachthaven Strijensas,port
no_match,3550.9,quay,512F,Port of Antwerp,51.291708,4.337036,m_osm_837845424,Yacht Club Scaldis,port
no_match,3550.9,quay,7610,Belgium waterway,51.159521,3.767823,m_osm_8087252421,VVW Mendonk,port
no_match,3551.9,quay,,Albertkanaal,51.239092,4.465832,m_osm_4322795,Kempisch dok,port
no_match,3552.6,quay,6860,Belgium waterway,51.177176,3.795529,m_osm_279405371,Watersportvereniging Zelzate,port
no_match,3552.6,quay,7160,Belgium waterway,51.163885,3.778147,m_osm_8087252421,VVW Mendonk,port
no_match,3554.0,quay,5200,Belgium waterway,51.167029,3.79407,m_osm_8087252421,VVW Mendonk,port
no_match,3554.6,quay,210,Port of Antwerp,51.26135,4.377445,m_osm_19627721,Jachthaven Linkeroever,port
no_match,3555.8,quay,Ligplaats CCT West Moerdijk,Hollands Diep,51.681951,4.593731,m_osm_1935108154,Jachthaven Strijensas,port
no_match,3557.9,quay,Dana acostare APDF Giurgiu,Donau,43.870994,25.968761,m_osm_508231317,Yacht Club Port Rousse,port
no_match,3558.6,quay,Liegestelle Köln-Mühlheim,Rhine,50.957017,6.9852,m_osm_26252012,Rheinau Sporthafen Köln Marina RSK,port
no_match,3558.7,quay,241,Port of Antwerp,51.255691,4.360823,m_osm_19627721,Jachthaven Linkeroever,port
no_match,3564.8,quay,S855,Belgium waterway,51.334658,4.277825,m_osm_837845424,Yacht Club Scaldis,port
no_match,3565.8,quay,Ligplaats BD09 haven Oss,Maas,51.789437,5.542654,m_osm_183214434,WSV 'De Gouden Ham',port
no_match,3567.8,quay,Liegeplatz Müden Unterwasser,Mosel,50.182634,7.340999,m_osm_530788484,Yachthafen Treis-Karden,port
no_match,3569.0,quay,Ligplaats Amerikahaven Graniet Import kade Amsterdam,Netherlands waterway,52.408084,4.778601,m_osm_197452216,de Swaenenburght,port
no_match,3570.0,quay,,Ringvaart om Gent,51.099643,3.694499,m_osm_241795954,Jachthaven Langerbrugge,port
no_match,3571.2,quay,391,Port of Antwerp,51.24931,4.351168,m_osm_19627721,Jachthaven Linkeroever,port
no_match,3572.2,quay,,Waal,51.845348,5.818983,m_osm_1446067379,Lindenberghaven Passantensteiger,port
no_match,3573.6,quay,5375,Belgium waterway,51.176502,3.800827,m_osm_279405371,Watersportvereniging Zelzate,port
no_match,3574.4,quay,Ligplaats 4 Weurt,Waal,51.849959,5.818557,m_osm_1446067379,Lindenberghaven Passantensteiger,port
no_match,3574.6,quay,,Amsterdam-Rijnkanaal,51.988742,5.24704,m_osm_68187626,Jachthaven De Helling,port
no_match,3576.1,quay,Ligplaats loswal Varo Utrecht,Amsterdam-Rijnkanaal,52.054832,5.103489,m_osm_3569367793,Passantenhaven Catharijnesingel,port
no_match,3576.9,quay,Ligplaats Amerikahaven Wacht en Overslagpalen West Amsterdam,Netherlands waterway,52.408394,4.777788,m_osm_197452216,de Swaenenburght,port
no_match,3577.4,quay,S7,Belgium waterway,51.20254,4.367862,m_osm_625248475,Jachthaven Linkeroever,port
no_match,3578.0,quay,,Belgium waterway,51.197297,5.157236,m_osm_1305739099,Zilvermeerhaven,port
no_match,3578.0,quay,7170,Belgium waterway,51.163685,3.776753,m_osm_8087252421,VVW Mendonk,port
no_match,3581.2,quay,,Netherlands waterway,51.827614,4.95821,m_osm_972977791,WSV Woudrichem,port
no_match,3581.8,quay,903,Belgium waterway,51.264894,3.214602,m_osm_1816556549,Koninklijke Brugse zeil- en yachtclub,port
no_match,3581.9,quay,1718,Belgium waterway,51.280873,4.25279,m_osm_837845424,Yacht Club Scaldis,port
no_match,3582.0,pontoon,3 Caissons,Unknown waterway,51.693689,3.811882,m_osm_1052007800,Flaauwershaven,port
no_match,3582.2,quay,Liegestelle Großauheim,Main,50.103946,8.941439,m_osm_1506364309,Hanauer Boots-Club e.V.,port
no_match,3583.7,quay,714,Port of Antwerp,51.324613,4.328422,m_osm_837845424,Yacht Club Scaldis,port
no_match,3584.0,quay,5210,Belgium waterway,51.167362,3.794803,m_osm_8087252421,VVW Mendonk,port
no_match,3585.5,quay,Ligplaats Amerikahaven Wacht en Overslagpalen Oost Amsterdam,Netherlands waterway,52.408395,4.778089,m_osm_197452216,de Swaenenburght,port
no_match,3585.7,quay,Ligplaats overslag locatie Heuvelman Cargo Handling Weiwerd,Netherlands waterway,53.30633,6.966621,m_osm_109141846,Jachthaven KZ&RV Neptunus,port
no_match,3586.1,quay,Ligplaats Koole Dukdalven Zuid Amsterdam,Netherlands waterway,52.418966,4.801545,m_osm_13526713621,Kokernoot,port
no_match,3586.3,quay,7070,Belgium waterway,51.166807,3.789607,m_osm_8087252421,VVW Mendonk,port
no_match,3589.4,quay,1548,Belgium waterway,51.271625,4.298212,m_osm_837845424,Yacht Club Scaldis,port
no_match,3589.6,quay,,Kanaal Bocholt-Herentals,51.237976,5.220447,m_osm_1305739099,Zilvermeerhaven,port
no_match,3591.7,quay,7600,Belgium waterway,51.159349,3.766629,m_osm_8087252421,VVW Mendonk,port
no_match,3592.5,quay,514A,Port of Antwerp,51.291945,4.337825,m_osm_837845424,Yacht Club Scaldis,port
no_match,3596.1,quay,Ligplaats Stolthaven Moerdijk,Hollands Diep,51.677649,4.580014,m_osm_2814634671,Jachthaven Noordschans,port
no_match,3596.4,quay,,Dordtsche Kil,51.787408,4.62239,m_osm_400332332,De Waterlelie,port
no_match,3599.6,quay,515,Port of Antwerp,51.287947,4.33499,m_osm_837845424,Yacht Club Scaldis,port
no_match,3599.6,quay,212,Port of Antwerp,51.261367,4.375542,m_osm_19627721,Jachthaven Linkeroever,port
no_match,3601.3,quay,379,Port of Antwerp,51.248472,4.349751,m_osm_19627721,Jachthaven Linkeroever,port
no_match,3601.5,quay,Ligplaats Australiehaven ZE steiger A  Amsterdam,Netherlands waterway,52.411215,4.781873,m_osm_415633186,Jachthaven Nauerna,port
no_match,3602.2,quay,Liegemöglichkeit Roßstein,Rhine,50.111407,7.727159,m_osm_386691174,Loreleyhafen,port
no_match,3602.2,quay,663,Port of Antwerp,51.335774,4.292891,m_osm_837845424,Yacht Club Scaldis,port
no_match,3604.5,quay,511,Belgium waterway,51.304103,3.229327,m_osm_462344084,Brugse Zeil- en Yachtclub,port
no_match,3606.0,quay,7180,Belgium waterway,51.163486,3.77536,m_osm_8087252421,VVW Mendonk,port
no_match,3606.4,quay,Ligplaats Westhaven Koole Manoeuvreerruimte Amsterdam,Netherlands waterway,52.419591,4.801257,m_osm_13526713621,Kokernoot,port
no_match,3606.7,quay,223,Port of Antwerp,51.259021,4.367288,m_osm_19627721,Jachthaven Linkeroever,port
no_match,3608.0,quay,ducs d'albe,Saône,46.080166,4.756057,m125,Belleville-en-Beaujolais – Port,port
no_match,3608.9,quay,750,Port of Antwerp,51.327103,4.325089,m_osm_837845424,Yacht Club Scaldis,port
no_match,3609.6,quay,Ligplaats Aziëhaven steiger 1 Amsterdam,Netherlands waterway,52.403545,4.790958,m_osm_197452216,de Swaenenburght,port
no_match,3609.8,quay,Liegestelle Friemersheim,Rhine,51.376409,6.71289,m_osm_1473213338,Wassersportgemeinschaft Rumeln-Kaldenhausen 1961 e.V.,port
no_match,3614.8,quay,712D,Port of Antwerp,51.325048,4.328407,m_osm_837845424,Yacht Club Scaldis,port
no_match,3615.2,quay,,Zeekanaal Brussel-Schelde,51.098204,4.326938,m_osm_111869545,yachtclub Volante,port
no_match,3616.9,quay,,Netherlands waterway,51.954862,4.647457,m_osm_465532305,Zandrak,port
no_match,3621.1,quay,1720,Belgium waterway,51.281265,4.251411,m_osm_837845424,Yacht Club Scaldis,port
no_match,3626.4,quay,712C,Port of Antwerp,51.325251,4.328339,m_osm_837845424,Yacht Club Scaldis,port
no_match,3627.6,quay,235,Port of Antwerp,51.257632,4.363265,m_osm_19627721,Jachthaven Linkeroever,port
no_match,3630.6,quay,6880,Belgium waterway,51.176494,3.795264,m_osm_279405371,Watersportvereniging Zelzate,port
no_match,3631.4,quay,Liegestelle Friemersheim,Rhine,51.376888,6.714136,m_osm_1473213338,Wassersportgemeinschaft Rumeln-Kaldenhausen 1961 e.V.,port
no_match,3631.7,quay,Ligplaats OBM WIH Moerdijk,Hollands Diep,51.676127,4.579947,m_osm_2814634671,Jachthaven Noordschans,port
no_match,3632.8,quay,Liegemöglichkeit Oberwesel,Rhine,50.111224,7.723724,m_osm_386691174,Loreleyhafen,port
no_match,3633.6,quay,AHP,Donau,48.236623,14.532211,m_osm_2150418671,Steganlage - Campingplatz in Au an der Donau,port
no_match,3636.4,quay,7190,Belgium waterway,51.163286,3.773966,m_osm_8087252421,VVW Mendonk,port
no_match,3636.7,quay,,Albertkanaal,51.151319,4.888016,m_osm_36273295,Jachthaven Herentals,port
no_match,3636.9,quay,Liegestelle Hochfelder-Längskribbe,Rhine,51.401195,6.746748,m_osm_5701818653,Kanusport-Verein DU-Wedau,port
no_match,3637.0,quay,Ligplaats Koole Dukdalven Noord Amsterdam,Netherlands waterway,52.419167,4.800796,m_osm_13526713621,Kokernoot,port
no_match,3637.6,quay,Liegestelle Orsoy,Rhine,51.517006,6.713063,m_osm_2427061055,Seglergemeinschaft Lohheider See,port
no_match,3642.1,quay,4031,Unknown waterway,51.478114,3.704421,m_osm_1314819628,Jachthaven Oranjeplaat,port
no_match,3644.3,quay,Ligplaats 2 Weurt,Waal,51.846878,5.817681,m_osm_1446067379,Lindenberghaven Passantensteiger,port
no_match,3645.4,quay,,Netherlands waterway,52.384849,4.643506,m_osm_1458678406,Spaarneborghhaven,port
no_match,3645.6,quay,Wartelände Aschach Oberwasser,Donau,48.398622,14.013188,m_osm_1576596901,Schiffsanlegestelle Aschach,port
no_match,3648.1,quay,5225,Belgium waterway,51.167972,3.7952,m_osm_8087252421,VVW Mendonk,port
no_match,3648.8,quay,,Rupel,51.11861,4.570368,m_osm_98241745,Jachthaven VVW Emblem,port
no_match,3648.8,quay,M11,Port of Antwerp,51.253178,4.354698,m_osm_19627721,Jachthaven Linkeroever,port
no_match,3650.2,quay,Ligplaats 1 Standic Mallegat Dordrecht,Dordtsche Kil,51.787448,4.63124,m_osm_1368200086,"WSV ""Maartensgat""",port
no_match,3650.9,quay,,Unknown waterway,53.316688,6.980701,m_osm_109141846,Jachthaven KZ&RV Neptunus,port
no_match,3655.6,quay,Ligplaats Poederoijen,Netherlands waterway,51.797436,5.05028,m_osm_972977791,WSV Woudrichem,port
no_match,3655.9,quay,239,Port of Antwerp,51.25659,4.360377,m_osm_19627721,Jachthaven Linkeroever,port
no_match,3660.5,quay,Kegelligplaats 3 Weurt,Waal,51.848346,5.817318,m_osm_1446067379,Lindenberghaven Passantensteiger,port
no_match,3662.0,quay,403A,Port of Antwerp,51.254335,4.356213,m_osm_19627721,Jachthaven Linkeroever,port
no_match,3662.4,quay,214,Port of Antwerp,51.26139,4.373148,m_osm_19627721,Jachthaven Linkeroever,port
no_match,3667.0,quay,1722,Belgium waterway,51.282066,4.249387,m_osm_837845424,Yacht Club Scaldis,port
no_match,3668.5,quay,7060,Belgium waterway,51.167639,3.790146,m_osm_8087252421,VVW Mendonk,port
no_match,3669.3,quay,7200,Belgium waterway,51.163086,3.772572,m_osm_8087252421,VVW Mendonk,port
no_match,3669.4,quay,5360,Belgium waterway,51.175669,3.800287,m_osm_279405371,Watersportvereniging Zelzate,port
no_match,3674.7,quay,Liegestelle,Saar,49.384461,6.687372,m_osm_634729651,Sportboothafen Dillingen,port
no_match,3676.0,quay,237,Port of Antwerp,51.257466,4.361715,m_osm_19627721,Jachthaven Linkeroever,port
no_match,3676.1,quay,M1,Port of Antwerp,51.254227,4.355754,m_osm_19627721,Jachthaven Linkeroever,port
no_match,3676.2,quay,,Beneden-Merwede,51.714913,5.004781,m_osm_86033642,"Watersportvereniging ""Waalwijk""",port
no_match,3676.4,quay,,Belgium waterway,51.196408,5.157061,m_osm_1305739099,Zilvermeerhaven,port
no_match,3678.7,quay,3975,Unknown waterway,51.477765,3.703399,m_osm_1314819628,Jachthaven Oranjeplaat,port
no_match,3683.7,quay,225,Port of Antwerp,51.259041,4.365198,m_osm_19627721,Jachthaven Linkeroever,port
no_match,3685.7,quay,SBA,Belgium waterway,51.271723,4.304902,m_osm_837845424,Yacht Club Scaldis,port
no_match,3685.8,quay,Ligplaats loswal Van Vliet Groep Nieuwegein,Amsterdam-Rijnkanaal,52.045452,5.108561,m_osm_1839055018,WSV Plettenburg,port
no_match,3688.8,quay,Liegeplatz Lehmen Oberwasser,Mosel,50.270332,7.453226,m_osm_1888010194,Yacht-Club Löf,port
no_match,3689.0,quay,972,Belgium waterway,51.265703,3.213017,m_osm_1816556549,Koninklijke Brugse zeil- en yachtclub,port
no_match,3689.3,quay,,Netherlands waterway,53.316529,6.981214,m_osm_109141846,Jachthaven KZ&RV Neptunus,port
no_match,3689.4,quay,233B,Port of Antwerp,51.257926,4.362393,m_osm_19627721,Jachthaven Linkeroever,port
no_match,3695.1,quay,Ligplaats Australiehaven Graniet Import Palen Amsterdam,Netherlands waterway,52.409865,4.781017,m_osm_415633186,Jachthaven Nauerna,port
no_match,3695.5,quay,,Kanaal Dessel-Turnhout-Schoten,51.342774,4.685312,m_osm_1989728142,Brechtse Yacht Club,port
no_match,3696.7,quay,Umschlagstelle Rheinlust,Rhine,51.39115,6.742016,m_osm_5701818653,Kanusport-Verein DU-Wedau,port
no_match,3697.0,quay,1724,Belgium waterway,51.2826,4.248121,m_osm_837845424,Yacht Club Scaldis,port
no_match,3698.0,quay,Ligplaats Mallegat Vanderlee steiger ZZ Dordrecht,Dordtsche Kil,51.787683,4.629424,m_osm_1368200086,"WSV ""Maartensgat""",port
no_match,3700.1,quay,Ligplaats BD10 haven Oss,Maas,51.788246,5.541757,m_osm_183214434,WSV 'De Gouden Ham',port
no_match,3700.3,quay,512A,Port of Antwerp,51.290163,4.338336,m_osm_837845424,Yacht Club Scaldis,port
no_match,3701.1,quay,,Waal,51.86138,5.063942,m_osm_368475825,De Snoek,port
no_match,3703.5,quay,381,Port of Antwerp,51.249137,4.34869,m_osm_19627721,Jachthaven Linkeroever,port
no_match,3704.7,quay,7210,Belgium waterway,51.162887,3.771178,m_osm_8087252421,VVW Mendonk,port
no_match,3706.5,quay,525,Belgium waterway,51.304783,3.23345,m_osm_462344084,Brugse Zeil- en Yachtclub,port
no_match,3708.3,quay,Ligplaats Beveren LO kmp 16.1,Belgium waterway,51.271402,4.30431,m_osm_837845424,Yacht Club Scaldis,port
no_match,3709.3,quay,Steinbach,Main,50.017397,9.614513,m_osm_1690334502,Sport-Boot-Club Lohr,port
no_match,3710.8,quay,Ligplaats Koole pier Zuid Amsterdam,Netherlands waterway,52.41953,4.799716,m_osm_13526713621,Kokernoot,port
no_match,3711.0,quay,,Lek,51.925917,4.815849,m_osm_65589716,'t Wilgerak,port
no_match,3711.3,quay,498,Unknown waterway,51.339391,3.770601,m_osm_5452229236,WV Neusen,port
no_match,3711.8,quay,S6,Belgium waterway,51.201954,4.365664,m_osm_625248475,Jachthaven Linkeroever,port
no_match,3712.7,pontoon,,Unknown waterway,51.665587,4.170852,m_osm_107481644,Watersportvereniging Oude Tonge,port
no_match,3712.8,quay,Bijleveld Dwars,Unknown waterway,51.477452,3.702659,m_osm_1314819628,Jachthaven Oranjeplaat,port
no_match,3712.9,quay,Liegestelle Friemersheim,Rhine,51.378846,6.71859,m_osm_1473213338,Wassersportgemeinschaft Rumeln-Kaldenhausen 1961 e.V.,port
no_match,3713.2,quay,716,Port of Antwerp,51.324858,4.330537,m_osm_837845424,Yacht Club Scaldis,port
no_match,3713.7,quay,6900,Belgium waterway,51.175765,3.795,m_osm_279405371,Watersportvereniging Zelzate,port
no_match,3714.6,quay,Wachtplaats Sluis Eefde - Boven Midden,Netherlands waterway,52.160719,6.238726,m_osm_1140832794,Jachthaven De Mars,port
no_match,3716.0,quay,510C,Port of Antwerp,51.290687,4.338937,m_osm_837845424,Yacht Club Scaldis,port
no_match,3719.2,quay,M2,Port of Antwerp,51.253431,4.353697,m_osm_19627721,Jachthaven Linkeroever,port
no_match,3720.1,quay,389,Port of Antwerp,51.250191,4.349542,m_osm_19627721,Jachthaven Linkeroever,port
no_match,3720.3,quay,Ligplaats Australiehaven ZE steiger 3 Amsterdam,Netherlands waterway,52.411599,4.785701,m_osm_415633186,Jachthaven Nauerna,port
no_match,3722.7,quay,Ligplaats 2 Ramspolbrug Oost,Netherlands waterway,52.615672,5.850624,m_osm_2637215145,Watersportvereniging Berend Aalbers,port
no_match,3724.8,quay,Ligplaats 3 Ramspolbrug Oost,Netherlands waterway,52.616113,5.852765,m_osm_2637215145,Watersportvereniging Berend Aalbers,port
no_match,3725.7,quay,748,Port of Antwerp,51.32731,4.327169,m_osm_837845424,Yacht Club Scaldis,port
no_match,3725.7,quay,M6,Port of Antwerp,51.254619,4.355373,m_osm_19627721,Jachthaven Linkeroever,port
no_match,3726.8,quay,,Donau,43.87296,25.968505,m_osm_508231317,Yacht Club Port Rousse,port
no_match,3730.1,quay,,Albertkanaal,51.23971,4.468263,m_osm_4322795,Kempisch dok,port
no_match,3730.5,quay,4446,Unknown waterway,51.47734,3.705181,m_osm_1314819628,Jachthaven Oranjeplaat,port
no_match,3731.4,quay,Ligplaats 4 Ramspolbrug Oost,Netherlands waterway,52.616527,5.854836,m_osm_2637215145,Watersportvereniging Berend Aalbers,port
no_match,3731.8,quay,5240,Belgium waterway,51.168764,3.795717,m_osm_8087252421,VVW Mendonk,port
no_match,3732.2,quay,S857,Belgium waterway,51.336064,4.276876,m_osm_837845424,Yacht Club Scaldis,port
no_match,3735.0,quay,Stadt Hanau,Main,50.102527,8.94224,m_osm_1506364309,Hanauer Boots-Club e.V.,port
no_match,3735.7,quay,770,Belgium waterway,51.214322,2.99075,m_osm_127979467,Royal Yacht Club Oostende,port
no_match,3735.8,quay,Ligplaats Xella Kalkzandsteen Vuren,Waal,51.823483,5.060523,m_osm_972977791,WSV Woudrichem,port
no_match,3736.2,quay,Ligplaats Westhaven Koole Pier Noord Amsterdam,Netherlands waterway,52.419888,4.799355,m_osm_13526713621,Kokernoot,port
no_match,3739.0,quay,513,Port of Antwerp,51.286885,4.336339,m_osm_837845424,Yacht Club Scaldis,port
no_match,3740.6,quay,SRP,Belgium waterway,51.271014,4.303823,m_osm_837845424,Yacht Club Scaldis,port
no_match,3741.5,quay,,Maas,50.887102,5.710144,m_osm_4720042858,Bassin,port
no_match,3741.9,quay,Ligplaats 1 Ramspolbrug Oost,Netherlands waterway,52.615191,5.84772,m_osm_2637215145,Watersportvereniging Berend Aalbers,port
no_match,3742.4,quay,7220,Belgium waterway,51.162687,3.769784,m_osm_8087252421,VVW Mendonk,port
no_match,3742.5,quay,233A,Port of Antwerp,51.257923,4.361095,m_osm_19627721,Jachthaven Linkeroever,port
no_match,3743.5,quay,,Lek,51.925391,4.815806,m_osm_65589716,'t Wilgerak,port
no_match,3743.9,quay,216,Port of Antwerp,51.261416,4.370348,m_osm_19627721,Jachthaven Linkeroever,port
no_match,3745.8,quay,Ligplaats Oosterhornhaven Metalpark Farmsum,Netherlands waterway,53.30364,6.978578,m_osm_6631788217,WSV de Eems,port
no_match,3749.7,quay,Kegelligplaats Sluis Eefde  - Boven,Netherlands waterway,52.161715,6.242521,m_osm_972946054,Jachthaven De Nieuwe Aanleg,port
no_match,3751.5,quay,Ligplaats autoafzetplaats vluchthaven 's-Gravendeel,Dordtsche Kil,51.758576,4.624447,m_osm_2189653482,W.S.V. “de Kil”,port
no_match,3751.6,quay,7050,Belgium waterway,51.168472,3.790685,m_osm_8087252421,VVW Mendonk,port
no_match,3752.7,quay,Liegestelle Köln Fordwerke,Rhine,51.000035,6.961227,m_osm_7232924505,Sportboothafen Wiesdorf,port
no_match,3753.6,quay,,Netherlands waterway,52.614873,5.846051,m_osm_2637215145,Watersportvereniging Berend Aalbers,port
no_match,3754.8,quay,Wachtplaats Sluis Eefde Boven1,Netherlands waterway,52.161402,6.239055,m_osm_1140832794,Jachthaven De Mars,port
no_match,3755.8,quay,Ligplaats BD11 haven Oss,Maas,51.787734,5.542284,m_osm_183214434,WSV 'De Gouden Ham',port
no_match,3760.2,quay,Ligplaats Australiehaven ZE steiger 2 Amsterdam,Netherlands waterway,52.411159,4.78573,m_osm_415633186,Jachthaven Nauerna,port
no_match,3762.1,quay,M7,Port of Antwerp,51.254781,4.354893,m_osm_19627721,Jachthaven Linkeroever,port
no_match,3762.4,quay,Ligplaats 2 Palen IJzendoorn,Waal,51.902383,5.549453,m_osm_13277793812,Jachthaven van Druten,port
no_match,3762.6,quay,227,Port of Antwerp,51.25906,4.363161,m_osm_19627721,Jachthaven Linkeroever,port
no_match,3765.3,quay,5345,Belgium waterway,51.174837,3.799747,m_osm_279405371,Watersportvereniging Zelzate,port
no_match,3766.4,quay,M5,Port of Antwerp,51.253765,4.353264,m_osm_19627721,Jachthaven Linkeroever,port
no_match,3766.5,quay,1644,Port of Antwerp,51.288473,4.240948,m_osm_837845424,Yacht Club Scaldis,port
no_match,3767.7,quay,M3,Port of Antwerp,51.252457,4.351433,m_osm_19627721,Jachthaven Linkeroever,port
no_match,3768.0,quay,5191,Unknown waterway,51.260966,3.829576,m_osm_586437648,'t Sas,port
no_match,3768.7,quay,Ligplaats 5 Ramspolbrug Oost,Netherlands waterway,52.614481,5.844141,m_osm_2637215145,Watersportvereniging Berend Aalbers,port
no_match,3770.3,quay,512C,Port of Antwerp,51.289141,4.338703,m_osm_837845424,Yacht Club Scaldis,port
no_match,3777.1,quay,,Kanaal Bocholt-Herentals,51.238561,5.222977,m_osm_1305739099,Zilvermeerhaven,port
no_match,3778.5,pontoon,,Unknown waterway,51.664225,4.171495,m_osm_107481644,Watersportvereniging Oude Tonge,port
no_match,3779.2,quay,Ligplaats NZ ENBO Mallegat Dordrecht,Dordtsche Kil,51.786965,4.629028,m_osm_1368200086,"WSV ""Maartensgat""",port
no_match,3780.4,quay,,Ringvaart om Gent,51.096384,3.693557,m_osm_241795954,Jachthaven Langerbrugge,port
no_match,3780.7,quay,,Netherlands waterway,52.409664,4.782828,m_osm_415633186,Jachthaven Nauerna,port
no_match,3782.3,quay,7230,Belgium waterway,51.162487,3.76839,m_osm_8087252421,VVW Mendonk,port
no_match,3786.5,quay,661,Port of Antwerp,51.337342,4.294768,m_osm_837845424,Yacht Club Scaldis,port
no_match,3788.7,quay,Ligplaats EG Van der Lee steiger Mallegat Dordrecht,Dordtsche Kil,51.786414,4.630117,m_osm_1368200086,"WSV ""Maartensgat""",port
no_match,3789.0,quay,661B,Port of Antwerp,51.337282,4.29599,m_osm_837845424,Yacht Club Scaldis,port
no_match,3791.0,quay,Ligplaats ZZ ENBO Mallegat Dordrecht,Dordtsche Kil,51.78681,4.629091,m_osm_1368200086,"WSV ""Maartensgat""",port
no_match,3791.2,quay,Ligplaats loswal Bemmelse Waard 1,Waal,51.875594,5.905799,m_osm_1446067379,Lindenberghaven Passantensteiger,port
no_match,3792.8,quay,Ligplaats Bakkenplaats Weurt,Waal,51.846146,5.815612,m_osm_1446067379,Lindenberghaven Passantensteiger,port
no_match,3793.5,quay,1606,Port of Antwerp,51.274899,4.259671,m_osm_837845424,Yacht Club Scaldis,port
no_match,3794.4,quay,,Zeekanaal Brussel-Schelde,51.040579,4.359827,m_osm_528530237,Dok 3,port
no_match,3796.1,quay,780,Port of Antwerp,51.336185,4.305026,m_osm_837845424,Yacht Club Scaldis,port
no_match,3797.3,quay,Ligplaats Australiehaven ZE steiger 5 Amsterdam,Netherlands waterway,52.411386,4.787086,m_osm_415633186,Jachthaven Nauerna,port
no_match,3799.6,quay,,Netherlands waterway,52.467988,4.615643,m_osm_106684570,Marina Seaport IJmuiden,port
no_match,3800.1,quay,Umschlaganlage Norske Skog Walsum GmbH,Rhine,51.52087,6.712732,m_osm_2427061055,Seglergemeinschaft Lohheider See,port
no_match,3801.7,quay,,Netherlands waterway,51.761975,5.170909,m_osm_721652678,WSV Heusden,port
no_match,3802.8,quay,Liegeplatz,Rhine,49.484989,8.453351,m_osm_2072615406,Segelsportanlage Mannheim,port
no_match,3804.6,quay,218,Port of Antwerp,51.261434,4.368424,m_osm_19627721,Jachthaven Linkeroever,port
no_match,3806.6,quay,496,Unknown waterway,51.341992,3.770212,m_osm_5452229236,WV Neusen,port
no_match,3806.9,quay,5255,Belgium waterway,51.169476,3.79627,m_osm_8087252421,VVW Mendonk,port
no_match,3807.9,quay,Liegestelle Friemersheim,Rhine,51.395301,6.741311,m_osm_5701818653,Kanusport-Verein DU-Wedau,port
no_match,3808.1,quay,Ligplaats sluis II - Beneden sluis - kegel Tilburg,Netherlands waterway,51.597541,4.98912,m_osm_6943441829,TWV Tilburg,port
no_match,3808.6,quay,M8,Port of Antwerp,51.253777,4.352465,m_osm_19627721,Jachthaven Linkeroever,port
no_match,3811.9,quay,M10,Port of Antwerp,51.255155,4.354477,m_osm_19627721,Jachthaven Linkeroever,port
no_match,3814.8,quay,Ligplaats loswal Dyckerhoff Basal Nieuwegein,Amsterdam-Rijnkanaal,52.046694,5.108005,m_osm_1839055018,WSV Plettenburg,port
no_match,3815.5,quay,Liegeplatz,Rhine,49.476225,8.462258,m_osm_47251144,Boots-Club Weinstraße,port
no_match,3816.4,quay,510B,Port of Antwerp,51.289671,4.339814,m_osm_837845424,Yacht Club Scaldis,port
no_match,3818.2,quay,,Waal,51.843806,5.815727,m_osm_1446067379,Lindenberghaven Passantensteiger,port
no_match,3818.4,quay,6920,Belgium waterway,51.174854,3.794609,m_osm_279405371,Watersportvereniging Zelzate,port
no_match,3818.6,quay,M4,Port of Antwerp,51.252855,4.351009,m_osm_19627721,Jachthaven Linkeroever,port
no_match,3820.7,quay,Ligplaats 1 Australiehaven Graniet Import Amsterdam,Netherlands waterway,52.409344,4.783104,m_osm_415633186,Jachthaven Nauerna,port
no_match,3821.1,quay,Bijleveld Noord,Unknown waterway,51.476549,3.705871,m_osm_1314819628,Jachthaven Oranjeplaat,port
no_match,3821.1,quay,760,Belgium waterway,51.214435,2.992093,m_osm_127979467,Royal Yacht Club Oostende,port
no_match,3821.8,quay,1608,Port of Antwerp,51.275894,4.256683,m_osm_837845424,Yacht Club Scaldis,port
no_match,3823.8,quay,231,Port of Antwerp,51.2585,4.360376,m_osm_19627721,Jachthaven Linkeroever,port
no_match,3824.4,quay,7240,Belgium waterway,51.162287,3.766996,m_osm_8087252421,VVW Mendonk,port
no_match,3825.2,quay,Braakmanhaven Dienstensteiger,Unknown waterway,51.340587,3.769348,m_osm_5452229236,WV Neusen,port
no_match,3829.4,quay,1646,Port of Antwerp,51.28923,4.239375,m_osm_837845424,Yacht Club Scaldis,port
no_match,3832.1,quay,,Dender,50.97672,4.060646,m_osm_8867559693,Jachthaven VVW Aalst,port
no_match,3834.6,quay,,Netherlands waterway,51.626751,4.889622,m_osm_316312859,WSV Sluis 1,port
no_match,3838.3,quay,Ligplaats Australiehaven ZE steiger 4 Amsterdam,Netherlands waterway,52.41161,4.78848,m_osm_415633186,Jachthaven Nauerna,port
no_match,3839.4,quay,Ligplaats Linker oever (ONP) Andel,Netherlands waterway,51.78661,5.056865,m_osm_1261913614,WSV Het Esmeer,port
no_match,3840.9,quay,902,Belgium waterway,51.267197,3.214037,m_osm_1816556549,Koninklijke Brugse zeil- en yachtclub,port
no_match,3841.8,quay,3980,Unknown waterway,51.476297,3.701318,m_osm_1314819628,Jachthaven Oranjeplaat,port
no_match,3843.8,quay,512B,Port of Antwerp,51.2887,4.33954,m_osm_837845424,Yacht Club Scaldis,port
no_match,3844.2,quay,718,Port of Antwerp,51.325103,4.332653,m_osm_837845424,Yacht Club Scaldis,port
no_match,3845.6,quay,Ligplaats 1 Ramspolbrug West,Netherlands waterway,52.612156,5.83552,m_osm_2637215145,Watersportvereniging Berend Aalbers,port
no_match,3846.8,quay,229,Port of Antwerp,51.25906,4.361039,m_osm_19627721,Jachthaven Linkeroever,port
no_match,3847.2,quay,S5,Belgium waterway,51.201412,4.363398,m_osm_625248475,Jachthaven Linkeroever,port
no_match,3847.7,quay,746,Port of Antwerp,51.327528,4.329296,m_osm_837845424,Yacht Club Scaldis,port
no_match,3848.5,quay,Ligplaats Australiehaven Graniet Import Amsterdam,Netherlands waterway,52.409818,4.784951,m_osm_415633186,Jachthaven Nauerna,port
no_match,3848.7,quay,7040,Belgium waterway,51.169435,3.791309,m_osm_8087252421,VVW Mendonk,port
no_match,3850.3,quay,,Donau,43.874533,25.967935,m_osm_508231317,Yacht Club Port Rousse,port
no_match,3856.8,quay,,Kanaal Dessel-Turnhout-Schoten,51.310395,4.590073,m_osm_1255047957,B.Y.C.,port
no_match,3858.7,quay,M9,Port of Antwerp,51.254174,4.352067,m_osm_19627721,Jachthaven Linkeroever,port
no_match,3860.2,quay,511,Port of Antwerp,51.285572,4.337132,m_osm_837845424,Yacht Club Scaldis,port
no_match,3861.0,quay,Ligplaats BD12 haven Oss,Maas,51.786803,5.541561,m_osm_183214434,WSV 'De Gouden Ham',port
no_match,3861.1,quay,Ligplaats CCT Zuid Moerdijk,Hollands Diep,51.679371,4.596128,m_osm_1935108154,Jachthaven Strijensas,port
no_match,3861.4,quay,5330,Belgium waterway,51.174005,3.799208,m_osm_279405371,Watersportvereniging Zelzate,port
no_match,3865.2,quay,1610,Port of Antwerp,51.276893,4.253668,m_osm_837845424,Yacht Club Scaldis,port
no_match,3867.0,quay,4444,Unknown waterway,51.476155,3.706331,m_osm_1314819628,Jachthaven Oranjeplaat,port
no_match,3868.0,quay,387,Port of Antwerp,51.251065,4.347925,m_osm_19627721,Jachthaven Linkeroever,port
no_match,3868.1,quay,,Ringvaart om Gent,51.095444,3.692919,m_osm_241795954,Jachthaven Langerbrugge,port
no_match,3868.6,quay,7250,Belgium waterway,51.162088,3.765603,m_osm_8087252421,VVW Mendonk,port
no_match,3868.7,quay,383,Port of Antwerp,51.250101,4.346861,m_osm_19627721,Jachthaven Linkeroever,port
no_match,3869.5,quay,"Wartelände Persenbeug Oberwasser, Donaudorf",Donau,48.195329,15.053553,m_osm_1462187804,Yachthafen Isperdorf,port
no_match,3869.8,quay,220,Port of Antwerp,51.261452,4.36648,m_osm_19627721,Jachthaven Linkeroever,port
no_match,3870.1,quay,Ligsteiger 5 oostzijde IJzendoorn,Waal,51.903332,5.548126,m_osm_13277793812,Jachthaven van Druten,port
no_match,3871.0,quay,,Maas,50.888153,5.710964,m_osm_4720042858,Bassin,port
no_match,3872.0,quay,512,Belgium waterway,51.30194,3.231058,m_osm_462344084,Brugse Zeil- en Yachtclub,port
no_match,3873.9,quay,Ligplaats Antwerpen RO kmp 1.8,Belgium waterway,51.20128,4.363021,m_osm_625248475,Jachthaven Linkeroever,port
no_match,3874.7,quay,Ligplaats Australiehaven ZE steiger 1 Amsterdam,Netherlands waterway,52.411167,4.788449,m_osm_415633186,Jachthaven Nauerna,port
no_match,3874.7,quay,,Albertkanaal,51.239837,4.470335,m_osm_4322795,Kempisch dok,port
no_match,3876.0,pontoon,,Unknown waterway,51.666603,4.166585,m_osm_107481644,Watersportvereniging Oude Tonge,port
no_match,3878.0,quay,DDM4,Port of Antwerp,51.255242,4.353283,m_osm_19627721,Jachthaven Linkeroever,port
no_match,3878.5,quay,Ligplaats BD13 haven Oss,Maas,51.786633,5.542126,m_osm_183214434,WSV 'De Gouden Ham',port
no_match,3880.3,quay,1642,Port of Antwerp,51.287306,4.240061,m_osm_837845424,Yacht Club Scaldis,port
no_match,3884.2,quay,1009,Belgium waterway,51.240431,4.339565,m_osm_19627721,Jachthaven Linkeroever,port
no_match,3885.1,quay,Bijleveld Zuid,Unknown waterway,51.475904,3.701789,m_osm_1314819628,Jachthaven Oranjeplaat,port
no_match,3886.2,quay,Ligplaats Australiehaven WAV Amsterdam,Netherlands waterway,52.41013,4.798955,m_osm_13526713621,Kokernoot,port
no_match,3895.4,quay,Umschlagstelle Dormagen,Rhine,51.078745,6.852669,m_osm_1588137781,Bergische Yachtschule,port
no_match,3898.5,quay,S859,Belgium waterway,51.337452,4.275883,m_osm_837845424,Yacht Club Scaldis,port
no_match,3901.9,quay,5270,Belgium waterway,51.170363,3.796846,m_osm_8087252421,VVW Mendonk,port
no_match,3905.0,quay,,Netherlands waterway,53.211229,6.483376,m_osm_127077125,Jachthaven Reitdiep,port
no_match,3906.4,quay,Liegemöglichkeit Roßstein,Rhine,50.108781,7.731938,m_osm_386691174,Loreleyhafen,port
no_match,3906.9,quay,1604,Port of Antwerp,51.273709,4.259616,m_osm_837845424,Yacht Club Scaldis,port
no_match,3913.0,quay,Ligsteiger 5 westzijde IJzendoorn,Waal,51.903309,5.547483,m_osm_13277793812,Jachthaven van Druten,port
no_match,3913.0,quay,973,Belgium waterway,51.267692,3.212498,m_osm_1816556549,Koninklijke Brugse zeil- en yachtclub,port
no_match,3913.2,quay,510A,Port of Antwerp,51.2887,4.340641,m_osm_837845424,Yacht Club Scaldis,port
no_match,3916.1,quay,7030,Belgium waterway,51.170175,3.792498,m_osm_8087252421,VVW Mendonk,port
no_match,3916.2,quay,,Belgium waterway,51.194255,5.156577,m_osm_1305739099,Zilvermeerhaven,port
no_match,3919.9,quay,,Kanaal Bocholt-Herentals,51.239217,5.224793,m_osm_1305739099,Zilvermeerhaven,port
no_match,3920.4,quay,Liegestelle Rheinhausen,Rhine,51.404119,6.743159,m_osm_185529303,Innenhafen,port
no_match,3923.1,quay,DDM3,Port of Antwerp,51.255609,4.352949,m_osm_19627721,Jachthaven Linkeroever,port
no_match,3924.6,quay,6940,Belgium waterway,51.173926,3.794245,m_osm_279405371,Watersportvereniging Zelzate,port
no_match,3925.9,quay,1648,Port of Antwerp,51.290299,4.237135,m_osm_837845424,Yacht Club Scaldis,port
no_match,3933.8,quay,Liegestelle Saarlouis,Saar,49.327071,6.739975,m_osm_634729651,Sportboothafen Dillingen,port
no_match,3934.2,quay,385,Port of Antwerp,51.250925,4.346612,m_osm_19627721,Jachthaven Linkeroever,port
no_match,3935.9,quay,S4,Belgium waterway,51.201075,4.361908,m_osm_625248475,Jachthaven Linkeroever,port
no_match,3935.9,quay,222,Port of Antwerp,51.261469,4.364605,m_osm_19627721,Jachthaven Linkeroever,port
no_match,3937.4,quay,,Belgium waterway,51.235993,5.226469,m_osm_1305739099,Zilvermeerhaven,port
no_match,3938.7,quay,Markt Triefenstein,Main,49.791178,9.615227,m_osm_1690320157,WSV-Bettingen e.V.,port
no_match,3939.9,quay,Ligplaats Zuiderpalen Oost IJmuiden,Netherlands waterway,52.46402,4.619097,m_osm_106684570,Marina Seaport IJmuiden,port
no_match,3940.3,quay,524,Belgium waterway,51.302961,3.235169,m_osm_462344084,Brugse Zeil- en Yachtclub,port
no_match,3944.9,quay,Ligplaats Wienerberger Haaften,Waal,51.818115,5.186931,m_osm_1197645951,Stadshaven,port
no_match,3945.8,quay,Ligplaats Tasmaniehaven steiger West Amsterdam,Netherlands waterway,52.408045,4.789612,m_osm_197452216,de Swaenenburght,port
no_match,3948.1,quay,,Netherlands waterway,51.792672,5.049451,m_osm_972977791,WSV Woudrichem,port
no_match,3950.3,quay,665,Port of Antwerp,51.338843,4.294373,m_osm_837845424,Yacht Club Scaldis,port
no_match,3951.3,quay,Ligsteiger 4 oostzijde IJzendoorn,Waal,51.903287,5.546909,m_osm_13277793812,Jachthaven van Druten,port
no_match,3951.3,quay,Liegestelle Friemersheim,Rhine,51.392015,6.738452,m_osm_5701818653,Kanusport-Verein DU-Wedau,port
no_match,3951.7,quay,Ligplaats Tasmaniehaven steiger Oost Amsterdam,Netherlands waterway,52.408045,4.789762,m_osm_197452216,de Swaenenburght,port
no_match,3952.1,quay,via donau,Donau,48.221533,15.245787,m_osm_2150615445,Sporthafen Pöchlarn,port
no_match,3952.1,quay,Ligplaats 1 Palen IJzendoorn,Waal,51.901882,5.546538,m_osm_13277793812,Jachthaven van Druten,port
no_match,3952.9,quay,Ligplaats 2 vluchthaven 's-Gravendeel,Dordtsche Kil,51.760397,4.624643,m_osm_2189653482,W.S.V. “de Kil”,port
no_match,3954.3,quay,Ankerplaats 1 Herwijnen,Waal,51.821193,5.113103,m_osm_1261913614,WSV Het Esmeer,port
no_match,3955.3,quay,509,Port of Antwerp,51.284596,4.33778,m_osm_837845424,Yacht Club Scaldis,port
no_match,3957.4,quay,,Dordtsche Kil,51.783529,4.624458,m_osm_400332332,De Waterlelie,port
no_match,3957.6,quay,5315,Belgium waterway,51.173174,3.798669,m_osm_279405371,Watersportvereniging Zelzate,port
no_match,3960.7,quay,Liegestelle Sondernheim,Rhine,49.191567,8.381854,m_osm_329665408,Segelfreunde Liedolsheim,port
no_match,3961.7,quay,508,Port of Antwerp,51.288215,4.341049,m_osm_837845424,Yacht Club Scaldis,port
no_match,3965.6,quay,Ligplaats Tasmaniehaven AGM Bouwgrondstoffen Amsterdam,Netherlands waterway,52.4084,4.789293,m_osm_197452216,de Swaenenburght,port
no_match,3966.5,quay,494,Unknown waterway,51.345732,3.769813,m_osm_5452229236,WV Neusen,port
no_match,3967.8,quay,,Belgium waterway,51.234178,5.227481,m_osm_1305739099,Zilvermeerhaven,port
no_match,3970.9,quay,744,Port of Antwerp,51.327739,4.331418,m_osm_837845424,Yacht Club Scaldis,port
no_match,3971.2,quay,665B,Port of Antwerp,51.339081,4.293334,m_osm_837845424,Yacht Club Scaldis,port
no_match,3971.9,quay,Ligplaats Antwerpen RO kmp 25.9,Belgium waterway,51.338102,4.275692,m_osm_837845424,Yacht Club Scaldis,port
no_match,3972.1,quay,Liegeplatz Ellenz,Mosel,50.115979,7.234555,m_osm_530788429,Yachthafen Senheim,port
no_match,3973.8,quay,782,Port of Antwerp,51.337979,4.304261,m_osm_837845424,Yacht Club Scaldis,port
no_match,3976.5,quay,720,Port of Antwerp,51.325347,4.33477,m_osm_837845424,Yacht Club Scaldis,port
no_match,3981.5,quay,,Amsterdam-Rijnkanaal,51.92296,5.428393,m_osm_3018764612,Tielse Watersportvereniging De Waal,port
no_match,3981.5,quay,,Leie,50.826647,3.2477,m_osm_1280257416,Kuurne,port
no_match,3983.8,quay,Ligplaats 3 vluchthaven 's-Gravendeel,Dordtsche Kil,51.76064,4.623737,m_osm_2189653482,W.S.V. “de Kil”,port
no_match,3985.3,quay,,Zeekanaal Brussel-Schelde,51.097776,4.31948,m_osm_111869545,yachtclub Volante,port
no_match,3986.9,quay,,Netherlands waterway,51.788172,5.054844,m_osm_1261913614,WSV Het Esmeer,port
no_match,3987.9,quay,1612,Port of Antwerp,51.276226,4.252199,m_osm_837845424,Yacht Club Scaldis,port
no_match,3992.3,quay,7020,Belgium waterway,51.170923,3.793088,m_osm_8087252421,VVW Mendonk,port
no_match,3993.4,quay,1650,Port of Antwerp,51.290969,4.235681,m_osm_837845424,Yacht Club Scaldis,port
no_match,3993.7,quay,DDM2,Port of Antwerp,51.256165,4.352398,m_osm_19627721,Jachthaven Linkeroever,port
no_match,3993.9,quay,Liegestelle Bachhausen unterer Vorhafen,Main-Donau-Kanal,49.148867,11.439898,m_osm_431082492,Sportboothafen Berching - Berchinger Yacht Club Wassersportfreunde,port
no_match,3994.5,quay,Ligplaats Tasmaniehaven Struyk Verwo Amsterdam,Netherlands waterway,52.4084,4.790032,m_osm_197452216,de Swaenenburght,port
no_match,3994.7,quay,Liegestelle Friemersheim,Rhine,51.385516,6.729934,m_osm_1473213338,Wassersportgemeinschaft Rumeln-Kaldenhausen 1961 e.V.,port
no_match,3997.6,quay,,Albertkanaal,51.239918,4.472103,m_osm_4322795,Kempisch dok,port
no_match,3998.0,quay,Ligsteiger 4 westzijde IJzendoorn,Waal,51.903234,5.546203,m_osm_13277793812,Jachthaven van Druten,port
no_match,4001.8,quay,Ligplaats Yara,Unknown waterway,51.26057,3.837077,m_osm_586437648,'t Sas,port
no_match,4002.6,quay,224,Port of Antwerp,51.261486,4.362801,m_osm_19627721,Jachthaven Linkeroever,port
no_match,4002.8,quay,Ligplaats Australiehaven K3Deme Amsterdam,Netherlands waterway,52.409596,4.797409,m_osm_13526713621,Kokernoot,port
no_match,4003.0,quay,Ligplaats Australiehaven AGM Bouwgrondstoffen Kade Amsterdam,Netherlands waterway,52.409266,4.788175,m_osm_197452216,de Swaenenburght,port
no_match,4007.1,quay,Ligplaats Groot-Ammers,Lek,51.923659,4.813019,m_osm_65589716,'t Wilgerak,port
no_match,4010.1,quay,901,Belgium waterway,51.268703,3.213688,m_osm_1816556549,Koninklijke Brugse zeil- en yachtclub,port
no_match,4011.1,quay,C,Unknown waterway,51.345028,3.768698,m_osm_5452229236,WV Neusen,port
no_match,4011.6,quay,Ligplaats BD14 haven Oss,Maas,51.785451,5.541398,m_osm_183214434,WSV 'De Gouden Ham',port
no_match,4014.4,quay,5285,Belgium waterway,51.171407,3.797523,m_osm_8087252421,VVW Mendonk,port
no_match,4014.5,quay,,Netherlands waterway,52.243877,6.175383,m_osm_295356909,Jachthaven Deventer,port
no_match,4016.0,quay,Dana acostare - APCD - Amenajare Port Containere Dunarean Giurgiu,Donau,43.875372,25.969977,m_osm_508231317,Yacht Club Port Rousse,port
no_match,4018.5,quay,,Ringvaart om Gent,51.095217,3.690678,m_osm_241795954,Jachthaven Langerbrugge,port
no_match,4021.5,quay,Braakmanhaven Steiger C Oost DOW,Unknown waterway,51.34478,3.768395,m_osm_5452229236,WV Neusen,port
no_match,4023.6,quay,,Rhine,51.398846,6.73951,m_osm_5701818653,Kanusport-Verein DU-Wedau,port
no_match,4024.2,quay,6960,Belgium waterway,51.173055,3.793904,m_osm_279405371,Watersportvereniging Zelzate,port
no_match,4026.6,quay,Ligplaats Yara,Unknown waterway,51.260672,3.837466,m_osm_586437648,'t Sas,port
no_match,4027.6,quay,,Dordtsche Kil,51.784328,4.628945,m_osm_1368200086,"WSV ""Maartensgat""",port
no_match,4029.2,quay,DDM1,Port of Antwerp,51.256543,4.35228,m_osm_19627721,Jachthaven Linkeroever,port
no_match,4032.2,quay,,Zeekanaal Brussel-Schelde,51.038373,4.36043,m_osm_528530237,Dok 3,port
no_match,4035.4,quay,Ligsteiger 3 oostzijde IJzendoorn,Waal,51.903204,5.545641,m_osm_13277793812,Jachthaven van Druten,port
no_match,4044.4,quay,,Ringvaart om Gent,51.094608,3.690768,m_osm_241795954,Jachthaven Langerbrugge,port
no_match,4045.2,quay,,Kanaal Bocholt-Herentals,51.249017,5.265261,m_osm_4441653077,Water Sports,port
no_match,4049.3,quay,7010,Belgium waterway,51.171461,3.79333,m_osm_8087252421,VVW Mendonk,port
no_match,4049.5,quay,403B,Port of Antwerp,51.257337,4.353159,m_osm_19627721,Jachthaven Linkeroever,port
no_match,4053.6,quay,5300,Belgium waterway,51.172346,3.798131,m_osm_279405371,Watersportvereniging Zelzate,port
no_match,4054.9,quay,Liegeplatz Wehlen,Mosel,49.944599,7.043177,m_osm_127679910,Schutzhafen Kues,port
no_match,4062.2,quay,Braakmanhaven Steiger C West DOW,Unknown waterway,51.344805,3.767787,m_osm_5452229236,WV Neusen,port
no_match,4063.2,quay,A,Unknown waterway,51.346331,3.768698,m_osm_5452229236,WV Neusen,port
no_match,4063.2,quay,1640,Port of Antwerp,51.285882,4.238297,m_osm_837845424,Yacht Club Scaldis,port
no_match,4065.7,quay,S861,Belgium waterway,51.338851,4.274928,m_osm_837845424,Yacht Club Scaldis,port
no_match,4066.5,quay,1602,Port of Antwerp,51.272339,4.258791,m_osm_837845424,Yacht Club Scaldis,port
no_match,4066.9,quay,506,Port of Antwerp,51.287288,4.342012,m_osm_837845424,Yacht Club Scaldis,port
no_match,4067.3,quay,Dana acostare - APCD - Amenajare Port Containere Dunarean Giurgiu,Donau,43.875497,25.970886,m_osm_508231317,Yacht Club Port Rousse,port
no_match,4068.7,quay,Ligplaats Zwijndrecht LO kmp 1.0,Belgium waterway,51.203105,4.354656,m_osm_625248475,Jachthaven Linkeroever,port
no_match,4068.8,quay,S3,Belgium waterway,51.200588,4.359684,m_osm_625248475,Jachthaven Linkeroever,port
no_match,4069.9,quay,Langgries,Donau,48.224723,14.944099,m_osm_2150478403,Anlegestelle Camping Krenn,port
no_match,4072.9,quay,Ligplaats 1 Vluchthaven 's-Gravendeel,Dordtsche Kil,51.761467,4.624339,m_osm_2189653482,W.S.V. “de Kil”,port
no_match,4073.4,quay,226,Port of Antwerp,51.261493,4.36094,m_osm_19627721,Jachthaven Linkeroever,port
no_match,4075.5,quay,Liegestelle Walsum,Rhine,51.515749,6.720515,m_osm_2427061055,Seglergemeinschaft Lohheider See,port
no_match,4077.1,quay,722,Port of Antwerp,51.325515,4.336386,m_osm_837845424,Yacht Club Scaldis,port
no_match,4078.9,quay,Liegestelle Rheinlust,Rhine,51.385857,6.736524,m_osm_5701818653,Kanusport-Verein DU-Wedau,port
no_match,4079.4,quay,3989,Unknown waterway,51.474161,3.703367,m_osm_1314819628,Jachthaven Oranjeplaat,port
no_match,4080.0,quay,Ligsteiger 3 westzijde IJzendoorn,Waal,51.903167,5.544972,m_osm_13277793812,Jachthaven van Druten,port
no_match,4080.4,quay,Ligplaats loswal Westkanaaldijk Nijmegen,Waal,51.842534,5.812214,m_osm_1446067379,Lindenberghaven Passantensteiger,port
no_match,4087.0,quay,Braakmanhaven Steiger A Oost DOW,Unknown waterway,51.346237,3.768268,m_osm_5452229236,WV Neusen,port
no_match,4090.2,quay,Braakmanhaven Oceandock Noord DOW,Unknown waterway,51.340632,3.765449,m_osm_5452229236,WV Neusen,port
no_match,4098.4,quay,1510,Belgium waterway,51.266674,4.293552,m_osm_837845424,Yacht Club Scaldis,port
no_match,4100.8,quay,742,Port of Antwerp,51.327923,4.333675,m_osm_837845424,Yacht Club Scaldis,port
no_match,4106.4,quay,750,Belgium waterway,51.214091,2.996206,m_osm_127979467,Royal Yacht Club Oostende,port
no_match,4108.3,quay,B,Unknown waterway,51.347566,3.768554,m_osm_12912396611,Jachthaven Terneuzen,port
no_match,4110.9,quay,Braakmanhaven Oceandock Zuid DOW,Unknown waterway,51.340178,3.764987,m_osm_5452229236,WV Neusen,port
no_match,4111.8,quay,507,Port of Antwerp,51.283167,4.338987,m_osm_837845424,Yacht Club Scaldis,port
no_match,4111.8,quay,,Kanaal Bocholt-Herentals,51.248779,5.264372,m_osm_4441653077,Water Sports,port
no_match,4116.3,quay,1654,Port of Antwerp,51.290109,4.234312,m_osm_837845424,Yacht Club Scaldis,port
no_match,4117.4,quay,Dana acostare - APCD - Amenajare Port Containere Dunarean Giurgiu,Donau,43.875618,25.971759,m_osm_508231317,Yacht Club Port Rousse,port
no_match,4118.0,quay,Ligsteiger 2 oostzijde IJzendoorn,Waal,51.903148,5.544404,m_osm_13277793812,Jachthaven van Druten,port
no_match,4121.9,quay,Ankerplaats Haaften,Waal,51.815941,5.184037,m_osm_1197645951,Stadshaven,port
no_match,4124.8,quay,6980,Belgium waterway,51.172165,3.793553,m_osm_8087252421,VVW Mendonk,port
no_match,4126.9,quay,513,Belgium waterway,51.29988,3.232706,m_osm_462344084,Brugse Zeil- en Yachtclub,port
no_match,4128.4,quay,Bijleveld Zuid,Unknown waterway,51.473727,3.703865,m_osm_1314819628,Jachthaven Oranjeplaat,port
no_match,4129.3,quay,Braakmanhaven Steiger A West DOW,Unknown waterway,51.346174,3.767573,m_osm_5452229236,WV Neusen,port
no_match,4129.5,quay,Toegangsgeul Kallosluis Noord,Belgium waterway,51.266309,4.289658,m_osm_837845424,Yacht Club Scaldis,port
no_match,4139.2,quay,,Albertkanaal,50.879295,5.646628,m_osm_4720042858,Bassin,port
no_match,4140.0,quay,Braakmanhaven Steiger B Oost DOW,Unknown waterway,51.347567,3.768089,m_osm_12912396611,Jachthaven Terneuzen,port
no_match,4143.4,quay,,Netherlands waterway,52.477471,4.614661,m_osm_106684570,Marina Seaport IJmuiden,port
no_match,4150.8,quay,Ligplaats Herwijnen,Waal,51.822954,5.111502,m_osm_1261913614,WSV Het Esmeer,port
no_match,4154.0,quay,Ligplaats Kegelsteiger IJzendoorn,Waal,51.901491,5.543489,m_osm_13277793812,Jachthaven van Druten,port
no_match,4154.2,quay,784,Port of Antwerp,51.339759,4.303594,m_osm_837845424,Yacht Club Scaldis,port
no_match,4155.8,quay,,Canalul Dunăre-Marea Neagră,44.099605,28.627692,m_osm_304291124,Marina Eforie,port
no_match,4158.0,quay,1652,Port of Antwerp,51.28917,4.234267,m_osm_837845424,Yacht Club Scaldis,port
no_match,4162.0,quay,Ligsteiger 2 westzijde IJzendoorn,Waal,51.903108,5.543744,m_osm_13277793812,Jachthaven van Druten,port
no_match,4162.4,quay,1512,Belgium waterway,51.266014,4.289055,m_osm_837845424,Yacht Club Scaldis,port
no_match,4163.4,quay,228,Port of Antwerp,51.261474,4.358612,m_osm_19627721,Jachthaven Linkeroever,port
no_match,4163.6,quay,Liegestelle Bendorf,Rhine,50.415757,7.565042,m_osm_1681454344,Yachtclub Vallendar,port
no_match,4166.2,quay,,Zuid-Willemsvaart,50.881532,5.649293,m_osm_4720042858,Bassin,port
no_match,4167.4,quay,667,Port of Antwerp,51.340803,4.294373,m_osm_837845424,Yacht Club Scaldis,port
no_match,4172.6,quay,724,Port of Antwerp,51.325707,4.337871,m_osm_837845424,Yacht Club Scaldis,port
no_match,4173.0,quay,Wartelände Praterspitz,Donau,48.167158,16.493416,m_osm_1502802694,Franz vom Schiff (Scheriau),port
no_match,4179.4,quay,BOS,Belgium waterway,51.277564,4.333121,m_osm_837845424,Yacht Club Scaldis,port
no_match,4180.0,quay,Ligplaats Australiehaven Struyk Verwo Amsterdam,Netherlands waterway,52.409485,4.79224,m_osm_197452216,de Swaenenburght,port
no_match,4183.0,quay,,Rupel,51.104219,4.325078,m_osm_111869545,yachtclub Volante,port
no_match,4187.5,quay,Braakmanhaven Steiger B West DOW,Unknown waterway,51.34753,3.767381,m_osm_12912396611,Jachthaven Terneuzen,port
no_match,4188.3,quay,Bijleveld Noord,Unknown waterway,51.473398,3.708874,m_osm_1314819628,Jachthaven Oranjeplaat,port
no_match,4188.6,quay,SIO,Belgium waterway,51.243995,4.336818,m_osm_19627721,Jachthaven Linkeroever,port
no_match,4189.1,quay,S2,Belgium waterway,51.200171,4.357664,m_osm_625248475,Jachthaven Linkeroever,port
no_match,4192.4,quay,Liegestelle Rheinlust,Rhine,51.381338,6.729728,m_osm_1473213338,Wassersportgemeinschaft Rumeln-Kaldenhausen 1961 e.V.,port
no_match,4192.8,quay,,Zuid-Willemsvaart,50.885598,5.656017,m_osm_4720042858,Bassin,port
no_match,4194.0,quay,523,Belgium waterway,51.301177,3.237447,m_osm_462344084,Brugse Zeil- en Yachtclub,port
no_match,4199.8,quay,,Zuid-Willemsvaart,50.884617,5.653882,m_osm_4720042858,Bassin,port
no_match,4201.7,quay,4430,Unknown waterway,51.473278,3.708891,m_osm_1314819628,Jachthaven Oranjeplaat,port
no_match,4201.8,quay,3990,Unknown waterway,51.473076,3.704388,m_osm_1314819628,Jachthaven Oranjeplaat,port
no_match,4207.7,quay,VCS,Belgium waterway,51.275838,4.33092,m_osm_837845424,Yacht Club Scaldis,port
no_match,4208.1,quay,Ligplaats 1 autosteiger oostzijde IJzendoorn,Waal,51.903058,5.543049,m_osm_13277793812,Jachthaven van Druten,port
no_match,4210.9,quay,Lasselsberger,Donau,48.221109,15.256874,m_osm_333012197,Yachthafen Emmersdorf,port
no_match,4211.7,quay,Westhofhaven VLB,Unknown waterway,51.47449,3.719397,m_osm_1314819628,Jachthaven Oranjeplaat,port
no_match,4214.2,quay,Ligplaats Rijksbinnenhaven 1 CEMIJ Steiger Velsen-Noord,Netherlands waterway,52.470396,4.62086,m_osm_106684570,Marina Seaport IJmuiden,port
no_match,4216.1,quay,740,Port of Antwerp,51.328158,4.335548,m_osm_837845424,Yacht Club Scaldis,port
no_match,4217.6,quay,505,Port of Antwerp,51.282212,4.339799,m_osm_837845424,Yacht Club Scaldis,port
no_match,4219.7,quay,740,Belgium waterway,51.213012,2.997377,m_osm_127979467,Royal Yacht Club Oostende,port
no_match,4232.8,quay,328,Port of Antwerp,51.26676,4.372614,m_osm_19627721,Jachthaven Linkeroever,port
no_match,4233.1,quay,1614,Port of Antwerp,51.274228,4.250518,m_osm_837845424,Yacht Club Scaldis,port
no_match,4233.7,quay,326,Port of Antwerp,51.266512,4.371513,m_osm_19627721,Jachthaven Linkeroever,port
no_match,4233.9,quay,Ligplaats 1 autosteiger westzijde IJzendoorn,Waal,51.90303,5.542661,m_osm_13277793812,Jachthaven van Druten,port
no_match,4234.1,quay,S863,Belgium waterway,51.340263,4.273988,m_osm_837845424,Yacht Club Scaldis,port
no_match,4234.9,quay,Ligplaats Staalhaven Kade Velsen-Noord,Netherlands waterway,52.476827,4.616782,m_osm_106684570,Marina Seaport IJmuiden,port
no_match,4239.9,quay,,Netherlands waterway,51.830139,4.949498,m_osm_972977791,WSV Woudrichem,port
no_match,4247.6,quay,504,Port of Antwerp,51.285546,4.343505,m_osm_837845424,Yacht Club Scaldis,port
no_match,4247.7,quay,1638,Port of Antwerp,51.284459,4.236531,m_osm_837845424,Yacht Club Scaldis,port
no_match,4254.5,quay,Markt Triefenstein,Main,49.80912,9.602258,m_osm_1690320157,WSV-Bettingen e.V.,port
no_match,4256.0,quay,Liegestelle Königswinter,Rhine,50.677998,7.187685,m_osm_560090784,Wassersportverein Honnef,port
no_match,4258.9,quay,,Leie,50.912172,3.286818,m_osm_694535055,Jachthaven Ooigem,port
no_match,4265.0,quay,230,Port of Antwerp,51.261502,4.356206,m_osm_19627721,Jachthaven Linkeroever,port
no_match,4265.5,quay,,Canalul Dunăre-Marea Neagră,44.100637,28.627713,m_osm_304291124,Marina Eforie,port
no_match,4266.6,quay,Markt Triefenstein,Main,49.793655,9.618746,m_osm_1690320157,WSV-Bettingen e.V.,port
no_match,4270.9,quay,,Ringvaart om Gent,51.093643,3.687912,m_osm_241795954,Jachthaven Langerbrugge,port
no_match,4273.0,quay,Liegestelle Lengfurt,Main,49.816728,9.582779,m_osm_1690320157,WSV-Bettingen e.V.,port
no_match,4274.0,quay,SIM,Belgium waterway,51.244623,4.335884,m_osm_19627721,Jachthaven Linkeroever,port
no_match,4276.3,quay,,Zuid-Willemsvaart,50.880999,5.646373,m_osm_4720042858,Bassin,port
no_match,4280.3,quay,DDM5,Port of Antwerp,51.258293,4.349973,m_osm_19627721,Jachthaven Linkeroever,port
no_match,4280.5,quay,,Kanaal Dessel-Turnhout-Schoten,51.308217,4.585066,m_osm_1255047957,B.Y.C.,port
no_match,4281.6,quay,1600,Port of Antwerp,51.270625,4.257345,m_osm_837845424,Yacht Club Scaldis,port
no_match,4286.2,quay,Ligplaats BD15 haven Oss,Maas,51.782975,5.541601,m_osm_183214434,WSV 'De Gouden Ham',port
no_match,4287.2,quay,669,Port of Antwerp,51.341865,4.294736,m_osm_837845424,Yacht Club Scaldis,port
no_match,4288.4,quay,330,Port of Antwerp,51.267095,4.371755,m_osm_19627721,Jachthaven Linkeroever,port
no_match,4290.2,quay,1656,Port of Antwerp,51.288679,4.232535,m_osm_837845424,Yacht Club Scaldis,port
no_match,4291.3,quay,324,Port of Antwerp,51.266531,4.369367,m_osm_19627721,Jachthaven Linkeroever,port
no_match,4293.0,quay,1007,Belgium waterway,51.239311,4.333064,m_osm_19627721,Jachthaven Linkeroever,port
no_match,4304.4,quay,,Kanaal Dessel-Turnhout-Schoten,51.307982,4.584901,m_osm_1255047957,B.Y.C.,port
no_match,4308.1,quay,,Kanaal Bocholt-Herentals,51.211803,5.041064,m_osm_1223232168,Nuclea Yacht Club,port
no_match,4313.1,quay,503,Port of Antwerp,51.280848,4.339952,m_osm_837845424,Yacht Club Scaldis,port
no_match,4315.9,quay,Ligplaats Servicesteiger IJzendoorn,Waal,51.900799,5.540994,m_osm_13277793812,Jachthaven van Druten,port
no_match,4316.9,quay,726,Port of Antwerp,51.325969,4.34013,m_osm_837845424,Yacht Club Scaldis,port
no_match,4320.9,quay,1620A,Port of Antwerp,51.275631,4.246149,m_osm_837845424,Yacht Club Scaldis,port
no_match,4321.7,quay,786,Port of Antwerp,51.341362,4.303205,m_osm_837845424,Yacht Club Scaldis,port
no_match,4324.3,quay,,Kanaal Dessel-Turnhout-Schoten,51.30786,4.584685,m_osm_1255047957,B.Y.C.,port
no_match,4326.4,quay,S1,Belgium waterway,51.199709,4.355381,m_osm_625248475,Jachthaven Linkeroever,port
no_match,4326.7,quay,,Albertkanaal,50.879816,5.643853,m_osm_4720042858,Bassin,port
no_match,4328.8,quay,Ligplaats Zwijndrecht LO kmp 11.4,Belgium waterway,51.244857,4.335184,m_osm_19627721,Jachthaven Linkeroever,port
no_match,4330.9,quay,Ligplaats autoafzetplaats sluis Sambeek - Boven,Maas,51.636692,5.990597,m_osm_369288327,WSV Boxmeer,port
no_match,4331.4,quay,Liegestelle,Rhine,48.788614,8.036275,m_osm_110280787,Hafen Greffern,port
no_match,4333.9,quay,1005,Belgium waterway,51.235168,4.331382,m_osm_19627721,Jachthaven Linkeroever,port
no_match,4334.5,quay,Ligplaats BD16 haven Oss,Maas,51.782559,5.540883,m_osm_183214434,WSV 'De Gouden Ham',port
no_match,4338.3,quay,1013,Belgium waterway,51.243423,4.334217,m_osm_19627721,Jachthaven Linkeroever,port
no_match,4342.3,quay,,Zeekanaal Brussel-Schelde,51.09937,4.314996,m_osm_111869545,yachtclub Volante,port
no_match,4344.5,quay,738,Port of Antwerp,51.328374,4.337675,m_osm_837845424,Yacht Club Scaldis,port
no_match,4349.7,quay,,Kanaal Dessel-Turnhout-Schoten,51.307739,4.584376,m_osm_1255047957,B.Y.C.,port
no_match,4353.7,quay,322,Port of Antwerp,51.266551,4.367211,m_osm_19627721,Jachthaven Linkeroever,port
no_match,4357.2,quay,DPT Komarno poloha 1 - ponton DPT-P1,Donau,47.749807,18.144725,m_osm_6602902501,MOL Nyrt.,port
no_match,4361.0,quay,671,Port of Antwerp,51.342647,4.29147,m_osm_837845424,Yacht Club Scaldis,port
no_match,4366.0,quay,405,Port of Antwerp,51.259683,4.350507,m_osm_19627721,Jachthaven Linkeroever,port
no_match,4366.2,quay,,Kanaal Bocholt-Herentals,51.211561,5.040264,m_osm_1223232168,Nuclea Yacht Club,port
no_match,4370.9,quay,Westhof Kade,Unknown waterway,51.472503,3.716246,m_osm_1314819628,Jachthaven Oranjeplaat,port
no_match,4371.8,quay,,Kanaal Dessel-Turnhout-Schoten,51.307694,4.584044,m_osm_1255047957,B.Y.C.,port
no_match,4372.1,quay,1620B,Port of Antwerp,51.276674,4.243492,m_osm_837845424,Yacht Club Scaldis,port
no_match,4373.3,quay,514,Belgium waterway,51.297905,3.234336,m_osm_462344084,Brugse Zeil- en Yachtclub,port
no_match,4380.0,quay,Liegeplatz,Mosel,49.886048,6.919318,m_osm_234106062,Yachthafen Neumagen-Dhron,port
no_match,4383.2,quay,522,Belgium waterway,51.299636,3.238692,m_osm_462344084,Brugse Zeil- en Yachtclub,port
no_match,4384.2,quay,Bijleveld Staal,Unknown waterway,51.471481,3.706007,m_osm_1314819628,Jachthaven Oranjeplaat,port
no_match,4384.4,quay,Ligplaats Oost Gaarkeuken,Netherlands waterway,53.250194,6.321904,m_osm_93141251,Jachthaven Briltil,port
no_match,4387.1,quay,4600,Unknown waterway,51.473123,3.720897,m_osm_1314819628,Jachthaven Oranjeplaat,port
no_match,4388.1,quay,Dana acostare ATG Shipyard Giurgiu,Donau,43.877545,25.973836,m_osm_508231317,Yacht Club Port Rousse,port
no_match,4388.4,quay,,Kanaal Bossuit-Kortrijk,50.824242,3.342851,m_osm_1280257416,Kuurne,port
no_match,4390.1,quay,,Kanaal Dessel-Turnhout-Schoten,51.307702,4.583721,m_osm_1255047957,B.Y.C.,port
no_match,4390.7,quay,332,Port of Antwerp,51.267629,4.369881,m_osm_19627721,Jachthaven Linkeroever,port
no_match,4391.4,quay,RWSV,Belgium waterway,51.124524,4.292897,m_osm_2382615930,De Ponton,port
no_match,4396.4,quay,,Netherlands waterway,52.245744,6.184042,m_osm_295356909,Jachthaven Deventer,port
no_match,4400.2,quay,,Lek,51.972672,5.158378,m_osm_68187626,Jachthaven De Helling,port
no_match,4400.9,quay,S865,Belgium waterway,51.341657,4.273036,m_osm_837845424,Yacht Club Scaldis,port
no_match,4401.3,quay,Westhofhaven Palen,Unknown waterway,51.472742,3.719543,m_osm_1314819628,Jachthaven Oranjeplaat,port
no_match,4404.1,quay,495,Port of Antwerp,51.275171,4.333888,m_osm_837845424,Yacht Club Scaldis,port
no_match,4407.3,quay,232,Port of Antwerp,51.262202,4.354308,m_osm_19627721,Jachthaven Linkeroever,port
no_match,4408.6,quay,,Rupel,51.105043,4.32173,m_osm_111869545,yachtclub Volante,port
no_match,4409.8,quay,1618,Port of Antwerp,51.274341,4.246465,m_osm_837845424,Yacht Club Scaldis,port
no_match,4410.0,quay,501,Port of Antwerp,51.27915,4.339665,m_osm_837845424,Yacht Club Scaldis,port
no_match,4410.7,quay,Liegestelle,Saar,49.323825,6.74428,m_osm_634729651,Sportboothafen Dillingen,port
no_match,4412.0,quay,1558,Port of Antwerp,51.267213,4.263683,m_osm_837845424,Yacht Club Scaldis,port
no_match,4412.4,quay,1560,Port of Antwerp,51.267804,4.261649,m_osm_837845424,Yacht Club Scaldis,port
no_match,4413.1,quay,,Netherlands waterway,52.249583,6.18744,m_osm_295356909,Jachthaven Deventer,port
no_match,4414.3,quay,502,Port of Antwerp,51.283967,4.344856,m_osm_837845424,Yacht Club Scaldis,port
no_match,4414.5,quay,1562,Port of Antwerp,51.268781,4.258598,m_osm_837845424,Yacht Club Scaldis,port
no_match,4420.1,quay,320,Port of Antwerp,51.266571,4.365062,m_osm_19627721,Jachthaven Linkeroever,port
no_match,4421.2,quay,Wartelände Sankt Nikola,Donau,48.232947,14.911458,m_osm_31244298,Hafen Grein - Bootsverein Turul,port
no_match,4423.6,quay,1556,Port of Antwerp,51.266755,4.264958,m_osm_837845424,Yacht Club Scaldis,port
no_match,4430.5,quay,SIW,Belgium waterway,51.245782,4.334194,m_osm_19627721,Jachthaven Linkeroever,port
no_match,4431.5,quay,497,Port of Antwerp,51.276706,4.336793,m_osm_837845424,Yacht Club Scaldis,port
no_match,4433.4,quay,5111,Unknown waterway,51.265747,3.835539,m_osm_586437648,'t Sas,port
no_match,4433.8,quay,1636,Port of Antwerp,51.283034,4.234764,m_osm_837845424,Yacht Club Scaldis,port
no_match,4435.0,quay,,Albertkanaal,50.878579,5.640439,m_osm_4720042858,Bassin,port
no_match,4436.5,quay,DPT Komarno poloha 2 - ponton DPT-P2,Donau,47.749958,18.143686,m_osm_6602902501,MOL Nyrt.,port
no_match,4438.3,quay,1616,Port of Antwerp,51.27298,4.248307,m_osm_837845424,Yacht Club Scaldis,port
no_match,4442.7,quay,SIZ,Belgium waterway,51.245457,4.3338,m_osm_19627721,Jachthaven Linkeroever,port
no_match,4445.8,quay,499,Port of Antwerp,51.277604,4.338323,m_osm_837845424,Yacht Club Scaldis,port
no_match,4445.9,quay,Ligplaats BD17 haven Oss,Maas,51.781543,5.541396,m_osm_183214434,WSV 'De Gouden Ham',port
no_match,4446.2,quay,aus Altdatenbestand übernommen,Rhine,51.30224,6.728954,m_osm_645307710,Krefelder Segler-Vereinigung 33 e.V.,port
no_match,4453.4,quay,1554,Port of Antwerp,51.265492,4.269097,m_osm_837845424,Yacht Club Scaldis,port
no_match,4454.1,quay,1550,Port of Antwerp,51.264549,4.274242,m_osm_837845424,Yacht Club Scaldis,port
no_match,4455.3,quay,,Ringvaart om Gent,51.093452,3.68509,m_osm_241795954,Jachthaven Langerbrugge,port
no_match,4458.6,quay,,Dunajský Kanál,47.861537,17.562259,m_osm_8152536946,Vizitúra stég,port
no_match,4459.8,quay,493B,Port of Antwerp,51.273674,4.332512,m_osm_837845424,Yacht Club Scaldis,port
no_match,4460.3,quay,Ligplaats Delden - For Farmers 2,Netherlands waterway,52.25244,6.696938,m_osm_170673593,Twentse Watersport Vereniging,port
no_match,4463.1,quay,,Netherlands waterway,52.249764,6.188364,m_osm_295356909,Jachthaven Deventer,port
no_match,4463.1,quay,1552,Port of Antwerp,51.26519,4.270121,m_osm_837845424,Yacht Club Scaldis,port
no_match,4463.1,quay,Dana acostare Melspring Romania,Donau,43.878106,25.974355,m_osm_508231317,Yacht Club Port Rousse,port
no_match,4464.6,quay,Braakmanhaven Steiger 5 OTT,Unknown waterway,51.348551,3.763637,m_osm_12912396611,Jachthaven Terneuzen,port
no_match,4464.8,quay,1658,Port of Antwerp,51.28726,4.230774,m_osm_837845424,Yacht Club Scaldis,port
no_match,4466.8,quay,Ligplaats Kade Aduard,Netherlands waterway,53.260089,6.47101,m_osm_127077125,Jachthaven Reitdiep,port
no_match,4468.8,quay,Ligplaats Velsen-Noord,Netherlands waterway,52.476179,4.621175,m_osm_106684570,Marina Seaport IJmuiden,port
no_match,4471.3,quay,KAS,Belgium waterway,51.263914,4.277776,m_osm_837845424,Yacht Club Scaldis,port
no_match,4473.7,quay,736,Port of Antwerp,51.328585,4.339797,m_osm_837845424,Yacht Club Scaldis,port
no_match,4475.6,quay,728,Port of Antwerp,51.326254,4.342599,m_osm_837845424,Yacht Club Scaldis,port
no_match,4479.7,quay,,Netherlands waterway,52.246071,6.185739,m_osm_295356909,Jachthaven Deventer,port
no_match,4485.3,quay,,Unknown waterway,53.003219,4.781866,m_osm_9742020643,Diesel,fuel
no_match,4486.2,quay,,Kanaal Gent-Oostende,51.1604,3.259122,m_osm_319622162,Flandria,port
no_match,4486.6,quay,,Netherlands waterway,52.247624,6.187158,m_osm_295356909,Jachthaven Deventer,port
no_match,4487.1,quay,Pristav Komarno - HTD 39A,Donau,47.750047,18.143019,m_osm_6602902501,MOL Nyrt.,port
no_match,4487.8,quay,5011,Unknown waterway,51.267088,3.833169,m_osm_586437648,'t Sas,port
no_match,4492.4,quay,Ligplaats Dodewaard - De Bijer,Waal,51.901055,5.668745,m_osm_13277793812,Jachthaven van Druten,port
no_match,4492.4,quay,4310,Unknown waterway,51.47101,3.713167,m_osm_1314819628,Jachthaven Oranjeplaat,port
no_match,4493.0,quay,1001,Belgium waterway,51.231207,4.328736,m_osm_19627721,Jachthaven Linkeroever,port
no_match,4493.1,quay,,Netherlands waterway,52.569564,5.519659,m_osm_7319133436,Flevo Marina,fuel
no_match,4493.8,quay,,Maas,51.06007,5.813569,m_osm_1415313145,Jachthaven Heerenlaak (Marec),port
no_match,4494.3,quay,Liegestelle Himmelgeist,Rhine,51.170273,6.800505,m_osm_150894377,Düsseldorfer Segler-Verein e.V. Seit 1920,port
no_match,4497.5,quay,Braakmanhaven Steiger 3 OTT,Unknown waterway,51.347214,3.762532,m_osm_5452229236,WV Neusen,port
no_match,4498.7,quay,788,Port of Antwerp,51.343048,4.302785,m_osm_837845424,Yacht Club Scaldis,port
no_match,4501.4,quay,4630,Unknown waterway,51.471764,3.719285,m_osm_1314819628,Jachthaven Oranjeplaat,port
no_match,4503.1,quay,Ankerplaats Rhenen,Netherlands waterway,51.952188,5.582056,m_osm_183254169,WSV Vada,port
no_match,4511.1,quay,Sarmingstein,Donau,48.229319,14.943367,m_osm_2150478403,Anlegestelle Camping Krenn,port
no_match,4511.1,quay,Stadt Klingenberg,Main,49.783765,9.17775,m_osm_1846447633,Hafen Erlenbach,port
no_match,4511.9,quay,407,Port of Antwerp,51.260653,4.349094,m_osm_19627721,Jachthaven Linkeroever,port
no_match,4513.7,quay,,Netherlands waterway,51.601166,4.98065,m_osm_6943441829,TWV Tilburg,port
no_match,4514.1,quay,Liegestelle Benrath,Rhine,51.163519,6.848419,m_osm_2104423015,Segel-Kameradschaft Unterbacher See,port
no_match,4514.3,quay,DPT Komarno poloha 3 - ponton DPT-P3,Donau,47.750071,18.142651,m_osm_6602902501,MOL Nyrt.,port
no_match,4519.1,quay,318,Port of Antwerp,51.266981,4.363211,m_osm_19627721,Jachthaven Linkeroever,port
no_match,4520.7,quay,1622,Port of Antwerp,51.276279,4.241175,m_osm_837845424,Yacht Club Scaldis,port
no_match,4529.3,quay,1100,Belgium waterway,51.263374,4.277858,m_osm_837845424,Yacht Club Scaldis,port
no_match,4531.1,quay,Ligplaats kade gronddepot Aduard,Netherlands waterway,53.260816,6.448257,m_osm_93141251,Jachthaven Briltil,port
no_match,4532.6,quay,BES,Belgium waterway,51.344135,4.285604,m_osm_837845424,Yacht Club Scaldis,port
no_match,4533.8,quay,Tuttendörfl,Donau,48.321408,16.337834,m_osm_11269980,Kuchelauer Hafen,port
no_match,4541.2,quay,Braakmanhaven Steiger 1 OTT,Unknown waterway,51.345288,3.760766,m_osm_5452229236,WV Neusen,port
no_match,4543.9,quay,Braakmanhaven Steiger 6 OTT,Unknown waterway,51.348893,3.762585,m_osm_12912396611,Jachthaven Terneuzen,port
no_match,4546.7,quay,,Maas,51.059525,5.814968,m_osm_1415313145,Jachthaven Heerenlaak (Marec),port
no_match,4547.2,quay,Ligplaats BJ02 haven Oss,Maas,51.780611,5.542526,m_osm_183214434,WSV 'De Gouden Ham',port
no_match,4547.4,quay,334,Port of Antwerp,51.26863,4.36785,m_osm_19627721,Jachthaven Linkeroever,port
no_match,4548.9,quay,OSOBNE PRISTAVISKO SVP DEVIN,Donau,48.170981,16.98036,m_osm_1353442969,Interessensgruppe Motorbootfahrer Johlerarm,port
no_match,4551.7,quay,Ligplaats 1 Doornenburg,Waal,51.888534,6.024826,m_osm_4115799091,W.S.V. Loowaard Jachthaven,port
no_match,4553.2,quay,,Albertkanaal,51.239906,4.480181,m_osm_4322795,Kempisch dok,port
no_match,4555.0,quay,Liegestelle Fankel,Mosel,50.129397,7.227105,m_osm_276530161,Hafen Cochem - Cond,port
no_match,4556.1,quay,491,Port of Antwerp,51.270886,4.32931,m_osm_837845424,Yacht Club Scaldis,port
no_match,4561.7,quay,234,Port of Antwerp,51.263233,4.352813,m_osm_19627721,Jachthaven Linkeroever,port
no_match,4563.3,quay,5013,Unknown waterway,51.266821,3.836295,m_osm_586437648,'t Sas,port
no_match,4563.8,quay,Liegestelle Saarbrücken - Schanzenbergbrücke,Saar,49.234328,6.959489,m_osm_567360463,Charterhafen Saarbrücken-Arnual,port
no_match,4567.0,quay,Thebener Straßl,Donau,48.16524,16.986318,m_osm_1353442969,Interessensgruppe Motorbootfahrer Johlerarm,port
no_match,4567.0,quay,S867,Belgium waterway,51.343048,4.272111,m_osm_837845424,Yacht Club Scaldis,port
no_match,4568.2,quay,Liegestelle,Saar,49.323104,6.746282,m_osm_634729651,Sportboothafen Dillingen,port
no_match,4571.1,quay,Ligplaats loswal Dekker Elst,Netherlands waterway,51.98143,5.494713,m_osm_183253990,Jachthaven Eiland van Maurik,port
no_match,4575.0,quay,Braakmanhaven Steiger 4 OTT,Unknown waterway,51.347707,3.761643,m_osm_5452229236,WV Neusen,port
no_match,4576.2,quay,Wachtpalen,Unknown waterway,51.470206,3.712777,m_osm_1314819628,Jachthaven Oranjeplaat,port
no_match,4578.6,quay,Ligplaats BJ01 haven Oss,Maas,51.780339,5.541862,m_osm_183214434,WSV 'De Gouden Ham',port
no_match,4583.5,quay,Liegestelle,Saar,49.478318,6.596143,m_osm_142370599,Yachthafen Merzig,port
no_match,4583.9,quay,493A,Port of Antwerp,51.272856,4.333726,m_osm_837845424,Yacht Club Scaldis,port
no_match,4584.2,quay,OSOBNE PRISTAVISKO SPAP DEVIN,Donau,48.170683,16.981309,m_osm_1353442969,Interessensgruppe Motorbootfahrer Johlerarm,port
no_match,4584.3,quay,493,Port of Antwerp,51.271678,4.331556,m_osm_837845424,Yacht Club Scaldis,port
no_match,4585.3,quay,Ligplaats BJ03 haven Oss,Maas,51.780261,5.543379,m_osm_183214434,WSV 'De Gouden Ham',port
no_match,4585.6,quay,500,Port of Antwerp,51.282663,4.346499,m_osm_837845424,Yacht Club Scaldis,port
no_match,4586.8,quay,730,Port of Antwerp,51.327009,4.34371,m_osm_837845424,Yacht Club Scaldis,port
no_match,4593.0,quay,DPT Komarno poloha 4 - ponton DPT-P4,Donau,47.750184,18.141603,m_osm_6602902501,MOL Nyrt.,port
no_match,4594.1,quay,Westhof Oost,Unknown waterway,51.470679,3.717878,m_osm_1314819628,Jachthaven Oranjeplaat,port
no_match,4594.6,quay,,Albertkanaal,51.240612,4.480612,m_osm_4322795,Kempisch dok,port
no_match,4597.8,quay,,Albertkanaal,50.966701,5.284842,m_osm_317822393,Royal Hasselt Yachting Club,port
no_match,4599.7,quay,Braakmanhaven Steiger 2 OTT,Unknown waterway,51.345079,3.759774,m_osm_5452229236,WV Neusen,port
no_match,4602.0,quay,4640,Unknown waterway,51.470587,3.717747,m_osm_1314819628,Jachthaven Oranjeplaat,port
no_match,4603.6,quay,Blue Gate Antwerp,Belgium waterway,51.198894,4.350681,m_osm_625248475,Jachthaven Linkeroever,port
no_match,4604.5,quay,734,Port of Antwerp,51.3288,4.341921,m_osm_837845424,Yacht Club Scaldis,port
no_match,4605.6,quay,Braakmanhaven ZCT,Unknown waterway,51.340041,3.757689,m_osm_5452229236,WV Neusen,port
no_match,4608.7,quay,1101,Port of Antwerp,51.263109,4.274307,m_osm_837845424,Yacht Club Scaldis,port
no_match,4608.7,quay,,Donau,48.170381,16.982064,m_osm_1353442969,Interessensgruppe Motorbootfahrer Johlerarm,port
no_match,4608.9,quay,673,Port of Antwerp,51.34489,4.290571,m_osm_837845424,Yacht Club Scaldis,port
no_match,4611.5,pontoon,,Moselle,48.645161,5.935306,m225,Halte Fluviale de Toul,halte
no_match,4611.9,quay,Wachtpalen Sluis Wintam RO kmp 67.0,Belgium waterway,51.122777,4.296509,m_osm_2382615930,De Ponton,port
no_match,4613.9,quay,Ligplaats Antwerpen RO kmp 0.8,Belgium waterway,51.198744,4.350736,m_osm_625248475,Jachthaven Linkeroever,port
no_match,4620.8,quay,1634,Port of Antwerp,51.281612,4.232998,m_osm_837845424,Yacht Club Scaldis,port
no_match,4621.1,quay,Ligplaats Rijksbinnenhaven 2 UNA Velsen-Noord,Netherlands waterway,52.469015,4.627733,m_osm_106684570,Marina Seaport IJmuiden,port
no_match,4621.3,quay,Ligplaats Delden - For Farmers 1,Netherlands waterway,52.252168,6.694562,m_osm_170673593,Twentse Watersport Vereniging,port
no_match,4621.6,quay,515,Belgium waterway,51.295906,3.235953,m_osm_462344084,Brugse Zeil- en Yachtclub,port
no_match,4627.6,quay,Toegangsgeul Kallosluis Zuid,Belgium waterway,51.261833,4.28864,m_osm_837845424,Yacht Club Scaldis,port
no_match,4628.1,quay,91,Unknown waterway,51.340134,3.757386,m_osm_5452229236,WV Neusen,port
no_match,4630.0,quay,1666,Port of Antwerp,51.284548,4.230205,m_osm_837845424,Yacht Club Scaldis,port
no_match,4631.6,quay,,Kanaal Dessel-Turnhout-Schoten,51.268344,5.153267,m_osm_1305739099,Zilvermeerhaven,port
no_match,4632.8,quay,1660,Port of Antwerp,51.285824,4.229164,m_osm_837845424,Yacht Club Scaldis,port
no_match,4635.4,quay,Havarieabsetzplatz,Donau,48.318363,14.080161,m_osm_2150298954,Anlegestelle Brandstatt,port
no_match,4638.4,quay,Noordzijde 6,Unknown waterway,51.465871,4.007638,m_osm_646483537,Willem-Alexanderhaven,port
no_match,4639.3,quay,CNR,Belgium waterway,51.124629,4.296473,m_osm_2382615930,De Ponton,port
no_match,4643.5,quay,1664,Port of Antwerp,51.284699,4.229865,m_osm_837845424,Yacht Club Scaldis,port
no_match,4646.3,quay,316,Port of Antwerp,51.267726,4.361555,m_osm_19627721,Jachthaven Linkeroever,port
no_match,4646.5,quay,732,Port of Antwerp,51.328248,4.343346,m_osm_837845424,Yacht Club Scaldis,port
no_match,4647.1,quay,521,Belgium waterway,51.297512,3.240476,m_osm_462344084,Brugse Zeil- en Yachtclub,port
no_match,4649.1,quay,Ligplaats Kruibeke LO kmp 67.3 (Steiger Tolerant),Belgium waterway,51.124819,4.296564,m_osm_2382615930,De Ponton,port
no_match,4653.9,quay,409,Port of Antwerp,51.261614,4.347748,m_osm_19627721,Jachthaven Linkeroever,port
no_match,4663.0,quay,489,Port of Antwerp,51.270888,4.3318,m_osm_837845424,Yacht Club Scaldis,port
no_match,4663.3,quay,PRISTAVISKO SVP GABCIKOVO 2,Dunajský Kanál,47.875202,17.541283,m_osm_8152536946,Vizitúra stég,port
no_match,4666.0,quay,DPT Komarno poloha 5 - ponton DPT-P5,Donau,47.750295,18.140635,m_osm_6602902501,MOL Nyrt.,port
no_match,4670.0,quay,,Albertkanaal,51.176467,4.791505,m_osm_36273295,Jachthaven Herentals,port
no_match,4672.6,quay,485,Port of Antwerp,51.269757,4.329699,m_osm_837845424,Yacht Club Scaldis,port
no_match,4679.5,quay,,Netherlands waterway,51.971839,4.640133,m_osm_1059267610,WSV Buurman,port
no_match,4679.9,quay,790,Port of Antwerp,51.344765,4.302352,m_osm_837845424,Yacht Club Scaldis,port
no_match,4682.1,quay,S869,Belgium waterway,51.344073,4.27183,m_osm_837845424,Yacht Club Scaldis,port
no_match,4685.8,quay,,Kanaal Bocholt-Herentals,51.233525,5.433017,m_osm_47429625,Jachthaven De Meerpaal,port
no_match,4687.8,pontoon,,Belgium waterway,51.161964,3.853293,m_osm_8087252421,VVW Mendonk,port
no_match,4688.3,quay,,Belgium waterway,51.061852,4.431391,m_osm_528530237,Dok 3,port
no_match,4688.9,quay,336,Port of Antwerp,51.269525,4.366032,m_osm_19627721,Jachthaven Linkeroever,port
no_match,4691.1,quay,1103,Port of Antwerp,51.2626,4.272661,m_osm_837845424,Yacht Club Scaldis,port
no_match,4694.6,quay,"Fahrgastlände Sarmingstein, Land Oberösterreich",Donau,48.23046,14.941501,m_osm_2150478403,Anlegestelle Camping Krenn,port
no_match,4696.2,quay,Ligplaats Rijksbinnenhaven 2 Kade Velsen-Noord,Netherlands waterway,52.467756,4.629344,m_osm_106684570,Marina Seaport IJmuiden,port
no_match,4706.1,quay,,Main,49.805269,9.616079,m_osm_1690320157,WSV-Bettingen e.V.,port
no_match,4706.2,quay,,Ringvaart om Gent,51.092626,3.681728,m_osm_241795954,Jachthaven Langerbrugge,port
no_match,4709.0,quay,487,Port of Antwerp,51.270457,4.331999,m_osm_837845424,Yacht Club Scaldis,port
no_match,4711.9,quay,Ligplaats Rijksbinnenhaven 2 Kop Velsen-Noord,Netherlands waterway,52.466497,4.629984,m_osm_106684570,Marina Seaport IJmuiden,port
no_match,4715.5,quay,,Netherlands waterway,51.513171,5.581634,m_osm_1395865546,Passantenhaven,port
no_match,4716.9,quay,236,Port of Antwerp,51.264269,4.351309,m_osm_19627721,Jachthaven Linkeroever,port
no_match,4717.1,quay,Pristav Komarno - HTD 37,Donau,47.7504,18.139968,m_osm_6602902501,MOL Nyrt.,port
no_match,4718.1,quay,,Netherlands waterway,52.625013,5.89697,m_osm_4122869353,WV Kraggenburg,port
no_match,4728.6,quay,Noordzijde 2,Unknown waterway,51.464481,4.008142,m_osm_646483537,Willem-Alexanderhaven,port
no_match,4728.7,quay,Liegeplatz,Mosel,49.874522,6.946942,m_osm_234106062,Yachthafen Neumagen-Dhron,port
no_match,4731.3,quay,,Kanaal Gent-Oostende,51.159163,3.262609,m_osm_319622162,Flandria,port
no_match,4733.8,quay,1105,Port of Antwerp,51.262453,4.271174,m_osm_837845424,Yacht Club Scaldis,port
no_match,4736.2,quay,DPT Komarno poloha 6 - odstavna poloha,Donau,47.750408,18.139706,m_osm_6602902501,MOL Nyrt.,port
no_match,4737.8,quay,Liegeplatz Lehmen Unterwasser,Mosel,50.279369,7.45767,m_osm_1888010194,Yacht-Club Löf,port
no_match,4738.4,quay,Sagro,Unknown waterway,51.469186,3.716739,m_osm_1314819628,Jachthaven Oranjeplaat,port
no_match,4739.1,quay,Schechtner Hannes,Donau,48.322332,16.332548,m_osm_11269980,Kuchelauer Hafen,port
no_match,4741.6,quay,498,Port of Antwerp,51.28212,4.348589,m_osm_837845424,Yacht Club Scaldis,port
no_match,4742.0,quay,,Boven-Zeeschelde,51.056214,4.200638,m_osm_5455037953,Yacht Club Driegoten,port
no_match,4745.2,quay,Noordzijde 1,Unknown waterway,51.465933,4.005322,m_osm_646483537,Willem-Alexanderhaven,port
no_match,4745.3,quay,1624,Port of Antwerp,51.275955,4.237346,m_osm_837845424,Yacht Club Scaldis,port
no_match,4747.5,quay,,Maas,51.05786,5.812209,m_osm_1415313145,Jachthaven Heerenlaak (Marec),port
no_match,4749.7,quay,,Zeekanaal Brussel-Schelde,51.101907,4.310731,m_osm_111869545,yachtclub Volante,port
no_match,4751.7,quay,,Ringvaart om Gent,51.084139,3.658802,m_osm_2499723378,Leiesnelvaarders,port
no_match,4756.6,quay,1662,Port of Antwerp,51.284808,4.227966,m_osm_837845424,Yacht Club Scaldis,port
no_match,4760.6,quay,Ligplaats Rijksbinnenhaven 3 Korte kade Velsen-Noord,Netherlands waterway,52.46637,4.630751,m_osm_106684570,Marina Seaport IJmuiden,port
no_match,4766.3,quay,,Rupel,51.113986,4.547087,m_osm_98241745,Jachthaven VVW Emblem,port
no_match,4772.7,quay,ZAS,Belgium waterway,51.346316,4.286145,m_osm_837845424,Yacht Club Scaldis,port
no_match,4773.1,quay,Liegestelle Köln-Mühlheim,Rhine,50.96553,6.998447,m_osm_704629786,Deutz,port
no_match,4775.6,quay,,Waal,51.893717,5.672987,m_osm_13277793812,Jachthaven van Druten,port
no_match,4775.9,quay,,Ringvaart om Gent,51.091917,3.681185,m_osm_241795954,Jachthaven Langerbrugge,port
no_match,4786.0,quay,Wartelände Freudenau Unterwasser,Donau,48.163516,16.499631,m_osm_1502802694,Franz vom Schiff (Scheriau),port
no_match,4788.9,quay,314,Port of Antwerp,51.268556,4.359713,m_osm_19627721,Jachthaven Linkeroever,port
no_match,4800.5,quay,,Kanaal Bossuit-Kortrijk,50.822019,3.347545,m_osm_1280257416,Kuurne,port
no_match,4801.3,quay,411,Port of Antwerp,51.262582,4.346302,m_osm_19627721,Jachthaven Linkeroever,port
no_match,4806.2,quay,483,Port of Antwerp,51.269365,4.332044,m_osm_837845424,Yacht Club Scaldis,port
no_match,4808.1,quay,,Albertkanaal,51.240162,4.483822,m_osm_4322795,Kempisch dok,port
no_match,4808.8,quay,1632,Port of Antwerp,51.280189,4.231235,m_osm_837845424,Yacht Club Scaldis,port
no_match,4809.0,quay,EHG,Donau,48.232329,14.514674,m_osm_2150418671,Steganlage - Campingplatz in Au an der Donau,port
no_match,4809.7,quay,,Netherlands waterway,52.462899,4.63223,m_osm_106684570,Marina Seaport IJmuiden,port
no_match,4813.5,quay,,Canalul Dunăre-Marea Neagră,44.10016,28.609854,m_osm_304291124,Marina Eforie,port
no_match,4817.9,quay,90,Unknown waterway,51.342859,3.755523,m_osm_5452229236,WV Neusen,port
no_match,4818.6,quay,Pristav Komarno - HTD 36,Donau,47.750751,18.138706,m_osm_6602902501,MOL Nyrt.,port
no_match,4822.1,quay,Odstavna poloha - lavy breh,Donau,47.750623,18.138603,m_osm_6602902501,MOL Nyrt.,port
no_match,4823.9,quay,,Zeekanaal Brussel-Schelde,51.110734,4.299159,m_osm_2382615930,De Ponton,port
no_match,4829.4,quay,1626,Port of Antwerp,51.276859,4.234623,m_osm_837845424,Yacht Club Scaldis,port
no_match,4829.6,quay,338,Port of Antwerp,51.270407,4.364241,m_osm_19627721,Jachthaven Linkeroever,port
no_match,4830.3,quay,4646,Unknown waterway,51.468346,3.716777,m_osm_1314819628,Jachthaven Oranjeplaat,port
no_match,4833.3,quay,701,Port of Antwerp,51.346905,4.290877,m_osm_837845424,Yacht Club Scaldis,port
no_match,4834.5,quay,,Belgium waterway,51.059323,4.43223,m_osm_528530237,Dok 3,port
no_match,4835.8,quay,Mauthausen,Donau,48.239653,14.516627,m_osm_2150418671,Steganlage - Campingplatz in Au an der Donau,port
no_match,4840.1,quay,1107,Port of Antwerp,51.262314,4.266769,m_osm_837845424,Yacht Club Scaldis,port
no_match,4843.3,quay,Ligplaats Rijksbinnenhaven 3 Kade Noord Velsen-Noord,Netherlands waterway,52.469579,4.630884,m_osm_106684570,Marina Seaport IJmuiden,port
no_match,4844.0,quay,479,Port of Antwerp,51.268164,4.330395,m_osm_837845424,Yacht Club Scaldis,port
no_match,4845.3,quay,V,Donau,47.792043,19.108558,m_osm_3441705659,Tahitótfalu kikötő,port
no_match,4847.6,quay,481,Port of Antwerp,51.26898,4.332223,m_osm_837845424,Yacht Club Scaldis,port
no_match,4851.6,quay,Kanaal Palen Sluiskil,Unknown waterway,51.276699,3.838345,m_osm_12407056733,Zeeland Bunkering BV,fuel
no_match,4865.4,quay,Vopak 4,Unknown waterway,51.467848,3.715364,m_osm_1314819628,Jachthaven Oranjeplaat,port
no_match,4870.8,quay,238,Port of Antwerp,51.265296,4.349819,m_osm_19627721,Jachthaven Linkeroever,port
no_match,4871.0,quay,,Netherlands waterway,52.46559,4.632609,m_osm_106684570,Marina Seaport IJmuiden,port
no_match,4872.6,quay,,Netherlands waterway,52.467715,4.632017,m_osm_106684570,Marina Seaport IJmuiden,port
no_match,4872.6,quay,496,Port of Antwerp,51.282101,4.350739,m_osm_837845424,Yacht Club Scaldis,port
no_match,4873.1,quay,516,Belgium waterway,51.293879,3.237586,m_osm_462344084,Brugse Zeil- en Yachtclub,port
no_match,4874.3,quay,Liegestelle Micklener Ort,Rhine,51.159463,6.797064,m_osm_150894377,Düsseldorfer Segler-Verein e.V. Seit 1920,port
no_match,4884.2,quay,Ligplaats dienstensteiger RWS Gaarkeuken,Netherlands waterway,53.24872,6.313937,m_osm_93141251,Jachthaven Briltil,port
no_match,4884.9,quay,520,Belgium waterway,51.295521,3.241904,m_osm_462344084,Brugse Zeil- en Yachtclub,port
no_match,4885.0,quay,Duna,Donau,47.79222,19.109235,m_osm_3441705659,Tahitótfalu kikötő,port
no_match,4886.2,quay,1672,Port of Antwerp,51.28373,4.226738,m_osm_837845424,Yacht Club Scaldis,port
no_match,4888.3,quay,Noordzijde 3,Unknown waterway,51.464085,4.005421,m_osm_646483537,Willem-Alexanderhaven,port
no_match,4891.6,quay,,Ringvaart om Gent,51.085142,3.663514,m_osm_2499723378,Leiesnelvaarders,port
no_match,4894.2,quay,Vopak 3,Unknown waterway,51.467569,3.715236,m_osm_1314819628,Jachthaven Oranjeplaat,port
no_match,4897.0,quay,1668,Port of Antwerp,51.282458,4.227626,m_osm_837845424,Yacht Club Scaldis,port
no_match,4897.9,quay,447bis,Belgium waterway,51.263091,4.317766,m_osm_837845424,Yacht Club Scaldis,port
no_match,4900.2,quay,Jägerhauslände,Donau,48.345098,16.303855,m_osm_288436725,Alter Hafen,port
no_match,4904.2,quay,Quarlespalen C,Unknown waterway,51.466739,3.702916,m_osm_1314819628,Jachthaven Oranjeplaat,port
no_match,4909.2,quay,1109,Port of Antwerp,51.262311,4.263904,m_osm_837845424,Yacht Club Scaldis,port
no_match,4910.3,quay,,Canalul Dunăre-Marea Neagră,44.101207,28.609889,m_osm_304291124,Marina Eforie,port
no_match,4910.6,quay,1670,Port of Antwerp,51.282628,4.227257,m_osm_837845424,Yacht Club Scaldis,port
no_match,4918.3,quay,Pristav Komarno - HTD 35,Donau,47.751014,18.137431,m_osm_6602902501,MOL Nyrt.,port
no_match,4921.1,quay,1628,Port of Antwerp,51.277764,4.231905,m_osm_837845424,Yacht Club Scaldis,port
no_match,4921.6,quay,413,Port of Antwerp,51.263383,4.345138,m_osm_19627721,Jachthaven Linkeroever,port
no_match,4923.0,quay,Odstavna poloha - lavy breh,Donau,47.750957,18.137341,m_osm_6602902501,MOL Nyrt.,port
no_match,4925.5,quay,1199,Port of Antwerp,51.266753,4.249865,m_osm_837845424,Yacht Club Scaldis,port
no_match,4931.1,quay,1630,Port of Antwerp,51.278954,4.230422,m_osm_837845424,Yacht Club Scaldis,port
no_match,4937.3,quay,517,Belgium waterway,51.293694,3.238868,m_osm_462344084,Brugse Zeil- en Yachtclub,port
no_match,4940.6,quay,Hollenburg,Donau,48.384657,15.691985,m_osm_738437385,Segelboot Club Krems,port
no_match,4944.3,quay,Duna,Donau,47.793467,19.107111,m_osm_3441705659,Tahitótfalu kikötő,port
no_match,4944.9,quay,,Zuid-Willemsvaart,50.899128,5.678513,m_osm_4720042858,Bassin,port
no_match,4946.1,quay,477,Port of Antwerp,51.267953,4.332408,m_osm_837845424,Yacht Club Scaldis,port
no_match,4946.3,quay,312,Port of Antwerp,51.269465,4.357693,m_osm_19627721,Jachthaven Linkeroever,port
no_match,4946.9,quay,518,Belgium waterway,51.294128,3.240213,m_osm_462344084,Brugse Zeil- en Yachtclub,port
no_match,4954.2,pontoon,Port de Wambrechies,Canal Dunkerque–Escaut,50.687848,3.053843,m131,Lille – Port de Plaisance,port
no_match,4955.5,quay,,Belgium waterway,51.206969,5.233805,m_osm_1305739099,Zilvermeerhaven,port
no_match,4955.8,quay,1359,Port of Antwerp,51.283222,4.226028,m_osm_837845424,Yacht Club Scaldis,port
no_match,4959.3,quay,519,Belgium waterway,51.294539,3.241519,m_osm_462344084,Brugse Zeil- en Yachtclub,port
no_match,4962.2,quay,Ligplaats Rijksbinnenhaven 3 All Weatherterminal Velsen-Noord,Netherlands waterway,52.469716,4.632636,m_osm_106684570,Marina Seaport IJmuiden,port
no_match,4968.9,quay,,Netherlands waterway,51.972609,4.644593,m_osm_1059267610,WSV Buurman,port
no_match,4973.6,quay,340,Port of Antwerp,51.271303,4.362421,m_osm_19627721,Jachthaven Linkeroever,port
no_match,4976.4,quay,1197,Port of Antwerp,51.265252,4.252245,m_osm_837845424,Yacht Club Scaldis,port
no_match,4982.3,quay,EVN Theiss,Donau,48.388808,15.696798,m_osm_2151635510,Marina Traismauer,port
no_match,4985.3,quay,5221,Unknown waterway,51.271278,3.835761,m_osm_586437648,'t Sas,port
no_match,4985.5,quay,1111,Port of Antwerp,51.262307,4.261039,m_osm_837845424,Yacht Club Scaldis,port
no_match,4988.3,quay,473F,Port of Antwerp,51.2667,4.330685,m_osm_837845424,Yacht Club Scaldis,port
no_match,4989.3,quay,SS-SRK,Unknown waterway,51.406841,3.641174,m_osm_405177913,Jachthaven Breskens,port
no_match,4990.0,pontoon,,Oise,49.385531,2.777993,m161,Port de Plaisance de Compiègne,port
no_match,4994.0,quay,,Leie,50.801478,3.1893,m_osm_114555530,Port de plaisance d'Halluin,port
no_match,4996.3,quay,PRISTAVISKO SVP GABCIKOVO 1,Dunajský Kanál,47.874682,17.551742,m_osm_8152536946,Vizitúra stég,port
no_match,5000.1,quay,Quarlespalen B,Unknown waterway,51.465886,3.700655,m_osm_1314819628,Jachthaven Oranjeplaat,port
no_match,5003.8,quay,,Zuid-Willemsvaart,50.899835,5.679977,m_osm_4720042858,Bassin,port
no_match,5004.8,quay,494,Port of Antwerp,51.282084,4.352891,m_osm_837845424,Yacht Club Scaldis,port
no_match,5012.5,quay,1357,Port of Antwerp,51.282981,4.225309,m_osm_837845424,Yacht Club Scaldis,port
no_match,5012.9,quay,Pristav Komarno - HTD 34,Donau,47.75129,18.136233,m_osm_6602902501,MOL Nyrt.,port
no_match,5013.9,quay,,Boven-Zeeschelde,51.052604,4.197154,m_osm_5455037953,Yacht Club Driegoten,port
no_match,5014.3,quay,415,Port of Antwerp,51.264,4.344242,m_osm_19627721,Jachthaven Linkeroever,port
no_match,5016.1,quay,703,Port of Antwerp,51.348531,4.292013,m_osm_837845424,Yacht Club Scaldis,port
no_match,5017.8,quay,Noordzijde 4,Unknown waterway,51.462371,4.005668,m_osm_646483537,Willem-Alexanderhaven,port
no_match,5018.3,quay,1201,Port of Antwerp,51.267065,4.246841,m_osm_837845424,Yacht Club Scaldis,port
no_match,5018.9,quay,473E,Port of Antwerp,51.266152,4.33019,m_osm_837845424,Yacht Club Scaldis,port
no_match,5018.9,quay,447,Port of Antwerp,51.259308,4.337162,m_osm_19627721,Jachthaven Linkeroever,port
no_match,5025.0,quay,Bp Belgium - steiger RO kmp 0.2,Belgium waterway,51.197382,4.344306,m_osm_625248475,Jachthaven Linkeroever,port
no_match,5025.1,quay,240,Port of Antwerp,51.266301,4.348277,m_osm_19627721,Jachthaven Linkeroever,port
no_match,5025.9,quay,Pristav Komarno - poloha 9,Donau,47.751291,18.136052,m_osm_6602902501,MOL Nyrt.,port
no_match,5030.5,quay,445,Port of Antwerp,51.259854,4.33766,m_osm_19627721,Jachthaven Linkeroever,port
no_match,5031.9,quay,,Zeekanaal Brussel-Schelde,51.110427,4.302098,m_osm_2382615930,De Ponton,port
no_match,5034.6,quay,,Belgium waterway,51.184044,5.155642,m_osm_1305739099,Zilvermeerhaven,port
no_match,5037.6,quay,,Kanaal Bossuit-Kortrijk,50.819425,3.348605,m_osm_1280257416,Kuurne,port
no_match,5043.5,quay,SC MOTOR TRANS - DANA CEREALE,Donau,44.144119,27.305659,m_osm_14002131032,Administrația Portuară Călărași,port
no_match,5044.7,quay,Private Berth,Donau,43.88576,25.970461,m_osm_508231317,Yacht Club Port Rousse,port
no_match,5045.1,quay,475,Port of Antwerp,51.266683,4.332054,m_osm_837845424,Yacht Club Scaldis,port
no_match,5047.3,pontoon,,Oise,49.385139,2.777468,m161,Port de Plaisance de Compiègne,port
no_match,5058.5,quay,,Albertkanaal,51.240113,4.487463,m_osm_4322795,Kempisch dok,port
no_match,5058.9,quay,473D,Port of Antwerp,51.265465,4.329585,m_osm_837845424,Yacht Club Scaldis,port
no_match,5060.5,pontoon,,Donau,44.144155,27.304781,m_osm_14002131032,Administrația Portuară Călărași,port
no_match,5063.4,quay,252,Port of Antwerp,51.272179,4.342472,m_osm_837845424,Yacht Club Scaldis,port
no_match,5066.3,quay,1355,Port of Antwerp,51.282717,4.224656,m_osm_837845424,Yacht Club Scaldis,port
no_match,5068.6,quay,SC MOTOR TRANS - DANA CEREALE,Donau,44.144044,27.304936,m_osm_14002131032,Administrația Portuară Călărași,port
no_match,5070.9,quay,400,Port of Antwerp,51.27853,4.350617,m_osm_837845424,Yacht Club Scaldis,port
no_match,5073.4,quay,254,Port of Antwerp,51.272886,4.343711,m_osm_837845424,Yacht Club Scaldis,port
no_match,5076.5,quay,443,Port of Antwerp,51.260663,4.337885,m_osm_19627721,Jachthaven Linkeroever,port
no_match,5076.8,quay,Liegemöglichkeit Remagen,Rhine,50.578587,7.242265,m_osm_353831968,Yachthafen Oberwinter,port
no_match,5081.7,quay,449,Port of Antwerp,51.25938,4.336098,m_osm_19627721,Jachthaven Linkeroever,port
no_match,5085.9,quay,256,Port of Antwerp,51.273594,4.344949,m_osm_837845424,Yacht Club Scaldis,port
no_match,5087.7,quay,,Kanaal Bocholt-Herentals,51.242576,5.240688,m_osm_1305739099,Zilvermeerhaven,port
no_match,5088.4,quay,473C,Port of Antwerp,51.264956,4.32911,m_osm_837845424,Yacht Club Scaldis,port
no_match,5096.5,quay,Quarlespalen A,Unknown waterway,51.465067,3.698557,m_osm_1314819628,Jachthaven Oranjeplaat,port
no_match,5099.4,quay,1243,Port of Antwerp,51.269878,4.23958,m_osm_837845424,Yacht Club Scaldis,port
no_match,5102.3,quay,Pristav Komarno - HTD 33,Donau,47.75166,18.135147,m_osm_6602902501,MOL Nyrt.,port
no_match,5102.5,quay,1245,Port of Antwerp,51.270582,4.238333,m_osm_837845424,Yacht Club Scaldis,port
no_match,5103.8,quay,Vopak 1,Unknown waterway,51.465663,3.715325,m_osm_1314819628,Jachthaven Oranjeplaat,port
no_match,5104.6,quay,1,Unknown waterway,51.465748,3.716125,m_osm_1314819628,Jachthaven Oranjeplaat,port
no_match,5105.7,quay,DOLNA REJDA PRAVEJ KOMORY GABCIKOVO,Dunajský Kanál,47.87873,17.544036,m_osm_8152536946,Vizitúra stég,port
no_match,5106.8,quay,Vopak 2,Unknown waterway,51.465357,3.71252,m_osm_1314819628,Jachthaven Oranjeplaat,port
no_match,5106.9,quay,310,Port of Antwerp,51.270387,4.355645,m_osm_19627721,Jachthaven Linkeroever,port
no_match,5110.4,quay,1113,Port of Antwerp,51.261482,4.259578,m_osm_837845424,Yacht Club Scaldis,port
no_match,5111.7,quay,250,Port of Antwerp,51.271349,4.34216,m_osm_837845424,Yacht Club Scaldis,port
no_match,5115.5,quay,,Zuid-Willemsvaart,50.901022,5.68171,m_osm_4720042858,Bassin,port
no_match,5115.8,quay,Pristav Komarno - poloha 10,Donau,47.751559,18.134916,m_osm_6602902501,MOL Nyrt.,port
no_match,5116.8,quay,342,Port of Antwerp,51.272188,4.360624,m_osm_19627721,Jachthaven Linkeroever,port
no_match,5116.9,quay,306E,Port of Antwerp,51.27081,4.356512,m_osm_19627721,Jachthaven Linkeroever,port
no_match,5117.4,quay,"Fahrgastlände Mauthausen, Land Oberösterreich",Donau,48.241049,14.513297,m_osm_2150418671,Steganlage - Campingplatz in Au an der Donau,port
no_match,5121.8,pontoon,,Unknown waterway,51.461172,4.005594,m_osm_646483537,Willem-Alexanderhaven,port
no_match,5125.2,quay,473B,Port of Antwerp,51.26436,4.328595,m_osm_837845424,Yacht Club Scaldis,port
no_match,5129.3,quay,1071,Belgium waterway,51.257555,4.297011,m_osm_837845424,Yacht Club Scaldis,port
no_match,5131.1,quay,441,Port of Antwerp,51.261092,4.33744,m_osm_19627721,Jachthaven Linkeroever,port
no_match,5133.3,quay,1195,Port of Antwerp,51.263387,4.252857,m_osm_837845424,Yacht Club Scaldis,port
no_match,5135.3,quay,Noordzijde 5,Unknown waterway,51.460161,4.007247,m_osm_646483537,Willem-Alexanderhaven,port
no_match,5136.4,pontoon,,Oise,49.384394,2.776836,m161,Port de Plaisance de Compiègne,port
no_match,5137.9,quay,492,Port of Antwerp,51.282063,4.35504,m_osm_837845424,Yacht Club Scaldis,port
no_match,5138.2,quay,417,Port of Antwerp,51.264825,4.343045,m_osm_19627721,Jachthaven Linkeroever,port
no_match,5142.4,quay,,Belgium waterway,51.05456,4.433814,m_osm_528530237,Dok 3,port
no_match,5145.9,quay,300,Port of Antwerp,51.273977,4.346596,m_osm_837845424,Yacht Club Scaldis,port
no_match,5146.0,quay,Liegestelle Bad Salzig,Rhine,50.199908,7.641884,m_osm_878655670,Sportboothafen Am Hunt,port
no_match,5151.2,quay,423A,Port of Antwerp,51.268159,4.33753,m_osm_837845424,Yacht Club Scaldis,port
no_match,5152.5,quay,1247,Port of Antwerp,51.271298,4.236181,m_osm_837845424,Yacht Club Scaldis,port
no_match,5154.1,quay,423B,Port of Antwerp,51.267488,4.336306,m_osm_837845424,Yacht Club Scaldis,port
no_match,5159.7,quay,2,Unknown waterway,51.464848,3.712173,m_osm_1314819628,Jachthaven Oranjeplaat,port
no_match,5161.1,quay,402,Port of Antwerp,51.279098,4.352728,m_osm_837845424,Yacht Club Scaldis,port
no_match,5162.1,quay,423C,Port of Antwerp,51.266714,4.33493,m_osm_837845424,Yacht Club Scaldis,port
no_match,5162.5,quay,Liegestelle Schwemlingen,Saar,49.478533,6.583151,m_osm_142370599,Yachthafen Merzig,port
no_match,5165.5,quay,,Belgium waterway,51.199063,5.228985,m_osm_1305739099,Zilvermeerhaven,port
no_match,5167.0,quay,705,Port of Antwerp,51.349884,4.292232,m_osm_837845424,Yacht Club Scaldis,port
no_match,5171.1,quay,1115,Port of Antwerp,51.261153,4.258623,m_osm_837845424,Yacht Club Scaldis,port
no_match,5171.2,quay,1117,Port of Antwerp,51.261194,4.258475,m_osm_837845424,Yacht Club Scaldis,port
no_match,5177.3,quay,473A,Port of Antwerp,51.263907,4.32885,m_osm_837845424,Yacht Club Scaldis,port
no_match,5177.5,quay,242,Port of Antwerp,51.267318,4.3468,m_osm_19627721,Jachthaven Linkeroever,port
no_match,5179.8,quay,,Albertkanaal,51.240567,4.489123,m_osm_4322795,Kempisch dok,port
no_match,5179.9,quay,352,Port of Antwerp,51.276922,4.350776,m_osm_837845424,Yacht Club Scaldis,port
no_match,5182.5,quay,439B,Port of Antwerp,51.261319,4.336778,m_osm_19627721,Jachthaven Linkeroever,port
no_match,5186.0,quay,Ligplaats terminal Velsen,Netherlands waterway,52.465477,4.664752,m_osm_106660520,Watersportvereniging IJmond,port
no_match,5189.5,quay,Pristav Komarno - HTD 32,Donau,47.751919,18.134045,m_osm_6602902501,MOL Nyrt.,port
no_match,5195.9,quay,,Ringvaart om Gent,51.088051,3.660993,m_osm_2499723378,Leiesnelvaarders,port
no_match,5198.2,quay,306D,Port of Antwerp,51.271472,4.356005,m_osm_19627721,Jachthaven Linkeroever,port
no_match,5198.2,quay,,Ringvaart om Gent,51.087883,3.664003,m_osm_2499723378,Leiesnelvaarders,port
no_match,5199.7,quay,1203,Port of Antwerp,51.265925,4.244918,m_osm_837845424,Yacht Club Scaldis,port
no_match,5199.8,quay,775,Port of Antwerp,51.349864,4.298614,m_osm_837845424,Yacht Club Scaldis,port
no_match,5202.2,quay,Pristav Komarno - poloha 11,Donau,47.751817,18.133823,m_osm_6602902501,MOL Nyrt.,port
no_match,5202.5,quay,1163,Port of Antwerp,51.262084,4.254576,m_osm_837845424,Yacht Club Scaldis,port
no_match,5204.8,pontoon,,Donau,44.143637,27.301328,m_osm_14002131032,Administrația Portuară Călărași,port
no_match,5205.2,quay,1165,Port of Antwerp,51.262259,4.253971,m_osm_837845424,Yacht Club Scaldis,port
no_match,5205.2,quay,,Zeekanaal Brussel-Schelde,51.118918,4.305484,m_osm_2382615930,De Ponton,port
no_match,5206.6,quay,439,Port of Antwerp,51.261635,4.336756,m_osm_19627721,Jachthaven Linkeroever,port
no_match,5210.4,quay,1129,Port of Antwerp,51.261527,4.256063,m_osm_837845424,Yacht Club Scaldis,port
no_match,5214.3,quay,1249,Port of Antwerp,51.272098,4.233776,m_osm_837845424,Yacht Club Scaldis,port
no_match,5216.9,quay,1127,Port of Antwerp,51.261271,4.256681,m_osm_837845424,Yacht Club Scaldis,port
no_match,5219.1,quay,Ligplaats Abeko Kade Beverwijk,Netherlands waterway,52.467143,4.667447,m_osm_106660520,Watersportvereniging IJmond,port
no_match,5220.8,quay,,Donau,44.143467,27.301391,m_osm_14002131032,Administrația Portuară Călărași,port
no_match,5220.9,quay,451,Port of Antwerp,51.260467,4.334925,m_osm_19627721,Jachthaven Linkeroever,port
no_match,5221.4,quay,248,Port of Antwerp,51.270378,4.342846,m_osm_837845424,Yacht Club Scaldis,port
no_match,5223.9,quay,Mannswörth,Donau,48.161326,16.504649,m_osm_1502802694,Franz vom Schiff (Scheriau),port
no_match,5224.4,quay,Dana cereale - ADM Romania,Donau,43.886969,25.972129,m_osm_508231317,Yacht Club Port Rousse,port
no_match,5226.7,quay,,Maas,51.053641,5.810532,m_osm_1415313145,Jachthaven Heerenlaak (Marec),port
no_match,5228.1,quay,Vzt,Unknown waterway,51.464036,3.695148,m_osm_1314819628,Jachthaven Oranjeplaat,port
no_match,5234.0,quay,DOLNA REJDA LAVEJ KOMORY GABCIKOVO,Dunajský Kanál,47.879522,17.545546,m_osm_8152536946,Vizitúra stég,port
no_match,5234.7,quay,1193,Port of Antwerp,51.26278,4.25162,m_osm_837845424,Yacht Club Scaldis,port
no_match,5236.1,quay,1353,Port of Antwerp,51.281394,4.223005,m_osm_837845424,Yacht Club Scaldis,port
no_match,5236.7,quay,Liegeplatz,Mosel,49.812756,6.849077,m_osm_234106062,Yachthafen Neumagen-Dhron,port
no_match,5238.2,quay,,Zuid-Willemsvaart,50.902315,5.684028,m_osm_4720042858,Bassin,port
no_match,5241.8,quay,1241,Port of Antwerp,51.268521,4.238916,m_osm_837845424,Yacht Club Scaldis,port
no_match,5242.2,quay,439A,Port of Antwerp,51.261802,4.33631,m_osm_19627721,Jachthaven Linkeroever,port
no_match,5249.3,quay,425,Port of Antwerp,51.265661,4.334787,m_osm_837845424,Yacht Club Scaldis,port
no_match,5252.3,quay,773B,Port of Antwerp,51.350429,4.297335,m_osm_837845424,Yacht Club Scaldis,port
no_match,5254.8,quay,308,Port of Antwerp,51.271231,4.353768,m_osm_19627721,Jachthaven Linkeroever,port
no_match,5255.9,quay,344,Port of Antwerp,51.272991,4.358731,m_osm_19627721,Jachthaven Linkeroever,port
no_match,5263.2,quay,,Ringvaart om Gent,51.090357,3.674617,m_osm_241795954,Jachthaven Langerbrugge,port
no_match,5264.1,quay,,Ringvaart om Gent,51.088591,3.662349,m_osm_2499723378,Leiesnelvaarders,port
no_match,5264.3,quay,"Verladeanlage UCT GmbH,Dormagen (Stürzelberg)",Rhine,51.142833,6.801001,m_osm_316247288,YCBL Yachtclub Bayer Leverkusen,port
no_match,5267.4,quay,Liegemöglichkeit Sandweg,Rhine,50.078465,7.767995,m_osm_91263444,Steganlage Wassersportverein Lorch,port
no_match,5271.4,quay,490,Port of Antwerp,51.282046,4.357186,m_osm_837845424,Yacht Club Scaldis,port
no_match,5272.8,quay,471D,Port of Antwerp,51.262879,4.328796,m_osm_837845424,Yacht Club Scaldis,port
no_match,5274.4,quay,Pristav Komarno - HTD 31,Donau,47.752176,18.132973,m_osm_6602902501,MOL Nyrt.,port
no_match,5275.7,quay,Liegeplatz St. Aldegund Unterwasser,Mosel,50.092363,7.135173,m_osm_530788429,Yachthafen Senheim,port
no_match,5277.2,quay,419,Port of Antwerp,51.26575,4.341701,m_osm_19627721,Jachthaven Linkeroever,port
no_match,5277.5,quay,302,Port of Antwerp,51.273588,4.348531,m_osm_837845424,Yacht Club Scaldis,port
no_match,5281.7,quay,1119,Port of Antwerp,51.260114,4.258436,m_osm_837845424,Yacht Club Scaldis,port
no_match,5282.1,quay,,Ringvaart om Gent,51.088655,3.663837,m_osm_2499723378,Leiesnelvaarders,port
no_match,5282.5,quay,Wartelände Abwinden Unterwasser,Donau,48.243191,14.443258,m_osm_117626204,Motoryachtclub Steyregg,port
no_match,5284.3,quay,306F,Port of Antwerp,51.271754,4.35433,m_osm_19627721,Jachthaven Linkeroever,port
no_match,5291.3,quay,,Ringvaart om Gent,51.088627,3.665245,m_osm_2499723378,Leiesnelvaarders,port
no_match,5291.9,quay,437,Port of Antwerp,51.262264,4.336004,m_osm_19627721,Jachthaven Linkeroever,port
no_match,5297.2,quay,471C,Port of Antwerp,51.26275,4.329133,m_osm_837845424,Yacht Club Scaldis,port
no_match,5298.2,quay,Pristav Komarno - poloha 12,Donau,47.752123,18.132618,m_osm_6602902501,MOL Nyrt.,port
no_match,5300.0,quay,471A,Port of Antwerp,51.262439,4.328383,m_osm_837845424,Yacht Club Scaldis,port
no_match,5307.9,quay,1251,Port of Antwerp,51.273307,4.23035,m_osm_837845424,Yacht Club Scaldis,port
no_match,5309.6,quay,404,Port of Antwerp,51.279118,4.355243,m_osm_837845424,Yacht Club Scaldis,port
no_match,5310.0,quay,Ligplaats veevoeders Fa. Fleuren Nijmegen,Unknown waterway,51.805709,5.817156,m_osm_1588276117,Watersportvereniging Maas en Waal,port
no_match,5310.2,quay,3143,Unknown waterway,51.271572,3.84455,m_osm_586437648,'t Sas,port
no_match,5310.4,quay,,Belgium waterway,51.052186,4.434613,m_osm_528530237,Dok 3,port
no_match,5310.6,quay,,Ringvaart om Gent,51.088846,3.664708,m_osm_2499723378,Leiesnelvaarders,port
no_match,5311.4,quay,,Albertkanaal,50.938514,5.413883,m_osm_317822393,Royal Hasselt Yachting Club,port
no_match,5319.3,quay,S901,Port of Antwerp,51.349604,4.269428,m_osm_837845424,Yacht Club Scaldis,port
no_match,5327.1,quay,1191,Port of Antwerp,51.26176,4.251793,m_osm_837845424,Yacht Club Scaldis,port
no_match,5328.2,quay,471B,Port of Antwerp,51.262275,4.328734,m_osm_837845424,Yacht Club Scaldis,port
no_match,5330.5,quay,,Rupel,51.11097,4.539661,m_osm_98241745,Jachthaven VVW Emblem,port
no_match,5331.6,quay,244,Port of Antwerp,51.26835,4.345317,m_osm_19627721,Jachthaven Linkeroever,port
no_match,5335.1,quay,306B,Port of Antwerp,51.273784,4.34984,m_osm_837845424,Yacht Club Scaldis,port
no_match,5339.8,quay,453B,Port of Antwerp,51.261422,4.333964,m_osm_19627721,Jachthaven Linkeroever,port
no_match,5340.7,quay,S901,Belgium waterway,51.349812,4.269482,m_osm_837845424,Yacht Club Scaldis,port
no_match,5343.4,quay,429A,Port of Antwerp,51.26437,4.334258,m_osm_837845424,Yacht Club Scaldis,port
no_match,5345.2,quay,,Ringvaart om Gent,51.089074,3.665729,m_osm_2499723378,Leiesnelvaarders,port
no_match,5347.7,quay,707,Port of Antwerp,51.351521,4.29166,m_osm_837845424,Yacht Club Scaldis,port
no_match,5349.8,quay,1053,Belgium waterway,51.233596,4.316544,m_osm_19627721,Jachthaven Linkeroever,port
no_match,5351.7,quay,453A,Port of Antwerp,51.261288,4.33357,m_osm_19627721,Jachthaven Linkeroever,port
no_match,5352.3,quay,471,Port of Antwerp,51.261778,4.328067,m_osm_837845424,Yacht Club Scaldis,port
no_match,5352.8,quay,246,Port of Antwerp,51.269347,4.34387,m_osm_837845424,Yacht Club Scaldis,port
no_match,5352.8,quay,,Ringvaart om Gent,51.090679,3.672929,m_osm_241795954,Jachthaven Langerbrugge,port
no_match,5356.5,quay,431A,Port of Antwerp,51.264128,4.334038,m_osm_837845424,Yacht Club Scaldis,port
no_match,5358.6,quay,Pristav Komarno - HTD 30,Donau,47.75251,18.131946,m_osm_6602902501,MOL Nyrt.,port
no_match,5360.2,quay,,Kanaal Dessel-Turnhout-Schoten,51.303045,4.571919,m_osm_1255047957,B.Y.C.,port
no_match,5362.7,quay,Kegelligplaats west Gaarkeuken,Netherlands waterway,53.247878,6.306549,m_osm_93141251,Jachthaven Briltil,port
no_match,5362.8,pontoon,,Netherlands waterway,51.469051,5.671054,m_osm_1395865546,Passantenhaven,port
no_match,5371.7,quay,Ankerplaats Millingen,Waal,51.872513,5.991735,m_osm_4115799091,W.S.V. Loowaard Jachthaven,port
no_match,5373.0,quay,453,Port of Antwerp,51.261468,4.333408,m_osm_19627721,Jachthaven Linkeroever,port
no_match,5374.3,quay,Ligplaats West Gaarkeuken,Netherlands waterway,53.248127,6.302329,m_osm_3997023158,Jachthaven De Dwinger,port
no_match,5375.4,quay,350,Port of Antwerp,51.275824,4.352978,m_osm_837845424,Yacht Club Scaldis,port
no_match,5375.5,quay,453C,Port of Antwerp,51.261586,4.333517,m_osm_19627721,Jachthaven Linkeroever,port
no_match,5377.4,quay,427,Port of Antwerp,51.264651,4.335703,m_osm_837845424,Yacht Club Scaldis,port
no_match,5380.5,pontoon,,Netherlands waterway,51.468973,5.671536,m_osm_1395865546,Passantenhaven,port
no_match,5385.8,quay,421,Port of Antwerp,51.2668,4.340177,m_osm_837845424,Yacht Club Scaldis,port
no_match,5391.4,quay,,Netherlands waterway,52.578709,5.526325,m_osm_7319133436,Flevo Marina,fuel
no_match,5391.4,quay,346,Port of Antwerp,51.273823,4.357068,m_osm_19627721,Jachthaven Linkeroever,port
no_match,5391.6,quay,Ankerplaats 1 Beuningen,Waal,51.873868,5.802863,m_osm_1446067379,Lindenberghaven Passantensteiger,port
no_match,5392.9,quay,306,Port of Antwerp,51.272016,4.352025,m_osm_19627721,Jachthaven Linkeroever,port
no_match,5394.4,quay,1189,Port of Antwerp,51.261518,4.250525,m_osm_837845424,Yacht Club Scaldis,port
no_match,5397.3,quay,435B,Port of Antwerp,51.263084,4.33514,m_osm_19627721,Jachthaven Linkeroever,port
no_match,5398.0,quay,Agrarspeicher,Donau,48.328575,16.332839,m_osm_11269980,Kuchelauer Hafen,port
no_match,5402.6,quay,453E,Port of Antwerp,51.261514,4.33292,m_osm_19627721,Jachthaven Linkeroever,port
no_match,5403.2,quay,S903,Belgium waterway,51.350059,4.26757,m_osm_837845424,Yacht Club Scaldis,port
no_match,5404.0,quay,433B,Port of Antwerp,51.26333,4.33536,m_osm_19627721,Jachthaven Linkeroever,port
no_match,5404.7,quay,433A,Port of Antwerp,51.263701,4.334272,m_osm_837845424,Yacht Club Scaldis,port
no_match,5406.9,quay,488,Port of Antwerp,51.282028,4.359348,m_osm_837845424,Yacht Club Scaldis,port
no_match,5407.1,quay,1205,Port of Antwerp,51.264257,4.24351,m_osm_837845424,Yacht Club Scaldis,port
no_match,5408.7,quay,Liegeplatz Godorf,Rhine,50.846356,6.983285,m_osm_233697893,Yachthafen: Club für Wassersport Porz,port
no_match,5409.0,quay,Pristav Komarno - poloha 13,Donau,47.752625,18.131293,m_osm_6602902501,MOL Nyrt.,port
no_match,5411.2,quay,453D,Port of Antwerp,51.261741,4.333056,m_osm_19627721,Jachthaven Linkeroever,port
no_match,5412.1,quay,469B,Port of Antwerp,51.260945,4.327463,m_osm_837845424,Yacht Club Scaldis,port
no_match,5414.2,quay,1161,Port of Antwerp,51.260416,4.253109,m_osm_837845424,Yacht Club Scaldis,port
no_match,5414.8,quay,1167,Port of Antwerp,51.260568,4.252637,m_osm_837845424,Yacht Club Scaldis,port
no_match,5415.2,quay,1131,Port of Antwerp,51.259908,4.254656,m_osm_837845424,Yacht Club Scaldis,port
no_match,5415.8,quay,306C,Port of Antwerp,51.273687,4.351191,m_osm_837845424,Yacht Club Scaldis,port
no_match,5415.9,quay,1253,Port of Antwerp,51.274341,4.227092,m_osm_837845424,Yacht Club Scaldis,port
no_match,5418.7,quay,435A,Port of Antwerp,51.263451,4.334052,m_osm_837845424,Yacht Club Scaldis,port
no_match,5419.7,quay,429B,Port of Antwerp,51.263999,4.335311,m_osm_837845424,Yacht Club Scaldis,port
no_match,5421.1,quay,1125,Port of Antwerp,51.259689,4.255168,m_osm_837845424,Yacht Club Scaldis,port
no_match,5423.4,quay,,Belgium waterway,51.196474,5.230359,m_osm_1305739099,Zilvermeerhaven,port
no_match,5426.7,quay,304,Port of Antwerp,51.272803,4.350275,m_osm_837845424,Yacht Club Scaldis,port
no_match,5429.7,quay,Dana acostare - Terminal petrolier MOL Romania,Donau,43.88719,25.976957,m_osm_508231317,Yacht Club Port Rousse,port
no_match,5431.3,quay,426,Port of Antwerp,51.279357,4.382779,m_osm_19627721,Jachthaven Linkeroever,port
no_match,5432.2,quay,469A,Port of Antwerp,51.260643,4.327187,m_osm_837845424,Yacht Club Scaldis,port
no_match,5432.9,quay,1121,Port of Antwerp,51.258904,4.257435,m_osm_837845424,Yacht Club Scaldis,port
no_match,5433.4,quay,,Rupel,51.110888,4.537291,m_osm_98241745,Jachthaven VVW Emblem,port
no_match,5435.4,quay,431B,Port of Antwerp,51.263745,4.335132,m_osm_837845424,Yacht Club Scaldis,port
no_match,5440.5,quay,773A,Port of Antwerp,51.352201,4.29612,m_osm_837845424,Yacht Club Scaldis,port
no_match,5440.6,quay,1187,Port of Antwerp,51.261034,4.250535,m_osm_837845424,Yacht Club Scaldis,port
no_match,5448.2,quay,1351,Port of Antwerp,51.279893,4.220835,m_osm_837845424,Yacht Club Scaldis,port
no_match,5450.3,quay,455,Port of Antwerp,51.261766,4.330778,m_osm_837845424,Yacht Club Scaldis,port
no_match,5454.3,quay,428,Port of Antwerp,51.279669,4.384086,m_osm_19627721,Jachthaven Linkeroever,port
no_match,5455.3,quay,424,Port of Antwerp,51.279337,4.380271,m_osm_19627721,Jachthaven Linkeroever,port
no_match,5455.3,quay,1185,Port of Antwerp,51.26092,4.250428,m_osm_837845424,Yacht Club Scaldis,port
no_match,5456.2,quay,469,Port of Antwerp,51.260154,4.326469,m_osm_837845424,Yacht Club Scaldis,port
no_match,5456.5,quay,,Albertkanaal,51.23992,4.493265,m_osm_4322795,Kempisch dok,port
no_match,5461.0,quay,306A,Port of Antwerp,51.272742,4.352036,m_osm_19627721,Jachthaven Linkeroever,port
no_match,5462.7,quay,709,Port of Antwerp,51.352553,4.291826,m_osm_837845424,Yacht Club Scaldis,port
no_match,5463.4,quay,406,Port of Antwerp,51.279134,4.357815,m_osm_837845424,Yacht Club Scaldis,port
no_match,5465.6,quay,,Ringvaart om Gent,51.090061,3.671613,m_osm_241795954,Jachthaven Langerbrugge,port
no_match,5468.0,quay,,Bovenschelde,50.758837,3.450131,m_osm_1266763915,Kloron,port
no_match,5469.6,quay,486,Port of Antwerp,51.282019,4.360344,m_osm_837845424,Yacht Club Scaldis,port
no_match,5470.3,quay,1239,Port of Antwerp,51.266648,4.237334,m_osm_837845424,Yacht Club Scaldis,port
no_match,5472.9,quay,1177,Port of Antwerp,51.260176,4.25204,m_osm_837845424,Yacht Club Scaldis,port
no_match,5473.8,quay,1179,Port of Antwerp,51.260239,4.251827,m_osm_837845424,Yacht Club Scaldis,port
no_match,5474.4,quay,,Kanaal Bossuit-Kortrijk,50.816183,3.352419,m_osm_1280257416,Kuurne,port
no_match,5474.6,quay,Liegeplatz St. Aldegund Oberwasser,Mosel,50.080134,7.131691,m_osm_530788429,Yachthafen Senheim,port
no_match,5478.9,quay,Liegestelle Wallstadt Oberwasser,Main,49.864023,9.157788,m_osm_1846447633,Hafen Erlenbach,port
no_match,5482.9,quay,Pristav Komarno - Vychodny bazen Komarno SB 41,Donau,47.753093,18.130471,m_osm_6602902501,MOL Nyrt.,port
no_match,5484.4,quay,422,Port of Antwerp,51.279314,4.377764,m_osm_19627721,Jachthaven Linkeroever,port
no_match,5486.1,quay,Ligplaats Riwald Korte Kade Beverwijk,Netherlands waterway,52.469946,4.66709,m_osm_106660520,Watersportvereniging IJmond,port
no_match,5487.1,quay,Ligplaats CMF Velsen-Noord,Netherlands waterway,52.464203,4.655883,m_osm_106660520,Watersportvereniging IJmond,port
no_match,5489.8,quay,463,Port of Antwerp,51.258303,4.327602,m_osm_19627721,Jachthaven Linkeroever,port
no_match,5490.7,quay,457,Port of Antwerp,51.261053,4.33002,m_osm_837845424,Yacht Club Scaldis,port
no_match,5491.7,quay,1183,Port of Antwerp,51.260737,4.249887,m_osm_837845424,Yacht Club Scaldis,port
no_match,5497.7,quay,1255,Port of Antwerp,51.275157,4.224702,m_osm_837845424,Yacht Club Scaldis,port
no_match,5497.8,quay,Wartelände Persenbeug Unterwasser,Donau,48.184019,15.083167,m_osm_333012215,Campingplatz Marbacher Freizeitzentrum & Sportboothafen,port
no_match,5503.2,quay,Rollfähre Korneuburg-Klosterneuburg,Donau,48.328824,16.329157,m_osm_11269980,Kuchelauer Hafen,port
no_match,5505.0,quay,S905,Belgium waterway,51.350603,4.265413,m_osm_837845424,Yacht Club Scaldis,port
no_match,5505.1,quay,461,Port of Antwerp,51.259337,4.328462,m_osm_19627721,Jachthaven Linkeroever,port
no_match,5507.7,quay,,Albertkanaal,51.238999,4.494167,m_osm_4322795,Kempisch dok,port
no_match,5510.2,quay,1066,Unknown waterway,51.462613,3.684022,m_osm_1314819628,Jachthaven Oranjeplaat,port
no_match,5511.4,quay,459,Port of Antwerp,51.260216,4.329355,m_osm_19627721,Jachthaven Linkeroever,port
no_match,5513.2,quay,Liegestelle Stürzelberg,Rhine,51.142159,6.812712,m_osm_316247288,YCBL Yachtclub Bayer Leverkusen,port
no_match,5514.2,quay,Pristav Komarno - poloha 14,Donau,47.753112,18.130042,m_osm_6602902501,MOL Nyrt.,port
no_match,5514.8,quay,467B,Port of Antwerp,51.259429,4.326074,m_osm_837845424,Yacht Club Scaldis,port
no_match,5516.1,quay,1175,Port of Antwerp,51.259732,4.252048,m_osm_837845424,Yacht Club Scaldis,port
no_match,5516.3,quay,1133,Port of Antwerp,51.259388,4.253085,m_osm_837845424,Yacht Club Scaldis,port
no_match,5517.9,quay,1181,Port of Antwerp,51.260197,4.250641,m_osm_837845424,Yacht Club Scaldis,port
no_match,5518.5,pontoon,,Unknown waterway,51.499243,3.624784,m_osm_1314819628,Jachthaven Oranjeplaat,port
no_match,5519.4,quay,420,Port of Antwerp,51.279297,4.375262,m_osm_19627721,Jachthaven Linkeroever,port
no_match,5520.5,quay,771,Port of Antwerp,51.352903,4.296496,m_osm_837845424,Yacht Club Scaldis,port
no_match,5520.6,quay,1123,Port of Antwerp,51.258648,4.255323,m_osm_837845424,Yacht Club Scaldis,port
no_match,5523.5,quay,430,Port of Antwerp,51.280296,4.384081,m_osm_19627721,Jachthaven Linkeroever,port
no_match,5523.7,quay,Vzt zuid,Unknown waterway,51.461838,3.689225,m_osm_1314819628,Jachthaven Oranjeplaat,port
no_match,5528.7,quay,Wachtplaats Sluis Delden Boven1,Netherlands waterway,52.248266,6.681375,m_osm_170673593,Twentse Watersport Vereniging,port
no_match,5533.4,quay,"Fürr Fahrzeuge, die an der Harnstoffverladeanlage der UK laden oder löschen wol",Rhine,50.823305,7.007017,m_osm_2380099448,Yacht-Club Hersel 1971 e.V.,port
no_match,5534.0,quay,348,Port of Antwerp,51.274964,4.354799,m_osm_837845424,Yacht Club Scaldis,port
no_match,5535.1,quay,Rollfähre Korneuburg-Klosterneuburg,Donau,48.329681,16.331901,m_osm_11269980,Kuchelauer Hafen,port
no_match,5535.4,quay,,Canal Nieuwpoort–Dunkerque,51.196982,3.005794,m_osm_127979467,Royal Yacht Club Oostende,port
no_match,5535.4,quay,Ruse Iztok 14,Donau,43.876814,25.996038,m_osm_508231317,Yacht Club Port Rousse,port
no_match,5542.7,quay,Kegelligplaats Delden2,Netherlands waterway,52.247733,6.681227,m_osm_170673593,Twentse Watersport Vereniging,port
no_match,5542.8,quay,Liegeplatz Mehring,Mosel,49.793311,6.817042,m_osm_142681772,Yachthafen Schweich,port
no_match,5543.0,quay,467A,Port of Antwerp,51.259027,4.32571,m_osm_837845424,Yacht Club Scaldis,port
no_match,5550.2,quay,,Kanaal Dessel-Turnhout-Schoten,51.276512,5.150955,m_osm_1305739099,Zilvermeerhaven,port
no_match,5554.6,quay,1069,Belgium waterway,51.253654,4.295957,m_osm_837845424,Yacht Club Scaldis,port
no_match,5554.8,quay,,Rupel,51.119116,4.310487,m_osm_2382615930,De Ponton,port
no_match,5558.9,quay,418,Port of Antwerp,51.279271,4.37275,m_osm_19627721,Jachthaven Linkeroever,port
no_match,5563.7,quay,Ligplaats 1 Gendt,Waal,51.870539,5.98585,m_osm_4115799091,W.S.V. Loowaard Jachthaven,port
no_match,5564.1,quay,467,Port of Antwerp,51.258689,4.325313,m_osm_837845424,Yacht Club Scaldis,port
no_match,5564.2,quay,1349,Port of Antwerp,51.279378,4.219385,m_osm_837845424,Yacht Club Scaldis,port
no_match,5565.8,quay,,Rupel,51.11893,4.310652,m_osm_2382615930,De Ponton,port
no_match,5566.2,quay,1301,Port of Antwerp,51.275302,4.223345,m_osm_837845424,Yacht Club Scaldis,port
no_match,5573.7,quay,465,Port of Antwerp,51.258203,4.326054,m_osm_19627721,Jachthaven Linkeroever,port
no_match,5573.9,quay,Stadt Klingenberg,Main,49.774487,9.183079,m_osm_1846447633,Hafen Erlenbach,port
no_match,5580.5,quay,Quarleshaven Reimerswaal Alfa,Unknown waterway,51.460773,3.696778,m_osm_1314819628,Jachthaven Oranjeplaat,port
no_match,5580.6,quay,Pristav Komarno - Vychodny bazen Komarno SB 42,Donau,47.753542,18.129309,m_osm_6602902501,MOL Nyrt.,port
no_match,5584.0,quay,,Belgium waterway,51.048545,4.435845,m_osm_528530237,Dok 3,port
no_match,5585.1,quay,Liegestelle Trennfurt,Main,49.771489,9.180981,m_osm_2397259863,Heubacher Bootsfreunde,port
no_match,5587.1,quay,,Kanaal Dessel-Turnhout-Schoten,51.301939,4.569177,m_osm_1255047957,B.Y.C.,port
no_match,5590.3,quay,Liegestelle Köln Niehl,Rhine,50.983887,6.976597,m_osm_7232924505,Sportboothafen Wiesdorf,port
no_match,5599.6,quay,Liegestelle Wesseling,Rhine,50.822857,7.003495,m_osm_2380099448,Yacht-Club Hersel 1971 e.V.,port
no_match,5600.4,quay,Pristav Komarno - poloha 15,Donau,47.753502,18.129013,m_osm_6602902501,MOL Nyrt.,port
no_match,5603.3,quay,1079,Unknown waterway,51.461584,3.685239,m_osm_1314819628,Jachthaven Oranjeplaat,port
no_match,5604.0,quay,416,Port of Antwerp,51.27925,4.370243,m_osm_19627721,Jachthaven Linkeroever,port
no_match,5606.0,quay,484,Port of Antwerp,51.282002,4.362504,m_osm_837845424,Yacht Club Scaldis,port
no_match,5607.3,quay,1347,Port of Antwerp,51.279078,4.218942,m_osm_837845424,Yacht Club Scaldis,port
no_match,5610.4,quay,Pristav Komarno - Vychodny bazen Komarno JB 49B,Donau,47.75272,18.128528,m_osm_6602902501,MOL Nyrt.,port
no_match,5610.8,quay,Pristav Komarno - HTD 26,Donau,47.752152,18.128284,m_osm_6602902501,MOL Nyrt.,port
no_match,5614.3,quay,1207,Port of Antwerp,51.262592,4.242105,m_osm_837845424,Yacht Club Scaldis,port
no_match,5618.7,quay,S907,Belgium waterway,51.351197,4.26309,m_osm_837845424,Yacht Club Scaldis,port
no_match,5621.3,quay,EHG,Donau,48.229094,14.503284,m_osm_2150418671,Steganlage - Campingplatz in Au an der Donau,port
no_match,5622.6,pontoon,,Donau,43.887802,25.980212,m_osm_508231317,Yacht Club Port Rousse,port
no_match,5622.9,quay,464,Port of Antwerp,51.281196,4.384092,m_osm_19627721,Jachthaven Linkeroever,port
no_match,5624.4,quay,408,Port of Antwerp,51.279165,4.360494,m_osm_837845424,Yacht Club Scaldis,port
no_match,5626.2,quay,711,Port of Antwerp,51.35403,4.29141,m_osm_837845424,Yacht Club Scaldis,port
no_match,5631.4,quay,1023,Belgium waterway,51.246349,4.316199,m_osm_19627721,Jachthaven Linkeroever,port
no_match,5632.5,quay,Zalco Charlie,Unknown waterway,51.46037,3.695412,m_osm_1314819628,Jachthaven Oranjeplaat,port
no_match,5635.7,quay,Komarom MAHART crane,Donau,47.748978,18.126806,m_osm_6602902501,MOL Nyrt.,port
no_match,5639.3,quay,,Bovenschelde,50.758137,3.447733,m_osm_1266763915,Kloron,port
no_match,5640.0,quay,Vstupna a vystupna kontrola nakladnych plavidiel,Donau,47.752257,18.127922,m_osm_6602902501,MOL Nyrt.,port
no_match,5641.6,quay,Ligplaats Antwerpen RO kmp 27.4,Belgium waterway,51.351274,4.262445,m_osm_837845424,Yacht Club Scaldis,port
no_match,5646.1,quay,Ruse Iztok10,Donau,43.875719,25.999013,m_osm_508231317,Yacht Club Port Rousse,port
no_match,5646.7,quay,EHG,Donau,48.227308,14.502881,m_osm_2150418671,Steganlage - Campingplatz in Au an der Donau,port
no_match,5648.3,quay,,Albertkanaal,50.972218,5.272663,m_osm_317822393,Royal Hasselt Yachting Club,port
no_match,5653.3,quay,Cobelfret B Oost,Unknown waterway,51.461304,3.683936,m_osm_1314819628,Jachthaven Oranjeplaat,port
no_match,5654.8,quay,Ligplaats loswal Rhenen,Netherlands waterway,51.954561,5.565042,m_osm_183254169,WSV Vada,port
no_match,5661.8,quay,414,Port of Antwerp,51.279225,4.36737,m_osm_19627721,Jachthaven Linkeroever,port
no_match,5663.1,quay,Zalco Alfa,Unknown waterway,51.460168,3.694116,m_osm_1314819628,Jachthaven Oranjeplaat,port
no_match,5664.0,quay,Cobelfret B West,Unknown waterway,51.461295,3.683323,m_osm_1314819628,Jachthaven Oranjeplaat,port
no_match,5672.8,quay,Ruse Iztok9,Donau,43.875242,25.999925,m_osm_508231317,Yacht Club Port Rousse,port
no_match,5674.0,quay,,Netherlands waterway,52.760559,5.692568,m_osm_8500676470,Jachthaven Espel,port
no_match,5674.4,quay,Ruse Iztok 13,Donau,43.877671,25.997304,m_osm_508231317,Yacht Club Port Rousse,port
no_match,5677.7,quay,Pristav Komarno - Vychodny bazen Komarno SB 43,Donau,47.753994,18.128158,m_osm_6602902501,MOL Nyrt.,port
no_match,5679.4,quay,,Belgium waterway,51.174763,5.151453,m_osm_1223232168,Nuclea Yacht Club,port
no_match,5680.2,quay,Sloehaven VLB,Unknown waterway,51.460848,3.685456,m_osm_1314819628,Jachthaven Oranjeplaat,port
no_match,5683.5,quay,Ligplaats Zwijndrecht LO kmp 76.6,Belgium waterway,51.194851,4.334938,m_osm_625248475,Jachthaven Linkeroever,port
no_match,5684.0,quay,,Waal,51.874398,5.798444,m_osm_1446067379,Lindenberghaven Passantensteiger,port
no_match,5685.4,quay,Cobelfret A Oost,Unknown waterway,51.461239,3.682388,m_osm_1314819628,Jachthaven Oranjeplaat,port
no_match,5686.8,quay,Pristav Komarno - poloha 16,Donau,47.753897,18.127985,m_osm_6602902501,MOL Nyrt.,port
no_match,5688.5,quay,Ligplaats steiger voormalige bilge boot,Waal,51.869402,5.984836,m_osm_4115799091,W.S.V. Loowaard Jachthaven,port
no_match,5689.6,quay,Ruse Iztok11,Donau,43.876629,25.998722,m_osm_508231317,Yacht Club Port Rousse,port
no_match,5694.9,quay,1237,Port of Antwerp,51.264811,4.235787,m_osm_837845424,Yacht Club Scaldis,port
no_match,5695.6,quay,Cobelfret A West,Unknown waterway,51.461234,3.68182,m_osm_1314819628,Jachthaven Oranjeplaat,port
no_match,5696.6,quay,1303,Port of Antwerp,51.274313,4.222156,m_osm_837845424,Yacht Club Scaldis,port
no_match,5698.4,quay,1067,Belgium waterway,51.252199,4.289407,m_osm_837845424,Yacht Club Scaldis,port
no_match,5701.4,quay,466,Port of Antwerp,51.281819,4.382923,m_osm_19627721,Jachthaven Linkeroever,port
no_match,5703.8,quay,,Kanaal Gent-Oostende,51.09233,3.644505,m_osm_2499723378,Leiesnelvaarders,port
no_match,5704.4,quay,769,Port of Antwerp,51.354596,4.295839,m_osm_837845424,Yacht Club Scaldis,port
no_match,5704.7,quay,,Netherlands waterway,51.968721,5.727997,m_osm_183254169,WSV Vada,port
no_match,5705.8,pontoon,,Donau,44.141403,27.292672,m_osm_14002131032,Administrația Portuară Călărași,port
no_match,5706.6,quay,"Fahrgastlände Ybbs, Donaustation 4",Donau,48.179666,15.08484,m_osm_333012215,Campingplatz Marbacher Freizeitzentrum & Sportboothafen,port
no_match,5709.8,quay,HORNA REJDA PRAVEJ KOMORY GABCIKOVO,Dunajský Kanál,47.886898,17.534186,m_osm_8152536946,Vizitúra stég,port
no_match,5712.0,quay,,Albertkanaal,51.238435,4.497196,m_osm_4322795,Kempisch dok,port
no_match,5713.8,quay,Ligplaats Zeevaartkade Velsen-Noord,Netherlands waterway,52.4654,4.645211,m_osm_106684570,Marina Seaport IJmuiden,port
no_match,5714.7,quay,,Donau,44.141458,27.292261,m_osm_14002131032,Administrația Portuară Călărași,port
no_match,5718.4,quay,,Albertkanaal,51.239158,4.497182,m_osm_4322795,Kempisch dok,port
no_match,5720.4,quay,S909,Belgium waterway,51.351709,4.261035,m_osm_837845424,Yacht Club Scaldis,port
no_match,5722.9,quay,Liegeplatz Lux,Mosel,49.71122,6.497754,m_osm_128645794,Yachthafen WSC Konz,port
no_match,5722.9,quay,Vstupna a vystupna kontrola nakladnych plavidiel - ponton SPS-P-11,Donau,47.752383,18.126823,m_osm_6602902501,MOL Nyrt.,port
no_match,5724.1,quay,468,Port of Antwerp,51.281836,4.380772,m_osm_19627721,Jachthaven Linkeroever,port
no_match,5724.6,pontoon,,Donau,44.14122,27.292657,m_osm_14002131032,Administrația Portuară Călărași,port
no_match,5725.1,quay,1345,Port of Antwerp,51.277927,4.218034,m_osm_837845424,Yacht Club Scaldis,port
no_match,5726.6,pontoon,,Donau,44.141293,27.292392,m_osm_14002131032,Administrația Portuară Călărași,port
no_match,5728.4,quay,,Rupel,51.109823,4.532514,m_osm_98241745,Jachthaven VVW Emblem,port
no_match,5729.1,quay,412,Port of Antwerp,51.279198,4.364361,m_osm_19627721,Jachthaven Linkeroever,port
no_match,5733.1,quay,,Netherlands waterway,51.951053,5.5642,m_osm_183254169,WSV Vada,port
no_match,5734.2,quay,Ruse Iztok12,Donau,43.877503,25.998463,m_osm_508231317,Yacht Club Port Rousse,port
no_match,5739.3,quay,410,Port of Antwerp,51.279165,4.362372,m_osm_837845424,Yacht Club Scaldis,port
no_match,5740.9,quay,,Donau,44.141021,27.292759,m_osm_14002131032,Administrația Portuară Călărași,port
no_match,5742.4,quay,482,Port of Antwerp,51.281982,4.364651,m_osm_837845424,Yacht Club Scaldis,port
no_match,5743.9,quay,Odstavna poloha Vychodny bazen Komarno  juzny breh,Donau,47.753119,18.12684,m_osm_6602902501,MOL Nyrt.,port
no_match,5744.5,quay,Pristav Komarno - HTD 25,Donau,47.752341,18.126507,m_osm_6602902501,MOL Nyrt.,port
no_match,5745.1,quay,Storaenso,Donau,48.17081,15.09914,m_osm_333012215,Campingplatz Marbacher Freizeitzentrum & Sportboothafen,port
no_match,5749.3,quay,obere Lände Ybbs,Donau,48.182613,15.080509,m_osm_333012215,Campingplatz Marbacher Freizeitzentrum & Sportboothafen,port
no_match,5750.7,quay,470,Port of Antwerp,51.281854,4.378624,m_osm_19627721,Jachthaven Linkeroever,port
no_match,5752.5,quay,,Canal Nieuwpoort–Dunkerque,51.175017,2.916162,m_osm_127979467,Royal Yacht Club Oostende,port
no_match,5753.0,quay,,Maas,51.04913,5.807361,m_osm_1415313145,Jachthaven Heerenlaak (Marec),port
no_match,5760.4,quay,,Belgium waterway,51.173755,5.151229,m_osm_1223232168,Nuclea Yacht Club,port
no_match,5762.0,quay,Sloepalen,Unknown waterway,51.453827,3.669658,m_osm_895035948,VVW Schelde,port
no_match,5767.0,quay,Ruse Iztok8,Donau,43.875818,26.000797,m_osm_508231317,Yacht Club Port Rousse,port
no_match,5768.2,quay,1209,Port of Antwerp,51.261682,4.240346,m_osm_837845424,Yacht Club Scaldis,port
no_match,5771.1,quay,Pristav Komarno - Vychodny bazen Komarno SB 44,Donau,47.754301,18.126992,m_osm_6602902501,MOL Nyrt.,port
no_match,5775.2,quay,1010,Unknown waterway,51.461757,3.675047,m_osm_1314819628,Jachthaven Oranjeplaat,port
no_match,5777.6,quay,,Belgium waterway,51.173956,5.152082,m_osm_1223232168,Nuclea Yacht Club,port
no_match,5778.2,quay,Pristav Komarno - Vychodny bazen Komarno JB 49A,Donau,47.75325,18.126419,m_osm_6602902501,MOL Nyrt.,port
no_match,5785.7,quay,713,Port of Antwerp,51.355471,4.29095,m_osm_837845424,Yacht Club Scaldis,port
no_match,5786.1,quay,E,Unknown waterway,51.461256,3.676969,m_osm_1314819628,Jachthaven Oranjeplaat,port
no_match,5798.1,quay,472,Port of Antwerp,51.281887,4.375406,m_osm_19627721,Jachthaven Linkeroever,port
no_match,5798.2,quay,,Kanaal Bossuit-Kortrijk,50.813295,3.354545,m_osm_1280257416,Kuurne,port
no_match,5809.1,quay,Ruse Iztok7,Donau,43.876693,26.00054,m_osm_508231317,Yacht Club Port Rousse,port
no_match,5814.7,quay,Scheldepoort Kade E,Unknown waterway,51.46094,3.677203,m_osm_1314819628,Jachthaven Oranjeplaat,port
no_match,5816.0,quay,,Canal Nieuwpoort–Dunkerque,51.17473,2.914545,m_osm_127979467,Royal Yacht Club Oostende,port
no_match,5816.3,quay,,Albertkanaal,51.143007,4.92006,m_osm_36273295,Jachthaven Herentals,port
no_match,5817.8,quay,Mineralöllände MOL Gruppe,Donau,48.331994,16.330166,m_osm_11269980,Kuchelauer Hafen,port
no_match,5821.4,quay,untere Lände Ybbs,Donau,48.175691,15.088426,m_osm_333012215,Campingplatz Marbacher Freizeitzentrum & Sportboothafen,port
no_match,5823.5,quay,Odstavna poloha Vychodny bazen Komarno juzny breh,Donau,47.753504,18.125898,m_osm_6602902501,MOL Nyrt.,port
no_match,5826.0,quay,Vstupna a vystupna kontrola nakladnych plavidiel,Donau,47.752512,18.125446,m_osm_6602902501,MOL Nyrt.,port
no_match,5827.1,pontoon,,Oise,49.37602,2.776184,m161,Port de Plaisance de Compiègne,port
no_match,5828.4,quay,Private Berth,Donau,43.888957,25.982477,m_osm_508231317,Yacht Club Port Rousse,port
no_match,5828.8,quay,HORNA REJDA LAVEJ KOMORY GABCIKOVO,Dunajský Kanál,47.88775,17.535604,m_osm_8152536946,Vizitúra stég,port
no_match,5829.7,quay,Sloeboeien,Unknown waterway,51.453097,3.670762,m_osm_895035948,VVW Schelde,port
no_match,5834.0,quay,474,Port of Antwerp,51.281904,4.373244,m_osm_19627721,Jachthaven Linkeroever,port
no_match,5837.5,quay,,Rupel,51.109093,4.531463,m_osm_98241745,Jachthaven VVW Emblem,port
no_match,5840.8,quay,767B,Port of Antwerp,51.355879,4.294597,m_osm_837845424,Yacht Club Scaldis,port
no_match,5842.9,quay,S911,Belgium waterway,51.352317,4.258642,m_osm_837845424,Yacht Club Scaldis,port
no_match,5845.7,pontoon,,Donau,44.14058,27.291037,m_osm_14002131032,Administrația Portuară Călărași,port
no_match,5851.4,quay,Ligplaats Zuiderkade Beverwijk,Netherlands waterway,52.472902,4.664624,m_osm_106660520,Watersportvereniging IJmond,port
no_match,5854.8,quay,,Rhine,50.981272,6.973651,m_osm_7232924505,Sportboothafen Wiesdorf,port
no_match,5856.1,quay,Ruse Iztok6,Donau,43.877579,26.000328,m_osm_508231317,Yacht Club Port Rousse,port
no_match,5856.4,quay,Bundeswasserstraßenverwaltung,Donau,48.17301,15.092243,m_osm_333012215,Campingplatz Marbacher Freizeitzentrum & Sportboothafen,port
no_match,5857.0,quay,SC ADM ROMANIA LOGISTIC - CEREALE,Donau,44.140434,27.291126,m_osm_14002131032,Administrația Portuară Călărași,port
no_match,5860.1,quay,Ligplaats overlaadhaven Born,Maas,51.048264,5.806226,m_osm_1415313145,Jachthaven Heerenlaak (Marec),port
no_match,5863.5,quay,1305,Port of Antwerp,51.272838,4.220882,m_osm_837845424,Yacht Club Scaldis,port
no_match,5863.6,quay,Pristav Komarno - OPKN 24,Donau,47.752581,18.124953,m_osm_6602902501,MOL Nyrt.,port
no_match,5865.3,quay,1235,Port of Antwerp,51.263053,4.235305,m_osm_837845424,Yacht Club Scaldis,port
no_match,5866.0,quay,Odstavna poloha Vychod. bazen Komarno severny breh - ponton SPAP-P-27,Donau,47.754712,18.125853,m_osm_6602902501,MOL Nyrt.,port
no_match,5873.8,quay,476,Port of Antwerp,51.281925,4.371094,m_osm_19627721,Jachthaven Linkeroever,port
no_match,5875.9,quay,Pristav Komarno - Vychodny bazen Komarno SB 45,Donau,47.754826,18.125768,m_osm_6602902501,MOL Nyrt.,port
no_match,5879.5,quay,480,Port of Antwerp,51.281965,4.366802,m_osm_837845424,Yacht Club Scaldis,port
no_match,5879.9,quay,Ligplaats Lange Binnenvaartkade Velsen-Noord,Netherlands waterway,52.465013,4.649159,m_osm_106660520,Watersportvereniging IJmond,port
no_match,5890.7,quay,Liegestelle Wesseling,Rhine,50.84201,6.979723,m_osm_233697893,Yachthafen: Club für Wassersport Porz,port
no_match,5892.3,quay,,Albertkanaal,51.237672,4.49989,m_osm_60261478,Kempischdok,port
no_match,5894.0,quay,Ligplaats Korte Binnenvaartkade Velsen-Noord,Netherlands waterway,52.465493,4.647872,m_osm_106684570,Marina Seaport IJmuiden,port
no_match,5903.0,quay,Ruse Iztok5,Donau,43.8785,26.000052,m_osm_508231317,Yacht Club Port Rousse,port
no_match,5904.1,quay,1343,Port of Antwerp,51.276191,4.216676,m_osm_837845424,Yacht Club Scaldis,port
no_match,5905.2,quay,,Kanaal Dessel-Turnhout-Schoten,51.300194,4.565533,m_osm_1255047957,B.Y.C.,port
no_match,5905.8,quay,,Netherlands waterway,51.967397,5.731552,m_osm_183254169,WSV Vada,port
no_match,5906.8,quay,Scheldepoort Kade J2,Unknown waterway,51.460327,3.675917,m_osm_1314819628,Jachthaven Oranjeplaat,port
no_match,5911.9,quay,Scheldepoort Kade C (Multra),Unknown waterway,51.460689,3.673969,m_osm_1314819628,Jachthaven Oranjeplaat,port
no_match,5914.3,quay,Liegestelle Wesseling,Rhine,50.8236,6.996529,m_osm_2380099448,Yacht-Club Hersel 1971 e.V.,port
no_match,5914.9,quay,1039,Belgium waterway,51.237198,4.308895,m_osm_19627721,Jachthaven Linkeroever,port
no_match,5916.7,quay,DANA ACOSTARE BRISE ROMANIA,Donau,43.890224,25.981757,m_osm_508231317,Yacht Club Port Rousse,port
no_match,5917.1,quay,478,Port of Antwerp,51.281947,4.36895,m_osm_19627721,Jachthaven Linkeroever,port
no_match,5917.7,quay,Scheldepoort Kade H,Unknown waterway,51.460792,3.673257,m_osm_1314819628,Jachthaven Oranjeplaat,port
no_match,5920.1,quay,,Zeekanaal Brussel-Schelde,51.021318,4.360308,m_osm_528530237,Dok 3,port
no_match,5923.1,quay,Vstupna a vystupna kontrola nakladnych plavidiel,Donau,47.752607,18.124139,m_osm_6602902501,MOL Nyrt.,port
no_match,5923.5,quay,Scheldepoort Kade F,Unknown waterway,51.459731,3.678192,m_osm_1314819628,Jachthaven Oranjeplaat,port
no_match,5924.1,quay,,Netherlands waterway,51.621885,4.919848,m_osm_316312859,WSV Sluis 1,port
no_match,5925.6,quay,Reede Bad Salzig,Rhine,50.205521,7.635178,m_osm_878655670,Sportboothafen Am Hunt,port
no_match,5927.4,quay,,Kanaal Dessel-Turnhout-Schoten,51.300182,4.565165,m_osm_1255047957,B.Y.C.,port
no_match,5932.9,quay,Scheldepoort Kade J1,Unknown waterway,51.460195,3.675354,m_osm_1314819628,Jachthaven Oranjeplaat,port
no_match,5939.3,quay,767A,Port of Antwerp,51.356747,4.295089,m_osm_837845424,Yacht Club Scaldis,port
no_match,5943.5,quay,,Kanaal Dessel-Turnhout-Schoten,51.300174,4.564898,m_osm_1255047957,B.Y.C.,port
no_match,5944.2,quay,J,Unknown waterway,51.460131,3.675146,m_osm_1314819628,Jachthaven Oranjeplaat,port
no_match,5945.2,quay,B,Donau,47.395975,19.034653,m_osm_12997987503,"Kajak, kenu edzőhely",port
no_match,5950.9,quay,,Zuid-Willemsvaart,50.90899,5.691521,m_osm_4720042858,Bassin,port
no_match,5951.8,quay,,Netherlands waterway,51.95395,5.56073,m_osm_183254169,WSV Vada,port
no_match,5952.3,quay,Pristav Komarno - Vychodny bazen Komarno SB 46,Donau,47.755244,18.124895,m_osm_6602902501,MOL Nyrt.,port
no_match,5954.1,quay,Odstavna poloha Vychodny bazen Komarno severny breh  - opravy plavidiel,Donau,47.755121,18.124811,m_osm_6602902501,MOL Nyrt.,port
no_match,5956.9,pontoon,,Oise,49.374817,2.775564,m161,Port de Plaisance de Compiègne,port
no_match,5957.2,quay,MOL Gruppe,Donau,48.333122,16.329253,m_osm_11269980,Kuchelauer Hafen,port
no_match,5960.6,quay,715,Port of Antwerp,51.357049,4.290297,m_osm_837845424,Yacht Club Scaldis,port
no_match,5964.7,quay,F,Unknown waterway,51.459278,3.678563,m_osm_1314819628,Jachthaven Oranjeplaat,port
no_match,5964.9,quay,,Kanaal Dessel-Turnhout-Schoten,51.280111,5.149392,m_osm_1305739099,Zilvermeerhaven,port
no_match,5966.3,quay,,Netherlands waterway,51.499062,5.411658,m_osm_370706850,Sonse Jachthaven,port
no_match,5966.5,quay,Pristav Komarno - Vychodny bazen Komarno JB 48,Donau,47.754127,18.124178,m_osm_6602902501,MOL Nyrt.,port
no_match,5968.3,quay,Scheldepoort Kade B,Unknown waterway,51.460225,3.673632,m_osm_1314819628,Jachthaven Oranjeplaat,port
no_match,5971.2,quay,B,Unknown waterway,51.460193,3.673654,m_osm_1314819628,Jachthaven Oranjeplaat,port
no_match,5973.1,quay,Stadtgemeinde Korneuburg,Donau,48.341777,16.318176,m_osm_288436725,Alter Hafen,port
no_match,5975.5,quay,,Albertkanaal,51.142377,4.922231,m_osm_36273295,Jachthaven Herentals,port
no_match,5976.0,quay,Ligplaats Zwijndrecht LO kmp 76.4,Belgium waterway,51.193145,4.331732,m_osm_625248475,Jachthaven Linkeroever,port
no_match,5976.2,quay,1211,Port of Antwerp,51.260033,4.238885,m_osm_837845424,Yacht Club Scaldis,port
no_match,5976.7,quay,Schaufler GmbH,Donau,48.171063,15.093294,m_osm_333012215,Campingplatz Marbacher Freizeitzentrum & Sportboothafen,port
no_match,5977.4,quay,1038,Belgium waterway,51.236139,4.307812,m_osm_19627721,Jachthaven Linkeroever,port
no_match,5985.7,quay,1037,Belgium waterway,51.237501,4.30793,m_osm_19627721,Jachthaven Linkeroever,port
no_match,5987.6,quay,S913,Belgium waterway,51.353014,4.255872,m_osm_837845424,Yacht Club Scaldis,port
no_match,5987.7,quay,,Netherlands waterway,52.245131,6.675065,m_osm_170673593,Twentse Watersport Vereniging,port
no_match,5988.2,quay,1341,Port of Antwerp,51.27537,4.216056,m_osm_837845424,Yacht Club Scaldis,port
no_match,5990.9,quay,,Kanaal Dessel-Turnhout-Schoten,51.240216,4.500939,m_osm_4322795,Kempisch dok,port
no_match,5993.6,pontoon,Ponton,Saône,46.880615,4.951861,m124,Verdun-sur-le-Doubs – Port,port
no_match,6005.9,quay,Deme Zee,Unknown waterway,51.457484,3.68884,m_osm_1314819628,Jachthaven Oranjeplaat,port
no_match,6014.0,quay,Liegestelle Hamm Nr. 1,Saar,49.568125,6.600464,m_osm_345548964,Wassersportclub Saarburg,port
no_match,6014.2,quay,Pristav Komarno - OPKN 23,Donau,47.752685,18.122908,m_osm_6602902501,MOL Nyrt.,port
no_match,6024.0,quay,Odstavna poloha Vychodny bazen Komarno severny breh,Donau,47.75541,18.123966,m_osm_6602902501,MOL Nyrt.,port
no_match,6027.7,quay,,Kanaal Dessel-Turnhout-Schoten,51.240112,4.501489,m_osm_4322795,Kempisch dok,port
no_match,6029.1,quay,Stadtentwicklungsfonds Korneuburg,Donau,48.34046,16.318772,m_osm_288436725,Alter Hafen,port
no_match,6029.7,quay,Pristav Komarno - Vychodny bazen Komarno SB 47,Donau,47.755471,18.123915,m_osm_6602902501,MOL Nyrt.,port
no_match,6033.1,quay,1307,Port of Antwerp,51.27135,4.219593,m_osm_837845424,Yacht Club Scaldis,port
no_match,6033.5,quay,Deme Binnen,Unknown waterway,51.457169,3.689517,m_osm_1314819628,Jachthaven Oranjeplaat,port
no_match,6036.1,pontoon,,Seine,48.816682,2.429897,m060,Paris – Port de l'Arsenal,port
no_match,6040.4,quay,1233,Port of Antwerp,51.261607,4.234147,m_osm_837845424,Yacht Club Scaldis,port
no_match,6041.8,quay,767,Port of Antwerp,51.357672,4.295044,m_osm_837845424,Yacht Club Scaldis,port
no_match,6043.6,quay,Liegestelle Oberkassel,Rhine,50.718772,7.146017,m_osm_1598997836,Am Zehnhoff-Söns,port
no_match,6043.9,quay,,Zeekanaal Brussel-Schelde,51.020178,4.360774,m_osm_528530237,Dok 3,port
no_match,6044.2,quay,Ruse Iztok 4,Donau,43.879522,26.001169,m_osm_508231317,Yacht Club Port Rousse,port
no_match,6050.5,quay,Vstupna a vystupna kontrola - ponton SPAP-P-69,Donau,47.752669,18.1224,m_osm_6602902501,MOL Nyrt.,port
no_match,6051.7,quay,Liegestelle Hamm Nr. 2,Saar,49.568483,6.602679,m_osm_345548964,Wassersportclub Saarburg,port
no_match,6069.7,quay,,Boven-Zeeschelde,51.040273,4.163668,m_osm_5455037953,Yacht Club Driegoten,port
no_match,6071.4,quay,1025,Belgium waterway,51.24976,4.305453,m_osm_837845424,Yacht Club Scaldis,port
no_match,6088.5,quay,717,Port of Antwerp,51.358201,4.289905,m_osm_837845424,Yacht Club Scaldis,port
no_match,6089.0,quay,Zuidzijde 3,Unknown waterway,51.447134,4.01455,m_osm_646483537,Willem-Alexanderhaven,port
no_match,6089.0,quay,765,Port of Antwerp,51.358105,4.294866,m_osm_837845424,Yacht Club Scaldis,port
no_match,6092.4,quay,,Belgium waterway,51.043392,4.439219,m_osm_528530237,Dok 3,port
no_match,6097.8,quay,1036,Belgium waterway,51.236807,4.306182,m_osm_19627721,Jachthaven Linkeroever,port
no_match,6101.1,quay,Liegestelle Wesseling,Rhine,50.823896,6.992345,m_osm_2380099448,Yacht-Club Hersel 1971 e.V.,port
no_match,6101.3,quay,,Albertkanaal,51.141173,4.922924,m_osm_36273295,Jachthaven Herentals,port
no_match,6101.8,quay,Scheldepoort Kade A,Unknown waterway,51.458691,3.674891,m_osm_1314819628,Jachthaven Oranjeplaat,port
no_match,6102.2,quay,,Zeekanaal Brussel-Schelde,51.019592,4.362213,m_osm_528530237,Dok 3,port
no_match,6106.3,quay,,Kanaal Dessel-Turnhout-Schoten,51.241831,4.502279,m_osm_4322795,Kempisch dok,port
no_match,6108.7,quay,1035,Belgium waterway,51.237836,4.306216,m_osm_19627721,Jachthaven Linkeroever,port
no_match,6109.5,quay,,Albertkanaal,50.937878,5.425227,m_osm_317822393,Royal Hasselt Yachting Club,port
no_match,6110.7,quay,1339,Port of Antwerp,51.274197,4.215148,m_osm_837845424,Yacht Club Scaldis,port
no_match,6113.1,quay,Zalco Bravo,Unknown waterway,51.455919,3.698392,m_osm_1314819628,Jachthaven Oranjeplaat,port
no_match,6114.8,quay,S915,Belgium waterway,51.353871,4.254425,m_osm_837845424,Yacht Club Scaldis,port
no_match,6118.0,pontoon,,Seine,49.3905,1.123768,m020,Rouen – Halte de Plaisance,halte
no_match,6118.7,quay,,Netherlands waterway,52.783267,5.686689,m_osm_2154682562,Jachthaven Friese Hoek,port
no_match,6120.3,quay,Scaldia Noord Vb,Unknown waterway,51.457485,3.724007,m_osm_1314819628,Jachthaven Oranjeplaat,port
no_match,6123.7,quay,Stadtentwicklungsfonds Korneuburg,Donau,48.334357,16.327627,m_osm_11269980,Kuchelauer Hafen,port
no_match,6125.3,quay,MP-MUFIN,Donau,47.737467,18.321771,m_osm_5670425568,Éden camping,port
no_match,6126.4,quay,,Kanaal Dessel-Turnhout-Schoten,51.242184,4.502489,m_osm_4322795,Kempisch dok,port
no_match,6129.8,quay,Wachtplaats Sluis Delden Beneden1,Netherlands waterway,52.244952,6.672998,m_osm_170673593,Twentse Watersport Vereniging,port
no_match,6133.1,quay,Liegeplatz Briedel,Mosel,50.020111,7.152348,m_osm_530787671,Hafen Traben-Trarbach,port
no_match,6142.6,quay,Ruse Iztok 3,Donau,43.880031,26.002177,m_osm_508231317,Yacht Club Port Rousse,port
no_match,6147.1,quay,Aquila,Unknown waterway,51.456751,3.683977,m_osm_1314819628,Jachthaven Oranjeplaat,port
no_match,6153.9,quay,,Netherlands waterway,51.969465,5.734459,m_osm_183254169,WSV Vada,port
no_match,6160.4,quay,A,Unknown waterway,51.458027,3.675438,m_osm_1314819628,Jachthaven Oranjeplaat,port
no_match,6165.4,quay,Kegelligplaats Delden1,Netherlands waterway,52.244413,6.672577,m_osm_170673593,Twentse Watersport Vereniging,port
no_match,6167.0,quay,,Kanaal Dessel-Turnhout-Schoten,51.242848,4.502915,m_osm_4322795,Kempisch dok,port
no_match,6172.5,quay,5993,Unknown waterway,51.455344,3.700357,m_osm_1314819628,Jachthaven Oranjeplaat,port
no_match,6182.2,quay,Scaldia Dwars,Unknown waterway,51.457289,3.726303,m_osm_1314819628,Jachthaven Oranjeplaat,port
no_match,6184.0,quay,Festmachstelle,Saar,49.165528,7.029972,m_osm_2316004274,Yacht Club Hanweiler,port
no_match,6184.5,quay,1213,Port of Antwerp,51.258383,4.237423,m_osm_837845424,Yacht Club Scaldis,port
no_match,6185.8,quay,719,Port of Antwerp,51.35907,4.288184,m_osm_837845424,Yacht Club Scaldis,port
no_match,6188.3,pontoon,Ponton plaisance,Saône,46.943234,5.072355,m124,Verdun-sur-le-Doubs – Port,port
no_match,6189.2,quay,1033,Belgium waterway,51.23823,4.305131,m_osm_19627721,Jachthaven Linkeroever,port
no_match,6195.9,quay,Collenberg,Main,49.769896,9.325652,m_osm_431045310,Bootsmarina Hock-Boote,port
no_match,6196.2,quay,Scheldepoort Kade 1,Unknown waterway,51.457291,3.675209,m_osm_895035948,VVW Schelde,port
no_match,6196.7,quay,Industriehaven Walsoorden,Unknown waterway,51.381136,4.034109,m_osm_2203154347,Jachthaven Paal,port
no_match,6199.5,quay,721,Port of Antwerp,51.359159,4.286118,m_osm_837845424,Yacht Club Scaldis,port
no_match,6201.1,quay,1034,Belgium waterway,51.236969,4.304718,m_osm_19627721,Jachthaven Linkeroever,port
no_match,6201.2,quay,1309,Port of Antwerp,51.269884,4.218326,m_osm_837845424,Yacht Club Scaldis,port
no_match,6204.7,pontoon,ponton attente aval plaisance écluse Dracé,Saône,46.153636,4.800608,m125,Belleville-en-Beaujolais – Port,port
no_match,6206.6,quay,763,Port of Antwerp,51.359189,4.294152,m_osm_837845424,Yacht Club Scaldis,port
no_match,6212.0,quay,quai de chargement et de déchargement,Moselle,48.706184,5.961918,m225,Halte Fluviale de Toul,halte
no_match,6217.1,quay,,Albertkanaal,50.93922,5.426932,m_osm_317822393,Royal Hasselt Yachting Club,port
no_match,6221.9,quay,723,Port of Antwerp,51.3593,4.284165,m_osm_837845424,Yacht Club Scaldis,port
no_match,6221.9,quay,Osobne pristavisko SPAP-LOD Komarno - ponton LOD-P-61,Donau,47.752784,18.120074,m_osm_6602902501,MOL Nyrt.,port
no_match,6222.3,quay,,Albertkanaal,51.236951,4.504717,m_osm_60261478,Kempischdok,port
no_match,6223.5,quay,,Kanaal Dessel-Turnhout-Schoten,51.334935,4.725938,m_osm_1989728142,Brechtse Yacht Club,port
no_match,6224.3,quay,Liegestelle,Rhine,47.654897,7.524014,m_osm_528560929,MYC Motorboot- und Yachtclub Weil am Rhein,port
no_match,6226.6,quay,ducs d'albe,Saône,46.154078,4.800317,m125,Belleville-en-Beaujolais – Port,port
no_match,6226.7,quay,Liegestelle,Saar,49.493639,6.591782,m_osm_142370599,Yachthafen Merzig,port
no_match,6228.5,quay,Pristav Komarno - OPKN 22,Donau,47.752738,18.119966,m_osm_6602902501,MOL Nyrt.,port
no_match,6235.4,quay,,Albertkanaal,51.237649,4.504834,m_osm_60261478,Kempischdok,port
no_match,6235.6,pontoon,,Seine,49.389418,1.123958,m020,Rouen – Halte de Plaisance,halte
no_match,6239.8,quay,,Kanaal Dessel-Turnhout-Schoten,51.298745,4.5613,m_osm_1255047957,B.Y.C.,port
no_match,6245.5,quay,1231,Port of Antwerp,51.25992,4.232785,m_osm_837845424,Yacht Club Scaldis,port
no_match,6247.1,quay,Ruse Iztok 2,Donau,43.880574,26.003246,m_osm_508231317,Yacht Club Port Rousse,port
no_match,6253.4,quay,Liegestelle Wesseling,Rhine,50.824373,6.989613,m_osm_2380099448,Yacht-Club Hersel 1971 e.V.,port
no_match,6253.6,quay,725,Port of Antwerp,51.359469,4.281629,m_osm_837845424,Yacht Club Scaldis,port
no_match,6258.8,quay,Scaldia Noord,Unknown waterway,51.455482,3.718643,m_osm_1314819628,Jachthaven Oranjeplaat,port
no_match,6264.3,quay,1031,Belgium waterway,51.238684,4.30414,m_osm_19627721,Jachthaven Linkeroever,port
no_match,6270.7,quay,Citterskade,Unknown waterway,51.454587,3.695945,m_osm_1314819628,Jachthaven Oranjeplaat,port
no_match,6277.2,quay,1337,Port of Antwerp,51.272587,4.213955,m_osm_837845424,Yacht Club Scaldis,port
no_match,6279.8,quay,Zuidzijde 4,Unknown waterway,51.446027,4.011967,m_osm_646483537,Willem-Alexanderhaven,port
no_match,6287.5,quay,Pristav Komarno - Zapadny bazen Komarno SB 5.1,Donau,47.756795,18.120935,m_osm_6602902501,MOL Nyrt.,port
no_match,6291.9,quay,,Kanaal Dessel-Turnhout-Schoten,51.245407,4.503995,m_osm_4322795,Kempisch dok,port
no_match,6294.8,quay,,Albertkanaal,51.196356,4.635827,m_osm_98241745,Jachthaven VVW Emblem,port
no_match,6296.5,quay,Odstavna poloha 19 Zapadny bazen Komarno juzny breh - pristavisko SVP,Donau,47.755692,18.120275,m_osm_6602902501,MOL Nyrt.,port
no_match,6302.2,quay,Ankerplaats 1 Heteren,Netherlands waterway,51.969144,5.736825,m_osm_183254169,WSV Vada,port
no_match,6308.8,quay,Pristav Komarno - Zapadny bazen Komarno JB 5.30,Donau,47.755837,18.12017,m_osm_6602902501,MOL Nyrt.,port
no_match,6314.3,quay,Zuursteiger/Vesta,Unknown waterway,51.455416,3.68247,m_osm_1314819628,Jachthaven Oranjeplaat,port
no_match,6315.4,quay,Zuidzijde 2,Unknown waterway,51.444611,4.015441,m_osm_646483537,Willem-Alexanderhaven,port
no_match,6321.8,quay,Ligplaats Nieuwekade 22-30 Beverwijk,Netherlands waterway,52.476767,4.661608,m_osm_106660520,Watersportvereniging IJmond,port
no_match,6322.3,quay,1032,Belgium waterway,51.237263,4.303017,m_osm_19627721,Jachthaven Linkeroever,port
no_match,6330.2,quay,,Zeekanaal Brussel-Schelde,50.706647,4.219007,m_osm_255425017,Port de plaisance d'Ittre,port
no_match,6330.3,quay,Ligplaats autoafzetplaats Berghaven Born,Maas,51.044703,5.799945,m_osm_1415313145,Jachthaven Heerenlaak (Marec),port
no_match,6341.4,quay,,Boven-Zeeschelde,51.038995,4.19103,m_osm_5455037953,Yacht Club Driegoten,port
no_match,6344.8,quay,727,Port of Antwerp,51.360199,4.280068,m_osm_837845424,Yacht Club Scaldis,port
no_match,6345.7,quay,,Albertkanaal,51.196193,4.637416,m_osm_98241745,Jachthaven VVW Emblem,port
no_match,6355.9,quay,Pristav Komarno - OPKN 21,Donau,47.752818,18.118237,m_osm_6602902501,MOL Nyrt.,port
no_match,6356.8,quay,5999,Unknown waterway,51.453687,3.70433,m_osm_1314819628,Jachthaven Oranjeplaat,port
no_match,6357.7,quay,Ruse Iztok 1,Donau,43.881156,26.004368,m_osm_508231317,Yacht Club Port Rousse,port
no_match,6358.5,quay,Ligplaats dienststeiger RWS Overschild,Netherlands waterway,53.277823,6.759863,m_osm_963996193,Jachthaven Stedum,port
no_match,6364.4,quay,Odstavna poloha SVP - ponton BD-P-V,Donau,47.752897,18.118149,m_osm_6602902501,MOL Nyrt.,port
no_match,6364.8,quay,Auto Afzetplaats,Unknown waterway,51.454077,3.714134,m_osm_1314819628,Jachthaven Oranjeplaat,port
no_match,6364.9,quay,Kraayerthaven Bravo,Unknown waterway,51.453723,3.708319,m_osm_1314819628,Jachthaven Oranjeplaat,port
no_match,6364.9,quay,Kraayerthaven Alfa,Unknown waterway,51.453817,3.710298,m_osm_1314819628,Jachthaven Oranjeplaat,port
no_match,6373.0,quay,Ligplaats autoafzetplaats Overschild,Netherlands waterway,53.278408,6.761231,m_osm_963996193,Jachthaven Stedum,port
no_match,6373.9,quay,761,Port of Antwerp,51.360706,4.293807,m_osm_837845424,Yacht Club Scaldis,port
no_match,6374.1,quay,751A,Port of Antwerp,51.360721,4.285765,m_osm_837845424,Yacht Club Scaldis,port
no_match,6375.1,quay,1311,Port of Antwerp,51.268386,4.217009,m_osm_837845424,Yacht Club Scaldis,port
no_match,6376.4,quay,751B,Port of Antwerp,51.360771,4.287157,m_osm_837845424,Yacht Club Scaldis,port
no_match,6377.5,quay,Odstavna poloha 18 Zapadny bazen Komarno juzny breh - pristavisko SVP,Donau,47.756095,18.119327,m_osm_6602902501,MOL Nyrt.,port
no_match,6380.4,quay,Ligplaats 1 Berghaven - Steiger rechts,Maas,51.044382,5.798946,m_osm_1415313145,Jachthaven Heerenlaak (Marec),port
no_match,6380.9,quay,Liegemöglichkeit Kaub,Rhine,50.087509,7.760926,m_osm_91263444,Steganlage Wassersportverein Lorch,port
no_match,6383.0,quay,,Belgium waterway,51.041412,4.442092,m_osm_528530237,Dok 3,port
no_match,6383.9,quay,Pristav Komarno - Zapadny bazen Komarno SB 5.2,Donau,47.757216,18.119785,m_osm_6602902501,MOL Nyrt.,port
no_match,6387.4,quay,Pristav Komarno - poloha 25,Donau,47.757214,18.119734,m_osm_6602902501,MOL Nyrt.,port
no_match,6388.6,quay,,Bovenschelde,50.824102,3.580977,m_osm_1266763915,Kloron,port
no_match,6389.8,quay,Ligplaats 1 Berghaven - Steiger links,Maas,51.044353,5.798544,m_osm_1415313145,Jachthaven Heerenlaak (Marec),port
no_match,6393.3,quay,1215,Port of Antwerp,51.256729,4.235957,m_osm_837845424,Yacht Club Scaldis,port
no_match,6393.8,quay,Citterssteiger Multraship,Unknown waterway,51.453356,3.704412,m_osm_1314819628,Jachthaven Oranjeplaat,port
no_match,6397.6,quay,5998,Unknown waterway,51.45335,3.705908,m_osm_1314819628,Jachthaven Oranjeplaat,port
no_match,6402.2,quay,Calamiteitensteiger,Unknown waterway,51.453587,3.712063,m_osm_1314819628,Jachthaven Oranjeplaat,port
no_match,6409.8,quay,Pristav Komarno - Zapadny bazen Komarno JB 5.29,Donau,47.756332,18.118987,m_osm_6602902501,MOL Nyrt.,port
no_match,6412.3,quay,,Kanaal Dessel-Turnhout-Schoten,51.247463,4.50504,m_osm_4322795,Kempisch dok,port
no_match,6412.5,quay,751C,Port of Antwerp,51.361096,4.287172,m_osm_837845424,Yacht Club Scaldis,port
no_match,6424.0,quay,Ligplaats 2 Berghaven - Steiger rechts,Maas,51.044115,5.798017,m_osm_1415313145,Jachthaven Heerenlaak (Marec),port
no_match,6424.8,quay,751D,Port of Antwerp,51.361165,4.285289,m_osm_837845424,Yacht Club Scaldis,port
no_match,6432.9,quay,,Albertkanaal,51.140536,4.928379,m_osm_36273295,Jachthaven Herentals,port
no_match,6434.5,quay,Ligplaats 2 Berghaven - Steiger links,Maas,51.044079,5.797614,m_osm_1415313145,Jachthaven Heerenlaak (Marec),port
no_match,6434.7,quay,,Albertkanaal,51.195987,4.639946,m_osm_98241745,Jachthaven VVW Emblem,port
no_match,6435.7,quay,,Kanaal Dessel-Turnhout-Schoten,51.247827,4.505246,m_osm_4322795,Kempisch dok,port
no_match,6437.4,quay,Vst Scaldia,Unknown waterway,51.454087,3.72065,m_osm_1314819628,Jachthaven Oranjeplaat,port
no_match,6437.5,quay,Ligplaats Overschild,Netherlands waterway,53.27966,6.764724,m_osm_963996193,Jachthaven Stedum,port
no_match,6439.2,quay,Pelt & Hooykaas Palen,Unknown waterway,51.452948,3.700146,m_osm_1314819628,Jachthaven Oranjeplaat,port
no_match,6441.5,quay,1063,Belgium waterway,51.240393,4.301978,m_osm_19627721,Jachthaven Linkeroever,port
no_match,6449.6,quay,1229,Port of Antwerp,51.258239,4.231442,m_osm_837845424,Yacht Club Scaldis,port
no_match,6450.3,quay,1335,Port of Antwerp,51.27094,4.212718,m_osm_837845424,Yacht Club Scaldis,port
no_match,6452.7,quay,,Albertkanaal,51.197161,4.637911,m_osm_98241745,Jachthaven VVW Emblem,port
no_match,6455.9,quay,,Kanaal Dessel-Turnhout-Schoten,51.248162,4.505413,m_osm_4322795,Kempisch dok,port
no_match,6460.4,quay,Odstavna poloha 17 Zapadny bazen Komarno juzny breh,Donau,47.756488,18.11835,m_osm_6602902501,MOL Nyrt.,port
no_match,6466.7,quay,,Zeekanaal Brussel-Schelde,50.708106,4.221003,m_osm_255425017,Port de plaisance d'Ittre,port
no_match,6469.6,pontoon,Ponton plaisance,Saône,46.94371,5.07779,m124,Verdun-sur-le-Doubs – Port,port
no_match,6472.2,quay,Odstavna poloha - lavy breh,Donau,47.752948,18.116681,m_osm_6602902501,MOL Nyrt.,port
no_match,6476.0,quay,,Kanaal Dessel-Turnhout-Schoten,51.248509,4.505571,m_osm_4322795,Kempisch dok,port
no_match,6477.9,quay,Pristav Komarno - HTD 19,Donau,47.752861,18.11657,m_osm_6602902501,MOL Nyrt.,port
no_match,6478.6,quay,,Netherlands waterway,53.235228,6.713203,m_osm_2179636771,Slochterhaven,port
no_match,6480.3,quay,729,Port of Antwerp,51.361391,4.279565,m_osm_837845424,Yacht Club Scaldis,port
no_match,6482.1,quay,Pristav Komarno - Zapadny bazen Komarno SB 5.3,Donau,47.75763,18.118607,m_osm_6602902501,MOL Nyrt.,port
no_match,6485.5,quay,Invista,Unknown waterway,51.452921,3.680289,m_osm_895035948,VVW Schelde,port
no_match,6489.6,quay,Pristav Komarno - poloha 26,Donau,47.757637,18.118505,m_osm_6602902501,MOL Nyrt.,port
no_match,6498.4,quay,,Kanaal Dessel-Turnhout-Schoten,51.248915,4.505735,m_osm_4322795,Kempisch dok,port
no_match,6499.0,quay,Ligplaats 3 Berghaven - Steiger rechts,Maas,51.043564,5.797077,m_osm_1415313145,Jachthaven Heerenlaak (Marec),port
no_match,6504.4,quay,SCL,Donau,48.159911,16.525036,m_osm_1502802694,Franz vom Schiff (Scheriau),port
no_match,6508.4,quay,Ligplaats 3 Berghaven - Steiger links,Maas,51.04354,5.796671,m_osm_1415313145,Jachthaven Heerenlaak (Marec),port
no_match,6509.9,quay,Pristav Komarno - Zapadny bazen Komarno JB 5.28,Donau,47.756766,18.117788,m_osm_6602902501,MOL Nyrt.,port
no_match,6510.7,quay,Stadt Freudenberg,Main,49.743962,9.323774,m_osm_183016564,Yacht-Club Miltenberg,port
no_match,6515.1,quay,Pelt & Hooykaas,Unknown waterway,51.452251,3.701701,m_osm_1314819628,Jachthaven Oranjeplaat,port
no_match,6515.9,quay,Liegestelle Zons,Rhine,51.120719,6.862874,m_osm_316247288,YCBL Yachtclub Bayer Leverkusen,port
no_match,6518.2,quay,,Kanaal Dessel-Turnhout-Schoten,51.249229,4.505896,m_osm_4322795,Kempisch dok,port
no_match,6519.1,quay,1061,Belgium waterway,51.238029,4.300313,m_osm_19627721,Jachthaven Linkeroever,port
no_match,6523.0,quay,Ligplaats K3Delta Gendt,Waal,51.855479,5.965034,m_osm_1446067379,Lindenberghaven Passantensteiger,port
no_match,6525.3,quay,Zuidzijde 1,Unknown waterway,51.443563,4.011933,m_osm_646483537,Willem-Alexanderhaven,port
no_match,6527.7,quay,Kegelligplaats Overschild,Netherlands waterway,53.281126,6.768838,m_osm_963996193,Jachthaven Stedum,port
no_match,6534.9,quay,Odstavna poloha 16 Zapadny bazen Komarno juzny breh,Donau,47.756819,18.117462,m_osm_6602902501,MOL Nyrt.,port
no_match,6536.8,quay,Komarom I.,Donau,47.750666,18.115018,m_osm_6602902501,MOL Nyrt.,port
no_match,6542.1,quay,759,Port of Antwerp,51.362236,4.293195,m_osm_837845424,Yacht Club Scaldis,port
no_match,6546.0,quay,1313,Port of Antwerp,51.266917,4.215727,m_osm_837845424,Yacht Club Scaldis,port
no_match,6546.3,quay,753A,Port of Antwerp,51.362315,4.288471,m_osm_837845424,Yacht Club Scaldis,port
no_match,6556.1,pontoon,ponton attente amont plaisance écluse Dracé,Saône,46.160592,4.795191,m125,Belleville-en-Beaujolais – Port,port
no_match,6557.0,quay,Odstavna poloha - lavy breh,Donau,47.752965,18.115519,m_osm_6602902501,MOL Nyrt.,port
no_match,6573.8,quay,Liegestelle Wesseling,Rhine,50.834136,6.977298,m_osm_233697893,Yachthafen: Club für Wassersport Porz,port
no_match,6575.4,quay,Pristav Komarno - HTD 18,Donau,47.752891,18.115238,m_osm_6602902501,MOL Nyrt.,port
no_match,6579.8,quay,753B,Port of Antwerp,51.362618,4.288725,m_osm_837845424,Yacht Club Scaldis,port
no_match,6580.7,quay,Pristav Komarno - Zapadny bazen Komarno SB 5.4,Donau,47.758017,18.11741,m_osm_6602902501,MOL Nyrt.,port
no_match,6582.2,quay,,Albertkanaal,51.235424,4.509997,m_osm_60261478,Kempischdok,port
no_match,6584.0,quay,,Albertkanaal,51.209455,4.590978,m_osm_98241745,Jachthaven VVW Emblem,port
no_match,6585.2,quay,1315,Port of Antwerp,51.267422,4.214384,m_osm_837845424,Yacht Club Scaldis,port
no_match,6591.1,quay,753C,Port of Antwerp,51.362721,4.289574,m_osm_837845424,Yacht Club Scaldis,port
no_match,6591.1,quay,DDF Ruse 1,Donau,43.882411,26.006706,m_osm_508231317,Yacht Club Port Rousse,port
no_match,6592.3,quay,Pristav Komarno - poloha 27,Donau,47.75803,18.117253,m_osm_6602902501,MOL Nyrt.,port
no_match,6600.1,quay,Liegestelle Bad Salzig,Rhine,50.210397,7.629432,m_osm_878655670,Sportboothafen Am Hunt,port
no_match,6601.4,quay,1217,Port of Antwerp,51.255081,4.234499,m_osm_837845424,Yacht Club Scaldis,port
no_match,6606.1,quay,1317,Port of Antwerp,51.267632,4.21375,m_osm_837845424,Yacht Club Scaldis,port
no_match,6612.3,quay,Pristav Komarno - Zapadny bazen Komarno JB 5.27,Donau,47.757269,18.116591,m_osm_6602902501,MOL Nyrt.,port
no_match,6622.1,quay,Tanklände Neue Donau linkes Ufer,Donau,48.157932,16.524864,m_osm_1502802694,Franz vom Schiff (Scheriau),port
no_match,6623.1,quay,1333,Port of Antwerp,51.269316,4.211489,m_osm_837845424,Yacht Club Scaldis,port
no_match,6632.6,quay,Odstavna poloha - lavy breh,Donau,47.752989,18.114486,m_osm_6602902501,MOL Nyrt.,port
no_match,6641.1,quay,Ligplaats Zwaaikom Dongen (ONP),Netherlands waterway,51.620069,4.929956,m_osm_316312859,WSV Sluis 1,port
no_match,6656.9,quay,1227,Port of Antwerp,51.256535,4.230078,m_osm_837845424,Yacht Club Scaldis,port
no_match,6658.1,quay,DDF Ruse 2,Donau,43.881513,26.008761,m_osm_508231317,Yacht Club Port Rousse,port
no_match,6660.5,quay,Liegestelle Wesseling,Rhine,50.832522,6.977951,m_osm_233697893,Yachthafen: Club für Wassersport Porz,port
no_match,6669.7,quay,,Albertkanaal,51.21035,4.588164,m_osm_98241745,Jachthaven VVW Emblem,port
no_match,6671.2,quay,Gemeinde Neustadt,Main,49.932479,9.572168,m_osm_1690334502,Sport-Boot-Club Lohr,port
no_match,6673.2,quay,Pristav Komarno - HTD 17,Donau,47.75296,18.113916,m_osm_6602902501,MOL Nyrt.,port
no_match,6679.7,quay,Pristav Komarno - Zapadny bazen Komarno SB 5.5,Donau,47.758385,18.116198,m_osm_6602902501,MOL Nyrt.,port
no_match,6681.7,quay,755A,Port of Antwerp,51.363536,4.289256,m_osm_837845424,Yacht Club Scaldis,port
no_match,6682.6,quay,,Zeekanaal Brussel-Schelde,50.710276,4.223356,m_osm_255425017,Port de plaisance d'Ittre,port
no_match,6685.5,quay,"Strengberg-Au, Rote Mühle",Donau,48.179209,14.634053,m_osm_2150418536,Motor Yacht Club Au an der Donau,port
no_match,6688.7,quay,,Zeekanaal Brussel-Schelde,51.014276,4.363322,m_osm_528530237,Dok 3,port
no_match,6694.1,quay,Odstavna poloha 14 Zapadny bazen Komarno juzny breh,Donau,47.757467,18.115535,m_osm_6602902501,MOL Nyrt.,port
no_match,6694.3,quay,757,Port of Antwerp,51.363618,4.29264,m_osm_837845424,Yacht Club Scaldis,port
no_match,6695.3,quay,Pristav Komarno - poloha 28,Donau,47.758408,18.115989,m_osm_6602902501,MOL Nyrt.,port
no_match,6695.9,quay,,Belgium waterway,51.039104,4.444972,m_osm_528530237,Dok 3,port
no_match,6699.5,quay,,Netherlands waterway,51.969738,5.74256,m_osm_183254169,WSV Vada,port
no_match,6699.9,quay,,Main,49.932123,9.574089,m_osm_1690334502,Sport-Boot-Club Lohr,port
no_match,6700.1,quay,W Co berth 1,Donau,43.882582,26.008263,m_osm_508231317,Yacht Club Port Rousse,port
no_match,6700.9,quay,,Belgium waterway,51.039276,4.445258,m_osm_528530237,Dok 3,port
no_match,6705.7,quay,Liegestelle Essing - Oberau,Main-Donau-Kanal,48.925331,11.836855,m_osm_431082550,Marina Saal,port
no_match,6715.2,quay,DDF Ruse 3,Donau,43.881157,26.010031,m_osm_508231317,Yacht Club Port Rousse,port
no_match,6715.5,quay,,Albertkanaal,51.196353,4.645587,m_osm_98241745,Jachthaven VVW Emblem,port
no_match,6715.6,quay,Pristav Komarno - Zapadny bazen Komarno JB 5.26,Donau,47.757676,18.115335,m_osm_6602902501,MOL Nyrt.,port
no_match,6718.5,quay,,Boven-Zeeschelde,51.003274,3.989161,m_osm_3872683655,Costa Zela,port
no_match,6718.6,quay,755B,Port of Antwerp,51.363858,4.291332,m_osm_837845424,Yacht Club Scaldis,port
no_match,6720.9,quay,Gemeinde Neustadt,Main,49.932037,9.572047,m_osm_1690334502,Sport-Boot-Club Lohr,port
no_match,6721.4,quay,Liegestelle Wesseling,Rhine,50.831068,6.978949,m_osm_233697893,Yachthafen: Club für Wassersport Porz,port
no_match,6721.5,quay,Odstavna poloha - lavy breh,Donau,47.753111,18.113306,m_osm_6602902501,MOL Nyrt.,port
no_match,6722.4,quay,,Main,49.931924,9.57402,m_osm_1690334502,Sport-Boot-Club Lohr,port
no_match,6725.9,quay,,Boven-Zeeschelde,51.034166,4.171899,m_osm_5455037953,Yacht Club Driegoten,port
no_match,6731.0,quay,Liegestelle Wesseling,Rhine,50.827036,6.983831,m_osm_2380099448,Yacht-Club Hersel 1971 e.V.,port
no_match,6732.8,quay,,Kanaal Dessel-Turnhout-Schoten,51.296247,4.555439,m_osm_1255047957,B.Y.C.,port
no_match,6737.3,quay,Liegeplatz Briedel,Mosel,50.026035,7.15004,m_osm_530787671,Hafen Traben-Trarbach,port
no_match,6741.3,quay,,Kanaal Dessel-Turnhout-Schoten,51.252938,4.507481,m_osm_4322795,Kempisch dok,port
no_match,6751.9,quay,,Kanaal Dessel-Turnhout-Schoten,51.296053,4.555313,m_osm_1255047957,B.Y.C.,port
no_match,6768.2,quay,Liegestelle Wesseling,Rhine,50.829738,6.980117,m_osm_233697893,Yachthafen: Club für Wassersport Porz,port
no_match,6769.4,quay,,Bovenschelde,50.827286,3.584281,m_osm_1266763915,Kloron,port
no_match,6771.8,quay,Pristav Komarno - HTD 16,Donau,47.75312,18.112616,m_osm_6602902501,MOL Nyrt.,port
no_match,6778.3,quay,,Kanaal Dessel-Turnhout-Schoten,51.29586,4.555061,m_osm_1255047957,B.Y.C.,port
no_match,6778.7,quay,Pristav Komarno - Zapadny bazen Komarno SB 5.6,Donau,47.75871,18.114964,m_osm_6602902501,MOL Nyrt.,port
no_match,6791.9,quay,,Leie,50.807668,3.213166,m_osm_114555530,Port de plaisance d'Halluin,port
no_match,6795.0,quay,Ligplaats Zwijndrecht LO kmp 75.5,Belgium waterway,51.185694,4.327063,m_osm_625248475,Jachthaven Linkeroever,port
no_match,6796.8,quay,1331,Port of Antwerp,51.267683,4.210281,m_osm_837845424,Yacht Club Scaldis,port
no_match,6798.8,quay,Pristav Komarno - poloha 29,Donau,47.758749,18.1147,m_osm_6602902501,MOL Nyrt.,port
no_match,6799.1,quay,1075,Belgium waterway,51.242312,4.287642,m_osm_837845424,Yacht Club Scaldis,port
no_match,6807.6,quay,,Kanaal Dessel-Turnhout-Schoten,51.295719,4.554705,m_osm_1255047957,B.Y.C.,port
no_match,6807.7,quay,Ligplaats autoafzetplaats Driel,Netherlands waterway,51.966196,5.802583,m_osm_4115694895,Tankstation: Arnhem,fuel
no_match,6809.7,quay,1219,Port of Antwerp,51.253433,4.233038,m_osm_837845424,Yacht Club Scaldis,port
no_match,6813.1,quay,Liegeplatz,Mosel,49.699434,6.482862,m_osm_128645794,Yachthafen WSC Konz,port
no_match,6818.8,quay,,Albertkanaal,51.234334,4.513429,m_osm_60261478,Kempischdok,port
no_match,6819.2,quay,bollards,Saône,46.165253,4.790893,m125,Belleville-en-Beaujolais – Port,port
no_match,6820.8,quay,Zeeland Refinery Borsele,Unknown waterway,51.411898,3.728377,m_osm_379073316,Tijhaven Ellewoutsdijk,port
no_match,6820.9,quay,Pristav Komarno - Zapadny bazen Komarno JB 5.25,Donau,47.758001,18.114011,m_osm_6602902501,MOL Nyrt.,port
no_match,6821.0,quay,MD 5,Unknown waterway,51.412012,3.728459,m_osm_379073316,Tijhaven Ellewoutsdijk,port
no_match,6826.2,pontoon,,Moselle,49.449481,6.34503,m_osm_259904188,Sportboothafen Schwebsange,port
no_match,6830.2,quay,,Kanaal Dessel-Turnhout-Schoten,51.295673,4.554365,m_osm_1255047957,B.Y.C.,port
no_match,6831.5,quay,Ligplaats De Boer bv Bontemorgen,Netherlands waterway,51.969072,5.529222,m_osm_183253990,Jachthaven Eiland van Maurik,port
no_match,6833.3,quay,Odstavna poloha - lavy breh,Donau,47.753282,18.111829,m_osm_6602902501,MOL Nyrt.,port
no_match,6836.4,quay,Kalootkade C,Unknown waterway,51.449398,3.705743,m_osm_1314819628,Jachthaven Oranjeplaat,port
no_match,6851.6,quay,,Kanaal Dessel-Turnhout-Schoten,51.295688,4.553982,m_osm_1255047957,B.Y.C.,port
no_match,6855.2,quay,Tanklände Neue Donau rechtes Ufer,Donau,48.156107,16.526744,m_osm_1502802694,Franz vom Schiff (Scheriau),port
no_match,6859.9,quay,Grenzkontrollände Lobau,Donau,48.155449,16.526068,m_osm_1502802694,Franz vom Schiff (Scheriau),port
no_match,6860.8,quay,1225,Port of Antwerp,51.254862,4.228738,m_osm_837845424,Yacht Club Scaldis,port
no_match,6870.8,quay,Pristav Komarno - HTD 15,Donau,47.753274,18.111309,m_osm_6602902501,MOL Nyrt.,port
no_match,6873.5,quay,1099,Belgium waterway,51.242183,4.276371,m_osm_837845424,Yacht Club Scaldis,port
no_match,6877.9,quay,Pristav Komarno - Zapadny bazen Komarno SB 5.7,Donau,47.759001,18.113709,m_osm_6602902501,MOL Nyrt.,port
no_match,6878.3,quay,1095,Belgium waterway,51.242003,4.278106,m_osm_837845424,Yacht Club Scaldis,port
no_match,6881.1,quay,,Albertkanaal,51.234813,4.514313,m_osm_60261478,Kempischdok,port
no_match,6884.3,quay,1093,Belgium waterway,51.241882,4.279069,m_osm_837845424,Yacht Club Scaldis,port
no_match,6902.0,quay,Pristav Komarno - poloha 30,Donau,47.759056,18.113396,m_osm_6602902501,MOL Nyrt.,port
no_match,6903.9,quay,1091,Belgium waterway,51.241641,4.280081,m_osm_837845424,Yacht Club Scaldis,port
no_match,6907.7,quay,Liegestelle Neustadt,Main,49.930343,9.572183,m_osm_1690334502,Sport-Boot-Club Lohr,port
no_match,6910.7,quay,Odstavna poloha 12 Zapadny bazen Komarno juzny breh,Donau,47.758135,18.112812,m_osm_6602902501,MOL Nyrt.,port
no_match,6912.5,quay,1221,Port of Antwerp,51.25311,4.231221,m_osm_837845424,Yacht Club Scaldis,port
no_match,6924.1,quay,,Leie,50.808385,3.217168,m_osm_1280257416,Kuurne,port
no_match,6925.5,quay,1089,Belgium waterway,51.24134,4.282056,m_osm_837845424,Yacht Club Scaldis,port
no_match,6926.2,quay,Pristav Komarno - Zapadny bazen Komarno JB 5.24,Donau,47.758265,18.112657,m_osm_6602902501,MOL Nyrt.,port
no_match,6931.4,quay,Wachtpalen Kegel,Unknown waterway,51.448901,3.713564,m_osm_1314819628,Jachthaven Oranjeplaat,port
no_match,6938.4,quay,1223,Port of Antwerp,51.253837,4.229034,m_osm_837845424,Yacht Club Scaldis,port
no_match,6951.5,quay,Odstavna poloha - lavy breh,Donau,47.753459,18.110266,m_osm_6602902501,MOL Nyrt.,port
no_match,6961.0,quay,,Zeekanaal Brussel-Schelde,51.011785,4.365468,m_osm_528530237,Dok 3,port
no_match,6961.8,quay,,Kanaal Dessel-Turnhout-Schoten,51.25583,4.509225,m_osm_4322795,Kempisch dok,port
no_match,6964.5,quay,,Belgium waterway,51.037292,4.447625,m_osm_528530237,Dok 3,port
no_match,6965.0,quay,,Belgium waterway,51.037527,4.447908,m_osm_528530237,Dok 3,port
no_match,6969.2,quay,1329,Port of Antwerp,51.266078,4.209089,m_osm_837845424,Yacht Club Scaldis,port
no_match,6969.5,quay,,Albertkanaal,50.93862,5.437631,m_osm_317822393,Royal Hasselt Yachting Club,port
no_match,6970.2,quay,Pristav Komarno - HTD 14,Donau,47.753424,18.109995,m_osm_6602902501,MOL Nyrt.,port
no_match,6974.3,quay,1087,Belgium waterway,51.240798,4.284706,m_osm_837845424,Yacht Club Scaldis,port
no_match,6977.2,quay,Pristav Komarno - Zapadny bazen Komarno SB 5.8,Donau,47.759284,18.112449,m_osm_6602902501,MOL Nyrt.,port
no_match,6992.9,quay,Liegestelle Bad Salzig,Rhine,50.21247,7.624832,m_osm_878655670,Sportboothafen Am Hunt,port
no_match,7002.1,quay,Wachtpalen Kegel,Unknown waterway,51.448331,3.714519,m_osm_1314819628,Jachthaven Oranjeplaat,port
no_match,7005.7,quay,Pristav Komarno - poloha 31,Donau,47.759357,18.112084,m_osm_6602902501,MOL Nyrt.,port
no_match,7007.2,pontoon,Port de Courcelles les Lens 3,Canal Dunkerque–Escaut,50.424657,3.028159,m133,Douai – Port de Plaisance,port
no_match,7013.8,pontoon,,Donau,44.134348,27.27674,m_osm_14002131032,Administrația Portuară Călărași,port
no_match,7019.3,quay,Odstavna poloha 11 Zapadny bazen Komarno juzny breh,Donau,47.758376,18.111401,m_osm_6602902501,MOL Nyrt.,port
no_match,7019.5,pontoon,,Donau,44.134245,27.276833,m_osm_14002131032,Administrația Portuară Călărași,port
no_match,7024.7,quay,Dana acostare bac OSTROVIT SA CHICIU,Donau,44.134131,27.276961,m_osm_14002131032,Administrația Portuară Călărași,port
no_match,7032.7,quay,Pristav Komarno - Zapadny bazen Komarno JB 5.23,Donau,47.758503,18.111274,m_osm_6602902501,MOL Nyrt.,port
no_match,7034.7,pontoon,Port de Courcelles les Lens 2,Canal Dunkerque–Escaut,50.42483,3.027858,m133,Douai – Port de Plaisance,port
no_match,7036.0,quay,Liegestelle Fürth,Main-Donau-Kanal,49.501565,10.95245,m_osm_2336957385,Sportbootclub Herzogenaurach,port
no_match,7041.3,quay,Inland vessels,Belgium waterway,51.139431,4.325685,m_osm_2382615930,De Ponton,port
no_match,7058.0,pontoon,Port de Courcelles les Lens 1,Canal Dunkerque–Escaut,50.424957,3.027555,m133,Douai – Port de Plaisance,port
no_match,7062.7,quay,,Boven-Zeeschelde,51.031984,4.187701,m_osm_5455037953,Yacht Club Driegoten,port
no_match,7062.9,quay,Odstavna poloha - lavy breh,Donau,47.753643,18.108799,m_osm_6602902501,MOL Nyrt.,port
no_match,7070.7,quay,Pristav Komarno - HTD 13,Donau,47.753599,18.108675,m_osm_6602902501,MOL Nyrt.,port
no_match,7073.1,quay,Wachtpalen Kegel Documentensteiger,Unknown waterway,51.447764,3.715489,m_osm_1314819628,Jachthaven Oranjeplaat,port
no_match,7076.3,quay,Pristav Komarno - Zapadny bazen Komarno SB 5.9,Donau,47.759564,18.111191,m_osm_6602902501,MOL Nyrt.,port
no_match,7085.4,quay,Ligplaats Kruibeke LO kmp 75.2,Belgium waterway,51.18279,4.325963,m_osm_625248475,Jachthaven Linkeroever,port
no_match,7085.8,quay,,Boven-Zeeschelde,51.031627,4.186219,m_osm_5455037953,Yacht Club Driegoten,port
no_match,7091.9,quay,Liegestelle,Saar,49.489086,6.561369,m_osm_142370599,Yachthafen Merzig,port
no_match,7097.4,quay,B,Donau,47.386309,18.984045,m_osm_12997987503,"Kajak, kenu edzőhely",port
no_match,7114.8,quay,,Albertkanaal,51.233777,4.517686,m_osm_60261478,Kempischdok,port
no_match,7120.8,quay,,Zuid-Willemsvaart,50.918952,5.705343,m_osm_4720042858,Bassin,port
no_match,7131.1,quay,Odstavna poloha 10 Zapadny bazen Komarno juzny breh,Donau,47.758553,18.109913,m_osm_6602902501,MOL Nyrt.,port
no_match,7137.5,quay,Pristav Komarno - Zapadny bazen Komarno JB 5.22,Donau,47.758663,18.109877,m_osm_6602902501,MOL Nyrt.,port
no_match,7145.7,quay,Kalootkade B,Unknown waterway,51.446609,3.705457,m_osm_1314819628,Jachthaven Oranjeplaat,port
no_match,7148.7,quay,,Kanaal Gent-Oostende,51.106379,3.429797,m_osm_1493824668,BWSV Beernem,port
no_match,7155.8,quay,Ligplaats Kelpen,Netherlands waterway,51.226375,5.806144,m_osm_598259530,Passantenhaven Nederweert,port
no_match,7160.8,quay,Kaloothaven Afzinkput,Unknown waterway,51.446505,3.706841,m_osm_1314819628,Jachthaven Oranjeplaat,port
no_match,7162.1,quay,Odstavna poloha - lavy breh,Donau,47.753855,18.107509,m_osm_6602902501,MOL Nyrt.,port
no_match,7162.5,pontoon,,Donau,44.133432,27.275281,m_osm_14002131032,Administrația Portuară Călărași,port
no_match,7167.6,quay,Heerema C,Unknown waterway,51.446526,3.70923,m_osm_1314819628,Jachthaven Oranjeplaat,port
no_match,7169.6,quay,DANA ACOSTARE - APDF SA CHICIU,Donau,44.133324,27.275349,m_osm_14002131032,Administrația Portuară Călărași,port
no_match,7170.6,quay,Pristav Komarno - HTD 12,Donau,47.753803,18.107374,m_osm_6602902501,MOL Nyrt.,port
no_match,7175.2,quay,Pristav Komarno - Zapadny bazen Komarno SB 5.10,Donau,47.759775,18.109899,m_osm_6602902501,MOL Nyrt.,port
no_match,7176.8,pontoon,,Moselle,49.44576,6.349453,m_osm_259904188,Sportboothafen Schwebsange,port
no_match,7181.1,pontoon,,Moselle,49.445711,6.349556,m_osm_259904188,Sportboothafen Schwebsange,port
no_match,7183.1,quay,1,Unknown waterway,51.447007,3.718222,m_osm_1314819628,Jachthaven Oranjeplaat,port
no_match,7183.3,quay,Pristav Komarno - poloha 33,Donau,47.759743,18.109768,m_osm_6602902501,MOL Nyrt.,port
no_match,7188.1,quay,,Bovenschelde,50.831323,3.587258,m_osm_1266763915,Kloron,port
no_match,7190.2,pontoon,,Moselle,49.445616,6.34968,m_osm_259904188,Sportboothafen Schwebsange,port
no_match,7191.0,quay,,Albertkanaal,50.937018,5.440601,m_osm_317822393,Royal Hasselt Yachting Club,port
no_match,7196.2,quay,,Zeekanaal Brussel-Schelde,51.009673,4.365175,m_osm_528530237,Dok 3,port
no_match,7199.3,pontoon,,Moselle,49.445524,6.349775,m_osm_259904188,Sportboothafen Schwebsange,port
no_match,7203.1,quay,Liegemöglichkeit Kripp,Rhine,50.567669,7.271032,m_osm_353831968,Yachthafen Oberwinter,port
no_match,7210.8,pontoon,,Moselle,49.445409,6.349883,m_osm_259904188,Sportboothafen Schwebsange,port
no_match,7216.2,quay,2,Unknown waterway,51.446759,3.71876,m_osm_1314819628,Jachthaven Oranjeplaat,port
no_match,7220.3,quay,Grimsing,Donau,48.274363,15.384218,m_osm_333012197,Yachthafen Emmersdorf,port
no_match,7220.4,pontoon,,Seine (Amont),48.483926,2.709428,m100,Melun – Port de Plaisance,port
no_match,7221.7,quay,Zeeland Refinery 1,Unknown waterway,51.446664,3.718309,m_osm_1314819628,Jachthaven Oranjeplaat,port
no_match,7222.4,pontoon,,Moselle,49.445294,6.34999,m_osm_259904188,Sportboothafen Schwebsange,port
no_match,7236.6,pontoon,,Donau,44.133232,27.27401,m_osm_14002131032,Administrația Portuară Călărași,port
no_match,7239.5,quay,Odstavna poloha 9 Zapadny bazen Komarno juzny breh,Donau,47.758653,18.108438,m_osm_6602902501,MOL Nyrt.,port
no_match,7239.8,quay,Heerema B,Unknown waterway,51.446017,3.712064,m_osm_1314819628,Jachthaven Oranjeplaat,port
no_match,7240.8,quay,Pristav Komarno - Zapadny bazen Komarno JB 5.21,Donau,47.75875,18.108465,m_osm_6602902501,MOL Nyrt.,port
no_match,7256.7,quay,Odstavna poloha - lavy breh,Donau,47.754061,18.106282,m_osm_6602902501,MOL Nyrt.,port
no_match,7270.2,quay,Pristav Komarno - HTD 11,Donau,47.754018,18.10608,m_osm_6602902501,MOL Nyrt.,port
no_match,7274.2,quay,Pristav Komarno - Zapadny bazen Komarno SB 5.11,Donau,47.75983,18.108528,m_osm_6602902501,MOL Nyrt.,port
no_match,7279.8,quay,,Bovenschelde,50.83212,3.587982,m_osm_1266763915,Kloron,port
no_match,7292.8,quay,,Netherlands waterway,51.227585,5.611471,m_osm_1395865713,Passantenhaven Weert,port
no_match,7308.7,quay,B,Donau,47.384251,18.97794,m_osm_12997987503,"Kajak, kenu edzőhely",port
no_match,7310.5,quay,Martens,Unknown waterway,51.445179,3.707582,m_osm_1314819628,Jachthaven Oranjeplaat,port
no_match,7330.5,quay,,Albertkanaal,51.189429,4.667778,m_osm_98241745,Jachthaven VVW Emblem,port
no_match,7337.8,quay,,Albertkanaal,51.17984,4.753201,m_osm_36273295,Jachthaven Herentals,port
no_match,7343.4,quay,Pristav Komarno - Zapadny bazen Komarno JB 5.20,Donau,47.758769,18.107033,m_osm_6602902501,MOL Nyrt.,port
no_match,7347.5,quay,Odstavna poloha 8 Zapadny bazen Komarno juzny breh,Donau,47.758679,18.106933,m_osm_6602902501,MOL Nyrt.,port
no_match,7354.3,quay,Odstavna poloha - lavy breh,Donau,47.754269,18.105013,m_osm_6602902501,MOL Nyrt.,port
no_match,7365.2,quay,Budapest XXII. lower,Donau,47.383122,18.975765,m_osm_12997987503,"Kajak, kenu edzőhely",port
no_match,7369.5,quay,Pristav Komarno - HTD 10,Donau,47.75425,18.104797,m_osm_6602902501,MOL Nyrt.,port
no_match,7369.6,quay,Pristav Komarno - Zapadny bazen Komarno SB 5.12,Donau,47.759864,18.107197,m_osm_6602902501,MOL Nyrt.,port
no_match,7375.3,quay,,Albertkanaal,51.189218,4.668817,m_osm_98241745,Jachthaven VVW Emblem,port
no_match,7377.1,quay,3,Unknown waterway,51.445522,3.720954,m_osm_1314819628,Jachthaven Oranjeplaat,port
no_match,7379.1,pontoon,,Unknown waterway,51.444482,3.703166,m_osm_1314819628,Jachthaven Oranjeplaat,port
no_match,7386.8,quay,Ligplaats Antwerpen RO kmp 74.5,Belgium waterway,51.17686,4.330791,m_osm_625248475,Jachthaven Linkeroever,port
no_match,7392.4,quay,,Bovenschelde,50.832998,3.588974,m_osm_1266763915,Kloron,port
no_match,7400.0,quay,,Dunajský Kanál,47.903577,17.506903,m_osm_8152536946,Vizitúra stég,port
no_match,7402.5,quay,Zeeland Refinery 3,Unknown waterway,51.445268,3.72075,m_osm_1314819628,Jachthaven Oranjeplaat,port
no_match,7412.2,quay,Kalootkade A,Unknown waterway,51.444183,3.702804,m_osm_1314819628,Jachthaven Oranjeplaat,port
no_match,7412.4,quay,,Albertkanaal,51.231673,4.521909,m_osm_60261478,Kempischdok,port
no_match,7414.5,quay,Heerema A,Unknown waterway,51.4446,3.714563,m_osm_1314819628,Jachthaven Oranjeplaat,port
no_match,7421.7,quay,quai de chargement et de déchargement,Moselle,48.754449,6.148289,m070,Nancy – Port de Plaisance,port
no_match,7423.6,quay,Hoondert,Unknown waterway,51.44412,3.706038,m_osm_1314819628,Jachthaven Oranjeplaat,port
no_match,7432.1,pontoon,passerelle,Moselle,49.442807,6.359516,m_osm_259904188,Sportboothafen Schwebsange,port
no_match,7435.4,quay,Zeeland Refinery 4,Unknown waterway,51.444952,3.720606,m_osm_1314819628,Jachthaven Oranjeplaat,port
no_match,7444.3,quay,Pristav Komarno - Zapadny bazen Komarno JB 5.19,Donau,47.758765,18.105616,m_osm_6602902501,MOL Nyrt.,port
no_match,7445.3,quay,Odstavna poloha - lavy breh,Donau,47.754486,18.103839,m_osm_6602902501,MOL Nyrt.,port
no_match,7447.6,pontoon,Halte de Crèches-sur-Saône,Saône,46.240085,4.807139,m054,Mâcon – Port de Plaisance,port
no_match,7449.0,pontoon,,Unknown waterway,51.443851,3.702476,m_osm_1314819628,Jachthaven Oranjeplaat,port
no_match,7450.2,pontoon,passerelle,Moselle,49.442653,6.359221,m_osm_259904188,Sportboothafen Schwebsange,port
no_match,7452.4,quay,Odstavna poloha 7 Zapadny bazen Komarno juzny breh,Donau,47.758685,18.105466,m_osm_6602902501,MOL Nyrt.,port
no_match,7452.5,quay,Zeeland Refinery 5,Unknown waterway,51.444765,3.720319,m_osm_1314819628,Jachthaven Oranjeplaat,port
no_match,7467.0,quay,4,Unknown waterway,51.4447,3.720946,m_osm_1314819628,Jachthaven Oranjeplaat,port
no_match,7467.8,quay,Kegelligplaats Driel,Netherlands waterway,51.963335,5.793682,m_osm_4115694895,Tankstation: Arnhem,fuel
no_match,7471.6,quay,Pristav Komarno - HTD 9,Donau,47.754526,18.103492,m_osm_6602902501,MOL Nyrt.,port
no_match,7479.0,quay,5,Unknown waterway,51.444558,3.720643,m_osm_1314819628,Jachthaven Oranjeplaat,port
no_match,7485.5,pontoon,,Seine,48.814823,2.452246,m060,Paris – Port de l'Arsenal,port
no_match,7498.6,quay,,Kanaal Dessel-Turnhout-Schoten,51.330566,4.744754,m_osm_1989728142,Brechtse Yacht Club,port
no_match,7499.7,quay,Zeeland Refinery 6,Unknown waterway,51.444259,3.719588,m_osm_1314819628,Jachthaven Oranjeplaat,port
no_match,7501.7,pontoon,,Moselle,48.712808,5.976349,m225,Halte Fluviale de Toul,halte
no_match,7508.3,pontoon,,Moselle,48.712838,5.976427,m225,Halte Fluviale de Toul,halte
no_match,7511.0,quay,,Albertkanaal,51.232189,4.523348,m_osm_60261478,Kempischdok,port
no_match,7514.8,pontoon,,Moselle,48.712864,5.976506,m225,Halte Fluviale de Toul,halte
no_match,7516.2,quay,6,Unknown waterway,51.444134,3.719836,m_osm_1314819628,Jachthaven Oranjeplaat,port
no_match,7516.9,quay,,Albertkanaal,51.13571,4.942198,m_osm_36273295,Jachthaven Herentals,port
no_match,7519.8,quay,Liegestelle Bad Salzig,Rhine,50.215675,7.61936,m_osm_878655670,Sportboothafen Am Hunt,port
no_match,7521.5,pontoon,Halte de Quesnoy sur Deûle 2,Canal Dunkerque–Escaut,50.71038,3.002212,m_osm_461940882,Passantenhaven De Balokken,port
no_match,7521.6,pontoon,,Moselle,48.712895,5.976586,m225,Halte Fluviale de Toul,halte
no_match,7522.8,quay,Zeeland Refinery 7,Unknown waterway,51.444015,3.719249,m_osm_1314819628,Jachthaven Oranjeplaat,port
no_match,7523.8,pontoon,Halte de Quesnoy sur Deûle 1,Canal Dunkerque–Escaut,50.710457,3.001779,m_osm_461940882,Passantenhaven De Balokken,port
no_match,7528.0,pontoon,,Moselle,48.712922,5.976664,m225,Halte Fluviale de Toul,halte
no_match,7534.8,pontoon,,Moselle,48.71296,5.976738,m225,Halte Fluviale de Toul,halte
no_match,7535.0,quay,Acces World,Unknown waterway,51.443092,3.704521,m_osm_1314819628,Jachthaven Oranjeplaat,port
no_match,7535.5,quay,,Maas,51.041527,5.765629,m_osm_1415313145,Jachthaven Heerenlaak (Marec),port
no_match,7535.5,quay,7,Unknown waterway,51.443916,3.719412,m_osm_1314819628,Jachthaven Oranjeplaat,port
no_match,7538.4,quay,Odstavna poloha - lavy breh,Donau,47.754757,18.102655,m_osm_6602902501,MOL Nyrt.,port
no_match,7545.0,quay,Pristav Komarno - Zapadny bazen Komarno JB 5.18,Donau,47.758755,18.104201,m_osm_6602902501,MOL Nyrt.,port
no_match,7554.9,pontoon,,Moselle,48.713054,5.976972,m225,Halte Fluviale de Toul,halte
no_match,7558.9,quay,Odstavna poloha 6 Zapadny bazen Komarno juzny breh,Donau,47.758655,18.103961,m_osm_6602902501,MOL Nyrt.,port
no_match,7560.8,pontoon,,Moselle,48.713071,5.977051,m225,Halte Fluviale de Toul,halte
no_match,7561.3,quay,,Zeekanaal Brussel-Schelde,51.00638,4.366131,m_osm_528530237,Dok 3,port
no_match,7570.0,quay,Pristav Komarno - HTD 8,Donau,47.754889,18.102268,m_osm_6602902501,MOL Nyrt.,port
no_match,7572.4,quay,,Belgium waterway,51.186206,5.2568,m_osm_1305739099,Zilvermeerhaven,port
no_match,7581.2,quay,,Maas,51.04164,5.764022,m_osm_1415313145,Jachthaven Heerenlaak (Marec),port
no_match,7607.5,quay,Citterssteiger Reinplus,Unknown waterway,51.443169,3.718461,m_osm_1314819628,Jachthaven Oranjeplaat,port
no_match,7614.4,quay,Kaloot Dwarskade,Unknown waterway,51.442364,3.702654,m_osm_1314819628,Jachthaven Oranjeplaat,port
no_match,7624.9,quay,,Albertkanaal,51.135183,4.943509,m_osm_36273295,Jachthaven Herentals,port
no_match,7636.0,quay,,Kanaal Dessel-Turnhout-Schoten,51.264882,4.513491,m_osm_4322795,Kempisch dok,port
no_match,7642.2,quay,Odstavna poloha - lavy breh,Donau,47.755094,18.101349,m_osm_6602902501,MOL Nyrt.,port
no_match,7644.3,quay,Pristav Komarno - Zapadny bazen Komarno JB 5.17,Donau,47.75873,18.102801,m_osm_6602902501,MOL Nyrt.,port
no_match,7648.1,quay,Liegestelle Marktheidenfeld,Main,49.845382,9.598303,m_osm_1690320157,WSV-Bettingen e.V.,port
no_match,7652.9,quay,,Bovenschelde,50.834522,3.591814,m_osm_1266763915,Kloron,port
no_match,7661.7,quay,Odstavna poloha 5 Zapadny bazen Komarno  juzny breh,Donau,47.75862,18.102508,m_osm_6602902501,MOL Nyrt.,port
no_match,7669.1,quay,Pristav Komarno - HTD 7,Donau,47.755197,18.101015,m_osm_6602902501,MOL Nyrt.,port
no_match,7673.6,quay,,Albertkanaal,51.179106,4.748363,m_osm_36273295,Jachthaven Herentals,port
no_match,7691.1,quay,,Zuid-Willemsvaart,51.14561,5.614169,m_osm_1768051322,Kids Harbour,port
no_match,7700.7,quay,Ligplaats Antwerpen RO kmp 74.1,Belgium waterway,51.173404,4.330771,m_osm_625248475,Jachthaven Linkeroever,port
no_match,7722.9,quay,,Albertkanaal,50.983392,5.248925,m_osm_317822393,Royal Hasselt Yachting Club,port
no_match,7735.3,quay,,Albertkanaal,51.133871,4.948171,m_osm_4447544120,Yachting Club Geel,port
no_match,7741.3,quay,Pristav Komarno - Zapadny bazen Komarno JB 5.16,Donau,47.758675,18.101421,m_osm_6602902501,MOL Nyrt.,port
no_match,7745.3,quay,Odstavna poloha - lavy breh,Donau,47.755432,18.100052,m_osm_6602902501,MOL Nyrt.,port
no_match,7760.9,quay,Odstavna poloha 4 Zapadny bazen Komarno juzny breh,Donau,47.758554,18.101094,m_osm_6602902501,MOL Nyrt.,port
no_match,7764.9,quay,Ruse Duty free 1,Donau,43.888362,26.018861,m_osm_508231317,Yacht Club Port Rousse,port
no_match,7768.4,quay,,Bovenschelde,50.956216,3.656507,m_osm_1327327715,MYCG,port
no_match,7768.5,quay,Pristav Komarno - HTD 6,Donau,47.755511,18.099761,m_osm_6602902501,MOL Nyrt.,port
no_match,7777.1,pontoon,,Seine (Amont),48.424492,2.745385,m101,Moret-sur-Loing – Halte Nautique,halte
no_match,7778.9,quay,Pristav Komarno - Zapadny bazen Komarno SB 5.13,Donau,47.759877,18.101444,m_osm_6602902501,MOL Nyrt.,port
no_match,7792.4,quay,Aggsbach Markt,Donau,48.299234,15.406017,m_osm_332670512,Wassersportclub Spitz,port
no_match,7793.4,pontoon,,Seine (Amont),48.537129,2.554235,m100,Melun – Port de Plaisance,port
no_match,7805.7,pontoon,,Seine (Amont),48.424837,2.745389,m101,Moret-sur-Loing – Halte Nautique,halte
no_match,7823.6,quay,,Zuid-Willemsvaart,51.144048,5.616814,m_osm_1768051322,Kids Harbour,port
no_match,7838.8,quay,Pristav Komarno - Zapadny bazen Komarno JB 5.15,Donau,47.758573,18.100016,m_osm_6602902501,MOL Nyrt.,port
no_match,7839.0,pontoon,,Seine (Amont),48.425164,2.745268,m101,Moret-sur-Loing – Halte Nautique,halte
no_match,7841.4,quay,Odstavna poloha - lavy breh,Donau,47.755751,18.098845,m_osm_6602902501,MOL Nyrt.,port
no_match,7843.1,quay,Ligplaats Markelo - SIM,Netherlands waterway,52.202391,6.518911,m_osm_192280566,Passantenhaven,port
no_match,7847.3,quay,,Kanaal Dessel-Turnhout-Schoten,51.289654,4.543197,m_osm_1255047957,B.Y.C.,port
no_match,7851.6,quay,Ligplaats autoafzetplaats sluis Born,Maas,51.031383,5.79497,m_osm_1415313145,Jachthaven Heerenlaak (Marec),port
no_match,7858.6,quay,Odstavna poloha 3 Zapadny bazen Komarno juzny breh  - vrakovisko,Donau,47.758449,18.099686,m_osm_6602902501,MOL Nyrt.,port
no_match,7867.9,quay,Pristav Komarno - HTD 5,Donau,47.755839,18.098512,m_osm_6602902501,MOL Nyrt.,port
no_match,7868.5,pontoon,,Seine (Amont),48.425523,2.745281,m101,Moret-sur-Loing – Halte Nautique,halte
no_match,7870.4,quay,,Albertkanaal,50.98473,5.247866,m_osm_317822393,Royal Hasselt Yachting Club,port
no_match,7876.5,quay,Steiger tankopslag Verbeke RO kmp 71.5,Belgium waterway,51.1503,4.331118,m_osm_2382615930,De Ponton,port
no_match,7902.8,pontoon,,Seine (Amont),48.425948,2.745312,m101,Moret-sur-Loing – Halte Nautique,halte
no_match,7913.6,quay,,Albertkanaal,51.23015,4.529015,m_osm_60261478,Kempischdok,port
no_match,7913.9,quay,,Zuid-Willemsvaart,51.187587,5.56645,m_osm_1768051322,Kids Harbour,port
no_match,7931.5,pontoon,,Seine,48.831229,2.261179,m214,Arsenal Marina Paris,halte
no_match,7931.9,pontoon,,Seine (Amont),48.426307,2.745337,m101,Moret-sur-Loing – Halte Nautique,halte
no_match,7940.3,quay,Odstavna poloha - lavy breh,Donau,47.75607,18.0976,m_osm_6602902501,MOL Nyrt.,port
no_match,7942.8,quay,Pristavisko malych plavidiel HM Komarno,Donau,47.758352,18.098473,m_osm_6602902501,MOL Nyrt.,port
no_match,7953.3,quay,Pristav Komarno - Zapadny bazen Komarno JB 5.14,Donau,47.758375,18.098336,m_osm_6602902501,MOL Nyrt.,port
no_match,7961.6,quay,Ligplaats Antwerpen RO kmp 73.9,Belgium waterway,51.170555,4.330819,m_osm_625248475,Jachthaven Linkeroever,port
no_match,7962.6,pontoon,,Seine (Amont),48.426668,2.745336,m101,Moret-sur-Loing – Halte Nautique,halte
no_match,7966.8,quay,Pristav Komarno - HTD 4,Donau,47.756179,18.097274,m_osm_6602902501,MOL Nyrt.,port
no_match,7971.3,pontoon,Port de Deulémont,Canal Dunkerque–Escaut,50.734771,2.943481,m_osm_461940882,Passantenhaven De Balokken,port
no_match,7973.2,quay,quai de chargement et de déchargement,Moselle,48.758484,6.143282,m070,Nancy – Port de Plaisance,port
no_match,7973.2,pontoon,,Moselle,48.758484,6.143282,m070,Nancy – Port de Plaisance,port
no_match,7973.5,quay,Liegestelle OW Straubing,Donau,48.899759,12.535962,m_osm_1565186380,1. Motorboot und Wasserskiclub e.V.,port
no_match,7975.2,quay,,Albertkanaal,50.985835,5.247304,m_osm_317822393,Royal Hasselt Yachting Club,port
no_match,7995.9,quay,,Zuid-Willemsvaart,51.142698,5.61988,m_osm_1768051322,Kids Harbour,port
no_match,7996.2,pontoon,,Seine,48.83052,2.260584,m214,Arsenal Marina Paris,halte
no_match,8004.1,quay,quai de chargement et de déchargement,Moselle,48.758723,6.143056,m070,Nancy – Port de Plaisance,port
no_match,8004.1,pontoon,,Moselle,48.758723,6.143056,m070,Nancy – Port de Plaisance,port
no_match,8008.3,quay,,Donau,47.8162,17.617329,m_osm_8152536946,Vizitúra stég,port
no_match,8017.2,quay,Pristavisko pre male plavidla ALT a.s. Komarno,Donau,47.758272,18.097405,m_osm_6602902501,MOL Nyrt.,port
no_match,8018.8,quay,,Kanaal Bocholt-Herentals,51.229843,5.480662,m_osm_47429625,Jachthaven De Meerpaal,port
no_match,8019.0,pontoon,,Seine,48.91219,2.305291,m214,Arsenal Marina Paris,halte
no_match,8029.1,quay,,Belgium waterway,51.184231,5.262651,m_osm_1305739099,Zilvermeerhaven,port
no_match,8035.0,quay,quai de chargement et de déchargement,Moselle,48.758963,6.142833,m070,Nancy – Port de Plaisance,port
no_match,8035.0,pontoon,,Moselle,48.758963,6.142833,m070,Nancy – Port de Plaisance,port
no_match,8041.5,quay,Odstavna poloha - lavy breh,Donau,47.756418,18.096334,m_osm_6602902501,MOL Nyrt.,port
no_match,8045.6,pontoon,,Oise,49.355831,2.766025,m161,Port de Plaisance de Compiègne,port
no_match,8053.7,quay,,Albertkanaal,51.22833,4.530849,m_osm_60261478,Kempischdok,port
no_match,8061.8,quay,,Belgium waterway,51.184063,5.263036,m_osm_1305739099,Zilvermeerhaven,port
no_match,8065.2,pontoon,,Seine,48.911715,2.30306,m214,Arsenal Marina Paris,halte
no_match,8065.3,quay,Pristav Komarno - HTD 3,Donau,47.756533,18.096049,m_osm_6602902501,MOL Nyrt.,port
no_match,8073.7,quay,,Albertkanaal,51.180634,4.742674,m_osm_36273295,Jachthaven Herentals,port
no_match,8078.8,quay,,Kanaal Bossuit-Kortrijk,50.762024,3.400162,m_osm_1266763915,Kloron,port
no_match,8087.9,quay,,Albertkanaal,51.221043,4.55497,m_osm_98241745,Jachthaven VVW Emblem,port
no_match,8099.3,pontoon,,Seine,48.909956,2.298513,m214,Arsenal Marina Paris,halte
no_match,8102.0,quay,,Kanaal Bossuit-Kortrijk,50.75127,3.410503,m_osm_1266763915,Kloron,port
no_match,8102.2,pontoon,,Seine,48.911728,2.302194,m214,Arsenal Marina Paris,halte
no_match,8108.5,pontoon,,Seine,48.911563,2.30168,m214,Arsenal Marina Paris,halte
no_match,8109.2,quay,,Kanaal Bossuit-Kortrijk,50.75232,3.409139,m_osm_1266763915,Kloron,port
no_match,8110.1,pontoon,,Seine,48.91137,2.301222,m214,Arsenal Marina Paris,halte
no_match,8121.6,quay,Steiger scheepswerf Phoenix Flanders RO kmp 71.9,Belgium waterway,51.153903,4.331992,m_osm_2382615930,De Ponton,port
no_match,8130.6,quay,Liegestelle OW Straubing,Donau,48.900695,12.533725,m_osm_1565186380,1. Motorboot und Wasserskiclub e.V.,port
no_match,8138.7,quay,,Kanaal Bossuit-Kortrijk,50.751126,3.410022,m_osm_1266763915,Kloron,port
no_match,8140.8,quay,Odstavna poloha - lavy breh,Donau,47.756826,18.095117,m_osm_6602902501,MOL Nyrt.,port
no_match,8141.9,quay,,Albertkanaal,51.221376,4.553909,m_osm_98241745,Jachthaven VVW Emblem,port
no_match,8144.8,quay,,Zeekanaal Brussel-Schelde,51.001186,4.371964,m_osm_528530237,Dok 3,port
no_match,8145.8,pontoon,,Moselle,49.441828,6.321455,m_osm_259904188,Sportboothafen Schwebsange,port
no_match,8157.8,quay,Liegestelle,Saar,49.495977,6.55111,m_osm_142370599,Yachthafen Merzig,port
no_match,8163.2,quay,Pristav Komarno - HTD 2,Donau,47.756916,18.094842,m_osm_6602902501,MOL Nyrt.,port
no_match,8174.3,quay,,Albertkanaal,51.127214,4.977219,m_osm_4447544120,Yachting Club Geel,port
no_match,8187.1,pontoon,,Donau,44.121335,27.279076,m_osm_14002131032,Administrația Portuară Călărași,port
no_match,8188.4,quay,,Bovenschelde,50.748217,3.412774,m_osm_1266763915,Kloron,port
no_match,8196.4,quay,,Albertkanaal,51.22197,4.554471,m_osm_98241745,Jachthaven VVW Emblem,port
no_match,8214.0,quay,,Albertkanaal,51.228695,4.533199,m_osm_60261478,Kempischdok,port
no_match,8214.5,quay,Wallsee,Donau,48.173478,14.721463,m_osm_31263144,Marina Raderbauer,port
no_match,8218.4,quay,Ligplaats Hemiksem RO kmp 72.2,Belgium waterway,51.155081,4.332508,m_osm_2382615930,De Ponton,port
no_match,8223.7,quay,,Albertkanaal,50.937746,5.455476,m_osm_317822393,Royal Hasselt Yachting Club,port
no_match,8224.7,quay,,Bovenschelde,50.748072,3.412292,m_osm_1266763915,Kloron,port
no_match,8237.7,quay,Odstavna poloha - lavy breh,Donau,47.757166,18.093909,m_osm_6602902501,MOL Nyrt.,port
no_match,8261.9,quay,Pristav Komarno - HTD 1,Donau,47.757262,18.093611,m_osm_6602902501,MOL Nyrt.,port
no_match,8263.1,quay,,Albertkanaal,51.222116,4.551583,m_osm_98241745,Jachthaven VVW Emblem,port
no_match,8273.8,quay,,Bovenschelde,50.747415,3.412252,m_osm_1266763915,Kloron,port
no_match,8295.6,quay,Ligplaats Antwerpen RO kmp 73.5,Belgium waterway,51.166887,4.33109,m_osm_625248475,Jachthaven Linkeroever,port
no_match,8325.5,quay,,Albertkanaal,51.179304,4.739014,m_osm_36273295,Jachthaven Herentals,port
no_match,8328.1,quay,,Kanaal Bocholt-Herentals,51.197534,5.546073,m_osm_1768051322,Kids Harbour,port
no_match,8349.5,quay,,Rupel,51.081623,4.486283,m_osm_528530237,Dok 3,port
no_match,8356.3,quay,,Albertkanaal,50.935759,5.457118,m_osm_317822393,Royal Hasselt Yachting Club,port
no_match,8366.8,quay,Liegestelle,Saar,49.516806,6.604397,m_osm_142370599,Yachthafen Merzig,port
no_match,8372.0,quay,,Boven-Zeeschelde,51.007363,3.953293,m_osm_3872683655,Costa Zela,port
no_match,8372.7,quay,Liegestelle,Saar,49.496524,6.547731,m_osm_142370599,Yachthafen Merzig,port
no_match,8379.7,pontoon,,Donau,44.119018,27.280257,m_osm_14002131032,Administrația Portuară Călărași,port
no_match,8383.6,quay,,Albertkanaal,51.227371,4.535479,m_osm_60261478,Kempischdok,port
no_match,8390.6,quay,,Kanaal Bossuit-Kortrijk,50.76863,3.390661,m_osm_1266763915,Kloron,port
no_match,8398.2,quay,Silistra berth 3,Donau,44.124341,27.266357,m_osm_14002131032,Administrația Portuară Călărași,port
no_match,8403.5,quay,,Zeekanaal Brussel-Schelde,50.726204,4.232884,m_osm_255425017,Port de plaisance d'Ittre,port
no_match,8403.8,quay,,Albertkanaal,51.222983,4.549063,m_osm_98241745,Jachthaven VVW Emblem,port
no_match,8428.8,pontoon,,Oise,49.351682,2.765984,m161,Port de Plaisance de Compiègne,port
no_match,8435.7,pontoon,,Seine,48.818623,2.470231,m060,Paris – Port de l'Arsenal,port
no_match,8455.4,quay,Silistra berth 2,Donau,44.124188,27.265379,m_osm_14002131032,Administrația Portuară Călărași,port
no_match,8469.5,quay,,Albertkanaal,51.223372,4.547844,m_osm_98241745,Jachthaven VVW Emblem,port
no_match,8469.7,quay,,Kanaal Dessel-Turnhout-Schoten,51.285084,4.53737,m_osm_1255047957,B.Y.C.,port
no_match,8509.6,quay,,Albertkanaal,51.180336,4.736405,m_osm_36273295,Jachthaven Herentals,port
no_match,8510.1,quay,,Belgium waterway,51.032908,4.469655,m_osm_528530237,Dok 3,port
no_match,8522.0,quay,,Albertkanaal,51.223944,4.548268,m_osm_98241745,Jachthaven VVW Emblem,port
no_match,8522.3,quay,,Albertkanaal,51.223682,4.546868,m_osm_98241745,Jachthaven VVW Emblem,port
no_match,8550.5,quay,Silistra berth 1,Donau,44.123916,27.263807,m_osm_14002131032,Administrația Portuară Călărași,port
no_match,8562.6,quay,,Kanaal Bocholt-Herentals,51.228692,5.488264,m_osm_47429625,Jachthaven De Meerpaal,port
no_match,8574.8,pontoon,,Seine,48.817675,2.471649,m060,Paris – Port de l'Arsenal,port
no_match,8577.9,quay,,Albertkanaal,50.937472,5.460513,m_osm_317822393,Royal Hasselt Yachting Club,port
no_match,8593.6,pontoon,,Seine,48.817728,2.471973,m060,Paris – Port de l'Arsenal,port
no_match,8595.9,quay,,Albertkanaal,51.224111,4.545522,m_osm_98241745,Jachthaven VVW Emblem,port
no_match,8615.1,quay,,Maas,50.9285,5.732982,m_osm_4720042858,Bassin,port
no_match,8616.7,quay,,Belgium waterway,51.032109,4.470649,m_osm_528530237,Dok 3,port
no_match,8620.1,quay,,Zeekanaal Brussel-Schelde,50.997029,4.375613,m_osm_528530237,Dok 3,port
no_match,8620.9,quay,,Kanaal Bocholt-Herentals,51.201175,5.541452,m_osm_1768051322,Kids Harbour,port
no_match,8629.6,quay,Wartelände Ottensheim Oberwasser,Donau,48.312164,14.134646,m_osm_2150298954,Anlegestelle Brandstatt,port
no_match,8641.9,pontoon,,Seine (Amont),48.434046,2.744502,m101,Moret-sur-Loing – Halte Nautique,halte
no_match,8648.1,quay,,Netherlands waterway,52.207435,6.527672,m_osm_192280566,Passantenhaven,port
no_match,8662.9,quay,,Maas,50.929291,5.731443,m_osm_4720042858,Bassin,port
no_match,8672.9,quay,,Belgium waterway,51.026102,4.464777,m_osm_528530237,Dok 3,port
no_match,8676.9,quay,,Zeekanaal Brussel-Schelde,50.728663,4.232813,m_osm_255425017,Port de plaisance d'Ittre,port
no_match,8702.2,quay,,Bovenschelde,50.745042,3.407449,m_osm_1266763915,Kloron,port
no_match,8711.2,quay,,Kanaal Bossuit-Kortrijk,50.77809,3.381412,m_osm_1266763915,Kloron,port
no_match,8773.3,quay,,Albertkanaal,51.224949,4.541492,m_osm_98241745,Jachthaven VVW Emblem,port
no_match,8780.0,quay,,Albertkanaal,51.180768,4.732543,m_osm_36273295,Jachthaven Herentals,port
no_match,8783.4,quay,,Albertkanaal,50.935413,5.463188,m_osm_317822393,Royal Hasselt Yachting Club,port
no_match,8784.0,pontoon,,Seine (Amont),48.5617,2.545253,m100,Melun – Port de Plaisance,port
no_match,8787.9,quay,East pojnt berth 1,Donau,44.122704,27.261014,m_osm_14002131032,Administrația Portuară Călărași,port
no_match,8812.1,quay,Campingplatz Neustadt,Main,49.913025,9.584097,m_osm_1690334502,Sport-Boot-Club Lohr,port
no_match,8831.6,quay,,Albertkanaal,50.937275,5.464121,m_osm_317822393,Royal Hasselt Yachting Club,port
no_match,8837.0,quay,,Albertkanaal,51.180859,4.73173,m_osm_36273295,Jachthaven Herentals,port
no_match,8839.7,quay,,Albertkanaal,51.225917,4.541844,m_osm_60261478,Kempischdok,port
no_match,8854.9,quay,,Kanaal Bossuit-Kortrijk,50.780805,3.378441,m_osm_1266763915,Kloron,port
no_match,8885.4,quay,,Kanaal Bocholt-Herentals,51.20427,5.537491,m_osm_1768051322,Kids Harbour,port
no_match,8901.0,quay,,Albertkanaal,50.995315,5.242476,m_osm_317822393,Royal Hasselt Yachting Club,port
no_match,8907.6,quay,,Belgium waterway,51.139987,5.144576,m_osm_1223232168,Nuclea Yacht Club,port
no_match,8912.0,quay,,Albertkanaal,51.180978,4.730659,m_osm_36273295,Jachthaven Herentals,port
no_match,8914.6,quay,,Zeekanaal Brussel-Schelde,50.730814,4.235264,m_osm_255425017,Port de plaisance d'Ittre,port
no_match,8920.8,pontoon,,Seine,48.885091,2.254102,m214,Arsenal Marina Paris,halte
no_match,8924.9,quay,,Albertkanaal,50.937233,5.465451,m_osm_317822393,Royal Hasselt Yachting Club,port
no_match,8952.1,pontoon,,Seine,48.891359,2.258482,m214,Arsenal Marina Paris,halte
no_match,8957.7,quay,"Fahrgastlände Aggsbach-Dorf, Donaustation 13",Donau,48.288576,15.40587,m_osm_332670512,Wassersportclub Spitz,port
no_match,8980.4,quay,,Zeekanaal Brussel-Schelde,50.731401,4.236592,m_osm_255425017,Port de plaisance d'Ittre,port
no_match,9004.8,quay,,Bovenschelde,50.841457,3.607628,m_osm_1266763915,Kloron,port
no_match,9012.0,quay,,Albertkanaal,50.935226,5.466436,m_osm_317822393,Royal Hasselt Yachting Club,port
no_match,9016.7,quay,,Albertkanaal,50.937183,5.466759,m_osm_317822393,Royal Hasselt Yachting Club,port
no_match,9017.0,quay,,Bovenschelde,50.841228,3.608088,m_osm_1266763915,Kloron,port
no_match,9018.4,quay,,Albertkanaal,51.181147,4.729142,m_osm_36273295,Jachthaven Herentals,port
no_match,9036.6,quay,,Kanaal Dessel-Turnhout-Schoten,51.27613,4.52655,m_osm_4322795,Kempisch dok,port
no_match,9082.1,quay,,Kanaal Dessel-Turnhout-Schoten,51.276476,4.52698,m_osm_4322795,Kempisch dok,port
no_match,9126.8,quay,,Kanaal Dessel-Turnhout-Schoten,51.276816,4.527401,m_osm_4322795,Kempisch dok,port
no_match,9144.6,pontoon,Halte de Fresnes sur Escaut 4,Canal Dunkerque–Escaut,50.437571,3.588332,m_osm_1317476508,Péruwelz,port
no_match,9147.5,quay,,Zeekanaal Brussel-Schelde,50.992367,4.377644,m_osm_528530237,Dok 3,port
no_match,9153.5,quay,,Albertkanaal,50.93712,5.468709,m_osm_317822393,Royal Hasselt Yachting Club,port
no_match,9158.0,quay,,Kanaal Dessel-Turnhout-Schoten,51.277159,4.527592,m_osm_4322795,Kempisch dok,port
no_match,9170.3,quay,,Belgium waterway,51.022786,4.469671,m_osm_528530237,Dok 3,port
no_match,9191.7,pontoon,,Moselle,48.765129,6.125572,m070,Nancy – Port de Plaisance,port
no_match,9202.4,pontoon,Halte de Fresnes sur Escaut 3,Canal Dunkerque–Escaut,50.437033,3.588444,m_osm_1317476508,Péruwelz,port
no_match,9205.0,pontoon,,Moselle,49.431881,6.320375,m_osm_259904188,Sportboothafen Schwebsange,port
no_match,9213.2,quay,,Zeekanaal Brussel-Schelde,50.73346,4.239179,m_osm_255425017,Port de plaisance d'Ittre,port
no_match,9237.2,quay,,Bovenschelde,50.843006,3.609953,m_osm_1266763915,Kloron,port
no_match,9240.5,quay,,Albertkanaal,50.937059,5.469947,m_osm_317822393,Royal Hasselt Yachting Club,port
no_match,9262.6,pontoon,Halte de Fresnes sur Escaut 2,Canal Dunkerque–Escaut,50.436474,3.588546,m_osm_1317476508,Péruwelz,port
no_match,9268.2,quay,,Albertkanaal,50.937045,5.470342,m_osm_317822393,Royal Hasselt Yachting Club,port
no_match,9269.2,quay,,Belgium waterway,51.022127,4.470642,m_osm_528530237,Dok 3,port
no_match,9274.6,pontoon,,Seine,48.801983,2.468509,m060,Paris – Port de l'Arsenal,port
no_match,9276.9,quay,"Fahrgastlände Altarm Wallsee, Donaustation 2",Donau,48.168331,14.70845,m_osm_31263144,Marina Raderbauer,port
no_match,9287.8,quay,,Albertkanaal,50.999161,5.240517,m_osm_317822393,Royal Hasselt Yachting Club,port
no_match,9300.8,quay,,Albertkanaal,51.118809,5.005879,m_osm_4447544120,Yachting Club Geel,port
no_match,9317.4,quay,,Albertkanaal,51.183781,4.705585,m_osm_98241745,Jachthaven VVW Emblem,port
no_match,9335.9,quay,,Albertkanaal,51.181655,4.724614,m_osm_36273295,Jachthaven Herentals,port
no_match,9342.0,pontoon,Halte de Fresnes sur Escaut 1,Canal Dunkerque–Escaut,50.435751,3.58855,m_osm_1317476508,Péruwelz,port
no_match,9342.9,quay,,Zeekanaal Brussel-Schelde,50.734589,4.240829,m_osm_255425017,Port de plaisance d'Ittre,port
no_match,9360.5,quay,,Albertkanaal,50.935512,5.471471,m_osm_317822393,Royal Hasselt Yachting Club,port
no_match,9370.6,quay,Hachwasserlände Altarm Wallsee,Donau,48.166698,14.707741,m_osm_31263144,Marina Raderbauer,port
no_match,9413.8,quay,Fahrgastlände Ottensheim,Donau,48.331341,14.1799,m_osm_2150418535,MYCN - Motor Yacht Club Nibelungen,port
no_match,9418.5,quay,,Albertkanaal,51.184672,4.706548,m_osm_98241745,Jachthaven VVW Emblem,port
no_match,9432.3,quay,,Albertkanaal,50.937005,5.472684,m_osm_317822393,Royal Hasselt Yachting Club,port
no_match,9446.6,quay,Wartelände Wallsee Unterwasser,Donau,48.172322,14.704889,m_osm_31263144,Marina Raderbauer,port
no_match,9474.4,quay,,Bovenschelde,50.84518,3.61165,m_osm_1266763915,Kloron,port
no_match,9475.2,pontoon,Halte de Asnières sur Saône,Saône,46.384509,4.875401,m054,Mâcon – Port de Plaisance,port
no_match,9516.8,quay,Ligplaats Budel - Grens Weert,Netherlands waterway,51.217021,5.584271,m_osm_1395865713,Passantenhaven Weert,port
no_match,9526.5,quay,,Zeekanaal Brussel-Schelde,50.736222,4.241523,m_osm_255425017,Port de plaisance d'Ittre,port
no_match,9528.8,quay,Luger-Ottensheim,Donau,48.330794,14.178221,m_osm_2150418535,MYCN - Motor Yacht Club Nibelungen,port
no_match,9542.0,quay,,Kanaal Bocholt-Herentals,51.211366,5.528475,m_osm_1768051322,Kids Harbour,port
no_match,9549.3,quay,,Belgium waterway,51.02026,4.473393,m_osm_528530237,Dok 3,port
no_match,9549.8,quay,,Bovenschelde,50.935277,3.651509,m_osm_1327327715,MYCG,port
no_match,9559.7,quay,,Albertkanaal,50.935427,5.474313,m_osm_317822393,Royal Hasselt Yachting Club,port
no_match,9562.1,pontoon,,Seine (Amont),48.572419,2.539663,m100,Melun – Port de Plaisance,port
no_match,9568.6,quay,,Albertkanaal,51.117583,5.014283,m_osm_4447544120,Yachting Club Geel,port
no_match,9592.0,quay,Rollfähre Ottensheim,Donau,48.330222,14.177252,m_osm_2150418535,MYCN - Motor Yacht Club Nibelungen,port
no_match,9609.1,pontoon,,Seine (Amont),48.572483,2.539013,m100,Melun – Port de Plaisance,port
no_match,9613.0,quay,,Zeekanaal Brussel-Schelde,50.736986,4.242001,m_osm_255425017,Port de plaisance d'Ittre,port
no_match,9644.3,quay,,Bovenschelde,50.934514,3.652102,m_osm_1327327715,MYCG,port
no_match,9645.5,quay,,Albertkanaal,51.117148,5.015931,m_osm_4447544120,Yachting Club Geel,port
no_match,9646.0,quay,Liegeplatz Ehnen,Mosel,49.596447,6.379594,m_osm_3751875424,Camport,port
no_match,9679.0,quay,,Albertkanaal,51.116578,5.014415,m_osm_4447544120,Yachting Club Geel,port
no_match,9719.7,quay,Liegeplatz Nittel,Mosel,49.652064,6.439969,m_osm_345548964,Wassersportclub Saarburg,port
no_match,9722.2,quay,,Albertkanaal,51.11672,5.017555,m_osm_4447544120,Yachting Club Geel,port
no_match,9741.9,quay,,Bovenschelde,50.933681,3.652578,m_osm_1327327715,MYCG,port
no_match,9748.6,quay,,Albertkanaal,51.116178,5.015885,m_osm_4447544120,Yachting Club Geel,port
no_match,9776.7,quay,,Albertkanaal,50.935336,5.477409,m_osm_317822393,Royal Hasselt Yachting Club,port
no_match,9803.5,quay,,Zeekanaal Brussel-Schelde,50.986844,4.38409,m_osm_528530237,Dok 3,port
no_match,9809.0,quay,Ligplaats De Meene1,Netherlands waterway,52.2138,6.541232,m_osm_192280566,Passantenhaven,port
no_match,9822.5,quay,Strullendorf unterer Vorhafen,Main-Donau-Kanal,49.840486,10.954044,m_osm_431082582,Motorbootclub Regnitz-Main Bamberg,port
no_match,9837.4,quay,,Albertkanaal,50.936819,5.478459,m_osm_317822393,Royal Hasselt Yachting Club,port
no_match,9850.5,quay,Liegestelle Umpumpplatz Iffezheim,Rhine,48.842301,8.113273,m_osm_184223950,Ruder-Club Rastatt 1898 e.V.,port
no_match,9889.9,quay,,Albertkanaal,51.005771,5.238663,m_osm_317822393,Royal Hasselt Yachting Club,port
no_match,9897.2,quay,,Bovenschelde,50.932521,3.653843,m_osm_1327327715,MYCG,port
no_match,9941.3,pontoon,Halte de Watten 2,Canal Dunkerque–Escaut,50.830912,2.207508,m221,Port de Plaisance de Saint-Omer,port
no_match,9948.3,quay,,Boven-Zeeschelde,51.008475,3.882322,m_osm_2533763290,Yachting Merelbeke,port
no_match,9950.5,quay,,Albertkanaal,51.115057,5.020132,m_osm_4447544120,Yachting Club Geel,port
no_match,9959.8,quay,,Bovenschelde,50.848655,3.616192,m_osm_1266763915,Kloron,port
no_match,9970.2,quay,Wartelände Wallsee Oberwasser,Donau,48.164782,14.676307,m_osm_2150418536,Motor Yacht Club Au an der Donau,port
no_match,9997.2,quay,Statie plavidiel Sturovo,Donau,47.799178,18.727674,m_osm_4215222882,Prístavisko Salka,port
no_match,10000.6,pontoon,Halte de Watten 1,Canal Dunkerque–Escaut,50.831919,2.209526,m221,Port de Plaisance de Saint-Omer,port
no_match,10010.2,quay,,Albertkanaal,50.935221,5.480738,m_osm_317822393,Royal Hasselt Yachting Club,port
no_match,10012.6,quay,Pristav Sturovo - OPST 6,Donau,47.799035,18.727672,m_osm_4215222882,Prístavisko Salka,port
no_match,10032.4,quay,,Albertkanaal,51.010929,5.244478,m_osm_317822393,Royal Hasselt Yachting Club,port
no_match,10038.7,quay,,Zuid-Willemsvaart,51.048006,5.702154,m_osm_1415313145,Jachthaven Heerenlaak (Marec),port
no_match,10041.8,quay,,Kanaal Dessel-Turnhout-Schoten,51.328058,4.781372,m_osm_1989728142,Brechtse Yacht Club,port
no_match,10053.5,quay,Pristavisko osobnych lodi KTG Sturovo,Donau,47.798641,18.727739,m_osm_4215222882,Prístavisko Salka,port
no_match,10069.9,quay,Pristav Sturovo - OPST 5,Donau,47.798453,18.727933,m_osm_4215222882,Prístavisko Salka,port
no_match,10084.6,quay,Liegestelle Schleuse Iffezheim,Rhine,48.839526,8.114239,m_osm_184223950,Ruder-Club Rastatt 1898 e.V.,port
no_match,10102.8,quay,Liegestelle Schleuse Iffezheim,Rhine,48.838751,8.115894,m_osm_184223950,Ruder-Club Rastatt 1898 e.V.,port
no_match,10105.6,pontoon,,Seine (Amont),48.574373,2.532889,m100,Melun – Port de Plaisance,port
no_match,10116.6,pontoon,,Seine (Amont),48.57324,2.532045,m100,Melun – Port de Plaisance,port
no_match,10135.8,quay,Pristavisko osobnych lodi Sturovo,Donau,47.79789,18.727652,m_osm_4215222882,Prístavisko Salka,port
no_match,10142.5,quay,Festmachstelle,Canal du Rhône au Rhin,47.759949,7.46956,m170,Port de Plaisance de Mulhouse,port
no_match,10152.6,quay,,Albertkanaal,51.11439,5.026265,m_osm_4447544120,Yachting Club Geel,port
no_match,10157.1,quay,,Albertkanaal,51.010691,5.241361,m_osm_317822393,Royal Hasselt Yachting Club,port
no_match,10163.4,quay,Pristav Sturovo - OPST 4,Donau,47.797598,18.727844,m_osm_4215222882,Prístavisko Salka,port
no_match,10213.0,quay,,Albertkanaal,51.114075,5.027457,m_osm_4447544120,Yachting Club Geel,port
no_match,10236.3,pontoon,,Seine,48.85463,2.225164,m214,Arsenal Marina Paris,halte
no_match,10260.2,quay,Pristavisko SVP Sturovo - ponton BD-P-VI,Donau,47.796766,18.727461,m_osm_4215222882,Prístavisko Salka,port
no_match,10269.9,quay,,Zuid-Willemsvaart,51.043636,5.703209,m_osm_1415313145,Jachthaven Heerenlaak (Marec),port
no_match,10270.1,quay,Wartelände Ottensheim,Donau,48.324212,14.161637,m_osm_2150298954,Anlegestelle Brandstatt,port
no_match,10270.9,quay,,Albertkanaal,50.935096,5.484454,m_osm_317822393,Royal Hasselt Yachting Club,port
no_match,10271.2,quay,Pristav Sturovo - OPST 3,Donau,47.796627,18.727665,m_osm_4215222882,Prístavisko Salka,port
no_match,10283.6,quay,,Albertkanaal,51.11371,5.028842,m_osm_4447544120,Yachting Club Geel,port
no_match,10302.6,quay,,Albertkanaal,50.935083,5.484906,m_osm_317822393,Royal Hasselt Yachting Club,port
no_match,10303.8,quay,Wartelände für Selbstfahrer Wallsee Oberwasser links,Donau,48.168283,14.68705,m_osm_2150418536,Motor Yacht Club Au an der Donau,port
no_match,10345.5,quay,Pristavisko Sturovo - Verejne pristavy a.s.,Donau,47.796007,18.727267,m_osm_4215222882,Prístavisko Salka,port
no_match,10346.8,quay,,Bovenschelde,50.851466,3.619745,m_osm_1266763915,Kloron,port
no_match,10359.0,quay,,Belgium waterway,51.015106,4.481643,m_osm_528530237,Dok 3,port
no_match,10372.8,quay,,Albertkanaal,50.936571,5.48609,m_osm_317822393,Royal Hasselt Yachting Club,port
no_match,10378.6,quay,Festmachstelle,Rhine,47.694047,7.509675,m_osm_528560929,MYC Motorboot- und Yachtclub Weil am Rhein,port
no_match,10380.3,quay,Wartelände für Selbstfahrer Wallsee Oberwasser rechts,Donau,48.167533,14.687458,m_osm_2150418536,Motor Yacht Club Au an der Donau,port
no_match,10404.7,quay,Pristav Sturovo - OPST 2,Donau,47.795535,18.726828,m_osm_4215222882,Prístavisko Salka,port
no_match,10413.6,quay,Liegestelle Schleuse Iffezheim,Rhine,48.836462,8.113393,m_osm_184223950,Ruder-Club Rastatt 1898 e.V.,port
no_match,10423.5,quay,Ligplaats De Bree,Netherlands waterway,52.229582,6.613524,m_osm_170673593,Twentse Watersport Vereniging,port
no_match,10425.4,quay,Festmachstelle,Canal du Rhône au Rhin,47.759414,7.473471,m170,Port de Plaisance de Mulhouse,port
no_match,10428.6,quay,Pristav Sturovo - OPST 1,Donau,47.795331,18.726726,m_osm_4215222882,Prístavisko Salka,port
no_match,10438.6,quay,Liegestelle Schleuse Iffezheim,Rhine,48.835639,8.115031,m_osm_184223950,Ruder-Club Rastatt 1898 e.V.,port
no_match,10475.3,quay,,Zuid-Willemsvaart,50.948984,5.710079,m_osm_4720042858,Bassin,port
no_match,10481.1,pontoon,,Seine,48.788636,2.473344,m060,Paris – Port de l'Arsenal,port
no_match,10484.2,pontoon,,Seine,48.831343,2.225118,m214,Arsenal Marina Paris,halte
no_match,10490.5,pontoon,,Seine,48.830844,2.225199,m214,Arsenal Marina Paris,halte
no_match,10494.3,quay,,Belgium waterway,51.014445,4.483284,m_osm_528530237,Dok 3,port
no_match,10509.0,quay,,Bovenschelde,50.852745,3.621109,m_osm_1266763915,Kloron,port
no_match,10540.9,pontoon,,Seine (Amont),48.762115,2.416032,m060,Paris – Port de l'Arsenal,port
no_match,10550.9,quay,quai de chargement et de déchargement,Moselle,48.60837,6.116147,m070,Nancy – Port de Plaisance,port
no_match,10596.7,pontoon,,Moselle,49.42525,6.296039,m_osm_259904188,Sportboothafen Schwebsange,port
no_match,10615.9,pontoon,,Moselle,49.425109,6.295882,m_osm_259904188,Sportboothafen Schwebsange,port
no_match,10635.1,quay,,Albertkanaal,50.903574,5.560931,m_osm_4720042858,Bassin,port
no_match,10682.9,quay,,Albertkanaal,51.01333,5.234808,m_osm_317822393,Royal Hasselt Yachting Club,port
no_match,10703.4,quay,,Unknown waterway,53.446878,6.820747,m_osm_2178377947,WSV op 't end,port
no_match,10732.9,quay,,Kanaal Dessel-Turnhout-Schoten,51.325559,4.791221,m_osm_1989728142,Brechtse Yacht Club,port
no_match,10739.6,quay,,Belgium waterway,51.012934,4.485848,m_osm_528530237,Dok 3,port
no_match,10740.3,quay,,Zeekanaal Brussel-Schelde,50.978868,4.390246,m_osm_528530237,Dok 3,port
no_match,10750.3,quay,Liegeplatz,Mosel,49.671072,6.436342,m_osm_1437426541,Bootsanleger Schoden / Kanu SaarFari,port
no_match,10769.5,pontoon,,Seine,48.810705,2.499791,m060,Paris – Port de l'Arsenal,port
no_match,10785.7,quay,,Unknown waterway,53.446471,6.822476,m_osm_2178377947,WSV op 't end,port
no_match,10798.1,quay,Liegestelle Schleuse Iffezheim,Rhine,48.823433,8.109649,m_osm_110280787,Hafen Greffern,port
no_match,10826.9,quay,Liegeplatz,Mosel,49.670489,6.434841,m_osm_1437426541,Bootsanleger Schoden / Kanu SaarFari,port
no_match,10828.5,quay,,Albertkanaal,51.014023,5.232936,m_osm_317822393,Royal Hasselt Yachting Club,port
no_match,10841.7,pontoon,,Seine (Amont),48.57402,2.521947,m100,Melun – Port de Plaisance,port
no_match,10850.1,quay,,Albertkanaal,50.941005,5.493213,m_osm_317822393,Royal Hasselt Yachting Club,port
no_match,10887.2,pontoon,,Moselle,48.742624,5.999001,m225,Halte Fluviale de Toul,halte
no_match,10914.2,quay,Liegestelle Schleuse Iffezheim,Rhine,48.8236,8.11159,m_osm_110280787,Hafen Greffern,port
no_match,10923.0,quay,quai de chargement et de déchargement,Moselle,48.606711,6.110228,m070,Nancy – Port de Plaisance,port
no_match,10942.3,pontoon,,Seine (Amont),48.573815,2.520375,m100,Melun – Port de Plaisance,port
no_match,11034.2,quay,,Albertkanaal,50.940426,5.495821,m_osm_317822393,Royal Hasselt Yachting Club,port
no_match,11072.6,quay,,Maas,51.006337,5.766924,m_osm_1415313145,Jachthaven Heerenlaak (Marec),port
no_match,11076.5,quay,Liegestelle Schleuse Iffezheim,Rhine,48.826378,8.110614,m_osm_110280787,Hafen Greffern,port
no_match,11096.6,quay,Festmachstelle,Rhine,47.701003,7.508406,m_osm_528560929,MYC Motorboot- und Yachtclub Weil am Rhein,port
no_match,11096.8,quay,,Maas,51.006273,5.766171,m_osm_1415313145,Jachthaven Heerenlaak (Marec),port
no_match,11110.5,quay,Polaris 8 berth 1,Donau,44.112848,27.231512,m_osm_14002131032,Administrația Portuară Călărași,port
no_match,11149.7,quay,Festmachstelle,Canal du Rhône au Rhin,47.7015,7.508274,m_osm_528560929,MYC Motorboot- und Yachtclub Weil am Rhein,port
no_match,11166.9,quay,,Albertkanaal,50.936432,5.497433,m_osm_317822393,Royal Hasselt Yachting Club,port
no_match,11200.1,quay,,Albertkanaal,50.938072,5.498054,m_osm_317822393,Royal Hasselt Yachting Club,port
no_match,11200.7,quay,Liegestelle Schleuse Iffezheim,Rhine,48.826665,8.11256,m_osm_110280787,Hafen Greffern,port
no_match,11210.9,quay,,Zeekanaal Brussel-Schelde,50.974832,4.392767,m_osm_528530237,Dok 3,port
no_match,11254.6,quay,Polaris 8 berth 2,Donau,44.112699,27.229043,m_osm_14002131032,Administrația Portuară Călărași,port
no_match,11278.1,quay,Bulmarket berth 1,Donau,43.903189,26.058188,m_osm_508231317,Yacht Club Port Rousse,port
no_match,11280.8,pontoon,,Seine (Amont),48.572345,2.514723,m100,Melun – Port de Plaisance,port
no_match,11284.9,quay,,Albertkanaal,50.936322,5.49911,m_osm_317822393,Royal Hasselt Yachting Club,port
no_match,11311.4,quay,,Belgium waterway,51.009415,4.491829,m_osm_528530237,Dok 3,port
no_match,11322.4,quay,,Bovenschelde,50.861123,3.625301,m_osm_1266763915,Kloron,port
no_match,11329.7,quay,"Goor, diensthaven RWS",Netherlands waterway,52.227514,6.60065,m_osm_170673593,Twentse Watersport Vereniging,port
no_match,11350.0,pontoon,,Moselle,48.754209,6.061329,m070,Nancy – Port de Plaisance,port
no_match,11359.1,quay,,Albertkanaal,50.934204,5.499919,m_osm_317822393,Royal Hasselt Yachting Club,port
no_match,11396.7,quay,Bulmarket berth 2,Donau,43.903955,26.059251,m_osm_508231317,Yacht Club Port Rousse,port
no_match,11405.8,quay,Duna,Donau,47.292468,18.91572,m_osm_6832821479,Szigetszentmiklós kikötő,port
no_match,11406.8,quay,quai de chargement et de déchargement,Moselle,49.41872,6.291067,m_osm_259904188,Sportboothafen Schwebsange,port
no_match,11424.2,quay,Festmachstelle,Canal du Rhône au Rhin,47.739153,7.487179,m170,Port de Plaisance de Mulhouse,port
no_match,11425.2,pontoon,,Moselle,49.418635,6.290767,m_osm_259904188,Sportboothafen Schwebsange,port
no_match,11425.4,pontoon,,Seine (Amont),48.571496,2.512234,m100,Melun – Port de Plaisance,port
no_match,11434.2,pontoon,,Seine (Amont),48.571444,2.512084,m100,Melun – Port de Plaisance,port
no_match,11452.2,quay,,Zuid-Willemsvaart,50.957905,5.708962,m_osm_4720042858,Bassin,port
no_match,11482.2,pontoon,,Moselle,48.75627,6.061482,m070,Nancy – Port de Plaisance,port
no_match,11500.3,quay,Duna,Donau,47.291659,18.914927,m_osm_6832821479,Szigetszentmiklós kikötő,port
no_match,11502.8,quay,,Bovenschelde,50.727977,3.378138,m_osm_1266763915,Kloron,port
no_match,11509.5,quay,,Albertkanaal,50.909652,5.552161,m_osm_4720042858,Bassin,port
no_match,11514.6,quay,Bulmarket berth 3,Donau,43.904719,26.060304,m_osm_508231317,Yacht Club Port Rousse,port
no_match,11524.3,pontoon,,Seine,49.338374,1.096701,m020,Rouen – Halte de Plaisance,halte
no_match,11532.6,quay,Festmachstelle,Canal du Rhône au Rhin,47.737003,7.488315,m170,Port de Plaisance de Mulhouse,port
no_match,11546.6,quay,,Albertkanaal,50.936189,5.502838,m_osm_317822393,Royal Hasselt Yachting Club,port
no_match,11558.3,quay,,Bovenschelde,50.918512,3.662426,m_osm_1327327715,MYCG,port
no_match,11572.2,quay,Pristav Bratislava - OPBA 1,Donau,48.141252,17.088038,m_osm_1353442969,Interessensgruppe Motorbootfahrer Johlerarm,port
no_match,11578.2,pontoon,,Seine (Amont),48.754071,2.423751,m060,Paris – Port de l'Arsenal,port
no_match,11579.3,quay,,Albertkanaal,51.021079,5.229335,m_osm_317822393,Royal Hasselt Yachting Club,port
no_match,11584.0,quay,Duna,Donau,47.290751,18.914377,m_osm_6832821479,Szigetszentmiklós kikötő,port
no_match,11586.2,pontoon,,Seine (Amont),48.570555,2.509498,m100,Melun – Port de Plaisance,port
no_match,11605.7,pontoon,,Seine (Amont),48.570433,2.509165,m100,Melun – Port de Plaisance,port
no_match,11633.6,quay,Bulmarket berth 4,Donau,43.905451,26.061404,m_osm_508231317,Yacht Club Port Rousse,port
no_match,11650.2,quay,,Albertkanaal,51.02174,5.228997,m_osm_317822393,Royal Hasselt Yachting Club,port
no_match,11662.6,quay,,Zuid-Willemsvaart,51.018816,5.714231,m_osm_1415313145,Jachthaven Heerenlaak (Marec),port
no_match,11672.8,pontoon,,Moselle,48.757042,6.059094,m070,Nancy – Port de Plaisance,port
no_match,11694.0,quay,,Albertkanaal,50.932967,5.504541,m_osm_317822393,Royal Hasselt Yachting Club,port
no_match,11694.6,quay,Ligplaats Goor - Triferto / Eternit,Netherlands waterway,52.226382,6.595586,m_osm_170673593,Twentse Watersport Vereniging,port
no_match,11704.6,quay,Liegestelle Völklingen Fürstenhagen,Saar,49.247155,6.862861,m_osm_567360463,Charterhafen Saarbrücken-Arnual,port
no_match,11723.6,quay,,Albertkanaal,51.022425,5.228648,m_osm_317822393,Royal Hasselt Yachting Club,port
no_match,11739.9,quay,Pristav Bratislava - OPBA 2,Donau,48.1407,17.090262,m_osm_1353442969,Interessensgruppe Motorbootfahrer Johlerarm,port
no_match,11751.9,quay,Bulmarket berth 5,Donau,43.906218,26.062459,m_osm_508231317,Yacht Club Port Rousse,port
no_match,11757.7,pontoon,,Seine (Amont),48.569737,2.506696,m100,Melun – Port de Plaisance,port
no_match,11779.0,pontoon,,Seine (Amont),48.569651,2.506357,m100,Melun – Port de Plaisance,port
no_match,11780.1,pontoon,,Seine,48.784305,2.491007,m060,Paris – Port de l'Arsenal,port
no_match,11817.3,quay,,Albertkanaal,50.911056,5.548376,m_osm_4720042858,Bassin,port
no_match,11829.5,quay,Pristav Bratislava - OPBA 3,Donau,48.140574,17.091463,m_osm_1353442969,Interessensgruppe Motorbootfahrer Johlerarm,port
no_match,11836.9,pontoon,,Seine (Amont),48.569436,2.505444,m100,Melun – Port de Plaisance,port
no_match,11859.0,quay,Bulmarket berth 6,Donau,43.907088,26.06324,m_osm_508231317,Yacht Club Port Rousse,port
no_match,11864.8,quay,,Zeekanaal Brussel-Schelde,50.75633,4.258338,m_osm_255425017,Port de plaisance d'Ittre,port
no_match,11872.4,quay,,Bovenschelde,50.916066,3.668069,m_osm_2533763290,Yachting Merelbeke,port
no_match,11873.4,quay,Festmachstelle,Rhine,47.712234,7.519022,m_osm_528560929,MYC Motorboot- und Yachtclub Weil am Rhein,port
no_match,11885.5,pontoon,,Seine (Amont),48.569295,2.504697,m100,Melun – Port de Plaisance,port
no_match,11888.1,quay,,Albertkanaal,51.106796,5.060295,m_osm_4447544120,Yachting Club Geel,port
no_match,11888.6,pontoon,ponton,Moselle,48.636116,6.042468,m225,Halte Fluviale de Toul,halte
no_match,11905.7,quay,,Bovenschelde,50.915297,3.669572,m_osm_2533763290,Yachting Merelbeke,port
no_match,11916.8,quay,Pristav Bratislava - OPBA 4,Donau,48.140257,17.092617,m_osm_1353442969,Interessensgruppe Motorbootfahrer Johlerarm,port
no_match,11918.8,quay,,Bovenschelde,50.914246,3.672869,m_osm_2533763290,Yachting Merelbeke,port
no_match,11927.7,pontoon,,Seine (Amont),48.569162,2.504044,m100,Melun – Port de Plaisance,port
no_match,11934.3,quay,,Zeekanaal Brussel-Schelde,50.756907,4.258944,m_osm_255425017,Port de plaisance d'Ittre,port
no_match,11974.8,pontoon,,Seine (Amont),48.569014,2.503316,m100,Melun – Port de Plaisance,port
no_match,11975.2,quay,quai de chargement et de déchargement,Moselle,49.416252,6.281655,m_osm_259904188,Sportboothafen Schwebsange,port
no_match,11975.8,quay,Bulmarket berth 7,Donau,43.907866,26.06426,m_osm_508231317,Yacht Club Port Rousse,port
no_match,11983.0,quay,,Zuid-Willemsvaart,51.014478,5.71561,m_osm_1415313145,Jachthaven Heerenlaak (Marec),port
no_match,12005.1,quay,Pristav Bratislava - OPBA 5,Donau,48.139979,17.093787,m_osm_1353442969,Interessensgruppe Motorbootfahrer Johlerarm,port
no_match,12024.9,pontoon,,Seine (Amont),48.568829,2.502533,m100,Melun – Port de Plaisance,port
no_match,12040.7,quay,,Albertkanaal,50.93158,5.509293,m_osm_317822393,Royal Hasselt Yachting Club,port
no_match,12049.4,pontoon,,Seine (Amont),48.568784,2.502169,m100,Melun – Port de Plaisance,port
no_match,12049.9,quay,,Albertkanaal,50.93025,5.50919,m_osm_317822393,Royal Hasselt Yachting Club,port
no_match,12051.5,quay,Ligplaats Goor - BK Groen,Netherlands waterway,52.225662,6.59048,m_osm_170673593,Twentse Watersport Vereniging,port
no_match,12097.7,pontoon,,Seine (Amont),48.568608,2.501415,m100,Melun – Port de Plaisance,port
no_match,12108.6,quay,,Belgium waterway,50.960056,2.822943,m_osm_2264411577,Ieper Marina,port
no_match,12131.4,quay,Pristav Bratislava - OPBA 6,Donau,48.139654,17.095465,m_osm_1353442969,Interessensgruppe Motorbootfahrer Johlerarm,port
no_match,12156.8,quay,,Albertkanaal,50.912599,5.544197,m_osm_4720042858,Bassin,port
no_match,12159.8,quay,,Albertkanaal,51.026481,5.226594,m_osm_317822393,Royal Hasselt Yachting Club,port
no_match,12165.5,quay,,Albertkanaal,50.929123,5.510632,m_osm_317822393,Royal Hasselt Yachting Club,port
no_match,12178.3,quay,Arbis berth 1,Donau,43.909565,26.065673,m_osm_508231317,Yacht Club Port Rousse,port
no_match,12196.2,pontoon,,Seine (Amont),48.568207,2.499867,m100,Melun – Port de Plaisance,port
no_match,12201.6,quay,Ligplaats Goor1,Netherlands waterway,52.225359,6.588332,m_osm_170673593,Twentse Watersport Vereniging,port
no_match,12225.1,quay,Pristav Bratislava - OPBA 7,Donau,48.139427,17.09671,m_osm_1353442969,Interessensgruppe Motorbootfahrer Johlerarm,port
no_match,12236.5,quay,,Albertkanaal,51.104966,5.06533,m_osm_4447544120,Yachting Club Geel,port
no_match,12254.5,quay,,Zeekanaal Brussel-Schelde,50.759549,4.261803,m_osm_255425017,Port de plaisance d'Ittre,port
no_match,12281.3,quay,,Albertkanaal,51.02822,5.227203,m_osm_317822393,Royal Hasselt Yachting Club,port
no_match,12326.9,quay,,Albertkanaal,51.104658,5.067085,m_osm_4447544120,Yachting Club Geel,port
no_match,12327.3,quay,Pristav Bratislava - OPBA 8,Donau,48.13936,17.098083,m_osm_1353442969,Interessensgruppe Motorbootfahrer Johlerarm,port
no_match,12368.8,quay,,Albertkanaal,50.927148,5.513137,m_osm_317822393,Royal Hasselt Yachting Club,port
no_match,12398.9,quay,Liegestelle,Saar,49.242027,6.851377,m_osm_567360463,Charterhafen Saarbrücken-Arnual,port
no_match,12416.3,quay,,Zuid-Willemsvaart,51.010101,5.714591,m_osm_1415313145,Jachthaven Heerenlaak (Marec),port
no_match,12425.8,quay,,Albertkanaal,51.029544,5.226513,m_osm_317822393,Royal Hasselt Yachting Club,port
no_match,12457.5,quay,Pristav Bratislava - OPBA 9,Donau,48.139284,17.099835,m_osm_1353442969,Interessensgruppe Motorbootfahrer Johlerarm,port
no_match,12466.8,pontoon,,Seine (Amont),48.567811,2.495911,m100,Melun – Port de Plaisance,port
no_match,12504.6,quay,Liegestelle Leerstetten unterer Vorhafen,Main-Donau-Kanal,49.294205,11.10938,m_osm_186602023,Polizeibootshaus,port
no_match,12534.2,quay,,Albertkanaal,50.926787,5.515438,m_osm_317822393,Royal Hasselt Yachting Club,port
no_match,12580.2,quay,,Zeekanaal Brussel-Schelde,50.96344,4.402624,m_osm_528530237,Dok 3,port
no_match,12587.4,quay,Pristav Bratislava - OPBA 10,Donau,48.139243,17.101584,m_osm_1353442969,Interessensgruppe Motorbootfahrer Johlerarm,port
no_match,12592.2,pontoon,,Seine (Amont),48.566851,2.493795,m100,Melun – Port de Plaisance,port
no_match,12611.5,pontoon,,Seine (Amont),48.74725,2.435564,m060,Paris – Port de l'Arsenal,port
no_match,12617.5,pontoon,,Seine (Amont),48.566884,2.493453,m100,Melun – Port de Plaisance,port
no_match,12629.1,pontoon,,Seine (Amont),48.747123,2.43572,m060,Paris – Port de l'Arsenal,port
no_match,12638.2,pontoon,,Seine (Amont),48.747046,2.435762,m060,Paris – Port de l'Arsenal,port
no_match,12648.7,quay,,Albertkanaal,50.914841,5.538148,m_osm_4720042858,Bassin,port
no_match,12655.1,pontoon,,Seine (Amont),48.746927,2.435924,m060,Paris – Port de l'Arsenal,port
no_match,12717.4,quay,Pristav Bratislava - OPBA 11,Donau,48.139111,17.103328,m_osm_1353442969,Interessensgruppe Motorbootfahrer Johlerarm,port
no_match,12727.0,pontoon,,Seine (Amont),48.746396,2.436529,m060,Paris – Port de l'Arsenal,port
no_match,12737.6,quay,,Albertkanaal,50.914318,5.536166,m_osm_4720042858,Bassin,port
no_match,12760.4,quay,,Albertkanaal,51.101412,5.085238,m_osm_1223232168,Nuclea Yacht Club,port
no_match,12773.4,pontoon,,Seine,48.941048,2.255175,m214,Arsenal Marina Paris,halte
no_match,12775.7,pontoon,,Seine,48.941179,2.255373,m214,Arsenal Marina Paris,halte
no_match,12777.6,quay,,Albertkanaal,50.915444,5.536577,m_osm_4720042858,Bassin,port
no_match,12777.7,pontoon,,Seine (Amont),48.746028,2.436976,m060,Paris – Port de l'Arsenal,port
no_match,12803.6,pontoon,,Seine (Amont),48.745826,2.437156,m060,Paris – Port de l'Arsenal,port
no_match,12818.9,quay,Ligplaats Urmond,Maas,50.989636,5.768005,m_osm_1415313145,Jachthaven Heerenlaak (Marec),port
no_match,12825.1,quay,Lesil berth 1,Donau,44.114847,27.199218,m_osm_14002131032,Administrația Portuară Călărași,port
no_match,12826.3,quay,,Dender,50.830431,4.01803,m_osm_8867559693,Jachthaven VVW Aalst,port
no_match,12834.2,pontoon,,Seine (Amont),48.745592,2.437385,m060,Paris – Port de l'Arsenal,port
no_match,12871.5,quay,,Zuid-Willemsvaart,51.005772,5.713021,m_osm_1415313145,Jachthaven Heerenlaak (Marec),port
no_match,12882.3,quay,Pristav Bratislava - OPBA 12,Donau,48.139079,17.105551,m_osm_1353442969,Interessensgruppe Motorbootfahrer Johlerarm,port
no_match,12882.5,quay,PRIEMYSELNY PARK STUROVO,Donau,47.778215,18.699405,m_osm_4215222882,Prístavisko Salka,port
no_match,12883.7,quay,,Albertkanaal,50.923709,5.519721,m_osm_317822393,Royal Hasselt Yachting Club,port
no_match,12888.9,quay,,Albertkanaal,50.91504,5.534335,m_osm_4720042858,Bassin,port
no_match,12896.6,quay,Lesil berth 2,Donau,44.115001,27.197893,m_osm_14002131032,Administrația Portuară Călărași,port
no_match,12902.5,quay,,Albertkanaal,51.099619,5.101216,m_osm_1223232168,Nuclea Yacht Club,port
no_match,12902.8,quay,,Albertkanaal,51.099802,5.092045,m_osm_1223232168,Nuclea Yacht Club,port
no_match,12903.5,quay,,Albertkanaal,51.03392,5.224273,m_osm_317822393,Royal Hasselt Yachting Club,port
no_match,12914.8,quay,,Belgium waterway,51.101342,5.135416,m_osm_1223232168,Nuclea Yacht Club,port
no_match,12941.4,quay,,Albertkanaal,50.916231,5.534602,m_osm_4720042858,Bassin,port
no_match,12968.5,quay,Lesil berth 3,Donau,44.115166,27.196558,m_osm_14002131032,Administrația Portuară Călărași,port
no_match,12970.5,quay,Ligplaats Brandenburch bv Asten,Netherlands waterway,51.397358,5.72464,m_osm_598259530,Passantenhaven Nederweert,port
no_match,12977.5,quay,Pristav Bratislava - OPBA 13,Donau,48.139098,17.106838,m_osm_1353442969,Interessensgruppe Motorbootfahrer Johlerarm,port
no_match,12980.7,quay,,Belgium waterway,51.100871,5.136562,m_osm_1223232168,Nuclea Yacht Club,port
no_match,12983.2,pontoon,,Seine (Amont),48.568839,2.489065,m100,Melun – Port de Plaisance,port
no_match,12997.9,pontoon,,Seine (Amont),48.568888,2.488878,m100,Melun – Port de Plaisance,port
no_match,13000.4,quay,,IJzer,51.034335,2.855288,m_osm_5474853932,Westhoek Marina,port
no_match,13017.7,quay,,Albertkanaal,50.922646,5.521371,m_osm_317822393,Royal Hasselt Yachting Club,port
no_match,13042.5,quay,Lesil berth 4,Donau,44.115313,27.195217,m_osm_14002131032,Administrația Portuară Călărași,port
no_match,13043.4,quay,Pristav Bratislava - OPBA 14,Donau,48.139122,17.10773,m_osm_1353442969,Interessensgruppe Motorbootfahrer Johlerarm,port
no_match,13044.0,quay,Pristav Bratislava - OPBA  25,Donau,48.137315,17.107563,m_osm_1353442969,Interessensgruppe Motorbootfahrer Johlerarm,port
no_match,13044.4,pontoon,,Seine (Amont),48.569069,2.488295,m100,Melun – Port de Plaisance,port
no_match,13052.5,quay,,Belgium waterway,51.100107,5.13562,m_osm_1223232168,Nuclea Yacht Club,port
no_match,13063.9,quay,,Albertkanaal,51.098173,5.100372,m_osm_1223232168,Nuclea Yacht Club,port
no_match,13067.2,quay,,Albertkanaal,50.916851,5.5331,m_osm_4720042858,Bassin,port
no_match,13070.1,quay,,Albertkanaal,50.915933,5.532171,m_osm_4720042858,Bassin,port
no_match,13094.1,quay,Pristav Bratislava - OPBA 15,Donau,48.139187,17.108419,m_osm_1353442969,Interessensgruppe Motorbootfahrer Johlerarm,port
no_match,13095.6,pontoon,,Seine,48.795728,2.523956,m060,Paris – Port de l'Arsenal,port
no_match,13103.8,pontoon,,Seine (Amont),48.569334,2.487564,m100,Melun – Port de Plaisance,port
no_match,13106.6,pontoon,,Oise,49.317356,2.728617,m161,Port de Plaisance de Compiègne,port
no_match,13115.9,quay,Lesil berth 5,Donau,44.115473,27.193879,m_osm_14002131032,Administrația Portuară Călărași,port
no_match,13126.0,pontoon,,Moselle,48.757336,6.034965,m070,Nancy – Port de Plaisance,port
no_match,13130.8,pontoon,,Moselle,48.7573,6.034851,m070,Nancy – Port de Plaisance,port
no_match,13137.4,pontoon,,Moselle,48.757259,6.034702,m070,Nancy – Port de Plaisance,port
no_match,13142.6,pontoon,,Moselle,48.757219,6.034576,m070,Nancy – Port de Plaisance,port
no_match,13146.1,pontoon,,Moselle,48.757179,6.034479,m070,Nancy – Port de Plaisance,port
no_match,13151.5,pontoon,,Moselle,48.757151,6.034363,m070,Nancy – Port de Plaisance,port
no_match,13155.2,pontoon,,Moselle,48.757115,6.034266,m070,Nancy – Port de Plaisance,port
no_match,13158.6,pontoon,,Moselle,48.757078,6.034174,m070,Nancy – Port de Plaisance,port
no_match,13164.9,pontoon,,Moselle,48.75705,6.034044,m070,Nancy – Port de Plaisance,port
no_match,13167.9,quay,,Albertkanaal,51.097468,5.114599,m_osm_1223232168,Nuclea Yacht Club,port
no_match,13169.5,pontoon,,Moselle,48.757016,6.033935,m070,Nancy – Port de Plaisance,port
no_match,13171.4,quay,Pristav Bratislava - OPBA 26,Donau,48.137324,17.109285,m_osm_1353442969,Interessensgruppe Motorbootfahrer Johlerarm,port
no_match,13172.1,quay,Pristav Bratislava - OPBA 16,Donau,48.139227,17.109476,m_osm_1353442969,Interessensgruppe Motorbootfahrer Johlerarm,port
no_match,13176.0,pontoon,,Moselle,48.75697,6.033783,m070,Nancy – Port de Plaisance,port
no_match,13177.4,pontoon,,Seine,48.791272,2.521457,m060,Paris – Port de l'Arsenal,port
no_match,13180.4,quay,,Albertkanaal,50.917423,5.531761,m_osm_4720042858,Bassin,port
no_match,13181.3,quay,,Albertkanaal,50.921454,5.523402,m_osm_317822393,Royal Hasselt Yachting Club,port
no_match,13188.3,pontoon,,Moselle,48.756888,6.033501,m070,Nancy – Port de Plaisance,port
no_match,13193.4,pontoon,,Moselle,48.75685,6.033381,m070,Nancy – Port de Plaisance,port
no_match,13197.1,pontoon,,Moselle,48.756822,6.033293,m070,Nancy – Port de Plaisance,port
no_match,13198.4,quay,,Kanaal Dessel-Turnhout-Schoten,51.339238,5.104029,m_osm_1305739099,Zilvermeerhaven,port
no_match,13200.7,pontoon,,Moselle,48.756787,6.0332,m070,Nancy – Port de Plaisance,port
no_match,13201.7,quay,,Zeekanaal Brussel-Schelde,50.767103,4.271596,m_osm_255425017,Port de plaisance d'Ittre,port
no_match,13206.4,pontoon,,Moselle,48.756731,6.033051,m070,Nancy – Port de Plaisance,port
no_match,13212.9,pontoon,,Moselle,48.756673,6.032889,m070,Nancy – Port de Plaisance,port
no_match,13248.1,quay,,Albertkanaal,51.096905,5.1181,m_osm_1223232168,Nuclea Yacht Club,port
no_match,13256.2,quay,Pristav Bratislava - OPBA 27,Donau,48.137318,17.11043,m_osm_1353442969,Interessensgruppe Motorbootfahrer Johlerarm,port
no_match,13260.7,quay,Pristav Bratislava - OPBA 17,Donau,48.139267,17.110675,m_osm_1353442969,Interessensgruppe Motorbootfahrer Johlerarm,port
no_match,13267.5,quay,,IJzer,51.031483,2.854724,m_osm_5474853932,Westhoek Marina,port
no_match,13286.1,pontoon,,Seine,48.788057,2.520247,m060,Paris – Port de l'Arsenal,port
no_match,13286.1,quay,,Albertkanaal,50.920751,5.524715,m_osm_317822393,Royal Hasselt Yachting Club,port
no_match,13292.3,quay,,Albertkanaal,50.918001,5.530451,m_osm_4720042858,Bassin,port
no_match,13295.4,quay,MArlin berth2,Donau,44.11585,27.190654,m_osm_14002131032,Administrația Portuară Călărași,port
no_match,13326.6,quay,,Albertkanaal,51.096007,5.113775,m_osm_1223232168,Nuclea Yacht Club,port
no_match,13339.3,quay,,Zuid-Willemsvaart,51.001554,5.710948,m_osm_1415313145,Jachthaven Heerenlaak (Marec),port
no_match,13368.0,quay,Pristav Bratislava - OPBA 28,Donau,48.137311,17.11194,m_osm_1353442969,Interessensgruppe Motorbootfahrer Johlerarm,port
no_match,13370.8,quay,Pristav Bratislava - OPBA 18,Donau,48.139304,17.112164,m_osm_1353442969,Interessensgruppe Motorbootfahrer Johlerarm,port
no_match,13376.9,quay,Liegestelle,Saar,49.246985,6.839156,m_osm_567360463,Charterhafen Saarbrücken-Arnual,port
no_match,13378.5,quay,MArlin berth1,Donau,44.116022,27.189177,m_osm_14002131032,Administrația Portuară Călărași,port
no_match,13385.5,quay,,Albertkanaal,50.917594,5.528504,m_osm_4720042858,Bassin,port
no_match,13396.1,quay,,Albertkanaal,50.920053,5.526102,m_osm_317822393,Royal Hasselt Yachting Club,port
no_match,13407.3,quay,,Albertkanaal,50.918608,5.529117,m_osm_4720042858,Bassin,port
no_match,13433.9,quay,,Albertkanaal,51.095248,5.11848,m_osm_1223232168,Nuclea Yacht Club,port
no_match,13438.9,quay,,Kanaal Dessel-Turnhout-Schoten,51.324599,4.830135,m_osm_1989728142,Brechtse Yacht Club,port
no_match,13469.5,quay,Pristav Bratislava - OPBA 29,Donau,48.137288,17.113309,m_osm_1353442969,Interessensgruppe Motorbootfahrer Johlerarm,port
no_match,13476.1,quay,,Kanaal Dessel-Turnhout-Schoten,51.324213,4.830646,m_osm_1989728142,Brechtse Yacht Club,port
no_match,13490.7,quay,Pristav Bratislava - OPBA 19,Donau,48.139277,17.11378,m_osm_1353442969,Interessensgruppe Motorbootfahrer Johlerarm,port
no_match,13519.2,quay,,Albertkanaal,50.919295,5.527656,m_osm_317822393,Royal Hasselt Yachting Club,port
no_match,13575.3,quay,Pristav Bratislava - OPBA 30,Donau,48.13728,17.114737,m_osm_1353442969,Interessensgruppe Motorbootfahrer Johlerarm,port
no_match,13577.8,quay,YGY Silistra berth 1,Donau,44.116639,27.185466,m_osm_14002131032,Administrația Portuară Călărași,port
no_match,13599.7,quay,Pristav Bratislava - OPBA 20,Donau,48.139298,17.115252,m_osm_1353442969,Interessensgruppe Motorbootfahrer Johlerarm,port
no_match,13675.5,quay,,Albertkanaal,51.094857,5.139473,m_osm_1223232168,Nuclea Yacht Club,port
no_match,13696.8,quay,Pristav Bratislava - OPBA 31,Donau,48.13706,17.116355,m_osm_1353442969,Interessensgruppe Motorbootfahrer Johlerarm,port
no_match,13712.5,quay,Pristav Bratislava - OPBA 21,Donau,48.139276,17.116773,m_osm_1353442969,Interessensgruppe Motorbootfahrer Johlerarm,port
no_match,13798.1,quay,,Maas,50.972766,5.756193,m_osm_4720042858,Bassin,port
no_match,13811.5,quay,,Albertkanaal,51.093169,5.135527,m_osm_1223232168,Nuclea Yacht Club,port
no_match,13834.6,pontoon,,Donau,44.357792,28.024667,m_osm_7694657209,Karpaten Turism Pontoon,port
no_match,13838.1,pontoon,,Donau,44.358575,28.025005,m_osm_7694657209,Karpaten Turism Pontoon,port
no_match,13839.6,pontoon,,Donau,44.356967,28.024416,m_osm_7694657209,Karpaten Turism Pontoon,port
no_match,13841.5,pontoon,,Seine (Amont),48.585524,2.484937,m100,Melun – Port de Plaisance,port
no_match,13844.1,pontoon,,Seine (Amont),48.586341,2.485387,m100,Melun – Port de Plaisance,port
no_match,13844.2,pontoon,,Seine (Amont),48.586121,2.485253,m100,Melun – Port de Plaisance,port
no_match,13852.9,pontoon,,Donau,44.358934,28.025329,m_osm_7694657209,Karpaten Turism Pontoon,port
no_match,13883.9,pontoon,,Donau,44.353046,28.023378,m_osm_7694657209,Karpaten Turism Pontoon,port
no_match,13897.0,quay,,IJzer,50.950234,2.721088,m_osm_815733187,Jachthaven Veurne,port
no_match,13946.6,quay,Pristav Bratislava - OPBA 22A,Donau,48.139307,17.119935,m_osm_1353442969,Interessensgruppe Motorbootfahrer Johlerarm,port
no_match,13990.0,quay,,Maas,50.973918,5.759248,m_osm_4720042858,Bassin,port
no_match,14014.7,quay,,Zeekanaal Brussel-Schelde,50.951483,4.411791,m_osm_528530237,Dok 3,port
no_match,14094.7,pontoon,Halte de Courrières,Canal Dunkerque–Escaut,50.463973,2.944783,m133,Douai – Port de Plaisance,port
no_match,14125.5,quay,,Albertkanaal,51.091049,5.142048,m_osm_1223232168,Nuclea Yacht Club,port
no_match,14146.3,quay,Pristav Bratislava - OPBA 22B,Donau,48.139127,17.122615,m_osm_1353442969,Interessensgruppe Motorbootfahrer Johlerarm,port
no_match,14146.7,quay,Lesil berth 1,Donau,44.116125,27.177281,m_osm_14002131032,Administrația Portuară Călărași,port
no_match,14161.2,quay,,Maas,50.978597,5.759718,m_osm_1415313145,Jachthaven Heerenlaak (Marec),port
no_match,14174.2,quay,,Zeekanaal Brussel-Schelde,50.950147,4.412729,m_osm_528530237,Dok 3,port
no_match,14178.2,quay,quai de chargement,Moselle,48.811978,6.118527,m070,Nancy – Port de Plaisance,port
no_match,14182.4,pontoon,,Oise,49.31031,2.718135,m161,Port de Plaisance de Compiègne,port
no_match,14196.2,pontoon,Putnicki pristan Kostolac,Donau,44.735728,21.1562,m_osm_1923402002,Марина Ковин,port
no_match,14198.7,pontoon,,Seine (Amont),48.592691,2.484234,m100,Melun – Port de Plaisance,port
no_match,14229.1,quay,,Maas,50.975883,5.760664,m_osm_4720042858,Bassin,port
no_match,14273.8,pontoon,,Moselle,48.814736,6.126962,m070,Nancy – Port de Plaisance,port
no_match,14277.4,quay,,Zuid-Willemsvaart,50.983564,5.706074,m_osm_4720042858,Bassin,port
no_match,14297.1,quay,,Zeekanaal Brussel-Schelde,50.949113,4.413422,m_osm_528530237,Dok 3,port
no_match,14326.3,quay,,Maas,50.976936,5.760287,m_osm_1415313145,Jachthaven Heerenlaak (Marec),port
no_match,14333.2,quay,,Albertkanaal,51.089451,5.14446,m_osm_1223232168,Nuclea Yacht Club,port
no_match,14340.3,quay,Pristav Bratislava - OPBA 23,Donau,48.138694,17.125199,m_osm_1353442969,Interessensgruppe Motorbootfahrer Johlerarm,port
no_match,14453.1,quay,,Kanaal Dessel-Turnhout-Schoten,51.327013,4.929746,m_osm_4447544120,Yachting Club Geel,port
no_match,14464.4,quay,,Kanaal Dessel-Turnhout-Schoten,51.327756,4.934151,m_osm_4447544120,Yachting Club Geel,port
no_match,14477.4,quay,Pristav Bratislava - OPBA 24,Donau,48.138552,17.127037,m_osm_1353442969,Interessensgruppe Motorbootfahrer Johlerarm,port
no_match,14509.3,quay,,Kanaal Dessel-Turnhout-Schoten,51.327128,4.927146,m_osm_4447544120,Yachting Club Geel,port
no_match,14513.1,pontoon,,Seine (Amont),48.606307,2.490091,m100,Melun – Port de Plaisance,port
no_match,14572.1,pontoon,,Oise,49.314324,2.701177,m161,Port de Plaisance de Compiègne,port
no_match,14618.3,quay,,Zeekanaal Brussel-Schelde,50.946384,4.41504,m_osm_528530237,Dok 3,port
no_match,14625.0,quay,,Albertkanaal,51.048849,5.214817,m_osm_317822393,Royal Hasselt Yachting Club,port
no_match,14632.1,quay,,Albertkanaal,51.04944,5.215935,m_osm_317822393,Royal Hasselt Yachting Club,port
no_match,14678.7,quay,Pristav Bratislava - HTD 9,Donau,48.13814,17.129719,m_osm_1353442969,Interessensgruppe Motorbootfahrer Johlerarm,port
no_match,14684.1,pontoon,,Seine (Amont),48.609261,2.490065,m100,Melun – Port de Plaisance,port
no_match,14722.1,quay,,Zuid-Willemsvaart,50.987593,5.705595,m_osm_4720042858,Bassin,port
no_match,14725.5,quay,,Albertkanaal,51.050236,5.215404,m_osm_317822393,Royal Hasselt Yachting Club,port
no_match,14727.0,pontoon,,Canalul Dunăre-Marea Neagră,44.340427,28.028302,m_osm_7694657209,Karpaten Turism Pontoon,port
no_match,14727.8,pontoon,,Moselle,49.397439,6.255924,m_osm_259904188,Sportboothafen Schwebsange,port
no_match,14747.7,quay,,Albertkanaal,51.04988,5.214085,m_osm_317822393,Royal Hasselt Yachting Club,port
no_match,14764.5,quay,,Albertkanaal,51.086563,5.15218,m_osm_1223232168,Nuclea Yacht Club,port
no_match,14773.0,quay,Pristav Bratislava - HTD 10,Donau,48.13796,17.130976,m_osm_1353442969,Interessensgruppe Motorbootfahrer Johlerarm,port
no_match,14787.9,pontoon,,Moselle,49.396965,6.255521,m_osm_259904188,Sportboothafen Schwebsange,port
no_match,14788.8,quay,,Albertkanaal,51.08618,5.151122,m_osm_1223232168,Nuclea Yacht Club,port
no_match,14803.1,quay,Pristav Bratislava - Zimny pristav - Severny bazen - JB 1,Donau,48.140746,17.131586,m_osm_1353442969,Interessensgruppe Motorbootfahrer Johlerarm,port
no_match,14827.1,quay,,Kanaal Dessel-Turnhout-Schoten,51.332697,4.948435,m_osm_4447544120,Yachting Club Geel,port
no_match,14832.9,quay,,Kanaal Dessel-Turnhout-Schoten,51.332783,4.948814,m_osm_4447544120,Yachting Club Geel,port
no_match,14849.1,quay,Pristav Bratislava - Zimny pristav - Severny bazen - JB 2,Donau,48.140399,17.132186,m_osm_1353442969,Interessensgruppe Motorbootfahrer Johlerarm,port
no_match,14849.6,quay,Pristav Bratislava - Zimny pristav - Juzny bazen - P 1,Donau,48.139081,17.132102,m_osm_1353442969,Interessensgruppe Motorbootfahrer Johlerarm,port
no_match,14856.1,quay,Pristav Bratislava - HTD 11,Donau,48.137834,17.132087,m_osm_1353442969,Interessensgruppe Motorbootfahrer Johlerarm,port
no_match,14861.1,pontoon,,Seine (Amont),48.723004,2.424372,m060,Paris – Port de l'Arsenal,port
no_match,14862.3,quay,,Kanaal Dessel-Turnhout-Schoten,51.33306,4.948926,m_osm_4447544120,Yachting Club Geel,port
no_match,14863.2,pontoon,,Seine (Amont),48.722952,2.424209,m060,Paris – Port de l'Arsenal,port
no_match,14890.5,quay,,Zeekanaal Brussel-Schelde,50.945045,4.422524,m_osm_528530237,Dok 3,port
no_match,14907.0,quay,Pristav Bratislava - Zimny pristav - Juzny bazen - SB 20,Donau,48.139353,17.132897,m_osm_1353442969,Interessensgruppe Motorbootfahrer Johlerarm,port
no_match,14909.0,quay,,Zeekanaal Brussel-Schelde,50.944213,4.418453,m_osm_528530237,Dok 3,port
no_match,14909.9,pontoon,,Moselle,49.396093,6.254485,m_osm_259904188,Sportboothafen Schwebsange,port
no_match,14917.3,quay,Pristav Bratislava - Zimny pristav - Severny bazen - SB 31,Donau,48.140921,17.133136,m_osm_1353442969,Interessensgruppe Motorbootfahrer Johlerarm,port
no_match,14917.5,quay,Pristav Bratislava - Zimny pristav - Severny bazen - JB 3,Donau,48.140156,17.133093,m_osm_1353442969,Interessensgruppe Motorbootfahrer Johlerarm,port
no_match,14921.4,quay,Pristav Bratislava - Zimny pristav - Juzny bazen - P 2,Donau,48.138899,17.133058,m_osm_1353442969,Interessensgruppe Motorbootfahrer Johlerarm,port
no_match,14936.9,quay,Pristav Bratislava - HTD 12,Donau,48.137666,17.133163,m_osm_1353442969,Interessensgruppe Motorbootfahrer Johlerarm,port
no_match,14947.7,pontoon,,Moselle,49.395863,6.254067,m_osm_259904188,Sportboothafen Schwebsange,port
no_match,14972.4,quay,,Kanaal Dessel-Turnhout-Schoten,51.333942,4.947613,m_osm_4447544120,Yachting Club Geel,port
no_match,14993.2,quay,,Kanaal Dessel-Turnhout-Schoten,51.334238,4.948794,m_osm_4447544120,Yachting Club Geel,port
no_match,14995.1,quay,Pristav Bratislava - Zimny pristav - Juzny bazen - P 3,Donau,48.138748,17.13404,m_osm_1353442969,Interessensgruppe Motorbootfahrer Johlerarm,port
no_match,14995.5,quay,Pristav Bratislava - Zimny pristav - Severny bazen -JB 4,Donau,48.140048,17.134138,m_osm_1353442969,Interessensgruppe Motorbootfahrer Johlerarm,port
no_match,14997.7,quay,,Zeekanaal Brussel-Schelde,50.944083,4.422737,m_osm_528530237,Dok 3,port
no_match,14997.9,quay,Liegestelle,Rhine,47.849108,7.55478,m_osm_652745257,"Segel - Club - ""Nautic"" Breisach",port
no_match,15008.9,quay,Pristav Bratislava - Zimny pristav - Juzny bazen - SB-21,Donau,48.139078,17.134252,m_osm_1353442969,Interessensgruppe Motorbootfahrer Johlerarm,port
no_match,15014.9,quay,Pristav Bratislava - HTD 13,Donau,48.137498,17.134201,m_osm_1353442969,Interessensgruppe Motorbootfahrer Johlerarm,port
no_match,15032.5,quay,,Zeekanaal Brussel-Schelde,50.942783,4.41656,m_osm_528530237,Dok 3,port
no_match,15036.9,quay,quai de chargement et de déchargement,Moselle,48.820276,6.119069,m070,Nancy – Port de Plaisance,port
no_match,15042.3,quay,Pristav Bratislava - Zimny pristav - Severny bazen - SB 32,Donau,48.140881,17.134819,m_osm_1353442969,Interessensgruppe Motorbootfahrer Johlerarm,port
no_match,15060.1,quay,quai de chargement et de déchargement,Moselle,49.394556,6.25435,m_osm_259904188,Sportboothafen Schwebsange,port
no_match,15073.5,quay,Pristav Bratislava - Zimny pristav - Severny bazen - JB 5,Donau,48.139916,17.135182,m_osm_1353442969,Interessensgruppe Motorbootfahrer Johlerarm,port
no_match,15081.0,quay,Pristav Bratislava - Zimny pristav - Juzny bazen - P 4,Donau,48.13856,17.135184,m_osm_1353442969,Interessensgruppe Motorbootfahrer Johlerarm,port
no_match,15087.2,quay,Pristav Bratislava - HTD 14,Donau,48.137303,17.135159,m_osm_1353442969,Interessensgruppe Motorbootfahrer Johlerarm,port
no_match,15108.1,quay,,Kanaal Dessel-Turnhout-Schoten,51.327088,4.854272,m_osm_1989728142,Brechtse Yacht Club,port
no_match,15116.6,quay,Pristav Bratislava - Zimny pristav - Juzny bazen - SB-22,Donau,48.138844,17.135687,m_osm_1353442969,Interessensgruppe Motorbootfahrer Johlerarm,port
no_match,15138.2,quay,,Kanaal Dessel-Turnhout-Schoten,51.349771,5.065247,m_osm_1223232168,Nuclea Yacht Club,port
no_match,15155.2,quay,Pristav Bratislava - Zimny pristav - Severny bazen - JB 6,Donau,48.139731,17.136272,m_osm_1353442969,Interessensgruppe Motorbootfahrer Johlerarm,port
no_match,15158.1,quay,Pristav Bratislava - HTD 15,Donau,48.137069,17.136093,m_osm_1353442969,Interessensgruppe Motorbootfahrer Johlerarm,port
no_match,15158.3,quay,Pristav Bratislava - Zimny pristav - Juzny bazen - P 5,Donau,48.138376,17.136213,m_osm_1353442969,Interessensgruppe Motorbootfahrer Johlerarm,port
no_match,15163.5,quay,Pristav Bratislava - Zimny pristav - Severny bazen - SB 33,Donau,48.140836,17.136451,m_osm_1353442969,Interessensgruppe Motorbootfahrer Johlerarm,port
no_match,15186.4,pontoon,,Seine,48.899286,2.170356,m214,Arsenal Marina Paris,halte
no_match,15188.9,quay,,Kanaal Dessel-Turnhout-Schoten,51.350022,5.063339,m_osm_1223232168,Nuclea Yacht Club,port
no_match,15206.8,quay,,Kanaal Dessel-Turnhout-Schoten,51.350199,5.063457,m_osm_1223232168,Nuclea Yacht Club,port
no_match,15211.8,quay,quai de chargement et de déchargement,Moselle,49.393839,6.252157,m_osm_259904188,Sportboothafen Schwebsange,port
no_match,15220.7,pontoon,,Seine,48.898351,2.169337,m214,Arsenal Marina Paris,halte
no_match,15221.7,quay,Pristav Bratislava - Zimny pristav - Juzny bazen - SB-23,Donau,48.138617,17.137088,m_osm_1353442969,Interessensgruppe Motorbootfahrer Johlerarm,port
no_match,15226.0,quay,Pristav Bratislava - HTD 16,Donau,48.13681,17.136985,m_osm_1353442969,Interessensgruppe Motorbootfahrer Johlerarm,port
no_match,15236.7,quay,Pristav Bratislava - Zimny pristav - Juzny bazen - P 6,Donau,48.138097,17.137248,m_osm_1353442969,Interessensgruppe Motorbootfahrer Johlerarm,port
no_match,15241.7,quay,Pristav Bratislava - Zimny pristav - Severny bazen - JB 7,Donau,48.139479,17.137422,m_osm_1353442969,Interessensgruppe Motorbootfahrer Johlerarm,port
no_match,15244.8,pontoon,,Oise,49.314154,2.687383,m161,Port de Plaisance de Compiègne,port
no_match,15269.5,quay,,Zeekanaal Brussel-Schelde,50.944175,4.436694,m_osm_528530237,Dok 3,port
no_match,15280.4,quay,Pristav Bratislava - Zimny pristav - Severny bazen - SB KOLENO 1,Donau,48.140647,17.138017,m_osm_1353442969,Interessensgruppe Motorbootfahrer Johlerarm,port
no_match,15291.0,quay,Pristav Bratislava - HTD 17,Donau,48.136555,17.137837,m_osm_1353442969,Interessensgruppe Motorbootfahrer Johlerarm,port
no_match,15293.2,quay,,Zeekanaal Brussel-Schelde,50.943754,4.435751,m_osm_528530237,Dok 3,port
no_match,15293.3,quay,,Albertkanaal,51.082627,5.158309,m_osm_1223232168,Nuclea Yacht Club,port
no_match,15297.4,pontoon,,Seine,48.890271,2.164234,m214,Arsenal Marina Paris,halte
no_match,15311.0,quay,Pristav Bratislava - Zimny pristav - Juzny bazen - P 7,Donau,48.137827,17.138227,m_osm_1353442969,Interessensgruppe Motorbootfahrer Johlerarm,port
no_match,15311.5,quay,Pristav Bratislava - Zimny pristav - Severny bazen - JB 8,Donau,48.139279,17.138349,m_osm_1353442969,Interessensgruppe Motorbootfahrer Johlerarm,port
no_match,15323.7,quay,SC PORT CETATE SRL BERTH,Donau,44.08679,23.034977,m_osm_27016292,BDIN кану-каяк клуб,port
no_match,15346.0,pontoon,,Seine,48.888558,2.162806,m214,Arsenal Marina Paris,halte
no_match,15346.0,pontoon,,Donau,44.086936,23.035169,m_osm_27016292,BDIN кану-каяк клуб,port
no_match,15362.7,quay,Pristav Bratislava - Zimny pristav - Severny bazen - SB KOLENO 2,Donau,48.140191,17.1391,m_osm_1353442969,Interessensgruppe Motorbootfahrer Johlerarm,port
no_match,15365.6,quay,Pristav Bratislava - HTD 18,Donau,48.136207,17.13881,m_osm_1353442969,Interessensgruppe Motorbootfahrer Johlerarm,port
no_match,15377.7,quay,Pristav Bratislava - Zimny pristav - Juzny bazen - P 8,Donau,48.137459,17.139095,m_osm_1353442969,Interessensgruppe Motorbootfahrer Johlerarm,port
no_match,15421.5,quay,Pristav Bratislava - Zimny pristav - Juzny bazen - SB 41,Donau,48.139502,17.139849,m_osm_1353442969,Interessensgruppe Motorbootfahrer Johlerarm,port
no_match,15435.0,quay,Pristav Bratislava - HTD 19,Donau,48.135879,17.139712,m_osm_1353442969,Interessensgruppe Motorbootfahrer Johlerarm,port
no_match,15440.0,quay,,Albertkanaal,51.081601,5.160337,m_osm_1223232168,Nuclea Yacht Club,port
no_match,15443.5,quay,Pristav Bratislava - Zimny pristav - Juzny bazen - P 9,Donau,48.137093,17.13995,m_osm_1353442969,Interessensgruppe Motorbootfahrer Johlerarm,port
no_match,15463.2,quay,Pristav Bratislava - Zimny pristav - Juzny bazen - SB 42,Donau,48.138726,17.140356,m_osm_1353442969,Interessensgruppe Motorbootfahrer Johlerarm,port
no_match,15506.0,quay,Pristav Bratislava - Zimny pristav - Juzny bazen  - P 10,Donau,48.13666,17.140752,m_osm_1353442969,Interessensgruppe Motorbootfahrer Johlerarm,port
no_match,15507.3,quay,Pristav Bratislava - Zimny pristav - Juzny bazen - SB 43,Donau,48.137911,17.140885,m_osm_1353442969,Interessensgruppe Motorbootfahrer Johlerarm,port
no_match,15533.6,pontoon,,Oise,49.315232,2.679849,m161,Port de Plaisance de Compiègne,port
no_match,15547.0,quay,,Kanaal Dessel-Turnhout-Schoten,51.329691,4.892577,m_osm_4447544120,Yachting Club Geel,port
no_match,15552.8,quay,Pristav Bratislava - Zimny pristav - Juzny bazen - SB 44,Donau,48.137081,17.141425,m_osm_1353442969,Interessensgruppe Motorbootfahrer Johlerarm,port
no_match,15574.1,quay,Pristav Bratislava - HTD 19B (TRANZIT),Donau,48.134753,17.141464,m_osm_1353442969,Interessensgruppe Motorbootfahrer Johlerarm,port
no_match,15601.4,quay,,Zeekanaal Brussel-Schelde,50.786552,4.29019,m_osm_255425017,Port de plaisance d'Ittre,port
no_match,15605.9,quay,,Albertkanaal,51.080446,5.162616,m_osm_1223232168,Nuclea Yacht Club,port
no_match,15659.2,quay,,Zeekanaal Brussel-Schelde,50.93664,4.413954,m_osm_528530237,Dok 3,port
no_match,15690.0,quay,,Albertkanaal,51.079863,5.163765,m_osm_1223232168,Nuclea Yacht Club,port
no_match,15698.5,quay,Pristav Bratislava - HTD 131P,Donau,48.113611,17.138216,m_osm_1353442969,Interessensgruppe Motorbootfahrer Johlerarm,port
no_match,15717.5,quay,Pristav Bratislava - HTD 130P,Donau,48.114429,17.138762,m_osm_1353442969,Interessensgruppe Motorbootfahrer Johlerarm,port
no_match,15739.2,quay,Pristav Bratislava - HTD 129P,Donau,48.115232,17.139331,m_osm_1353442969,Interessensgruppe Motorbootfahrer Johlerarm,port
no_match,15759.3,quay,,Albertkanaal,51.079384,5.164712,m_osm_1223232168,Nuclea Yacht Club,port
no_match,15762.9,quay,Pristav Bratislava - HTD 128P,Donau,48.116052,17.139926,m_osm_1353442969,Interessensgruppe Motorbootfahrer Johlerarm,port
no_match,15768.4,pontoon,Halte d'Aire sur la Lys,Canal Dunkerque–Escaut,50.64217,2.408476,m132,Saint-Omer – Port de Plaisance,port
no_match,15774.5,quay,,Kanaal Dessel-Turnhout-Schoten,51.330396,4.88693,m_osm_4447544120,Yachting Club Geel,port
no_match,15813.2,quay,,Zeekanaal Brussel-Schelde,50.788215,4.292049,m_osm_255425017,Port de plaisance d'Ittre,port
no_match,15833.3,quay,,Albertkanaal,51.078873,5.16572,m_osm_1223232168,Nuclea Yacht Club,port
no_match,15841.9,quay,Pristav Bratislava - HTD 51,Donau,48.132321,17.144769,m_osm_1353442969,Interessensgruppe Motorbootfahrer Johlerarm,port
no_match,15880.3,quay,,Zeekanaal Brussel-Schelde,50.934568,4.413651,m_osm_528530237,Dok 3,port
no_match,15890.6,quay,Pristav Palenisko - ZB 61,Donau,48.136465,17.145926,m_osm_1353442969,Interessensgruppe Motorbootfahrer Johlerarm,port
no_match,15917.4,quay,Pristav Bratislava - HTD 52,Donau,48.130931,17.145583,m_osm_1353442969,Interessensgruppe Motorbootfahrer Johlerarm,port
no_match,15931.9,quay,,Albertkanaal,51.078195,5.167057,m_osm_1223232168,Nuclea Yacht Club,port
no_match,15937.6,quay,Pristav Palenisko - ZB 62,Donau,48.135795,17.146493,m_osm_1353442969,Interessensgruppe Motorbootfahrer Johlerarm,port
no_match,15961.7,pontoon,Ponton de Gigny,Saône,46.653611,4.953265,m053,Chalon-sur-Saône – Port de Plaisance,port
no_match,15981.6,quay,Pristav Palenisko - ZB 63,Donau,48.135149,17.147017,m_osm_1353442969,Interessensgruppe Motorbootfahrer Johlerarm,port
no_match,15982.4,quay,Pristav Bratislava - HTD 53,Donau,48.129967,17.146307,m_osm_1353442969,Interessensgruppe Motorbootfahrer Johlerarm,port
no_match,15993.5,quay,Pristav Palenisko - CB 70,Donau,48.136916,17.14736,m_osm_1353442969,Interessensgruppe Motorbootfahrer Johlerarm,port
no_match,15995.7,quay,,Kanaal Dessel-Turnhout-Schoten,51.330615,4.880081,m_osm_4447544120,Yachting Club Geel,port
no_match,16025.0,quay,Pristav Palenisko - ZB 64,Donau,48.134498,17.147529,m_osm_1353442969,Interessensgruppe Motorbootfahrer Johlerarm,port
no_match,16031.6,quay,quai de chargement et de déchargement,Moselle,49.39138,6.237359,m_osm_259904188,Sportboothafen Schwebsange,port
no_match,16033.3,quay,,Albertkanaal,51.077503,5.168452,m_osm_1223232168,Nuclea Yacht Club,port
no_match,16047.3,quay,Pristav Bratislava - HTD 54,Donau,48.128833,17.146993,m_osm_1353442969,Interessensgruppe Motorbootfahrer Johlerarm,port
no_match,16071.9,quay,Pristav Palenisko - VB 71,Donau,48.136297,17.148359,m_osm_1353442969,Interessensgruppe Motorbootfahrer Johlerarm,port
no_match,16075.4,pontoon,,Rhône,45.731323,4.818767,m001,Givors – Halte,halte
no_match,16096.6,quay,Pristav Palenisko - ZB 65,Donau,48.133955,17.148431,m_osm_1353442969,Interessensgruppe Motorbootfahrer Johlerarm,port
no_match,16100.7,quay,quai de chargement et de déchargement,Moselle,49.390953,6.23663,m_osm_259904188,Sportboothafen Schwebsange,port
no_match,16103.1,pontoon,,Rhône,45.731175,4.821053,m001,Givors – Halte,halte
no_match,16110.1,pontoon,,Seine (Amont),48.708125,2.402467,m060,Paris – Port de l'Arsenal,port
no_match,16115.1,quay,Pristav Palenisko - VB 72,Donau,48.135652,17.148876,m_osm_1353442969,Interessensgruppe Motorbootfahrer Johlerarm,port
no_match,16118.8,quay,Pristav Bratislava - HTD 55,Donau,48.127811,17.147776,m_osm_1353442969,Interessensgruppe Motorbootfahrer Johlerarm,port
no_match,16131.8,quay,Pristav Bratislava - HTD 124L,Donau,48.116052,17.145007,m_osm_1353442969,Interessensgruppe Motorbootfahrer Johlerarm,port
no_match,16139.7,quay,Pristav Palenisko - ZB 66,Donau,48.133331,17.148935,m_osm_1353442969,Interessensgruppe Motorbootfahrer Johlerarm,port
no_match,16159.2,quay,Pristav Bratislava - HTD 123L,Donau,48.116857,17.145633,m_osm_1353442969,Interessensgruppe Motorbootfahrer Johlerarm,port
no_match,16159.4,quay,Pristav Palenisko - VB 73,Donau,48.134999,17.149403,m_osm_1353442969,Interessensgruppe Motorbootfahrer Johlerarm,port
no_match,16162.5,quay,,Kanaal Dessel-Turnhout-Schoten,51.3296,4.871454,m_osm_4447544120,Yachting Club Geel,port
no_match,16167.1,pontoon,,Seine,48.868689,2.145516,m214,Arsenal Marina Paris,halte
no_match,16167.2,quay,ducs d'albe,Saône,45.732713,4.815524,m001,Givors – Halte,halte
no_match,16181.6,quay,Pristav Palenisko - ZB 67,Donau,48.132731,17.149423,m_osm_1353442969,Interessensgruppe Motorbootfahrer Johlerarm,port
no_match,16184.8,quay,,Zeekanaal Brussel-Schelde,50.791422,4.293545,m_osm_255425017,Port de plaisance d'Ittre,port
no_match,16188.4,quay,Pristav Bratislava - HTD 122L,Donau,48.117651,17.146272,m_osm_1353442969,Interessensgruppe Motorbootfahrer Johlerarm,port
no_match,16196.0,quay,Pristav Palenisko - DALBY 93,Donau,48.128246,17.148905,m_osm_1353442969,Interessensgruppe Motorbootfahrer Johlerarm,port
no_match,16203.2,quay,Pristav Palenisko - VB 74,Donau,48.134353,17.149921,m_osm_1353442969,Interessensgruppe Motorbootfahrer Johlerarm,port
no_match,16208.3,pontoon,,Seine,48.868564,2.144927,m214,Arsenal Marina Paris,halte
no_match,16215.4,quay,Pristav Bratislava - HTD 121L,Donau,48.118455,17.146876,m_osm_1353442969,Interessensgruppe Motorbootfahrer Johlerarm,port
no_match,16227.5,quay,Pristav Palenisko - ZB 68,Donau,48.13204,17.149948,m_osm_1353442969,Interessensgruppe Motorbootfahrer Johlerarm,port
no_match,16234.0,quay,Pristav Palenisko - DALBY 92,Donau,48.128953,17.149546,m_osm_1353442969,Interessensgruppe Motorbootfahrer Johlerarm,port
no_match,16240.9,pontoon,,Seine,48.868484,2.144464,m214,Arsenal Marina Paris,halte
no_match,16261.5,quay,Pristav Palenisko - VB 75,Donau,48.133439,17.150596,m_osm_1353442969,Interessensgruppe Motorbootfahrer Johlerarm,port
no_match,16266.6,quay,Pristav Palenisko - ZB 69,Donau,48.13114,17.150345,m_osm_1353442969,Interessensgruppe Motorbootfahrer Johlerarm,port
no_match,16272.2,quay,,Zeekanaal Brussel-Schelde,50.930737,4.411791,m_osm_528530237,Dok 3,port
no_match,16278.4,quay,Pristav Palenisko - DALBY 91,Donau,48.129806,17.150293,m_osm_1353442969,Interessensgruppe Motorbootfahrer Johlerarm,port
no_match,16279.1,quay,Prístav Opravovne lodi - SB 108,Donau,48.125146,17.149419,m_osm_1353442969,Interessensgruppe Motorbootfahrer Johlerarm,port
no_match,16293.0,pontoon,,Seine,48.868376,2.143729,m214,Arsenal Marina Paris,halte
no_match,16315.0,quay,,Zeekanaal Brussel-Schelde,50.792477,4.29448,m_osm_255425017,Port de plaisance d'Ittre,port
no_match,16338.1,quay,Pristav Palenisko - VB 76,Donau,48.132376,17.151491,m_osm_1353442969,Interessensgruppe Motorbootfahrer Johlerarm,port
no_match,16347.3,quay,Prístav Opravovne lodi - SB 107,Donau,48.125695,17.150463,m_osm_1353442969,Interessensgruppe Motorbootfahrer Johlerarm,port
no_match,16356.0,pontoon,,Saône,45.734524,4.815085,m001,Givors – Halte,halte
no_match,16383.9,quay,Zone stationnement bateau école,Rhône,45.734056,4.819491,m001,Givors – Halte,halte
no_match,16392.0,quay,Pristav Palenisko - VB 77,Donau,48.131595,17.15211,m_osm_1353442969,Interessensgruppe Motorbootfahrer Johlerarm,port
no_match,16422.1,quay,,Albertkanaal,51.075195,5.175371,m_osm_1223232168,Nuclea Yacht Club,port
no_match,16422.9,quay,Prístav Opravovne lodi - JB 115,Donau,48.124661,17.151272,m_osm_1353442969,Interessensgruppe Motorbootfahrer Johlerarm,port
no_match,16425.7,quay,Pristav Palenisko - VB 80,Donau,48.131035,17.152484,m_osm_1353442969,Interessensgruppe Motorbootfahrer Johlerarm,port
no_match,16427.9,quay,Prístav Opravovne lodi - SB 106,Donau,48.125913,17.151604,m_osm_1353442969,Interessensgruppe Motorbootfahrer Johlerarm,port
no_match,16449.8,quay,,Zeekanaal Brussel-Schelde,50.9294,4.414123,m_osm_528530237,Dok 3,port
no_match,16450.1,quay,Pristav Palenisko - VB 81,Donau,48.130792,17.152777,m_osm_1353442969,Interessensgruppe Motorbootfahrer Johlerarm,port
no_match,16458.7,quay,Pristav Palenisko - VB 82,Donau,48.13071,17.152881,m_osm_1353442969,Interessensgruppe Motorbootfahrer Johlerarm,port
no_match,16498.8,quay,,Albertkanaal,51.073515,5.170482,m_osm_1223232168,Nuclea Yacht Club,port
no_match,16501.7,quay,,Zeekanaal Brussel-Schelde,50.928758,4.412797,m_osm_528530237,Dok 3,port
no_match,16517.3,quay,Prístav Opravovne lodi - JB 114,Donau,48.124833,17.152594,m_osm_1353442969,Interessensgruppe Motorbootfahrer Johlerarm,port
no_match,16525.1,quay,,Canalul Dunăre-Marea Neagră,44.319633,28.039547,m_osm_7694657209,Karpaten Turism Pontoon,port
no_match,16549.7,quay,,Albertkanaal,51.072727,5.168803,m_osm_1223232168,Nuclea Yacht Club,port
no_match,16553.0,pontoon,Ponton,Saône,45.736402,4.814676,m001,Givors – Halte,halte
no_match,16553.1,quay,,Zeekanaal Brussel-Schelde,50.928509,4.414565,m_osm_528530237,Dok 3,port
no_match,16576.4,quay,,Dender,50.803719,3.963866,m_osm_8867559693,Jachthaven VVW Aalst,port
no_match,16580.0,pontoon,,Saône,45.736657,4.814633,m001,Givors – Halte,halte
no_match,16592.7,quay,,Albertkanaal,51.072072,5.1674,m_osm_1223232168,Nuclea Yacht Club,port
no_match,16598.0,pontoon,,Saône,45.736828,4.814599,m001,Givors – Halte,halte
no_match,16605.7,quay,,Albertkanaal,51.072296,5.169317,m_osm_1223232168,Nuclea Yacht Club,port
no_match,16611.2,quay,Prístav Opravovne lodi - JB 113,Donau,48.125047,17.153917,m_osm_1353442969,Interessensgruppe Motorbootfahrer Johlerarm,port
no_match,16633.9,quay,,Albertkanaal,51.073437,5.176571,m_osm_1223232168,Nuclea Yacht Club,port
no_match,16634.0,quay,Prístav Opravovne lodi - SB 105,Donau,48.126287,17.154481,m_osm_1353442969,Interessensgruppe Motorbootfahrer Johlerarm,port
no_match,16665.9,quay,,Albertkanaal,51.070985,5.165073,m_osm_1223232168,Nuclea Yacht Club,port
no_match,16682.4,quay,,Albertkanaal,51.063554,5.196944,m_osm_317822393,Royal Hasselt Yachting Club,port
no_match,16693.5,quay,,Canalul Dunăre-Marea Neagră,44.319141,28.04158,m_osm_7694657209,Karpaten Turism Pontoon,port
no_match,16695.8,quay,Prístav Opravovne lodi - SB 104,Donau,48.126427,17.155348,m_osm_1353442969,Interessensgruppe Motorbootfahrer Johlerarm,port
no_match,16706.5,quay,Prístav Opravovne lodi - JB 112,Donau,48.125247,17.155256,m_osm_1353442969,Interessensgruppe Motorbootfahrer Johlerarm,port
no_match,16712.7,quay,,Albertkanaal,51.070683,5.165857,m_osm_1223232168,Nuclea Yacht Club,port
no_match,16741.5,quay,,Albertkanaal,51.069894,5.162737,m_osm_1223232168,Nuclea Yacht Club,port
no_match,16754.9,quay,,Albertkanaal,51.072635,5.178236,m_osm_1223232168,Nuclea Yacht Club,port
no_match,16760.3,quay,Prístav Opravovne lodi - SB 103,Donau,48.126565,17.156252,m_osm_1353442969,Interessensgruppe Motorbootfahrer Johlerarm,port
no_match,16780.0,quay,,Albertkanaal,51.069157,5.160348,m_osm_1223232168,Nuclea Yacht Club,port
no_match,16781.0,quay,,Albertkanaal,51.069335,5.16154,m_osm_1223232168,Nuclea Yacht Club,port
no_match,16787.6,quay,,Albertkanaal,51.069594,5.163528,m_osm_1223232168,Nuclea Yacht Club,port
no_match,16824.1,quay,Prístav Opravovne lodi - SB 102,Donau,48.126704,17.157145,m_osm_1353442969,Interessensgruppe Motorbootfahrer Johlerarm,port
no_match,16850.8,quay,,Zeekanaal Brussel-Schelde,50.797279,4.295565,m_osm_255425017,Port de plaisance d'Ittre,port
no_match,16851.8,quay,Zone d'amarrage Bougival amont,Seine,48.868468,2.136057,m214,Arsenal Marina Paris,halte
no_match,16852.7,pontoon,Ponton,Rhône,45.737596,4.824047,m001,Givors – Halte,halte
no_match,16859.8,pontoon,,Saône,45.739318,4.814059,m001,Givors – Halte,halte
no_match,16868.2,quay,,Albertkanaal,51.064615,5.194756,m_osm_317822393,Royal Hasselt Yachting Club,port
no_match,16893.2,quay,Prístav Opravovne lodi - SB 101,Donau,48.126865,17.158114,m_osm_1353442969,Interessensgruppe Motorbootfahrer Johlerarm,port
no_match,16915.3,quay,,Albertkanaal,51.064884,5.194201,m_osm_317822393,Royal Hasselt Yachting Club,port
no_match,16915.5,pontoon,,Seine (Amont),48.700335,2.397898,m060,Paris – Port de l'Arsenal,port
no_match,16918.9,quay,Prístav Opravovne lodi - JB 111,Donau,48.125766,17.158249,m_osm_1353442969,Interessensgruppe Motorbootfahrer Johlerarm,port
no_match,16937.4,quay,,Zeekanaal Brussel-Schelde,50.925448,4.418132,m_osm_528530237,Dok 3,port
no_match,16941.7,quay,,Albertkanaal,51.067632,5.160164,m_osm_1223232168,Nuclea Yacht Club,port
no_match,16951.6,pontoon,,Seine,49.295835,1.027477,m020,Rouen – Halte de Plaisance,halte
no_match,16992.9,quay,,Zeekanaal Brussel-Schelde,50.798551,4.295861,m_osm_255425017,Port de plaisance d'Ittre,port
no_match,17044.4,quay,,Donau,48.092201,17.147412,m_osm_1353442969,Interessensgruppe Motorbootfahrer Johlerarm,port
no_match,17051.4,quay,,Albertkanaal,51.065663,5.192607,m_osm_317822393,Royal Hasselt Yachting Club,port
no_match,17073.1,pontoon,,Moselle,49.386004,6.224183,m_osm_259904188,Sportboothafen Schwebsange,port
no_match,17080.3,quay,,Albertkanaal,51.070847,5.184301,m_osm_1223232168,Nuclea Yacht Club,port
no_match,17094.4,pontoon,,Moselle,49.385974,6.22375,m_osm_259904188,Sportboothafen Schwebsange,port
no_match,17137.1,quay,Poste attente paquebots hôtel,Saône,45.741856,4.814131,m001,Givors – Halte,halte
no_match,17142.5,quay,,Zeekanaal Brussel-Schelde,50.799893,4.296155,m_osm_255425017,Port de plaisance d'Ittre,port
no_match,17191.5,pontoon,,Saône,45.742345,4.814204,m001,Givors – Halte,halte
no_match,17214.7,quay,,Albertkanaal,51.066595,5.19069,m_osm_317822393,Royal Hasselt Yachting Club,port
no_match,17223.8,quay,,Albertkanaal,51.06955,5.184623,m_osm_1223232168,Nuclea Yacht Club,port
no_match,17271.1,pontoon,Ponton wake board surf,Rhône,45.740968,4.826857,m001,Givors – Halte,halte
no_match,17357.4,quay,,Zeekanaal Brussel-Schelde,50.921848,4.420072,m_osm_528530237,Dok 3,port
no_match,17423.6,quay,,Zeekanaal Brussel-Schelde,50.802409,4.296732,m_osm_255425017,Port de plaisance d'Ittre,port
no_match,17495.8,pontoon,,Saône,45.744975,4.815342,m001,Givors – Halte,halte
no_match,17501.4,quay,,Zeekanaal Brussel-Schelde,50.803231,4.296118,m_osm_255425017,Port de plaisance d'Ittre,port
no_match,17538.8,quay,,Zeekanaal Brussel-Schelde,50.803442,4.296961,m_osm_255425017,Port de plaisance d'Ittre,port
no_match,17546.0,pontoon,,Saône,45.745377,4.815741,m001,Givors – Halte,halte
no_match,17627.6,pontoon,Ponton ski nautique,Rhône,45.743828,4.829287,m001,Givors – Halte,halte
no_match,17687.8,quay,,Zeekanaal Brussel-Schelde,50.804775,4.297272,m_osm_255425017,Port de plaisance d'Ittre,port
no_match,17711.1,quay,Elbeuf,Seine,49.293133,1.007016,m020,Rouen – Halte de Plaisance,halte
no_match,17726.1,quay,,Kanaal Dessel-Turnhout-Schoten,51.359965,4.990642,m_osm_4447544120,Yachting Club Geel,port
no_match,17728.0,quay,,Canalul Dunăre-Marea Neagră,44.308476,28.048064,m_osm_7694657209,Karpaten Turism Pontoon,port
no_match,17730.0,quay,,Kanaal Dessel-Turnhout-Schoten,51.359927,4.992936,m_osm_4447544120,Yachting Club Geel,port
no_match,17783.3,quay,,Kanaal Dessel-Turnhout-Schoten,51.360459,4.991328,m_osm_4447544120,Yachting Club Geel,port
no_match,17851.3,quay,,Zeekanaal Brussel-Schelde,50.80633,4.297033,m_osm_255425017,Port de plaisance d'Ittre,port
no_match,17856.4,quay,,Zeekanaal Brussel-Schelde,50.806283,4.29762,m_osm_255425017,Port de plaisance d'Ittre,port
no_match,17871.1,pontoon,,Saône,45.747999,4.818194,m001,Givors – Halte,halte
no_match,17898.8,quay,,Kanaal Dessel-Turnhout-Schoten,51.361666,4.983155,m_osm_4447544120,Yachting Club Geel,port
no_match,17906.2,quay,,Zeekanaal Brussel-Schelde,50.916556,4.418188,m_osm_528530237,Dok 3,port
no_match,17906.5,quay,,Dender,50.799096,3.931253,m_osm_8867559693,Jachthaven VVW Aalst,port
no_match,17908.3,quay,,Zeekanaal Brussel-Schelde,50.916408,4.417169,m_osm_528530237,Dok 3,port
no_match,17922.2,quay,,Kanaal Dessel-Turnhout-Schoten,51.361887,4.981909,m_osm_4447544120,Yachting Club Geel,port
no_match,17933.2,quay,,Canalul Dunăre-Marea Neagră,44.307632,28.050364,m_osm_7694657209,Karpaten Turism Pontoon,port
no_match,17972.2,quay,,Dender,50.799061,3.929177,m_osm_8867559693,Jachthaven VVW Aalst,port
no_match,17985.3,pontoon,,Rhône,45.746655,4.831921,m001,Givors – Halte,halte
no_match,18008.9,quay,,Dender,50.798818,3.928767,m_osm_8867559693,Jachthaven VVW Aalst,port
no_match,18014.0,quay,,Dender,50.798954,3.928148,m_osm_8867559693,Jachthaven VVW Aalst,port
no_match,18059.0,quay,quai de chargement,Moselle,48.838071,6.076298,m070,Nancy – Port de Plaisance,port
no_match,18072.5,quay,,Zeekanaal Brussel-Schelde,50.808218,4.298062,m_osm_255425017,Port de plaisance d'Ittre,port
no_match,18084.6,pontoon,,Saône,45.749597,4.820564,m001,Givors – Halte,halte
no_match,18117.4,quay,Liegestelle Hilpoltstein unterer Vorhafen,Main-Donau-Kanal,49.195358,11.221348,m_osm_431082492,Sportboothafen Berching - Berchinger Yacht Club Wassersportfreunde,port
no_match,18270.8,pontoon,,Seine (Amont),48.687321,2.387887,m060,Paris – Port de l'Arsenal,port
no_match,18291.8,pontoon,,Seine (Amont),48.687125,2.387776,m060,Paris – Port de l'Arsenal,port
no_match,18340.5,quay,,Zeekanaal Brussel-Schelde,50.912132,4.414511,m_osm_528530237,Dok 3,port
no_match,18366.0,quay,,Zeekanaal Brussel-Schelde,50.911874,4.414296,m_osm_528530237,Dok 3,port
no_match,18393.4,quay,,Zeekanaal Brussel-Schelde,50.911587,4.413973,m_osm_528530237,Dok 3,port
no_match,18411.8,quay,Chaussée de Vilvorde (2A - 0A) / Vilvoordsesteenweg (2A - 0A),Belgium waterway,50.911406,4.413858,m_osm_528530237,Dok 3,port
no_match,18431.5,pontoon,,Seine (Amont),48.635618,2.455305,m100,Melun – Port de Plaisance,port
no_match,18460.9,quay,Digue du Canal (8A - 4A) / Kanaal dijk (8A - 4A),Belgium waterway,50.910911,4.41345,m_osm_528530237,Dok 3,port
no_match,18462.9,quay,Digue du Canal (8A - 4A) / Kanaal dijk (8A - 4A),Belgium waterway,50.910891,4.413433,m_osm_528530237,Dok 3,port
no_match,18478.7,quay,Chaussée de Vilvorde (13A - 5A) / Vilvoordsesteenweg (13A - 5A),Belgium waterway,50.910627,4.412344,m_osm_528530237,Dok 3,port
no_match,18481.5,quay,Chaussée de Vilvorde (13A - 5A) / Vilvoordsesteenweg (13A - 5A),Belgium waterway,50.910584,4.412186,m_osm_528530237,Dok 3,port
no_match,18582.0,quay,Digue du Canal (20A - 10A) / Kanaal dijk (20A - 10A),Belgium waterway,50.909686,4.412365,m_osm_528530237,Dok 3,port
no_match,18586.0,quay,Digue du Canal (20A - 10A) / Kanaal dijk (20A - 10A),Belgium waterway,50.909646,4.412327,m_osm_528530237,Dok 3,port
no_match,18587.8,quay,Digue du Canal (20A - 10A) / Kanaal dijk (20A - 10A),Belgium waterway,50.909638,4.412403,m_osm_528530237,Dok 3,port
no_match,18602.6,quay,Chaussée de Vilvorde (27A - 15A) / Vilvoordsesteenweg (27A - 15A),Belgium waterway,50.909387,4.411326,m_osm_528530237,Dok 3,port
no_match,18612.1,quay,Chaussée de Vilvorde (27A - 15A) / Vilvoordsesteenweg (27A - 15A),Belgium waterway,50.909292,4.411246,m_osm_528530237,Dok 3,port
no_match,18637.5,pontoon,,Oise,49.314345,2.624204,m161,Port de Plaisance de Compiègne,port
no_match,18644.1,quay,Quai de Veeweyde (41K - 31K) / Veeweidekaai (41K-31K),Belgium waterway,50.813417,4.298694,m_osm_255425017,Port de plaisance d'Ittre,port
no_match,18685.9,quay,quai de chargement et de déchargement,Moselle,48.844294,6.076223,m070,Nancy – Port de Plaisance,port
no_match,18704.7,quay,Digue du Canal (32A - 20A) / Kanaal dijk (32A - 20A),Belgium waterway,50.908458,4.41134,m_osm_528530237,Dok 3,port
no_match,18709.1,quay,Digue du Canal (32A - 20A) / Kanaal dijk (32A - 20A),Belgium waterway,50.908423,4.411389,m_osm_528530237,Dok 3,port
no_match,18715.9,quay,Digue du Canal (32A - 20A) / Kanaal dijk (32A - 20A),Belgium waterway,50.908345,4.411238,m_osm_528530237,Dok 3,port
no_match,18721.4,quay,Chaussée de Vilvorde (41A - 27A) / Vilvoordsesteenweg (41A - 27A),Belgium waterway,50.908203,4.41035,m_osm_528530237,Dok 3,port
no_match,18724.2,quay,Chaussée de Vilvorde (41A - 27A) / Vilvoordsesteenweg (41A - 27A),Belgium waterway,50.908174,4.41032,m_osm_528530237,Dok 3,port
no_match,18749.6,quay,Quai de Veeweyde (31K - 25K) / Veeweidekaai (31K-25K),Belgium waterway,50.814356,4.298941,m_osm_255425017,Port de plaisance d'Ittre,port
no_match,18757.9,pontoon,,Oise,49.313376,2.623246,m161,Port de Plaisance de Compiègne,port
no_match,18761.1,quay,Quai de Veeweyde (31K - 25K) / Veeweidekaai (31K-25K),Belgium waterway,50.814461,4.298949,m_osm_255425017,Port de plaisance d'Ittre,port
no_match,18767.4,quay,,Dender,50.795071,3.916432,m_osm_8867559693,Jachthaven VVW Aalst,port
no_match,18793.8,quay,quai de déchargement,Moselle,49.374586,6.207936,m_osm_259904188,Sportboothafen Schwebsange,port
no_match,18839.5,quay,Chaussée de Vilvorde (53A - 41A) / Vilvoordsesteenweg (53A - 41A),Belgium waterway,50.907031,4.409401,m_osm_528530237,Dok 3,port
no_match,18839.6,quay,Chaussée de Vilvorde (53A - 41A) / Vilvoordsesteenweg (53A - 41A),Belgium waterway,50.907022,4.40932,m_osm_528530237,Dok 3,port
no_match,18851.6,quay,Chaussée de Vilvorde (53A - 41A) / Vilvoordsesteenweg (53A - 41A),Belgium waterway,50.906916,4.409351,m_osm_528530237,Dok 3,port
no_match,18872.9,quay,Digue du Canal (44A - 36A) / Kanaal dijk (44A - 36A),Belgium waterway,50.906791,4.41004,m_osm_528530237,Dok 3,port
no_match,18874.1,quay,Quai de Veeweyde (25K - 19K) / Veeweidekaai (25K-19K),Belgium waterway,50.815453,4.299298,m_osm_255425017,Port de plaisance d'Ittre,port
no_match,18880.0,quay,Digue du Canal (44A - 36A) / Kanaal dijk (44A - 36A),Belgium waterway,50.906733,4.410102,m_osm_528530237,Dok 3,port
no_match,18974.8,quay,Chaussée de Vilvorde (69A - 55A) / Vilvoordsesteenweg (69A - 65A),Belgium waterway,50.905685,4.408223,m_osm_528530237,Dok 3,port
no_match,18977.0,quay,Chaussée de Vilvorde (69A - 55A) / Vilvoordsesteenweg (69A - 65A),Belgium waterway,50.905677,4.408356,m_osm_528530237,Dok 3,port
no_match,18979.5,quay,Chaussée de Vilvorde (69A - 55A) / Vilvoordsesteenweg (69A - 65A),Belgium waterway,50.905649,4.408293,m_osm_528530237,Dok 3,port
no_match,18992.4,quay,Quai de Veeweyde (17K - 15K) / Veeweidekaai (17K-15K),Belgium waterway,50.816467,4.299826,m_osm_255425017,Port de plaisance d'Ittre,port
no_match,19006.0,quay,Digue du Canal (56A - 46A) / Kanaal dijk (56A - 46A),Belgium waterway,50.905464,4.408879,m_osm_528530237,Dok 3,port
no_match,19010.1,quay,Digue du Canal (56A - 46A) / Kanaal dijk (56A - 46A),Belgium waterway,50.905437,4.408982,m_osm_528530237,Dok 3,port
no_match,19020.1,pontoon,Ponton attente plaisance Ormes amont,Saône,46.622295,4.95059,m053,Chalon-sur-Saône – Port de Plaisance,port
no_match,19062.6,quay,Appontement quai Antonin Poncet,Rhône,45.755864,4.836273,m001,Givors – Halte,halte
no_match,19076.9,pontoon,,Seine,48.972062,2.178978,m214,Arsenal Marina Paris,halte
no_match,19081.1,quay,Quai de Veeweyde (15K - 11K) / Veeweidekaai (13K-11K),Belgium waterway,50.817228,4.300212,m_osm_255425017,Port de plaisance d'Ittre,port
no_match,19082.5,quay,Quai de Veeweyde (13K - 11K) / Veeweidekaai (13K-11K),Belgium waterway,50.817233,4.300265,m_osm_255425017,Port de plaisance d'Ittre,port
no_match,19118.4,pontoon,,Seine,48.971574,2.177458,m214,Arsenal Marina Paris,halte
no_match,19204.4,quay,Quai de Veeweyde (9K - 1K) / Veeweidekaai (9K-1K),Belgium waterway,50.818272,4.300838,m_osm_255425017,Port de plaisance d'Ittre,port
no_match,19216.0,quay,Quai d'Aa (8K - 0K) / Aakaai (8K - 0K),Belgium waterway,50.818299,4.301353,m_osm_255425017,Port de plaisance d'Ittre,port
no_match,19295.2,quay,Quai L.Monnoyer (18B - 8B) / L.Monnoyerkaai (18B - 8B) ,Belgium waterway,50.902628,4.406689,m_osm_528530237,Dok 3,port
no_match,19300.6,quay,Quai L.Monnoyer (18B - 8B) / L.Monnoyerkaai (18B - 8B),Belgium waterway,50.902586,4.406767,m_osm_528530237,Dok 3,port
no_match,19433.2,quay,Quai L.Monnoyer (28B - 20B) / L.Monnoyerkaai (28B - 20B),Belgium waterway,50.901283,4.405663,m_osm_528530237,Dok 3,port
no_match,19435.1,quay,Quai L.Monnoyer (28B - 20B) / L.Monnoyerkaai (28B - 20B) ,Belgium waterway,50.901261,4.405606,m_osm_528530237,Dok 3,port
no_match,19503.6,quay,Quai de Veeweyde (31J - 25J) / Veeweidekaai (31J - 25J),Belgium waterway,50.820804,4.302371,m_osm_255425017,Port de plaisance d'Ittre,port
no_match,19509.5,quay,Quai de Veeweyde (31J - 25J) / Veeweidekaai (31J - 25J),Belgium waterway,50.820852,4.302411,m_osm_255425017,Port de plaisance d'Ittre,port
no_match,19575.3,quay,Quai L.Monnoyer (38B - 30B) / L.Monnoyerkaai (38B - 30B) ,Belgium waterway,50.899895,4.404522,m_osm_528530237,Dok 3,port
no_match,19580.5,quay,Quai L.Monnoyer (38B - 30B) / L.Monnoyerkaai (38B - 30B),Belgium waterway,50.899848,4.404524,m_osm_528530237,Dok 3,port
no_match,19583.1,quay,Quai L.Monnoyer (38B - 30B) / L.Monnoyerkaai (38B - 30B),Belgium waterway,50.899829,4.404578,m_osm_528530237,Dok 3,port
no_match,19591.9,quay,Ponton UNB - Chaussée de Vilvorde / Vilvoordsesteenweg (43B),Belgium waterway,50.899663,4.403539,m_osm_528530237,Dok 3,port
no_match,19613.6,quay,Ponton RSNB - 170 Chaussée de Vilvorde / Vilvoordsesteenweg -45-43B,Belgium waterway,50.899444,4.403265,m_osm_528530237,Dok 3,port
no_match,19619.3,quay,Ponton RSNB - Chaussée de Vilvorde / Vilvoordsesteenweg (45B),Belgium waterway,50.899399,4.403357,m_osm_528530237,Dok 3,port
no_match,19633.5,pontoon,,Rhône,45.760404,4.840254,m001,Givors – Halte,halte
no_match,19713.9,quay,Quai L.Monnoyer (52B - 40B) / L.Monnoyerkaai (52B - 40B),Belgium waterway,50.898553,4.403496,m_osm_528530237,Dok 3,port
no_match,19716.1,quay,Quai L.Monnoyer (52B - 40B) / L.Monnoyerkaai (52B - 40B) ,Belgium waterway,50.898528,4.403438,m_osm_528530237,Dok 3,port
no_match,19717.3,quay,Quai L.Monnoyer (52B - 40B) / L.Monnoyerkaai (52B - 40B),Belgium waterway,50.898527,4.403557,m_osm_528530237,Dok 3,port
no_match,19818.9,pontoon,,Seine (Amont),48.645553,2.442857,m100,Melun – Port de Plaisance,port
no_match,19826.3,quay,Quai L.Monnoyer (68B - 54B) / L.Monnoyerkaai (68B - 54B) ,Belgium waterway,50.897465,4.402636,m_osm_528530237,Dok 3,port
no_match,19828.1,quay,Quai L.Monnoyer (68B - 54B) / L.Monnoyerkaai (68B - 54B),Belgium waterway,50.897447,4.402619,m_osm_528530237,Dok 3,port
no_match,19831.3,quay,Quai L.Monnoyer (68B - 54B) / L.Monnoyerkaai (68B - 54B),Belgium waterway,50.897423,4.402683,m_osm_528530237,Dok 3,port
no_match,19840.8,quay,Quai d'Aa (12J - 6J) / Aakaai (12J - 6J),Belgium waterway,50.823421,4.305558,m_osm_255425017,Port de plaisance d'Ittre,port
no_match,19842.7,quay,Quai d'Aa (12J - 6J) / Aakaai (12J - 6J),Belgium waterway,50.823442,4.305535,m_osm_255425017,Port de plaisance d'Ittre,port
no_match,19934.8,quay,,Donau,47.74496,17.803202,m_osm_6657816084,Kunsziget pihenő,port
no_match,19988.6,quay,Quai L.Monnoyer (82B - 68B) / L.Monnoyerkaai (82B - 68B) ,Belgium waterway,50.89589,4.40129,m_osm_528530237,Dok 3,port
no_match,19991.4,quay,Quai L.Monnoyer (82B - 68B) / L.Monnoyerkaai (82B - 68B),Belgium waterway,50.895872,4.401384,m_osm_528530237,Dok 3,port
no_match,20045.5,pontoon,Halte de Bouchain,Canal Dunkerque–Escaut,50.256129,3.297568,m133,Douai – Port de Plaisance,port
no_match,20111.4,quay,Digue du Canal (98I - 88I) / Kanaaldijk (98I - 88I),Belgium waterway,50.825491,4.308251,m_osm_255425017,Port de plaisance d'Ittre,port
no_match,20112.0,quay,Digue du Canal (98I - 88I) / Kanaaldijk (98I - 88I),Belgium waterway,50.825505,4.308203,m_osm_255425017,Port de plaisance d'Ittre,port
no_match,20113.4,quay,Quai L.Monnoyer (96B - 84B) / L.Monnoyerkaai (96B - 84B) ,Belgium waterway,50.89469,4.400336,m_osm_528530237,Dok 3,port
no_match,20119.2,quay,Digue du Canal (98I - 88I) / Kanaaldijk (98I - 88I),Belgium waterway,50.82556,4.308273,m_osm_255425017,Port de plaisance d'Ittre,port
no_match,20122.0,quay,Chaussée de Vilvorde (8BB - 1BB) / Vilvoordsesteenweg (8BB - 1BB),Belgium waterway,50.894509,4.398898,m_osm_528530237,Dok 3,port
no_match,20123.5,quay,Chaussée de Vilvorde (10BB - 9BB) / Vilvoordsesteenweg (10BB - 9BB),Belgium waterway,50.894593,4.400269,m_osm_528530237,Dok 3,port
no_match,20124.0,quay,Chaussée de Vilvorde (8BB - 1BB) / Vilvoordsesteenweg (8BB - 1BB),Belgium waterway,50.894498,4.398989,m_osm_528530237,Dok 3,port
no_match,20159.8,quay,Liegestelle Eckersmühlen unterer Vorhafen,Main-Donau-Kanal,49.212714,11.17388,m_osm_37586466,Seezentrum Enderndorf,port
no_match,20169.8,quay,Chaussée de Vilvorde (10BB - 9BB) / Vilvoordsesteenweg (10BB - 9BB),Belgium waterway,50.894049,4.398488,m_osm_528530237,Dok 3,port
no_match,20194.0,quay,Digue du Canal (88I - 74I) / Kanaaldijk (88I - 74I),Belgium waterway,50.826145,4.308936,m_osm_255425017,Port de plaisance d'Ittre,port
no_match,20195.7,quay,Digue du Canal (88I - 74I) / Kanaaldijk (88I - 74I),Belgium waterway,50.826149,4.309005,m_osm_255425017,Port de plaisance d'Ittre,port
no_match,20221.4,quay,Quai L.Monnoyer (110B - 96B) / L.Monnoyerkaai (110B - 96B),Belgium waterway,50.893634,4.399238,m_osm_528530237,Dok 3,port
no_match,20224.2,quay,Quai L.Monnoyer (110B - 96B) / L.Monnoyerkaai (110B - 96B),Belgium waterway,50.893612,4.39929,m_osm_528530237,Dok 3,port
no_match,20226.2,quay,Quai L.Monnoyer (110B - 96B) / L.Monnoyerkaai (110B - 96B) ,Belgium waterway,50.893583,4.399136,m_osm_528530237,Dok 3,port
no_match,20303.2,quay,Digue du Canal (72I - 64I) / Kanaaldijk (72I - 64I),Belgium waterway,50.82699,4.309951,m_osm_255425017,Port de plaisance d'Ittre,port
no_match,20337.9,quay,Quai L.Monnoyer (126B - 112B) / L.Monnoyerkaai (126B - 112B) ,Belgium waterway,50.892488,4.397897,m_osm_528530237,Dok 3,port
no_match,20343.6,quay,Quai L.Monnoyer (126B - 112B) / L.Monnoyerkaai (126B - 112B),Belgium waterway,50.89244,4.397947,m_osm_528530237,Dok 3,port
no_match,20403.1,quay,Digue du Canal (62I - 54I) / Kanaaldijk (62I - 54I),Belgium waterway,50.827771,4.310824,m_osm_255425017,Port de plaisance d'Ittre,port
no_match,20408.6,quay,Digue du Canal (62I - 54I) / Kanaaldijk (62I - 54I),Belgium waterway,50.827808,4.310906,m_osm_255425017,Port de plaisance d'Ittre,port
no_match,20409.2,quay,Digue du Canal (62I - 54I) / Kanaaldijk (62I - 54I),Belgium waterway,50.827798,4.310999,m_osm_255425017,Port de plaisance d'Ittre,port
no_match,20441.3,quay,Quai L.Monnoyer (140B - 126B) / L.Monnoyerkaai (140B - 126B),Belgium waterway,50.891475,4.396694,m_osm_528530237,Dok 3,port
no_match,20444.4,quay,Quai L.Monnoyer (140B - 126B) / L.Monnoyerkaai (140B - 126B),Belgium waterway,50.891449,4.396725,m_osm_528530237,Dok 3,port
no_match,20445.8,quay,Quai L.Monnoyer (140B - 126B) / L.Monnoyerkaai (140B - 126B) ,Belgium waterway,50.891428,4.39659,m_osm_528530237,Dok 3,port
no_match,20466.5,quay,GAMOTA TRADING - POLOHA 1,Donau,47.744933,17.810315,m_osm_6657816084,Kunsziget pihenő,port
no_match,20499.1,quay,Digue du Canal (54I - 42I) / Kanaaldijk (54I - 42I),Belgium waterway,50.828499,4.311797,m_osm_255425017,Port de plaisance d'Ittre,port
no_match,20501.9,quay,Digue du Canal (54I - 42I) / Kanaaldijk (54I - 42I),Belgium waterway,50.828542,4.311695,m_osm_255425017,Port de plaisance d'Ittre,port
no_match,20546.7,quay,Quai L.Monnoyer (156B - 142B) / L.Monnoyerkaai (156B - 142B) ,Belgium waterway,50.890429,4.395171,m_osm_528530237,Dok 3,port
no_match,20593.2,quay,Digue du Canal (42I - 28I) / Kanaaldijk (42I - 28I),Belgium waterway,50.82923,4.312642,m_osm_255425017,Port de plaisance d'Ittre,port
no_match,20600.2,quay,Digue du Canal (42I - 28I) / Kanaaldijk (42I - 28I),Belgium waterway,50.829307,4.312576,m_osm_255425017,Port de plaisance d'Ittre,port
no_match,20630.7,quay,Chaussée de Vilvorde (153B - 139B) / Vilvoordesteenweg (153B - 139B),Belgium waterway,50.889482,4.391822,m_osm_528530237,Dok 3,port
no_match,20637.0,quay,Quai L.Monnoyer (170B - 156B) / L.Monnoyerkaai (170B - 156B),Belgium waterway,50.88953,4.393741,m_osm_528530237,Dok 3,port
no_match,20639.8,quay,Quai L.Monnoyer (170B - 156B) / L.Monnoyerkaai (170B - 156B),Belgium waterway,50.889507,4.39378,m_osm_528530237,Dok 3,port
no_match,20639.9,quay,Quai L.Monnoyer (170B - 156B) / L.Monnoyerkaai (170B - 156B) ,Belgium waterway,50.889498,4.393639,m_osm_528530237,Dok 3,port
no_match,20640.4,quay,GAMOTA TRADING - POLOHA 2,Donau,47.744577,17.81265,m_osm_6657816084,Kunsziget pihenő,port
no_match,20654.0,quay,,Canalul Dunăre-Marea Neagră,44.176939,28.397958,m_osm_6088848756,"Doc uscat ""Sorena""",port
no_match,20676.3,quay,Chaussée de Vilvorde (165B - 155B) / Vilvoordesteenweg (165B - 155B) ,Belgium waterway,50.888967,4.38977,m_osm_528530237,Dok 3,port
no_match,20678.0,quay,,Canalul Dunăre-Marea Neagră,44.176297,28.397584,m_osm_6088848756,"Doc uscat ""Sorena""",port
no_match,20678.7,quay,Chaussée de Vilvorde (165B - 155B) / Vilvoordesteenweg (165B - 155B),Belgium waterway,50.888945,4.389759,m_osm_528530237,Dok 3,port
no_match,20695.5,quay,Digue du Canal (26I - 22I) / Kanaaldijk (26I - 22I),Belgium waterway,50.830026,4.313551,m_osm_255425017,Port de plaisance d'Ittre,port
no_match,20696.6,quay,Digue du Canal (26I - 22I) / Kanaaldijk (26I - 22I),Belgium waterway,50.83005,4.313472,m_osm_255425017,Port de plaisance d'Ittre,port
no_match,20698.8,quay,Digue du Canal (26I - 22I) / Kanaaldijk (26I - 22I),Belgium waterway,50.830073,4.313457,m_osm_255425017,Port de plaisance d'Ittre,port
no_match,20701.1,quay,,Canalul Dunăre-Marea Neagră,44.177828,28.39747,m_osm_6088848756,"Doc uscat ""Sorena""",port
no_match,20727.6,quay,Quai L.Monnoyer (186B - 172B) / L.Monnoyerkaai (186B - 172B) ,Belgium waterway,50.888618,4.392034,m_osm_528530237,Dok 3,port
no_match,20729.8,quay,,Canalul Dunăre-Marea Neagră,44.175862,28.396885,m_osm_6088848756,"Doc uscat ""Sorena""",port
no_match,20733.0,quay,Chaussée de Vilvorde (181B - 167B) / Vilvoordesteenweg (181B - 167B),Belgium waterway,50.888372,4.38794,m_osm_528530237,Dok 3,port
no_match,20733.7,quay,Chaussée de Vilvorde (181B - 167B) / Vilvoordesteenweg (181B - 167B),Belgium waterway,50.888367,4.387979,m_osm_528530237,Dok 3,port
no_match,20749.1,quay,,Canalul Dunăre-Marea Neagră,44.178723,28.396978,m_osm_6088848756,"Doc uscat ""Sorena""",port
no_match,20791.1,quay,,Canalul Dunăre-Marea Neagră,44.175802,28.396108,m_osm_6088848756,"Doc uscat ""Sorena""",port
no_match,20794.1,quay,Digue du Canal (20I - 4I) / Kanaaldijk (20I - 4I),Belgium waterway,50.830791,4.314436,m_osm_255425017,Port de plaisance d'Ittre,port
no_match,20797.3,quay,Digue du Canal (20I - 4I) / Kanaaldijk (20I - 4I),Belgium waterway,50.830838,4.314338,m_osm_255425017,Port de plaisance d'Ittre,port
no_match,20799.9,quay,Quai L.Monnoyer (200B - 186B) / L.Monnoyerkaai (200B - 186B),Belgium waterway,50.887882,4.390382,m_osm_528530237,Dok 3,port
no_match,20801.3,quay,Quai L.Monnoyer (200B - 186B) / L.Monnoyerkaai (200B - 186B) ,Belgium waterway,50.887864,4.390273,m_osm_528530237,Dok 3,port
no_match,20802.1,quay,,Canalul Dunăre-Marea Neagră,44.179709,28.39644,m_osm_6088848756,"Doc uscat ""Sorena""",port
no_match,20814.9,quay,,Belgium waterway,50.88758,4.386686,m_osm_528530237,Dok 3,port
no_match,20829.1,quay,Quai de Heembeek (189B - 181B) / Heembeekkaai (189B - 181B) ,Belgium waterway,50.887445,4.386516,m_osm_528530237,Dok 3,port
no_match,20833.4,quay,Quai de Heembeek (189B - 181B) / Heembeekkaai (189B - 181B),Belgium waterway,50.887399,4.386328,m_osm_528530237,Dok 3,port
no_match,20866.3,quay,,Canalul Dunăre-Marea Neagră,44.176533,28.395241,m_osm_6088848756,"Doc uscat ""Sorena""",port
no_match,20874.6,quay,Quai L.Monnoyer (216B - 202B) / L.Monnoyerkaai (216B - 202B) ,Belgium waterway,50.88712,4.388495,m_osm_528530237,Dok 3,port
no_match,20897.7,quay,SK-4-34077,Donau,47.743878,17.816106,m_osm_6657816084,Kunsziget pihenő,port
no_match,20908.5,quay,Quai de Heembeek (203B - 189B) / Heembeekkaai (203B - 189B) ,Belgium waterway,50.886665,4.384836,m_osm_528530237,Dok 3,port
no_match,20914.3,quay,Quai de Heembeek (203B - 189B) / Heembeekkaai (203B - 189B),Belgium waterway,50.886605,4.384632,m_osm_528530237,Dok 3,port
no_match,20925.8,quay,PASSENGERS BERTH,Canalul Dunăre-Marea Neagră,44.18098,28.395057,m_osm_6088848756,"Doc uscat ""Sorena""",port
no_match,20931.6,quay,,Canalul Dunăre-Marea Neagră,44.179668,28.394803,m_osm_6088848756,"Doc uscat ""Sorena""",port
no_match,20937.0,quay,,Canalul Dunăre-Marea Neagră,44.177208,28.394428,m_osm_6088848756,"Doc uscat ""Sorena""",port
no_match,20946.3,quay,,Canalul Dunăre-Marea Neagră,44.178817,28.394506,m_osm_6088848756,"Doc uscat ""Sorena""",port
no_match,20948.7,quay,Quai L.Monnoyer (230B - 216B) / L.Monnoyerkaai (230B - 216B) ,Belgium waterway,50.886376,4.386717,m_osm_528530237,Dok 3,port
no_match,20953.1,quay,Quai L.Monnoyer (230B - 216B) / L.Monnoyerkaai (230B - 216B),Belgium waterway,50.886335,4.386686,m_osm_528530237,Dok 3,port
no_match,20954.7,quay,Ponton Brussels by Water - Quai de Heembeekkaai (207B - 203B),Belgium waterway,50.886208,4.383687,m_osm_528530237,Dok 3,port
no_match,20961.6,quay,,Canalul Dunăre-Marea Neagră,44.177946,28.394206,m_osm_6088848756,"Doc uscat ""Sorena""",port
no_match,20995.2,quay,Digue du Canal (23H - 21H) / Kanaaldijk (23H - 21H),Belgium waterway,50.832535,4.31519,m_osm_255425017,Port de plaisance d'Ittre,port
no_match,20995.5,quay,Digue du Canal (23H - 21H) / Kanaaldijk (23H - 21H),Belgium waterway,50.832546,4.315145,m_osm_255425017,Port de plaisance d'Ittre,port
no_match,21009.7,pontoon,,Oise,49.302833,2.596552,m161,Port de Plaisance de Compiègne,port
no_match,21012.0,quay,Digue du Canal (24H - 20H) / Kanaaldijk (24H - 20H),Belgium waterway,50.832484,4.316364,m_osm_255425017,Port de plaisance d'Ittre,port
no_match,21014.6,quay,Digue du Canal (24H - 20H) / Kanaaldijk (24H - 20H),Belgium waterway,50.832519,4.316303,m_osm_255425017,Port de plaisance d'Ittre,port
no_match,21015.9,quay,Quai de Heembeek (225B - 209B) / Heembeekkaai (225B - 209B) ,Belgium waterway,50.885611,4.382321,m_osm_528530237,Dok 3,port
no_match,21017.5,quay,Quai de Heembeek (225B - 209B) / Heembeekkaai (225B - 209B),Belgium waterway,50.885594,4.382236,m_osm_528530237,Dok 3,port
no_match,21018.7,pontoon,,Seine (Amont),48.653181,2.431082,m100,Melun – Port de Plaisance,port
no_match,21021.4,quay,Quai L.Monnoyer (244B - 232B) / L.Monnoyerkaai (244B - 232B),Belgium waterway,50.885655,4.38504,m_osm_528530237,Dok 3,port
no_match,21021.6,quay,,Canalul Dunăre-Marea Neagră,44.184978,28.394482,m_osm_6088848756,"Doc uscat ""Sorena""",port
no_match,21022.7,quay,Quai L.Monnoyer (244B - 232B) / L.Monnoyerkaai (244B - 232B) ,Belgium waterway,50.885642,4.384999,m_osm_528530237,Dok 3,port
no_match,21024.3,pontoon,,Seine (Amont),48.653188,2.430995,m100,Melun – Port de Plaisance,port
no_match,21094.4,quay,Quai de Biestebroeck (19H - 15H) / Biestebroeck Kaai (19H - 15H),Belgium waterway,50.833306,4.316071,m_osm_255425017,Port de plaisance d'Ittre,port
no_match,21095.9,quay,Quai de Biestebroeck (19H - 15H) / Biestebroek Kaai (19H - 15H),Belgium waterway,50.833326,4.316037,m_osm_255425017,Port de plaisance d'Ittre,port
no_match,21097.9,quay,Quai L.Monnoyer (260B - 246B) / L.Monnoyerkaai (260B - 246B) ,Belgium waterway,50.8849,4.383149,m_osm_528530237,Dok 3,port
no_match,21098.9,quay,Quai L.Monnoyer (260B - 246B) / L.Monnoyerkaai (260B - 246B),Belgium waterway,50.884892,4.3832,m_osm_528530237,Dok 3,port
no_match,21126.5,quay,BRYC D,Belgium waterway,50.884553,4.380169,m_osm_528530237,Dok 3,port
no_match,21144.5,quay,BRYC D,Belgium waterway,50.884396,4.380356,m_osm_528530237,Dok 3,port
no_match,21157.6,quay,Digue du Canal (18H - 14H) / Kanaaldijk (18H - 14H),Belgium waterway,50.833624,4.317597,m_osm_255425017,Port de plaisance d'Ittre,port
no_match,21158.7,quay,Capitainerie-Kapiteinsdienst - Quai L.Monnoyerkaai (266B - 262B),Belgium waterway,50.884311,4.381857,m_osm_528530237,Dok 3,port
no_match,21159.8,quay,Capitainerie-Kapiteinsdienst - Quai L.Monnoyerkaai (266B - 262B),Belgium waterway,50.884301,4.381842,m_osm_528530237,Dok 3,port
no_match,21188.8,quay,BRYC C,Belgium waterway,50.883958,4.378815,m_osm_528530237,Dok 3,port
no_match,21201.2,quay,Quai de Biestebroeck (13H - 7H) / Biestebroeck Kaai (13H - 7H),Belgium waterway,50.834135,4.31702,m_osm_255425017,Port de plaisance d'Ittre,port
no_match,21207.4,quay,Quai L.Monnoyer (282B - 268B) / L.Monnoyerkaai (282B - 268B) ,Belgium waterway,50.883838,4.380663,m_osm_528530237,Dok 3,port
no_match,21215.4,quay,ducs d'albe,Saône,45.779723,4.809139,m001,Givors – Halte,halte
no_match,21219.1,quay,BRYC C,Belgium waterway,50.883685,4.378813,m_osm_528530237,Dok 3,port
no_match,21248.4,quay,Digue du Canal (14H - 10H) / Kanaaldijk (14H - 10H),Belgium waterway,50.834317,4.318457,m_osm_255425017,Port de plaisance d'Ittre,port
no_match,21250.0,quay,Digue du Canal (14H - 10H) / Kanaaldijk (14H - 10H),Belgium waterway,50.834338,4.318425,m_osm_255425017,Port de plaisance d'Ittre,port
no_match,21251.9,quay,Digue du Canal (14H - 10H) / Kanaaldijk (14H - 10H),Belgium waterway,50.83436,4.318404,m_osm_255425017,Port de plaisance d'Ittre,port
no_match,21270.4,quay,BRYC B (233B - 227B),Belgium waterway,50.883192,4.377398,m_osm_528530237,Dok 3,port
no_match,21289.4,quay,BRYC B -233-227B,Belgium waterway,50.883027,4.37767,m_osm_528530237,Dok 3,port
no_match,21330.4,quay,Digue du Canal (8H - 6H) / Kanaaldijk (8H - 6H),Belgium waterway,50.835062,4.318584,m_osm_255425017,Port de plaisance d'Ittre,port
no_match,21343.3,pontoon,,Oise,49.302876,2.590805,m161,Port de Plaisance de Compiègne,port
no_match,21359.4,quay,BRYC A (247B - 235B),Belgium waterway,50.882361,4.375836,m_osm_528530237,Dok 3,port
no_match,21364.8,quay,BRYC A -247-235B,Belgium waterway,50.882316,4.376045,m_osm_528530237,Dok 3,port
no_match,21390.6,quay,quai de chargement et de déchargement,Moselle,48.86963,6.071925,m070,Nancy – Port de Plaisance,port
no_match,21421.7,quay,Putnicko pristaniste Aljmas,Donau,45.53163,18.95213,m_osm_866432688,Marina Vukovar,port
no_match,21575.3,pontoon,,Seine (Amont),48.655623,2.424389,m100,Melun – Port de Plaisance,port
no_match,21586.4,pontoon,,Seine (Amont),48.415112,3.246095,m103,Montereau – Halte,halte
no_match,21615.2,pontoon,,Seine (Amont),48.415155,3.24648,m103,Montereau – Halte,halte
no_match,21674.1,pontoon,,Seine (Amont),48.656225,2.423391,m100,Melun – Port de Plaisance,port
no_match,21763.5,pontoon,Ex DF Organisation - THIONVILLE,Moselle,49.358937,6.172202,m_osm_259904188,Sportboothafen Schwebsange,port
no_match,21801.4,pontoon,,Seine (Amont),48.658174,2.419833,m060,Paris – Port de l'Arsenal,port
no_match,21835.3,pontoon,,Saône,45.784923,4.813234,m001,Givors – Halte,halte
no_match,21844.7,pontoon,,Moselle,48.876037,6.079682,m070,Nancy – Port de Plaisance,port
no_match,21847.4,quay,ponton,Moselle,48.876061,6.079671,m070,Nancy – Port de Plaisance,port
no_match,21918.8,pontoon,Quai Pierre Marchal,Moselle,49.357944,6.170679,m_osm_259904188,Sportboothafen Schwebsange,port
no_match,21936.8,quay,quai de chargement,Moselle,48.877402,6.081664,m070,Nancy – Port de Plaisance,port
no_match,21939.3,pontoon,,Moselle,48.877426,6.081667,m070,Nancy – Port de Plaisance,port
no_match,22015.9,pontoon,,Seine,49.276466,1.260784,m020,Rouen – Halte de Plaisance,halte
no_match,22037.4,pontoon,,Seine,49.276272,1.260871,m020,Rouen – Halte de Plaisance,halte
no_match,22067.7,pontoon,,Saône,45.786906,4.814425,m001,Givors – Halte,halte
no_match,22074.7,pontoon,Bowling - THIONVILLE,Moselle,49.356356,6.170252,m_osm_259904188,Sportboothafen Schwebsange,port
no_match,22094.1,quay,,Dender,50.773947,3.879086,m_osm_8867559693,Jachthaven VVW Aalst,port
no_match,22097.5,quay,Ponton SCAB - Quai des Usines / Werkhuizenkaai (44C - 40C),Belgium waterway,50.875663,4.363443,m_osm_528530237,Dok 3,port
no_match,22100.0,quay,Ponton SNUB - Quai des Usines  / Werkhuizenkaai (38C),Belgium waterway,50.875641,4.363414,m_osm_528530237,Dok 3,port
no_match,22102.1,quay,Ponton SNUB - Quai des Usines  / Werkhuizenkaai -40-32C,Belgium waterway,50.875622,4.363481,m_osm_528530237,Dok 3,port
no_match,22142.2,quay,quai de chargement et de déchargement,Moselle,48.876881,6.071737,m070,Nancy – Port de Plaisance,port
no_match,22142.4,quay,Ponton SCAB - Quai des Usines / Werkhuizenkaai (44C - 40C),Belgium waterway,50.875263,4.363022,m_osm_528530237,Dok 3,port
no_match,22144.7,quay,Ponton SCAB - Quai des Usines / Werkhuizenkaai (44C - 40C),Belgium waterway,50.875242,4.363008,m_osm_528530237,Dok 3,port
no_match,22144.8,quay,Ponton SCAB - Quai des Usines / Werkhuizenkaai (44C - 40C),Belgium waterway,50.875241,4.363067,m_osm_528530237,Dok 3,port
no_match,22240.1,quay,,Dender,50.772205,3.879681,m_osm_8867559693,Jachthaven VVW Aalst,port
no_match,22245.3,quay,Ponton Cadets de Marine Kadetten - Quai des Usines / Werkhuizenkaai (50C - 46C),Belgium waterway,50.874346,4.362083,m_osm_528530237,Dok 3,port
no_match,22305.8,quay,Quai des Usines (54C - 52C) / Werkhuizenkaai (54C - 52C),Belgium waterway,50.873808,4.361535,m_osm_528530237,Dok 3,port
no_match,22309.2,quay,Ponton Pont de Laekenbrug - Quai des Usines  / Werkhuizenkaai (54C - 52C),Belgium waterway,50.873777,4.361581,m_osm_528530237,Dok 3,port
no_match,22331.7,pontoon,Halte de La Bassée,Canal Dunkerque–Escaut,50.527411,2.800475,m131,Lille – Port de Plaisance,port
no_match,22404.9,quay,,Dender,50.770288,3.880246,m_osm_8867559693,Jachthaven VVW Aalst,port
no_match,22427.5,pontoon,Ponton de Caluire,Saône,45.789524,4.820001,m001,Givors – Halte,halte
no_match,22523.3,quay,Quai des Steamers (25D - 9D) / Steamerskaai (25D - 9D),Belgium waterway,50.871914,4.35745,m_osm_528530237,Dok 3,port
no_match,22538.7,quay,Quai des Armateurs (12D - 0D) / Rederskaai (12D - 0D),Belgium waterway,50.871747,4.359065,m_osm_528530237,Dok 3,port
no_match,22571.0,quay,Quai des Steamers (25D - 9D) / Steamerskaai (25D - 9D),Belgium waterway,50.871494,4.356997,m_osm_528530237,Dok 3,port
no_match,22573.1,quay,Quai des Steamers (25D - 9D) / Steamerskaai (25D - 9D),Belgium waterway,50.871474,4.357056,m_osm_528530237,Dok 3,port
no_match,22606.3,quay,,Dender,50.767902,3.881091,m_osm_8867559693,Jachthaven VVW Aalst,port
no_match,22632.3,pontoon,,Saône,45.791134,4.822058,m001,Givors – Halte,halte
no_match,22659.0,quay,Quai des Armateurs (26D - 12D) / Rederskaai (26D - 12D),Belgium waterway,50.870679,4.358247,m_osm_528530237,Dok 3,port
no_match,22661.5,quay,Quai des Armateurs (26D - 12D) / Rederskaai (26D - 12D),Belgium waterway,50.870655,4.358306,m_osm_528530237,Dok 3,port
no_match,22662.7,quay,Quai des Armateurs (26D - 12D) / Rederskaai (26D - 12D),Belgium waterway,50.870647,4.35818,m_osm_528530237,Dok 3,port
no_match,22663.4,quay,Somovit-berth1,Donau,43.690659,24.771162,m_osm_707599445,Portul Turistic Corabia,port
no_match,22671.5,quay,Quai des Steamers (41D - 27D) / Steamerskaai (41D - 27D),Belgium waterway,50.870602,4.356396,m_osm_528530237,Dok 3,port
no_match,22675.9,quay,Quai des Steamers (41D - 27D) / Steamerskaai (41D - 27D),Belgium waterway,50.870566,4.356249,m_osm_528530237,Dok 3,port
no_match,22678.2,quay,Quai des Steamers (41D - 27D) / Steamerskaai (41D - 27D),Belgium waterway,50.870544,4.35631,m_osm_528530237,Dok 3,port
no_match,22693.2,pontoon,,Rhône,45.786195,4.854288,m001,Givors – Halte,halte
no_match,22736.2,quay,Somovit-berth2,Donau,43.6909,24.772292,m_osm_707599445,Portul Turistic Corabia,port
no_match,22798.3,quay,Quai des Armateurs (42D - 28D) / Rederskaai (42D - 28D),Belgium waterway,50.869445,4.357215,m_osm_528530237,Dok 3,port
no_match,22806.7,quay,Quai des Armateurs (42D - 28D) / Rederskaai (42D - 28D),Belgium waterway,50.869368,4.35728,m_osm_528530237,Dok 3,port
no_match,22807.5,quay,Quai des Steamers (55D - 41D) / Steamerskaai (55D - 41D),Belgium waterway,50.8694,4.355431,m_osm_528530237,Dok 3,port
no_match,22815.1,quay,Somovit-berth3,Donau,43.691383,24.773645,m_osm_707599445,Portul Turistic Corabia,port
no_match,22872.6,quay,,Dender,50.76565,3.879698,m_osm_8867559693,Jachthaven VVW Aalst,port
no_match,22927.8,quay,Quai des Armateurs (56D - 42D) / Rederskaai (56D - 42D),Belgium waterway,50.868297,4.356334,m_osm_528530237,Dok 3,port
no_match,22930.9,quay,Quai des Armateurs (56D - 42D) / Rederskaai (56D - 42D),Belgium waterway,50.868268,4.356401,m_osm_528530237,Dok 3,port
no_match,22934.0,quay,Quai des Armateurs (56D - 42D) / Rederskaai (56D - 42D),Belgium waterway,50.868243,4.356249,m_osm_528530237,Dok 3,port
no_match,22941.1,quay,Quai des Steamers (71D - 55D) / Steamerskaai (71D - 55D),Belgium waterway,50.868221,4.354444,m_osm_528530237,Dok 3,port
no_match,22943.6,quay,Quai des Steamers (71D - 55D) / Steamerskaai (71D - 55D),Belgium waterway,50.868198,4.354465,m_osm_528530237,Dok 3,port
no_match,23008.0,quay,,Dender,50.764969,3.877686,m_osm_8867559693,Jachthaven VVW Aalst,port
no_match,23015.8,pontoon,Ponton,Saône,45.794027,4.826679,m001,Givors – Halte,halte
no_match,23031.7,quay,Quai de l'Industrie (24G - 20G) / Nijverheidskaai (24G-20G),Belgium waterway,50.848492,4.332035,m_osm_255425017,Port de plaisance d'Ittre,port
no_match,23034.1,quay,Quai de l'Industrie (24G - 20G) / Nijverheidskaai (24G-20G),Belgium waterway,50.848509,4.332061,m_osm_255425017,Port de plaisance d'Ittre,port
no_match,23035.3,pontoon,,Moselle,49.349681,6.161834,m_osm_259904188,Sportboothafen Schwebsange,port
no_match,23049.5,pontoon,Ponton,Saône,45.794284,4.827053,m001,Givors – Halte,halte
no_match,23070.1,quay,Quai des Armateurs (72D - 58D) / Rederskaai (72D - 58D),Belgium waterway,50.86704,4.355285,m_osm_528530237,Dok 3,port
no_match,23075.2,quay,Quai des Steamers (85D - 71D) / Steamerskaai (85D - 71D),Belgium waterway,50.86704,4.353426,m_osm_528530237,Dok 3,port
no_match,23077.5,quay,Quai des Armateurs (72D - 58D) / Rederskaai (72D - 58D),Belgium waterway,50.866972,4.355359,m_osm_528530237,Dok 3,port
no_match,23080.0,quay,Quai des Steamers (85D - 71D) / Steamerskaai (85D - 71D),Belgium waterway,50.866995,4.3535,m_osm_528530237,Dok 3,port
no_match,23202.7,quay,Quai des Steamers (99D - 85D) / Steamerskaai (99D - 85D),Belgium waterway,50.865917,4.352521,m_osm_528530237,Dok 3,port
no_match,23204.7,quay,Quai des Steamers (99D - 85D) / Steamerskaai (99D - 85D),Belgium waterway,50.865898,4.352579,m_osm_528530237,Dok 3,port
no_match,23213.7,quay,Quai des Steamers (99D - 85D) / Steamerskaai (99D - 85D),Belgium waterway,50.865817,4.352555,m_osm_528530237,Dok 3,port
no_match,23242.5,pontoon,,Moselle,49.347317,6.161758,m_osm_259904188,Sportboothafen Schwebsange,port
no_match,23252.0,quay,,Canalul Dunăre-Marea Neagră,44.223721,28.377614,m_osm_6088848756,"Doc uscat ""Sorena""",port
no_match,23256.6,pontoon,,Moselle,49.346956,6.162133,m_osm_259904188,Sportboothafen Schwebsange,port
no_match,23270.4,pontoon,,Moselle,49.346603,6.162503,m_osm_259904188,Sportboothafen Schwebsange,port
no_match,23276.0,pontoon,,Moselle,49.344161,6.167133,m_osm_259904188,Sportboothafen Schwebsange,port
no_match,23361.4,quay,Quai du Hainaut (45F - 39F) / Henegouwenkaai (45F - 39F),Belgium waterway,50.850535,4.337361,m_osm_255425017,Port de plaisance d'Ittre,port
no_match,23362.4,quay,Quai du Hainaut (45F - 39F) / Henegouwenkaai (45F - 39F),Belgium waterway,50.850556,4.337307,m_osm_255425017,Port de plaisance d'Ittre,port
no_match,23381.7,quay,Quai des Matériaux (9E - 1E) / Materialenkaai (9E - 1E),Belgium waterway,50.864342,4.35127,m_osm_528530237,Dok 3,port
no_match,23384.6,quay,Quai des Matériaux (9E - 1E) / Materialenkaai (9E - 1E),Belgium waterway,50.864318,4.35121,m_osm_528530237,Dok 3,port
no_match,23477.4,quay,Quai des Matériaux (21E - 11E) / Materialenkaai (21E - 11E),Belgium waterway,50.863506,4.350443,m_osm_528530237,Dok 3,port
no_match,23478.5,quay,Quai des Matériaux (21E - 11E) / Materialenkaai (21E - 11E),Belgium waterway,50.8635,4.350331,m_osm_528530237,Dok 3,port
no_match,23522.4,quay,Quai des Péniches (22E - 14E) / Akenkaai (22E - 14E),Belgium waterway,50.863097,4.35057,m_osm_528530237,Dok 3,port
no_match,23525.6,quay,Quai des Péniches (22E - 14E) / Akenkaai (22E - 14E),Belgium waterway,50.863066,4.350651,m_osm_528530237,Dok 3,port
no_match,23554.2,pontoon,,Oise,49.30101,2.55588,m161,Port de Plaisance de Compiègne,port
no_match,23560.4,quay,Espace Béco (65E - 63E) / Becoruimte (65E - 63E),Belgium waterway,50.859907,4.346945,m_osm_8867559693,Jachthaven VVW Aalst,port
no_match,23563.1,quay,Ponton Espace Béco (63E - 55E) / Becoruimte ponton (63E - 55E),Belgium waterway,50.860276,4.347244,m_osm_8867559693,Jachthaven VVW Aalst,port
no_match,23567.1,quay,Ponton Espace Béco (65E - 63E) / Becoruimte ponton (65E - 63E),Belgium waterway,50.860255,4.347292,m_osm_8867559693,Jachthaven VVW Aalst,port
no_match,23571.0,quay,Quai des Matériaux (53E - 43E) / Materialenkaai (53E - 43E),Belgium waterway,50.861064,4.347912,m_osm_8867559693,Jachthaven VVW Aalst,port
no_match,23573.4,quay,Quai des Matériaux (31E - 21E) / Materialenkaai (31E - 21E),Belgium waterway,50.862669,4.349616,m_osm_528530237,Dok 3,port
no_match,23577.2,quay,Quai des Matériaux (53E - 43E) / Materialenkaai (53E - 43E),Belgium waterway,50.860996,4.347962,m_osm_8867559693,Jachthaven VVW Aalst,port
no_match,23590.0,quay,Quai des Péniches (62E) / Akenkaai (62E),Belgium waterway,50.859316,4.346992,m_osm_8867559693,Jachthaven VVW Aalst,port
no_match,23591.0,quay,Quai des Matériaux (43E - 33E) / Materialenkaai (43E - 33E),Belgium waterway,50.861804,4.348728,m_osm_8867559693,Jachthaven VVW Aalst,port
no_match,23593.7,quay,Quai des Matériaux (43E - 33E) / Materialenkaai (43E - 33E),Belgium waterway,50.861833,4.348789,m_osm_8867559693,Jachthaven VVW Aalst,port
no_match,23602.2,quay,Quai des Péniches (62E - 52E) / Akenkaai (62E - 52E),Belgium waterway,50.860066,4.347707,m_osm_8867559693,Jachthaven VVW Aalst,port
no_match,23606.7,quay,Quai des Péniches (62E - 52E) / Akenkaai (62E - 52E),Belgium waterway,50.860068,4.347779,m_osm_8867559693,Jachthaven VVW Aalst,port
no_match,23611.2,quay,Quai des Péniches (32E - 24E) / Akenkaai (32E - 24E),Belgium waterway,50.86232,4.349876,m_osm_528530237,Dok 3,port
no_match,23616.5,quay,Quai des Péniches (52E - 42E) / Akenkaai (52E - 42E),Belgium waterway,50.86084,4.348464,m_osm_8867559693,Jachthaven VVW Aalst,port
no_match,23616.6,quay,Quai des Péniches (52E - 42E) / Akenkaai (52E - 42E),Belgium waterway,50.860867,4.348485,m_osm_8867559693,Jachthaven VVW Aalst,port
no_match,23628.7,quay,Quai des Péniches (42E - 34E) / Akenkaai (42E - 34E),Belgium waterway,50.861534,4.349129,m_osm_8867559693,Jachthaven VVW Aalst,port
no_match,23632.3,quay,Quai des Péniches (42E - 34E) / Akenkaai (42E - 34E),Belgium waterway,50.86153,4.349182,m_osm_8867559693,Jachthaven VVW Aalst,port
no_match,23641.9,pontoon,Ponton,Saône,45.798079,4.838021,m001,Givors – Halte,halte
no_match,23685.5,pontoon,,Oise,49.299868,2.554854,m161,Port de Plaisance de Compiègne,port
no_match,24166.8,quay,Ivancsa,Donau,47.159734,18.870097,m_osm_6832821479,Szigetszentmiklós kikötő,port
no_match,24448.5,pontoon,,Oise,49.302163,2.540268,m161,Port de Plaisance de Compiègne,port
no_match,24545.4,pontoon,,Seine,48.989176,2.102172,m214,Arsenal Marina Paris,halte
no_match,24574.1,pontoon,,Seine,48.988894,2.101329,m214,Arsenal Marina Paris,halte
no_match,24586.7,pontoon,Halte fuviale de Tournus,Saône,46.562697,4.913563,m053,Chalon-sur-Saône – Port de Plaisance,port
no_match,24856.0,pontoon,ponton,Moselle,48.900791,6.062799,m070,Nancy – Port de Plaisance,port
no_match,24867.1,pontoon,,Seine,49.247599,1.263682,m020,Rouen – Halte de Plaisance,halte
no_match,24904.4,pontoon,,Moselle,48.901166,6.062437,m070,Nancy – Port de Plaisance,port
no_match,24950.7,pontoon,,Moselle,48.901593,6.062361,m070,Nancy – Port de Plaisance,port
no_match,24961.2,pontoon,Appontement,Saône,45.809576,4.842238,m001,Givors – Halte,halte
no_match,25000.5,pontoon,,Moselle,48.901992,6.062041,m070,Nancy – Port de Plaisance,port
no_match,25006.5,quay,quai de chargement et de déchargement,Moselle,49.328964,6.158377,m_osm_259904188,Sportboothafen Schwebsange,port
no_match,25061.6,pontoon,,Oise,49.300349,2.532081,m161,Port de Plaisance de Compiègne,port
no_match,25155.0,pontoon,,Seine,48.9912,2.093968,m214,Arsenal Marina Paris,halte
no_match,25184.5,pontoon,,Seine,48.991149,2.093394,m214,Arsenal Marina Paris,halte
no_match,25221.7,pontoon,,Seine,48.991144,2.092742,m214,Arsenal Marina Paris,halte
no_match,25261.6,quay,Amarrage Conflans-Sainte-Honorine RD,Seine,48.991195,2.092111,m214,Arsenal Marina Paris,halte
no_match,25267.0,quay,quai de chargement et de déchargement,Moselle,49.323519,6.163835,m_osm_259904188,Sportboothafen Schwebsange,port
no_match,25301.3,quay,Zone d'amarrage Conflans-Sainte-Honorine rive gauche,Seine,48.989531,2.089481,m214,Arsenal Marina Paris,halte
no_match,25321.3,quay,quai de chargement et de déchargement,Moselle,49.323363,6.16287,m_osm_259904188,Sportboothafen Schwebsange,port
no_match,25347.2,pontoon,,Seine,48.990946,2.090335,m214,Arsenal Marina Paris,halte
no_match,25434.5,pontoon,,Seine,48.99084,2.088705,m214,Arsenal Marina Paris,halte
no_match,25464.4,quay,Amarrage Conflans-Sainte-Honorine RD,Seine,48.990747,2.088082,m214,Arsenal Marina Paris,halte
no_match,25502.5,quay,quai de chargement et de déchargement,Moselle,49.323037,6.15925,m_osm_259904188,Sportboothafen Schwebsange,port
no_match,25531.1,quay,quai de chargement et de déchargement,Moselle,49.323244,6.158129,m_osm_259904188,Sportboothafen Schwebsange,port
no_match,25575.9,pontoon,,Seine,48.935257,2.039055,m214,Arsenal Marina Paris,halte
no_match,25577.2,pontoon,,Seine,48.935152,2.038974,m214,Arsenal Marina Paris,halte
no_match,25586.6,pontoon,,Seine,48.935263,2.038902,m214,Arsenal Marina Paris,halte
no_match,25751.7,quay,ducs d'albe,Saône,45.815646,4.849601,m001,Givors – Halte,halte
no_match,25756.3,pontoon,Halte de Collonges au mont d'Or,Saône,45.815689,4.849599,m001,Givors – Halte,halte
no_match,25976.0,quay,Amarrage Conflans Fin d'Oise,Seine,48.9881,2.076387,m214,Arsenal Marina Paris,halte
no_match,26286.1,quay,Zone d'amarrage Andrésy bras d'Oise,Seine,48.986335,2.069301,m214,Arsenal Marina Paris,halte
no_match,26386.5,pontoon,,Seine,48.980757,2.061975,m214,Arsenal Marina Paris,halte
no_match,26391.8,pontoon,,Seine,48.98118,2.062305,m214,Arsenal Marina Paris,halte
no_match,26467.0,pontoon,,Seine,48.980997,2.060897,m214,Arsenal Marina Paris,halte
no_match,26467.5,pontoon,,Seine,48.981105,2.060996,m214,Arsenal Marina Paris,halte
no_match,26658.6,pontoon,,Moselle,48.913621,6.045161,m070,Nancy – Port de Plaisance,port
no_match,26720.5,pontoon,,Moselle,48.914046,6.044509,m070,Nancy – Port de Plaisance,port
no_match,26747.4,pontoon,,Moselle,48.914247,6.044284,m070,Nancy – Port de Plaisance,port
no_match,26772.4,pontoon,,Moselle,48.914486,6.04427,m070,Nancy – Port de Plaisance,port
no_match,26796.5,pontoon,,Moselle,48.914674,6.044097,m070,Nancy – Port de Plaisance,port
no_match,27353.0,quay,quai de chargement et de déchargement,Moselle,48.919295,6.041171,m070,Nancy – Port de Plaisance,port
no_match,27575.3,pontoon,,Saône,45.833523,4.843167,m001,Givors – Halte,halte
no_match,27615.0,pontoon,,Oise,49.019625,2.086468,m214,Arsenal Marina Paris,halte
no_match,27615.2,pontoon,Ponton,Saône,45.83423,4.840847,m001,Givors – Halte,halte
no_match,27627.0,pontoon,,Oise,49.019534,2.086117,m214,Arsenal Marina Paris,halte
no_match,27629.8,pontoon,,Oise,49.072337,2.190927,m214,Arsenal Marina Paris,halte
no_match,27701.8,pontoon,,Moselle,49.290223,6.182865,m_osm_259904188,Sportboothafen Schwebsange,port
no_match,27707.2,pontoon,,Moselle,49.290207,6.182755,m_osm_259904188,Sportboothafen Schwebsange,port
no_match,27770.5,pontoon,,Oise,49.069223,2.178112,m214,Arsenal Marina Paris,halte
no_match,27841.8,pontoon,,Oise,49.070726,2.180204,m214,Arsenal Marina Paris,halte
no_match,27972.4,pontoon,,Seine,48.942514,2.008149,m214,Arsenal Marina Paris,halte
no_match,28063.0,pontoon,,Saône,45.839584,4.831425,m001,Givors – Halte,halte
no_match,28264.0,quay,,Saône,45.841224,4.833011,m001,Givors – Halte,halte
no_match,28338.1,quay,Duna,Donau,47.111626,18.881929,m_osm_6832821479,Szigetszentmiklós kikötő,port
no_match,28405.6,pontoon,,Oise,49.03787,2.098662,m214,Arsenal Marina Paris,halte
no_match,28442.7,quay,Duna,Donau,47.110429,18.882358,m_osm_6832821479,Szigetszentmiklós kikötő,port
no_match,28476.2,pontoon,,Oise,49.085076,2.204374,m214,Arsenal Marina Paris,halte
no_match,28502.8,pontoon,,Oise,49.08547,2.204816,m214,Arsenal Marina Paris,halte
no_match,28547.3,quay,Adony,Donau,47.10907,18.88328,m_osm_6832821479,Szigetszentmiklós kikötő,port
no_match,28667.0,pontoon,,Seine,49.215924,1.284138,m020,Rouen – Halte de Plaisance,halte
no_match,28713.4,pontoon,,Seine,49.214868,1.282497,m020,Rouen – Halte de Plaisance,halte
no_match,28873.8,pontoon,,Oise,49.043407,2.098313,m214,Arsenal Marina Paris,halte
no_match,28923.8,pontoon,,Seine,49.230499,1.32638,m020,Rouen – Halte de Plaisance,halte
no_match,28965.5,pontoon,,Seine,49.216051,1.292906,m020,Rouen – Halte de Plaisance,halte
no_match,28987.6,pontoon,,Oise,49.046704,2.101552,m214,Arsenal Marina Paris,halte
no_match,29042.0,pontoon,,Seine,49.215022,1.292267,m020,Rouen – Halte de Plaisance,halte
no_match,29064.7,pontoon,,Moselle,49.27729,6.180201,m_osm_259904188,Sportboothafen Schwebsange,port
no_match,29068.9,pontoon,,Oise,49.047226,2.100769,m214,Arsenal Marina Paris,halte
no_match,29151.4,pontoon,,Moselle,49.276693,6.179367,m_osm_259904188,Sportboothafen Schwebsange,port
no_match,29203.3,quay,,Canalul Dunăre-Marea Neagră,44.245162,28.30878,m_osm_6088848756,"Doc uscat ""Sorena""",port
no_match,29219.6,quay,,Canalul Dunăre-Marea Neagră,44.246943,28.309405,m_osm_6088848756,"Doc uscat ""Sorena""",port
no_match,29231.1,quay,,Canalul Dunăre-Marea Neagră,44.247464,28.309502,m_osm_6088848756,"Doc uscat ""Sorena""",port
no_match,29238.8,quay,,Canalul Dunăre-Marea Neagră,44.244865,28.308172,m_osm_6088848756,"Doc uscat ""Sorena""",port
no_match,29239.7,pontoon,,Oise,49.057998,2.11668,m214,Arsenal Marina Paris,halte
no_match,29243.7,quay,,Canalul Dunăre-Marea Neagră,44.245591,28.308446,m_osm_6088848756,"Doc uscat ""Sorena""",port
no_match,29246.8,quay,,Canalul Dunăre-Marea Neagră,44.246533,28.308849,m_osm_6088848756,"Doc uscat ""Sorena""",port
no_match,29281.7,quay,quai de chargement et de déchargement,Moselle,49.275529,6.178909,m_osm_259904188,Sportboothafen Schwebsange,port
no_match,29293.5,quay,,Canalul Dunăre-Marea Neagră,44.247532,28.308706,m_osm_6088848756,"Doc uscat ""Sorena""",port
no_match,29313.6,pontoon,,Moselle,48.938921,6.043764,m070,Nancy – Port de Plaisance,port
no_match,29342.7,quay,,Canalul Dunăre-Marea Neagră,44.245819,28.307242,m_osm_6088848756,"Doc uscat ""Sorena""",port
no_match,29344.9,pontoon,,Oise,49.064533,2.127357,m214,Arsenal Marina Paris,halte
no_match,29345.5,quay,,Canalul Dunăre-Marea Neagră,44.246748,28.307643,m_osm_6088848756,"Doc uscat ""Sorena""",port
no_match,29345.7,quay,,Canalul Dunăre-Marea Neagră,44.2451,28.306867,m_osm_6088848756,"Doc uscat ""Sorena""",port
no_match,29355.3,pontoon,,Moselle,48.939325,6.043779,m070,Nancy – Port de Plaisance,port
no_match,29372.1,quay,,Canalul Dunăre-Marea Neagră,44.247463,28.30763,m_osm_6088848756,"Doc uscat ""Sorena""",port
no_match,29400.2,pontoon,,Seine,49.252174,1.376514,m020,Rouen – Halte de Plaisance,halte
no_match,29407.9,quay,,Canalul Dunăre-Marea Neagră,44.246443,28.306672,m_osm_6088848756,"Doc uscat ""Sorena""",port
no_match,29428.9,pontoon,,Seine,49.252108,1.376979,m020,Rouen – Halte de Plaisance,halte
no_match,29451.5,quay,,Canalul Dunăre-Marea Neagră,44.24533,28.305575,m_osm_6088848756,"Doc uscat ""Sorena""",port
no_match,29455.6,quay,,Canalul Dunăre-Marea Neagră,44.247382,28.306483,m_osm_6088848756,"Doc uscat ""Sorena""",port
no_match,29536.4,quay,,Canalul Dunăre-Marea Neagră,44.248724,28.306054,m_osm_6088848756,"Doc uscat ""Sorena""",port
no_match,29537.0,quay,,Canalul Dunăre-Marea Neagră,44.247299,28.305364,m_osm_6088848756,"Doc uscat ""Sorena""",port
no_match,29554.5,quay,,Canalul Dunăre-Marea Neagră,44.24556,28.304319,m_osm_6088848756,"Doc uscat ""Sorena""",port
no_match,29591.5,quay,quai de chargement et de déchargement,Moselle,49.271748,6.180895,m_osm_259904188,Sportboothafen Schwebsange,port
no_match,29622.7,quay,,Canalul Dunăre-Marea Neagră,44.247212,28.304188,m_osm_6088848756,"Doc uscat ""Sorena""",port
no_match,29663.6,quay,,Canalul Dunăre-Marea Neagră,44.245886,28.303026,m_osm_6088848756,"Doc uscat ""Sorena""",port
no_match,29720.2,quay,,Canalul Dunăre-Marea Neagră,44.247114,28.30285,m_osm_6088848756,"Doc uscat ""Sorena""",port
no_match,29776.8,quay,,Canalul Dunăre-Marea Neagră,44.246287,28.301715,m_osm_6088848756,"Doc uscat ""Sorena""",port
no_match,29811.9,pontoon,,Oise,49.019609,2.04682,m214,Arsenal Marina Paris,halte
no_match,29831.3,pontoon,Halte de Béthune,Canal Dunkerque–Escaut,50.545269,2.638297,m130,Arras – Port de Plaisance,port
no_match,29836.9,pontoon,,Oise,49.031055,2.061145,m214,Arsenal Marina Paris,halte
no_match,29840.3,pontoon,,Oise,49.030706,2.060606,m214,Arsenal Marina Paris,halte
no_match,29868.1,pontoon,,Oise,49.031208,2.060779,m214,Arsenal Marina Paris,halte
no_match,29873.8,quay,,Canalul Dunăre-Marea Neagră,44.24663,28.300591,m_osm_6088848756,"Doc uscat ""Sorena""",port
no_match,29896.6,pontoon,,Oise,49.031256,2.06032,m214,Arsenal Marina Paris,halte
no_match,29960.1,quay,,Canalul Dunăre-Marea Neagră,44.246935,28.299591,m_osm_6088848756,"Doc uscat ""Sorena""",port
no_match,30140.7,quay,PASSENGERS BERTH,Canalul Dunăre-Marea Neagră,44.247524,28.297474,m_osm_6088848756,"Doc uscat ""Sorena""",port
no_match,30171.4,pontoon,,Canalul Dunăre-Marea Neagră,44.247539,28.297075,m_osm_6088848756,"Doc uscat ""Sorena""",port
no_match,30320.8,pontoon,,Oise,49.035246,2.057969,m214,Arsenal Marina Paris,halte
no_match,30403.7,pontoon,,Oise,49.036057,2.057557,m214,Arsenal Marina Paris,halte
no_match,30427.7,pontoon,,Seine,48.98157,1.998479,m214,Arsenal Marina Paris,halte
no_match,30467.1,pontoon,,Seine,48.981995,1.998214,m214,Arsenal Marina Paris,halte
no_match,30542.3,pontoon,,Seine,48.982729,1.997645,m214,Arsenal Marina Paris,halte
no_match,30736.2,quay,,Canalul Dunăre-Marea Neagră,44.248609,28.2901,m_osm_6088848756,"Doc uscat ""Sorena""",port
no_match,30775.7,quay,Dana acostare Trecere Bac Turnu Magurele,Donau,43.711331,24.886133,m_osm_707599445,Portul Turistic Corabia,port
no_match,30821.2,quay,Dana acostare Bac Turnu Magurele,Donau,43.71172,24.886833,m_osm_707599445,Portul Turistic Corabia,port
no_match,30926.9,pontoon,,Donau,43.712087,24.888293,m_osm_707599445,Portul Turistic Corabia,port
no_match,30937.9,quay,Karpaten Turism SA Berth,Donau,43.711812,24.888349,m_osm_707599445,Portul Turistic Corabia,port
no_match,30959.4,quay,quai de chargement et de déchargement,Moselle,49.258336,6.180021,m_osm_259904188,Sportboothafen Schwebsange,port
no_match,30992.6,pontoon,,Oise,49.111611,2.211623,m214,Arsenal Marina Paris,halte
no_match,31037.2,quay,Putnicko pristaniste Ilok,Donau,45.230724,19.379179,m_osm_866432688,Marina Vukovar,port
no_match,31126.2,pontoon,,Donau,43.712591,24.890984,m_osm_707599445,Portul Turistic Corabia,port
no_match,31133.5,quay,Nikopol ferry - berth1,Donau,43.705304,24.888746,m_osm_707599445,Portul Turistic Corabia,port
no_match,31138.0,quay,APA SERV ALEXANDRIA - Pumping station,Donau,43.712423,24.891083,m_osm_707599445,Portul Turistic Corabia,port
no_match,31208.1,pontoon,,Oise,49.031748,2.037213,m214,Arsenal Marina Paris,halte
no_match,31213.4,pontoon,,Donau,43.712735,24.892137,m_osm_707599445,Portul Turistic Corabia,port
no_match,31222.0,quay,GRAND SILOZ Berth,Donau,43.712567,24.892196,m_osm_707599445,Portul Turistic Corabia,port
no_match,31237.2,pontoon,,Oise,49.259795,2.470646,m161,Port de Plaisance de Compiègne,port
no_match,31273.0,pontoon,,Donau,43.712982,24.892969,m_osm_707599445,Portul Turistic Corabia,port
no_match,31298.0,pontoon,,Donau,43.713137,24.893333,m_osm_707599445,Portul Turistic Corabia,port
no_match,31314.0,quay,Nikopol-berth1,Donau,43.705709,24.891194,m_osm_707599445,Portul Turistic Corabia,port
no_match,31383.0,quay,Public Berth,Donau,43.713411,24.894495,m_osm_707599445,Portul Turistic Corabia,port
no_match,31404.0,quay,quai de chargement et de déchargement,Moselle,48.957651,6.03837,m070,Nancy – Port de Plaisance,port
no_match,31446.9,pontoon,,Seine,49.240809,1.399048,m020,Rouen – Halte de Plaisance,halte
no_match,31448.5,quay,Public Berth,Donau,43.713705,24.895414,m_osm_707599445,Portul Turistic Corabia,port
no_match,31530.9,pontoon,,Donau,43.714091,24.896574,m_osm_707599445,Portul Turistic Corabia,port
no_match,31532.2,quay,EURO SILOZ - Loading Pontoon Berth,Donau,43.713902,24.896536,m_osm_707599445,Portul Turistic Corabia,port
no_match,31592.2,pontoon,,Donau,43.71416,24.897373,m_osm_707599445,Portul Turistic Corabia,port
no_match,31599.9,quay,SCAEP SA - Loading Pontoon Berth,Donau,43.713989,24.897422,m_osm_707599445,Portul Turistic Corabia,port
no_match,31619.9,pontoon,,Seine,49.239122,1.399817,m020,Rouen – Halte de Plaisance,halte
no_match,31619.9,pontoon,,Seine,49.239146,1.399855,m020,Rouen – Halte de Plaisance,halte
no_match,31624.4,pontoon,,Seine,49.239032,1.399764,m020,Rouen – Halte de Plaisance,halte
no_match,31631.5,pontoon,,Seine,49.239007,1.399866,m020,Rouen – Halte de Plaisance,halte
no_match,31636.0,pontoon,,Seine,49.238909,1.399801,m020,Rouen – Halte de Plaisance,halte
no_match,31651.6,pontoon,,Seine,49.238716,1.399805,m020,Rouen – Halte de Plaisance,halte
no_match,31701.0,pontoon,,Donau,43.714371,24.898816,m_osm_707599445,Portul Turistic Corabia,port
no_match,31706.5,quay,INTEAGRO - Loading pontoon Berth,Donau,43.714205,24.898839,m_osm_707599445,Portul Turistic Corabia,port
no_match,31806.8,quay,,Donau,43.714472,24.900189,m_osm_707599445,Portul Turistic Corabia,port
no_match,31916.2,quay,InterAgro SA Loading Berth,Donau,43.714629,24.901623,m_osm_707599445,Portul Turistic Corabia,port
no_match,31991.6,pontoon,,Seine,48.993047,1.983627,m214,Arsenal Marina Paris,halte
no_match,32069.9,pontoon,,Seine,48.993571,1.982845,m214,Arsenal Marina Paris,halte
no_match,32196.9,pontoon,,Oise,49.132208,2.25556,m214,Arsenal Marina Paris,halte
no_match,32351.2,pontoon,,Oise,49.141761,2.330536,m214,Arsenal Marina Paris,halte
no_match,32366.4,pontoon,,Oise,49.14174,2.327566,m214,Arsenal Marina Paris,halte
no_match,32457.5,pontoon,,Oise,49.130901,2.235231,m214,Arsenal Marina Paris,halte
no_match,32853.9,pontoon,,Oise,49.141034,2.273758,m214,Arsenal Marina Paris,halte
no_match,32860.0,pontoon,,Oise,49.141148,2.274188,m214,Arsenal Marina Paris,halte
no_match,32877.7,pontoon,,Oise,49.141493,2.275545,m214,Arsenal Marina Paris,halte
no_match,33132.8,pontoon,,Oise,49.144586,2.281459,m214,Arsenal Marina Paris,halte
no_match,33587.3,pontoon,,Oise,49.149734,2.290101,m214,Arsenal Marina Paris,halte
no_match,33750.4,quay,,Donau,44.26329,22.688966,m_osm_27016292,BDIN кану-каяк клуб,port
no_match,33894.2,pontoon,,Seine,49.000002,1.95968,m214,Arsenal Marina Paris,halte
no_match,33933.3,pontoon,0,Seine,49.000204,1.959237,m214,Arsenal Marina Paris,halte
no_match,33949.5,pontoon,0,Seine,49.000894,1.959567,m214,Arsenal Marina Paris,halte
no_match,33950.8,pontoon,0,Seine,49.000686,1.95937,m214,Arsenal Marina Paris,halte
no_match,34040.3,pontoon,,Seine,49.000777,1.958044,m214,Arsenal Marina Paris,halte
no_match,34147.3,quay,quai d'embarquement et de débarquement,Moselle,48.981995,6.030487,m070,Nancy – Port de Plaisance,port
no_match,34157.3,quay,quai d'embarquement et de débarquement,Moselle,49.23182,6.162862,m_osm_259904188,Sportboothafen Schwebsange,port
no_match,34236.4,quay,quai de chargement,Moselle,49.231495,6.161366,m_osm_259904188,Sportboothafen Schwebsange,port
no_match,34785.9,quay,quai de chargement et de déchargement,Moselle,49.220185,6.181884,m_osm_259904188,Sportboothafen Schwebsange,port
no_match,34943.2,pontoon,,Oise,49.165951,2.366173,m214,Arsenal Marina Paris,halte
no_match,35385.4,quay,Dana acostare terminal feribot auto RO - BG Rast,Donau,43.856306,23.287039,m_osm_27016292,BDIN кану-каяк клуб,port
no_match,35674.4,quay,Racalmas,Donau,47.023475,18.968056,m_osm_6832821479,Szigetszentmiklós kikötő,port
no_match,35682.0,pontoon,,Seine (Amont),48.495008,3.464076,m090,Sens – Port de Plaisance,port
no_match,35694.2,pontoon,,Seine (Amont),48.495031,3.464435,m090,Sens – Port de Plaisance,port
no_match,35922.3,pontoon,,Seine,49.007147,1.933941,m214,Arsenal Marina Paris,halte
no_match,35954.1,quay,quai de chargement et de déchargement,Moselle,49.20898,6.181432,m_osm_259904188,Sportboothafen Schwebsange,port
no_match,36060.3,pontoon,,Donau,44.289317,22.625587,m_osm_1882211480,Марина Кладово,port
no_match,36074.5,pontoon,,Donau,44.289243,22.627295,m_osm_1882211480,Марина Кладово,port
no_match,36263.7,quay,quai de déchargement,Moselle,49.20607,6.181116,m_osm_259904188,Sportboothafen Schwebsange,port
no_match,36346.4,quay,quai de déchargement,Moselle,49.205296,6.181018,m_osm_259904188,Sportboothafen Schwebsange,port
no_match,36518.0,pontoon,,Seine,49.002077,1.920624,m214,Arsenal Marina Paris,halte
no_match,36693.8,pontoon,,Oise,49.215914,2.426288,m161,Port de Plaisance de Compiègne,port
no_match,36728.9,pontoon,,Seine,49.001273,1.916759,m214,Arsenal Marina Paris,halte
no_match,36772.2,pontoon,,Seine,49.001069,1.915938,m214,Arsenal Marina Paris,halte
no_match,37016.8,quay,quai de chargement et de déchargement,Moselle,49.01218,6.045482,m070,Nancy – Port de Plaisance,port
no_match,37135.9,quay,quai de chargement et de déchargement,Moselle,49.197811,6.180512,m_osm_259904188,Sportboothafen Schwebsange,port
no_match,38043.0,quay,quai de déchargement,Moselle,49.188556,6.182726,m_osm_259904188,Sportboothafen Schwebsange,port
no_match,38072.7,pontoon,,Moselle,49.188371,6.182312,m_osm_259904188,Sportboothafen Schwebsange,port
no_match,38186.4,quay,quai de déchargement,Moselle,49.187601,6.180986,m_osm_259904188,Sportboothafen Schwebsange,port
no_match,38422.1,pontoon,,Moselle,49.18064,6.201916,m_osm_259904188,Sportboothafen Schwebsange,port
no_match,38425.3,pontoon,,Moselle,49.180789,6.201064,m_osm_259904188,Sportboothafen Schwebsange,port
no_match,38745.6,pontoon,,Seine,48.997061,1.883031,m214,Arsenal Marina Paris,halte
no_match,38870.8,pontoon,,Oise,49.201231,2.37327,m214,Arsenal Marina Paris,halte
no_match,39000.6,pontoon,,Oise,49.20234,2.377834,m214,Arsenal Marina Paris,halte
no_match,39059.3,pontoon,,Oise,49.202789,2.382151,m214,Arsenal Marina Paris,halte
no_match,39237.2,quay,Dunaujvaros upper,Donau,46.993055,18.950926,m_osm_6832821479,Szigetszentmiklós kikötő,port
no_match,39853.0,pontoon,,Moselle,49.040868,6.059139,m070,Nancy – Port de Plaisance,port
no_match,39858.4,pontoon,,Seine,48.988021,1.860486,m214,Arsenal Marina Paris,halte
no_match,39923.3,pontoon,,Seine,48.99105,1.861428,m214,Arsenal Marina Paris,halte
no_match,39955.8,quay,Szalkszentmarton,Donau,46.986339,18.951967,m_osm_6832821479,Szigetszentmiklós kikötő,port
no_match,39968.4,pontoon,,Seine,48.991626,1.861124,m214,Arsenal Marina Paris,halte
no_match,41122.5,quay,Duna,Donau,46.976849,18.942931,m_osm_6832821479,Szigetszentmiklós kikötő,port
no_match,41165.0,quay,quai de chargement et de déchargement,Moselle,49.154591,6.20312,m_osm_259904188,Sportboothafen Schwebsange,port
no_match,41192.6,quay,Duna,Donau,46.976143,18.943395,m_osm_6832821479,Szigetszentmiklós kikötő,port
no_match,41297.6,quay,Duna,Donau,46.975081,18.944132,m_osm_6832821479,Szigetszentmiklós kikötő,port
no_match,41370.5,quay,Duna,Donau,46.974323,18.944801,m_osm_6832821479,Szigetszentmiklós kikötő,port
no_match,41449.1,quay,Duna,Donau,46.973532,18.945332,m_osm_6832821479,Szigetszentmiklós kikötő,port
no_match,41517.4,quay,Duna,Donau,46.973167,18.943383,m_osm_6832821479,Szigetszentmiklós kikötő,port
no_match,41519.0,quay,Duna,Donau,46.972821,18.945867,m_osm_6832821479,Szigetszentmiklós kikötő,port
no_match,41581.6,quay,Duna,Donau,46.972183,18.946358,m_osm_6832821479,Szigetszentmiklós kikötő,port
no_match,41631.5,quay,Duna,Donau,46.972016,18.944168,m_osm_6832821479,Szigetszentmiklós kikötő,port
no_match,41825.3,quay,D攖乎䝜윥齦蠀�攖乎䝞윣ꀀ耀㤷㤹,Donau,46.969455,18.950258,m_osm_6832821479,Szigetszentmiklós kikötő,port
no_match,42111.9,quay,quai,Moselle,49.063188,6.069711,m070,Nancy – Port de Plaisance,port
no_match,42545.1,pontoon,,Moselle,49.142962,6.196329,m_osm_259904188,Sportboothafen Schwebsange,port
no_match,42576.4,pontoon,,Moselle,49.142756,6.195882,m_osm_259904188,Sportboothafen Schwebsange,port
no_match,42591.4,pontoon,,Moselle,49.14266,6.195652,m_osm_259904188,Sportboothafen Schwebsange,port
no_match,43092.3,quay,quai de chargement et de déchargement,Moselle,49.139414,6.188292,m_osm_259904188,Sportboothafen Schwebsange,port
no_match,43253.0,quay,S攖乎䝜윥齦蠀�攖乎䝞윣ꀀ耀㤷㤹,Donau,46.95519,18.960936,m_osm_6832821479,Szigetszentmiklós kikötő,port
no_match,43405.0,quay,Duna,Donau,46.954152,18.957764,m_osm_6832821479,Szigetszentmiklós kikötő,port
no_match,43418.5,quay,D卉둸Ě䝮윓頯耀ꡦ跃둸Ě䝠윑饉耀ꡦꨙ乎䝢윟骰耀畄慮䰀,Donau,46.953949,18.958493,m_osm_6832821479,Szigetszentmiklós kikötő,port
no_match,43469.0,quay,quai de chargement et de déchargement,Moselle,49.136675,6.184317,m_osm_259904188,Sportboothafen Schwebsange,port
no_match,44245.4,quay,Ferry Berth,Donau,43.748666,23.96213,m_osm_707599445,Portul Turistic Corabia,port
no_match,44321.4,quay,TTS SA Berth,Donau,43.748434,23.961201,m_osm_707599445,Portul Turistic Corabia,port
no_match,44426.1,quay,Dana acostare EUROSILOZ,Donau,43.748448,23.959894,m_osm_707599445,Portul Turistic Corabia,port
no_match,44533.3,quay,PUBLIC BERTH,Donau,43.748424,23.95856,m_osm_707599445,Portul Turistic Corabia,port
no_match,44580.7,pontoon,,Moselle,49.1298,6.167218,m_osm_259904188,Sportboothafen Schwebsange,port
no_match,44583.7,pontoon,,Moselle,49.129757,6.167284,m_osm_259904188,Sportboothafen Schwebsange,port
no_match,44589.5,pontoon,,Moselle,49.129693,6.167326,m_osm_259904188,Sportboothafen Schwebsange,port
no_match,44596.0,pontoon,,Moselle,49.129737,6.166848,m_osm_259904188,Sportboothafen Schwebsange,port
no_match,44651.3,quay,PUBLIC BERTH,Donau,43.74845,23.957086,m_osm_707599445,Portul Turistic Corabia,port
no_match,44661.6,pontoon,,Moselle,49.129162,6.166633,m_osm_259904188,Sportboothafen Schwebsange,port
no_match,44754.9,pontoon,,Donau,43.748584,23.955782,m_osm_707599445,Portul Turistic Corabia,port
no_match,44755.9,quay,Dana acostare AFDJ Galati,Donau,43.748429,23.955783,m_osm_707599445,Portul Turistic Corabia,port
no_match,44801.2,pontoon,,Donau,43.748622,23.955202,m_osm_707599445,Portul Turistic Corabia,port
no_match,44802.5,quay,BORDER POLICE BERTH,Donau,43.74851,23.955195,m_osm_707599445,Portul Turistic Corabia,port
no_match,44845.9,quay,ROMANIAN NAVAL AUTHORITY BERTH,Donau,43.748538,23.954651,m_osm_707599445,Portul Turistic Corabia,port
no_match,44847.2,pontoon,,Donau,43.748661,23.954625,m_osm_707599445,Portul Turistic Corabia,port
no_match,44910.0,pontoon,,Donau,43.748687,23.953839,m_osm_707599445,Portul Turistic Corabia,port
no_match,44911.9,quay,Dana acostare CEREALCOM SA,Donau,43.748535,23.953828,m_osm_707599445,Portul Turistic Corabia,port
no_match,45015.5,quay,quai de chargement et de déchargement,Moselle,49.126542,6.163291,m_osm_259904188,Sportboothafen Schwebsange,port
no_match,45084.3,pontoon,,Donau,43.749193,23.951624,m_osm_707599445,Portul Turistic Corabia,port
no_match,45085.0,quay,PRIVATE BERTH,Donau,43.749061,23.951626,m_osm_707599445,Portul Turistic Corabia,port
no_match,45269.1,pontoon,,Moselle,49.095211,6.098448,m070,Nancy – Port de Plaisance,port
no_match,45306.7,quay,Dunavecse,Donau,46.93586,18.967456,m_osm_6832821479,Szigetszentmiklós kikötő,port
no_match,45343.6,quay,quai,Moselle,49.096529,6.105776,m070,Nancy – Port de Plaisance,port
no_match,45370.5,pontoon,,Moselle,49.096317,6.100497,m070,Nancy – Port de Plaisance,port
no_match,45880.0,pontoon,,Moselle,49.117354,6.167853,m_osm_259904188,Sportboothafen Schwebsange,port
no_match,45906.7,pontoon,,Moselle,49.117252,6.167147,m_osm_259904188,Sportboothafen Schwebsange,port
no_match,45931.2,pontoon,,Moselle,49.117101,6.16677,m_osm_259904188,Sportboothafen Schwebsange,port
no_match,45955.9,pontoon,,Moselle,49.116904,6.166599,m_osm_259904188,Sportboothafen Schwebsange,port
no_match,45968.1,pontoon,,Moselle,49.116826,6.166424,m_osm_259904188,Sportboothafen Schwebsange,port
no_match,45986.2,pontoon,,Moselle,49.116657,6.166415,m_osm_259904188,Sportboothafen Schwebsange,port
no_match,46001.1,pontoon,,Moselle,49.116558,6.166217,m_osm_259904188,Sportboothafen Schwebsange,port
no_match,46019.7,pontoon,,Moselle,49.116367,6.166288,m_osm_259904188,Sportboothafen Schwebsange,port
no_match,46047.1,pontoon,,Moselle,49.116135,6.16616,m_osm_259904188,Sportboothafen Schwebsange,port
no_match,46093.8,pontoon,,Moselle,49.104503,6.121689,m070,Nancy – Port de Plaisance,port
no_match,46096.7,pontoon,,Moselle,49.104487,6.121058,m070,Nancy – Port de Plaisance,port
no_match,46109.7,pontoon,,Moselle,49.104687,6.122318,m070,Nancy – Port de Plaisance,port
no_match,46116.1,pontoon,,Moselle,49.104782,6.122896,m070,Nancy – Port de Plaisance,port
no_match,46132.4,pontoon,,Moselle,49.10481,6.121052,m070,Nancy – Port de Plaisance,port
no_match,46132.7,pontoon,,Moselle,49.105095,6.125502,m070,Nancy – Port de Plaisance,port
no_match,46133.3,pontoon,,Moselle,49.105082,6.125202,m070,Nancy – Port de Plaisance,port
no_match,46137.1,pontoon,,Moselle,49.105023,6.123703,m070,Nancy – Port de Plaisance,port
no_match,46141.2,pontoon,,Moselle,49.105126,6.124751,m070,Nancy – Port de Plaisance,port
no_match,46202.3,pontoon,,Moselle,49.107039,6.153992,m070,Nancy – Port de Plaisance,port
no_match,46202.8,pontoon,,Moselle,49.107041,6.153916,m070,Nancy – Port de Plaisance,port
no_match,46204.3,pontoon,,Moselle,49.107059,6.154078,m070,Nancy – Port de Plaisance,port
no_match,46204.9,pontoon,,Moselle,49.107068,6.154176,m070,Nancy – Port de Plaisance,port
no_match,46206.9,pontoon,,Moselle,49.107089,6.15428,m070,Nancy – Port de Plaisance,port
no_match,46208.2,pontoon,,Moselle,49.107109,6.154556,m070,Nancy – Port de Plaisance,port
no_match,46208.4,pontoon,,Moselle,49.107106,6.154379,m070,Nancy – Port de Plaisance,port
no_match,46208.5,pontoon,,Moselle,49.107109,6.154466,m070,Nancy – Port de Plaisance,port
no_match,46232.4,pontoon,,Moselle,49.107299,6.153657,m070,Nancy – Port de Plaisance,port
no_match,46237.9,pontoon,,Moselle,49.107428,6.156293,m070,Nancy – Port de Plaisance,port
no_match,46239.1,pontoon,,Moselle,49.107434,6.156116,m070,Nancy – Port de Plaisance,port
no_match,46239.1,pontoon,,Moselle,49.10738,6.154309,m070,Nancy – Port de Plaisance,port
no_match,46239.4,pontoon,,Moselle,49.107445,6.156393,m070,Nancy – Port de Plaisance,port
no_match,46240.1,pontoon,,Moselle,49.107434,6.155799,m070,Nancy – Port de Plaisance,port
no_match,46240.3,pontoon,,Moselle,49.107433,6.155708,m070,Nancy – Port de Plaisance,port
no_match,46241.0,pontoon,,Moselle,49.107437,6.155623,m070,Nancy – Port de Plaisance,port
no_match,46241.1,pontoon,,Moselle,49.107447,6.155953,m070,Nancy – Port de Plaisance,port
no_match,46241.2,pontoon,,Moselle,49.107436,6.15554,m070,Nancy – Port de Plaisance,port
no_match,46241.4,pontoon,,Moselle,49.107465,6.156487,m070,Nancy – Port de Plaisance,port
no_match,46241.9,pontoon,,Moselle,49.107439,6.155437,m070,Nancy – Port de Plaisance,port
no_match,46242.7,pontoon,,Moselle,49.10748,6.15659,m070,Nancy – Port de Plaisance,port
no_match,46243.0,pontoon,,Moselle,49.107446,6.155334,m070,Nancy – Port de Plaisance,port
no_match,46243.3,pontoon,,Moselle,49.107446,6.155232,m070,Nancy – Port de Plaisance,port
no_match,46244.4,pontoon,,Moselle,49.107498,6.156691,m070,Nancy – Port de Plaisance,port
no_match,46245.9,pontoon,,Moselle,49.118252,6.148293,m_osm_259904188,Sportboothafen Schwebsange,port
no_match,46246.0,pontoon,,Moselle,49.107515,6.156786,m070,Nancy – Port de Plaisance,port
no_match,46247.4,pontoon,,Moselle,49.107531,6.156881,m070,Nancy – Port de Plaisance,port
no_match,46248.9,pontoon,,Moselle,49.107547,6.156983,m070,Nancy – Port de Plaisance,port
no_match,46250.6,pontoon,,Moselle,49.107565,6.157086,m070,Nancy – Port de Plaisance,port
no_match,46252.0,pontoon,,Moselle,49.107581,6.157185,m070,Nancy – Port de Plaisance,port
no_match,46258.5,pontoon,,Moselle,49.107648,6.157506,m070,Nancy – Port de Plaisance,port
no_match,46267.1,pontoon,,Moselle,49.107734,6.15783,m070,Nancy – Port de Plaisance,port
no_match,46851.9,pontoon,,Moselle,49.114322,6.140432,m_osm_259904188,Sportboothafen Schwebsange,port
no_match,46968.3,pontoon,,Moselle,49.113552,6.138997,m_osm_259904188,Sportboothafen Schwebsange,port
no_match,47645.3,pontoon,,Seine,49.098424,1.486401,m020,Rouen – Halte de Plaisance,halte
no_match,47666.7,pontoon,,Seine,49.09825,1.486535,m020,Rouen – Halte de Plaisance,halte
no_match,47714.4,pontoon,,Seine,49.097938,1.486994,m020,Rouen – Halte de Plaisance,halte
no_match,47768.0,pontoon,,Seine,49.097695,1.487728,m020,Rouen – Halte de Plaisance,halte
no_match,48466.3,quay,Duna,Donau,46.907639,18.962534,m_osm_6832821479,Szigetszentmiklós kikötő,port
no_match,48826.3,pontoon,,Seine,49.08952,1.495293,m020,Rouen – Halte de Plaisance,halte
no_match,49622.1,pontoon,,Seine,48.996366,1.722493,m214,Arsenal Marina Paris,halte
no_match,49643.7,pontoon,,Seine,48.996852,1.722432,m214,Arsenal Marina Paris,halte
no_match,50415.1,quay,CN APDF SA - Berth 5,Donau,44.72716,21.614893,m_osm_1923402002,Марина Ковин,port
no_match,50419.0,quay,CN APDF SA - Berth 4,Donau,44.726261,21.61493,m_osm_1923402002,Марина Ковин,port
no_match,50423.5,quay,CN APDF SA - Berth 3,Donau,44.725333,21.614972,m_osm_1923402002,Марина Ковин,port
no_match,50428.7,quay,CN APDF SA - Berth 2,Donau,44.72444,21.615022,m_osm_1923402002,Марина Ковин,port
no_match,50434.0,quay,CN APDF SA - Berth 1,Donau,44.723691,21.615072,m_osm_1923402002,Марина Ковин,port
no_match,50441.5,quay,Passenger Terminal Berth CN APDF SA Moldova Veche,Donau,44.722921,21.615149,m_osm_1923402002,Марина Ковин,port
no_match,51317.3,pontoon,,Donau,43.624147,25.382121,m_osm_508231317,Yacht Club Port Rousse,port
no_match,51323.6,quay,Private Berth - InterAgro SA,Donau,43.623888,25.382228,m_osm_508231317,Yacht Club Port Rousse,port
no_match,51325.1,pontoon,,Donau,43.624025,25.382103,m_osm_508231317,Yacht Club Port Rousse,port
no_match,51412.9,pontoon,,Donau,43.624479,25.380515,m_osm_508231317,Yacht Club Port Rousse,port
no_match,51420.3,quay,Private Berth - InterAgro SA,Donau,43.624332,25.380522,m_osm_508231317,Yacht Club Port Rousse,port
no_match,51498.9,quay,Private Berth - InterAgro SA,Donau,43.624729,25.379109,m_osm_508231317,Yacht Club Port Rousse,port
no_match,51587.2,quay,Private Berth - InterAgro SA,Donau,43.625102,25.37758,m_osm_508231317,Yacht Club Port Rousse,port
no_match,51670.9,pontoon,,Donau,43.625583,25.376039,m_osm_508231317,Yacht Club Port Rousse,port
no_match,51675.6,pontoon,,Donau,43.626175,25.375532,m_osm_508231317,Yacht Club Port Rousse,port
no_match,51681.5,quay,Dana acostare Trecere Bac Zimnicea,Donau,43.625428,25.376005,m_osm_508231317,Yacht Club Port Rousse,port
no_match,52423.5,quay,Dana acostare InterAgro SA,Donau,43.627705,25.36389,m_osm_508231317,Yacht Club Port Rousse,port
no_match,52454.8,quay,InterAgro Transshipment Berth,Donau,43.627973,25.363258,m_osm_508231317,Yacht Club Port Rousse,port
no_match,52507.6,quay,Public Berth,Donau,43.628219,25.362341,m_osm_508231317,Yacht Club Port Rousse,port
no_match,52524.9,pontoon,,Donau,43.629612,25.3611,m_osm_508231317,Yacht Club Port Rousse,port
no_match,52567.4,quay,Public Berth,Donau,43.628488,25.36131,m_osm_508231317,Yacht Club Port Rousse,port
no_match,52619.5,pontoon,,Donau,43.629456,25.359888,m_osm_508231317,Yacht Club Port Rousse,port
no_match,52632.1,quay,SCAEP Berth,Donau,43.62876,25.360209,m_osm_508231317,Yacht Club Port Rousse,port
no_match,52680.0,pontoon,,Donau,43.629063,25.359322,m_osm_508231317,Yacht Club Port Rousse,port
no_match,52688.7,quay,Romanian Naval Authority Berth,Donau,43.628973,25.359265,m_osm_508231317,Yacht Club Port Rousse,port
no_match,52698.9,pontoon,,Donau,43.629185,25.358972,m_osm_508231317,Yacht Club Port Rousse,port
no_match,52707.6,quay,Private Berth,Donau,43.629083,25.358922,m_osm_508231317,Yacht Club Port Rousse,port
no_match,52727.9,pontoon,,Donau,43.629318,25.358471,m_osm_508231317,Yacht Club Port Rousse,port
no_match,52742.9,pontoon,,Donau,43.629365,25.358229,m_osm_508231317,Yacht Club Port Rousse,port
no_match,52748.8,quay,SCAEP Berth,Donau,43.629222,25.358248,m_osm_508231317,Yacht Club Port Rousse,port
no_match,53697.9,quay,Svushtov-berth8,Donau,43.622563,25.349737,m_osm_508231317,Yacht Club Port Rousse,port
no_match,53791.5,quay,Svushtov-berth7,Donau,43.622877,25.348199,m_osm_508231317,Yacht Club Port Rousse,port
no_match,53831.4,quay,Svushtov-berth6,Donau,43.623383,25.347277,m_osm_508231317,Yacht Club Port Rousse,port
no_match,53944.1,quay,Svushtov-berth5,Donau,43.62359,25.345551,m_osm_508231317,Yacht Club Port Rousse,port
no_match,54008.1,quay,Svushtov-berth4,Donau,43.623956,25.344395,m_osm_508231317,Yacht Club Port Rousse,port
no_match,54078.6,quay,Svishtov-berth3,Donau,43.624363,25.343122,m_osm_508231317,Yacht Club Port Rousse,port
no_match,54141.4,quay,Svushtov-berth2,Donau,43.624847,25.341902,m_osm_508231317,Yacht Club Port Rousse,port
no_match,54204.0,quay,Svishtov-berth1,Donau,43.62529,25.340716,m_osm_508231317,Yacht Club Port Rousse,port
no_match,54272.9,pontoon,,Seine,49.065786,1.696965,m214,Arsenal Marina Paris,halte
no_match,54285.4,pontoon,,Seine,49.066047,1.696967,m214,Arsenal Marina Paris,halte
no_match,54339.2,pontoon,,Seine,49.066744,1.696661,m214,Arsenal Marina Paris,halte
no_match,54370.8,pontoon,,Seine,49.066973,1.696348,m214,Arsenal Marina Paris,halte
no_match,54406.5,pontoon,,Seine,49.064812,1.694216,m214,Arsenal Marina Paris,halte
no_match,54663.8,quay,PRIVATE BERTH,Donau,44.059844,26.62088,m_osm_234976293,Debarcader IOR,port
no_match,54756.6,pontoon,,Seine,49.066886,1.690404,m214,Arsenal Marina Paris,halte
no_match,54773.2,quay,Tutrakan-berth2,Donau,44.052081,26.611005,m_osm_234976293,Debarcader IOR,port
no_match,54802.8,quay,Tutrakan-berth2,Donau,44.0522,26.611749,m_osm_234976293,Debarcader IOR,port
no_match,54957.9,quay,PRIVATE BERTH,Donau,44.061394,26.62857,m_osm_234976293,Debarcader IOR,port
no_match,54991.0,quay,PRIVATE BERTH,Donau,44.061884,26.629892,m_osm_234976293,Debarcader IOR,port
no_match,55180.0,quay,DANA DE ACOSTARE - CRM CIMENT ROAMANIA SA,Donau,44.062342,26.633988,m_osm_234976293,Debarcader IOR,port
no_match,55362.3,quay,DANA ACOSTARE APDF GIURGIU,Donau,44.062958,26.638164,m_osm_234976293,Debarcader IOR,port
no_match,55395.2,quay,DANA ACOSTARE APDF GIURGIU,Donau,44.063249,26.639174,m_osm_234976293,Debarcader IOR,port
no_match,55452.8,quay,Dana acostare Karpaten Turism,Donau,44.063134,26.640044,m_osm_234976293,Debarcader IOR,port
no_match,55483.1,quay,Dana acostare ANR Constanta,Donau,44.063156,26.640618,m_osm_234976293,Debarcader IOR,port
no_match,55504.7,pontoon,,Seine,49.045185,1.664349,m214,Arsenal Marina Paris,halte
no_match,55505.2,quay,Sviloza-berth3,Donau,43.646037,25.309255,m_osm_508231317,Yacht Club Port Rousse,port
no_match,55547.4,quay,Sviloza-berth2,Donau,43.646409,25.308458,m_osm_508231317,Yacht Club Port Rousse,port
no_match,55553.1,quay,Dana acostare APDF Giurgiu,Donau,44.063086,26.641774,m_osm_234976293,Debarcader IOR,port
no_match,55616.3,quay,Sviloza-berth1,Donau,43.646845,25.30726,m_osm_508231317,Yacht Club Port Rousse,port
no_match,55638.9,quay,DANA OPERARE MARFA - ADM ROMANIA,Donau,44.063217,26.643495,m_osm_234976293,Debarcader IOR,port
no_match,55662.1,quay,DANA OPERARE MARFA - SCAEP GIURGIU,Donau,44.063404,26.644176,m_osm_234976293,Debarcader IOR,port
no_match,55702.1,quay,DANA OPERARE MARFA - SCAEP GIURGIU,Donau,44.063339,26.644798,m_osm_234976293,Debarcader IOR,port
no_match,55739.9,quay,DANA OPERARE MARFURI VRAC TTS,Donau,44.063606,26.645849,m_osm_234976293,Debarcader IOR,port
no_match,55772.1,quay,DANA OPERARE MARFURI VRAC TTS,Donau,44.063868,26.646865,m_osm_14002131032,Administrația Portuară Călărași,port
no_match,56005.7,pontoon,,Seine,49.078352,1.627987,m020,Rouen – Halte de Plaisance,halte
no_match,56686.3,pontoon,,Seine,49.03665,1.567521,m020,Rouen – Halte de Plaisance,halte
no_match,56690.0,pontoon,,Seine,49.03668,1.567667,m020,Rouen – Halte de Plaisance,halte
no_match,56711.6,quay,Dunafoldvar Upper,Donau,46.836748,18.923397,m_osm_6832821479,Szigetszentmiklós kikötő,port
no_match,57095.9,pontoon,,Seine,49.028682,1.63117,m214,Arsenal Marina Paris,halte
no_match,57116.7,pontoon,,Seine,49.028356,1.630687,m214,Arsenal Marina Paris,halte
no_match,57133.8,pontoon,,Seine,49.028034,1.63026,m214,Arsenal Marina Paris,halte
no_match,57169.0,quay,Duna,Donau,46.832738,18.922007,m_osm_6832821479,Szigetszentmiklós kikötő,port
no_match,57250.6,pontoon,,Seine,49.027845,1.628454,m214,Arsenal Marina Paris,halte
no_match,57260.0,pontoon,,Seine,49.027543,1.628152,m214,Arsenal Marina Paris,halte
no_match,57269.6,quay,Dunafoldvar LUKOIL,Donau,46.831697,18.923064,m_osm_6832821479,Szigetszentmiklós kikötő,port
no_match,57324.0,quay,Duna,Donau,46.831326,18.921984,m_osm_6832821479,Szigetszentmiklós kikötő,port
no_match,57372.5,quay,Dunafoldvar Upper,Donau,46.83033,18.926813,m_osm_6832821479,Szigetszentmiklós kikötő,port
no_match,57672.7,quay,Dunafoldvar lower,Donau,46.828043,18.922865,m_osm_6832821479,Szigetszentmiklós kikötő,port
no_match,57760.4,quay,Belene-berth3,Donau,43.63498,25.20549,m_osm_707599445,Portul Turistic Corabia,port
no_match,57826.9,quay,Zone d'amarrage Méricourt aval,Seine,49.032655,1.622704,m214,Arsenal Marina Paris,halte
no_match,57831.2,quay,Zone d'amarrage Méricourt aval,Seine,49.032634,1.62263,m214,Arsenal Marina Paris,halte
no_match,57908.4,quay,Passanger terminal Batina,Donau,45.852681,18.854684,m_osm_866432688,Marina Vukovar,port
no_match,58052.5,quay,Belene-berth2,Donau,43.638161,25.21045,m_osm_707599445,Portul Turistic Corabia,port
no_match,58095.1,quay,Belene-berth1,Donau,43.638699,25.211198,m_osm_707599445,Portul Turistic Corabia,port
no_match,58101.2,pontoon,,Seine,49.018421,1.61116,m214,Arsenal Marina Paris,halte
no_match,58129.7,pontoon,,Seine,49.019321,1.611205,m214,Arsenal Marina Paris,halte
no_match,58232.9,quay,Zone d'amarrage Méricourt amont,Seine,49.023737,1.611984,m214,Arsenal Marina Paris,halte
no_match,59199.2,quay,Duna,Donau,46.812982,18.933492,m_osm_6832821479,Szigetszentmiklós kikötő,port
no_match,59236.1,quay,Duna,Donau,46.812584,18.934097,m_osm_6832821479,Szigetszentmiklós kikötő,port
no_match,59275.0,quay,Duna,Donau,46.812165,18.934735,m_osm_6832821479,Szigetszentmiklós kikötő,port
no_match,59362.8,quay,ADUVIZIG,Donau,46.81127,18.935699,m_osm_6832821479,Szigetszentmiklós kikötő,port
no_match,59438.5,quay,ADUVIZIG,Donau,46.810436,18.937158,m_osm_6832821479,Szigetszentmiklós kikötő,port
no_match,59477.4,quay,ADUVIZIG,Donau,46.810027,18.937717,m_osm_6832821479,Szigetszentmiklós kikötő,port
no_match,59540.0,quay,Solt I.,Donau,46.809398,18.938333,m_osm_6832821479,Szigetszentmiklós kikötő,port
no_match,60244.0,quay,Solt II.,Donau,46.801522,18.954883,m_osm_6832821479,Szigetszentmiklós kikötő,port
no_match,60562.1,quay,Szikra Mg Sz.,Donau,46.798394,18.957942,m_osm_6832821479,Szigetszentmiklós kikötő,port
no_match,70484.6,quay,ADUVIZIG,Donau,46.706088,19.010835,m_osm_6832821479,Szigetszentmiklós kikötő,port
no_match,70920.2,quay,Harta I.,Donau,46.702156,19.01123,m_osm_6832821479,Szigetszentmiklós kikötő,port
no_match,70977.3,quay,ADUVIZIG,Donau,46.701637,19.011387,m_osm_6832821479,Szigetszentmiklós kikötő,port
no_match,71106.5,quay,Sygnus-Port Harta,Donau,46.700478,19.011265,m_osm_6832821479,Szigetszentmiklós kikötő,port
no_match,71481.8,quay,Harta II.,Donau,46.697116,19.010687,m_osm_6832821479,Szigetszentmiklós kikötő,port
no_match,74036.0,quay,UຽӴἡ㜙왭퀀謆㤷㤹,Donau,45.978475,18.726135,m_osm_866432688,Marina Vukovar,port
no_match,74589.9,quay,U,Donau,45.982487,18.720704,m_osm_866432688,Marina Vukovar,port
no_match,74839.4,quay,Madocsa I.,Donau,46.668249,18.976255,m_osm_6832821479,Szigetszentmiklós kikötő,port
no_match,75305.1,quay,Madocsa II.,Donau,46.664281,18.971839,m_osm_6832821479,Szigetszentmiklós kikötő,port
no_match,75396.7,quay,M慮,Donau,45.986493,18.705,m_osm_866432688,Marina Vukovar,port
no_match,75397.5,quay,UຽӴἡ㝩옝저謆㤷㤹,Donau,45.987806,18.710556,m_osm_866432688,Marina Vukovar,port
no_match,75904.2,quay,M,Donau,45.989918,18.699138,m_osm_866432688,Marina Vukovar,port
no_match,75915.4,quay,U,Donau,45.991162,18.703908,m_osm_866432688,Marina Vukovar,port
no_match,76175.4,quay,U,Donau,45.992886,18.70076,m_osm_866432688,Marina Vukovar,port
no_match,76181.2,quay,M,Donau,45.991981,18.696756,m_osm_866432688,Marina Vukovar,port
no_match,76288.7,quay,M,Donau,45.992764,18.695761,m_osm_866432688,Marina Vukovar,port
no_match,76415.7,quay,Margittasziget,Donau,45.99469,18.698745,m_osm_866432688,Marina Vukovar,port
no_match,76490.3,quay,M,Donau,45.99425,18.693968,m_osm_866432688,Marina Vukovar,port
no_match,76528.1,quay,U,Donau,45.995382,18.697169,m_osm_866432688,Marina Vukovar,port
no_match,76695.0,quay,M,Donau,45.995788,18.692271,m_osm_866432688,Marina Vukovar,port
no_match,76909.6,quay,M,Donau,45.997416,18.69056,m_osm_866432688,Marina Vukovar,port
no_match,77197.8,quay,M,Donau,45.999645,18.688439,m_osm_866432688,Marina Vukovar,port
no_match,77407.5,quay,M,Donau,46.001314,18.687088,m_osm_866432688,Marina Vukovar,port
no_match,77467.0,quay,U,Donau,46.002606,18.690063,m_osm_866432688,Marina Vukovar,port
no_match,78076.5,quay,M,Donau,46.006795,18.683423,m_osm_866432688,Marina Vukovar,port
no_match,78136.4,quay,Cargill,Donau,46.007271,18.683034,m_osm_866432688,Marina Vukovar,port
no_match,78586.4,quay,Hatar 1,Donau,46.011134,18.681287,m_osm_866432688,Marina Vukovar,port
no_match,78734.4,quay,Hatar 2,Donau,46.012463,18.680948,m_osm_866432688,Marina Vukovar,port
no_match,79109.5,quay,Ordas,Donau,46.635658,18.897164,m_osm_6832821479,Szigetszentmiklós kikötő,port
no_match,79129.1,quay,Duna-Drava Cement 1,Donau,46.016147,18.680622,m_osm_866432688,Marina Vukovar,port
no_match,79179.7,quay,M,Donau,46.016635,18.680646,m_osm_866432688,Marina Vukovar,port
no_match,79239.3,quay,Duna-Drava Cement 2,Donau,46.017182,18.68056,m_osm_866432688,Marina Vukovar,port
no_match,79357.6,quay,M,Donau,46.018341,18.680686,m_osm_866432688,Marina Vukovar,port
no_match,79374.2,quay,Duna,Donau,46.018514,18.680749,m_osm_866432688,Marina Vukovar,port
no_match,79588.8,quay,Boly 1,Donau,46.020635,18.681062,m_osm_866432688,Marina Vukovar,port
no_match,79647.8,quay,Boly 2,Donau,46.021254,18.681296,m_osm_866432688,Marina Vukovar,port
no_match,81097.0,quay,B,Donau,46.045221,18.727746,m_osm_866432688,Marina Vukovar,port
no_match,81718.8,quay,ADUVIZIG,Donau,46.616263,18.858187,m_osm_6832821479,Szigetszentmiklós kikötő,port
no_match,81861.4,quay,Paks I.,Donau,46.614967,18.85813,m_osm_6832821479,Szigetszentmiklós kikötő,port
no_match,82432.6,quay,ADUVIZIG,Donau,46.609967,18.856359,m_osm_6832821479,Szigetszentmiklós kikötő,port
no_match,82541.3,quay,ADUVIZIG,Donau,46.609005,18.856104,m_osm_6832821479,Szigetszentmiklós kikötő,port
no_match,82579.9,quay,Paks II.,Donau,46.608653,18.856101,m_osm_6832821479,Szigetszentmiklós kikötő,port
no_match,82589.2,quay,ADUVIZIG,Donau,46.608566,18.856116,m_osm_6832821479,Szigetszentmiklós kikötő,port
no_match,83758.5,quay,SYGNUS 2,Donau,46.597514,18.859175,m_osm_6832821479,Szigetszentmiklós kikötő,port
no_match,83902.0,quay,SYGNUS 1,Donau,46.596129,18.859799,m_osm_6832821479,Szigetszentmiklós kikötő,port
no_match,84674.6,quay,Paks III.,Donau,46.588311,18.866409,m_osm_6832821479,Szigetszentmiklós kikötő,port
no_match,85579.0,quay,Dunafalva,Donau,46.095163,18.774194,m_osm_866432688,Marina Vukovar,port
no_match,86070.8,quay,U慮,Donau,46.572951,18.891691,m_osm_6832821479,Szigetszentmiklós kikötő,port
no_match,89468.8,quay,Paks IV.,Donau,46.541787,18.895162,m_osm_6832821479,Szigetszentmiklós kikötő,port
no_match,89471.6,quay,ADUVIEP,Donau,46.541363,18.899624,m_osm_6832821479,Szigetszentmiklós kikötő,port
no_match,92811.5,quay,Baja II.,Donau,46.17618,18.917166,m_osm_866432688,Marina Vukovar,port
no_match,92873.2,quay,Porboly,Donau,46.172873,18.864798,m_osm_866432688,Marina Vukovar,port
no_match,93446.4,quay,BOKK 1,Donau,46.182424,18.926496,m_osm_866432688,Marina Vukovar,port
no_match,93617.0,quay,ATI DEPO 1,Donau,46.183994,18.927083,m_osm_866432688,Marina Vukovar,port
no_match,93732.6,quay,ATI DEPO 2,Donau,46.185057,18.927478,m_osm_866432688,Marina Vukovar,port
no_match,93983.1,quay,AGROSZIGET,Donau,46.18735,18.928152,m_osm_866432688,Marina Vukovar,port
no_match,94119.1,quay,P+H,Donau,46.188597,18.928547,m_osm_866432688,Marina Vukovar,port
no_match,94230.2,quay,ATI DEPO 4,Donau,46.189622,18.929006,m_osm_866432688,Marina Vukovar,port
no_match,94345.9,quay,ATI DEPO 3,Donau,46.190678,18.929266,m_osm_866432688,Marina Vukovar,port
no_match,94439.4,quay,BOKK 2,Donau,46.191538,18.929594,m_osm_866432688,Marina Vukovar,port
no_match,94504.0,quay,GEMENC 2,Donau,46.192121,18.929613,m_osm_866432688,Marina Vukovar,port
no_match,94549.7,quay,GEMENC 3,Donau,46.192538,18.929703,m_osm_866432688,Marina Vukovar,port
no_match,94840.7,quay,BOKK 3,Donau,46.195144,18.929349,m_osm_866432688,Marina Vukovar,port
no_match,95006.6,quay,Baja I.,Donau,46.1966,18.928554,m_osm_866432688,Marina Vukovar,port
no_match,98019.5,quay,Ersekcsanad,Donau,46.242779,18.910893,m_osm_1298757703,Тисин цвет,port
no_match,98701.8,quay,Gerjen,Donau,46.456253,18.919627,m_osm_6832821479,Szigetszentmiklós kikötő,port
no_match,101833.5,quay,Fajsz,Donau,46.428794,18.907611,m_osm_6832821479,Szigetszentmiklós kikötő,port
no_match,101928.8,quay,ADUVIEP,Donau,46.427971,18.907086,m_osm_6832821479,Szigetszentmiklós kikötő,port
no_match,102599.8,quay,CONCORDIA,Donau,46.422706,18.89646,m_osm_6832821479,Szigetszentmiklós kikötő,port
no_match,102690.0,quay,Lanchid,Donau,46.421995,18.89512,m_osm_6832821479,Szigetszentmiklós kikötő,port
no_match,102779.4,quay,Fadd I.,Donau,46.421244,18.894388,m_osm_6832821479,Szigetszentmiklós kikötő,port
no_match,102903.7,quay,MAHAJOSZ,Donau,46.420229,18.892996,m_osm_6832821479,Szigetszentmiklós kikötő,port
no_match,102924.9,quay,Fadd II.,Donau,46.420033,18.893044,m_osm_6832821479,Szigetszentmiklós kikötő,port
no_match,106096.5,quay,Bogyiszlo I.,Donau,46.39213,18.882985,m_osm_6832821479,Szigetszentmiklós kikötő,port
no_match,106154.4,quay,Bogyiszlo,Donau,46.391591,18.883163,m_osm_6832821479,Szigetszentmiklós kikötő,port
no_match,106360.1,quay,B慮爀ᮄ䉃쬧䛎耀 ㄲ㄀ἡ䉽쬥䜿耀 ,Donau,46.389674,18.883823,m_osm_6832821479,Szigetszentmiklós kikötő,port
