match_status,distance_m,ienc_name,ienc_waterway,ienc_lat,ienc_lon,ienc_length_m,ienc_width_m,ienc_rise_m,app_id,app_name,app_lat,app_lon
match,0.3,Sas écluse n°24 d' Ecrouves CMRO,Moselle,48.677203,5.8723,39.0,5.1,,lk116,Sas écluse n°24 d' Ecrouves CMRO,48.6772,5.8723
match,0.4,Saargemünd (N° 28),Saar,49.113503,7.067304,38.5,5.1,,lk188,Saargemünd (N° 28),49.1135,7.0673
match,0.5,Grande écluse de Bougival,Seine,48.870899,2.128994,219.6,12.0,,lk140,Grande écluse de Bougival,48.8709,2.129
match,0.5,Sas Petite Ecluse n°27,Moselle,48.7571,6.142393,38.5,6.0,,lk217,Sas Petite Ecluse n°27,48.7571,6.1424
match,0.5,Ecluse n°1 de Bougival - 220x12m,Seine,48.870899,2.128994,219.6,12.0,,lk140,Grande écluse de Bougival,48.8709,2.129
match,0.5,Keersluis K1 te Vinderhoute,Ringvaart om Gent,51.086248,3.660974,,,,w_osm_549314062,Keersluis K1 te Vinderhoute,51.0862472,3.6609676
match,0.6,Nieuwpoortsluis te Veurne,Canal Nieuwpoort–Dunkerque,51.070605,2.668098,38.5,5.1,,lk179,Nieuwpoortsluis te Veurne,51.0706,2.6681
match,0.7,anc écluse de Verdun sur le Doubs,Saône,46.898596,5.032307,185.0,12.0,,lk241,anc écluse de Verdun sur le Doubs,46.8986,5.0323
match,0.8,Ancienne écluse de Carrières-Sous-Poissy,Seine,48.950695,2.045608,141.0,12.0,,lk145,Ancienne écluse de Carrières-Sous-Poissy,48.9507,2.0456
match,0.8,Ecluse de Goeulzin,Canal Dunkerque–Escaut,50.315305,3.080108,144.6,12.0,,lk218,Ecluse de Goeulzin,50.3153,3.0801
match,0.8,Ecluse à Nacelle bief APACH,Moselle,49.467099,6.366211,24.5,3.6,,lk227,Ecluse à Nacelle bief APACH,49.4671,6.3662
match,0.8,Mettlach,Saar,49.490993,6.580399,40.0,6.79,,lk289,Mettlach,49.491,6.5804
match,0.9,Serrig,Saar,49.566901,6.592912,40.0,6.79,,lk296,Serrig,49.5669,6.5929
match,1.0,Ecluse des Fontinettes,Canal Dunkerque–Escaut,50.728608,2.307406,144.0,12.0,,lk173,Ecluse des Fontinettes,50.7286,2.3074
match,1.0,Ecluse RD n°7 du Coudray,Seine (Amont),48.573298,2.482713,180.0,18.0,,lk283,Ecluse RD n°7 du Coudray,48.5733,2.4827
match,1.1,Mettlach,Saar,49.491208,6.57931,190.0,12.04,,lk290,Mettlach,49.4912,6.5793
match,1.2,Ecluse de la Tuilerie,Saône,47.099992,5.318811,43.45,5.2,,lk171,Ecluse de la Tuilerie,47.1,5.3188
match,1.2,Ecluse n°8 de Denain,Canal Dunkerque–Escaut,50.318302,3.389817,144.6,12.0,,lk194,Ecluse n°8 de Denain,50.3183,3.3898
match,1.2,Écluses de Kembs,Rhine,47.652511,7.526497,186.5,22.9,,lk245,Écluses de Kembs,47.6525,7.5265
match,1.3,Petite Ecluse de THIONVILLE,Moselle,49.345592,6.165614,38.5,5.9,4.28,lk137,Petite Ecluse de THIONVILLE,49.3456,6.1656
match,1.3,Ecluse de Saint-Maurice,Seine,48.816706,2.424184,125.0,11.4,,lk206,Ecluse de Saint-Maurice,48.8167,2.4242
match,1.3,Ecluse de Courchelettes,Canal Dunkerque–Escaut,50.342288,3.052499,89.0,11.4,,lk220,Ecluse de Courchelettes,50.3423,3.0525
match,1.4,Écluse secondaire de Niffer,Canal du Rhône au Rhin,47.704112,7.504594,85.0,12.0,,lk157,Écluse secondaire de Niffer,47.7041,7.5046
match,1.4,Ecluse côté Seine n°8 d'Evry,Seine (Amont),48.642008,2.445014,172.0,18.0,,lk269,Ecluse côté Seine n°8 d'Evry,48.642,2.445
match,1.5,Ecluse de THIONVILLE,Moselle,49.344101,6.166321,174.84,12.0,4.28,lk136,Ecluse de THIONVILLE,49.3441,6.1663
match,1.5,Ancienne écluse de Gigny,Saône,46.654502,4.95328,160.0,16.1,,lk177,Ancienne écluse de Gigny,46.6545,4.9533
match,1.7,Écluses de Fessenheim,Rhine,47.910493,7.57142,183.0,22.8,,lk108,Écluses de Fessenheim,47.9105,7.5714
match,1.7,Ecluse n°3 de Sarron,Oise,49.306193,2.613821,120.0,11.4,,lk152,Ecluse n°3 de Sarron,49.3062,2.6138
match,1.7,Ecluse du Haut pont,Canal Dunkerque–Escaut,50.765802,2.261276,38.5,5.05,,lk176,Ecluse du Haut pont,50.7658,2.2613
match,1.7,Ecluse n°12 de Valenciennes dite de Folien,Canal Dunkerque–Escaut,50.366503,3.517523,144.6,12.0,,lk192,Ecluse n°12 de Valenciennes dite de Folien,50.3665,3.5175
match,1.7,Ecluse de 165x17 de Méricourt,Seine,49.02881,1.616818,160.0,16.4,,lk203,Ecluse de 165x17 de Méricourt,49.0288,1.6168
match,1.7,Ecluse n°2 de Méricourt - 165x17m,Seine,49.02881,1.616818,160.0,16.4,,lk203,Ecluse de 165x17 de Méricourt,49.0288,1.6168
match,1.9,Ecluse de Don,Canal Dunkerque–Escaut,50.545983,2.917405,144.6,12.0,,lk127,Ecluse de Don,50.546,2.9174
match,1.9,Saarbrücken,Saar,49.240692,6.929323,190.0,12.04,,lk166,Saarbrücken,49.2407,6.9293
match,1.9,Ecluse du Grand Carré,Canal Dunkerque–Escaut,50.647889,3.045379,144.6,12.0,,lk222,Ecluse du Grand Carré,50.6479,3.0454
match,1.9,Ecluse n°12 de la Tombe,Seine (Amont),48.392912,3.107182,40.0,7.8,,lk265,Ecluse n°12 de la Tombe,48.3929,3.1072
match,2.0,Sas écluse n°27 de Toul CMRO,Moselle,48.683608,5.899725,39.0,5.1,,lk119,Sas écluse n°27 de Toul CMRO,48.6836,5.8997
match,2.0,Saarbrücken,Saar,49.240982,6.928004,190.0,12.04,,lk167,Saarbrücken,49.241,6.928
match,2.0,écluse St-Jean-de-Losne,Saône,47.102703,5.258526,38.6,5.0,,lk168,écluse St-Jean-de-Losne,47.1027,5.2585
match,2.0,Nieuwe stuwsluis Menen kolk,Leie,50.780789,3.100978,86.0,10.3,,lk104,Ecluse de Menin,50.7808,3.101
match,2.0,écluse,Rhône,43.824596,4.641324,195.0,10.5,,lk248,écluse,43.8246,4.6413
match,2.0,Ecluse n°5 de Beaulieu,Seine (Amont),48.495302,3.465827,120.0,10.3,,lk277,Ecluse n°5 de Beaulieu,48.4953,3.4658
match,2.1,Saarbrücken,Saar,49.240594,6.929772,190.0,12.04,,lk165,Saarbrücken,49.2406,6.9298
match,2.1,Écluses de Ottmarsheim,Rhine,47.768699,7.526528,183.0,11.45,,lk184,Écluses de Ottmarsheim,47.7687,7.5265
match,2.1,Ecluse n°17 de Saint-Maur,Seine,48.812819,2.457301,125.0,12.0,,lk209,Ecluse n°17 de Saint-Maur,48.8128,2.4573
match,2.2,Ancienne écluse de Port Bernalin,Saône,45.912217,4.811385,185.0,12.0,,lk102,Ancienne écluse de Port Bernalin,45.9122,4.8114
match,2.2,Écluses de Gambsheim,Rhine,48.684994,7.911071,270.0,24.0,,lk106,Écluses de Gambsheim,48.685,7.9111
match,2.2,Sas écluse n°23 d' Ecrouves CMRO,Moselle,48.675206,5.863229,39.0,5.1,,lk115,Sas écluse n°23 d' Ecrouves CMRO,48.6752,5.8632
match,2.2,Ecluse de l'ORNE-RICHEMONT,Moselle,49.280604,6.181829,175.18,12.0,4.35,lk148,Ecluse de l'ORNE-RICHEMONT,49.2806,6.1818
match,2.3,écluse de Couzon,Saône,45.847281,4.835412,185.0,12.0,,lk101,écluse de Couzon,45.8473,4.8354
match,2.3,Ecluse RG n°10 de Port-à-l'Anglais,Seine,48.797621,2.416899,180.0,15.0,,lk208,Ecluse RG n°10 de Port-à-l'Anglais,48.7976,2.4169
match,2.5,écluse d'Ormes,Saône,46.619312,4.947972,185.0,12.0,,lk180,écluse d'Ormes,46.6193,4.948
match,2.5,Grande écluse d'Amfreville,Seine,49.312421,1.236987,220.0,17.0,,lk201,Grande écluse d'Amfreville,49.3124,1.237
match,2.5,Ecluse n°1 de Venette,Oise,49.413898,2.809066,180.0,11.4,,lk212,Ecluse n°1 de Venette,49.4139,2.8091
match,2.5,Ecluse n°3 d'Amfreville - 220x17m,Seine,49.312421,1.236987,220.0,17.0,,lk201,Grande écluse d'Amfreville,49.3124,1.237
match,2.5,Rehlingen,Saar,49.372815,6.697974,190.0,12.04,,lk292,Rehlingen,49.3728,6.698
match,2.6,Grosbliederstroff (N° 30),Saar,49.166085,7.029627,38.5,5.1,,lk186,Grosbliederstroff (N° 30),49.1661,7.0296
match,2.6,Moyenne écluse d'Amfreville,Seine,49.312006,1.236465,141.0,12.0,,lk202,Moyenne écluse d'Amfreville,49.312,1.2365
match,2.6,Ecluse n°1 d'Amfreville - 141x12m,Seine,49.312006,1.236465,141.0,12.0,,lk202,Moyenne écluse d'Amfreville,49.312,1.2365
match,2.6,Ecluse 4.1 de la Cave (172 x 12),Seine (Amont),48.481812,2.70653,172.0,12.0,,lk286,Ecluse 4.1 de la Cave (172 x 12),48.4818,2.7065
match,2.7,Sas écluse n°47 de Messein CVOSGES,Moselle,48.609703,6.128736,39.0,5.1,,lk131,Sas écluse n°47 de Messein CVOSGES,48.6097,6.1287
match,2.7,Petite Ecluse de l'ORNE-RICHEMONT,Moselle,49.281083,6.182273,38.5,6.0,4.35,lk149,Petite Ecluse de l'ORNE-RICHEMONT,49.2811,6.1823
match,2.7,Ecluse de Rive Gauche de Suresnes,Seine,48.870987,2.232831,160.5,17.0,,lk162,Ecluse de Rive Gauche de Suresnes,48.871,2.2328
match,2.7,"Ecluse n°1 de Suresnes - 160,5x17m",Seine,48.870987,2.232831,160.5,17.0,,lk162,Ecluse de Rive Gauche de Suresnes,48.871,2.2328
match,2.8,Ecluse de ARS-SUR-MOSELLE,Moselle,49.073499,6.083061,175.07,12.0,4.02,lk138,Ecluse de ARS-SUR-MOSELLE,49.0735,6.0831
match,2.8,Petite écluse de Bougival,Seine,48.870424,2.130011,51.0,8.2,,lk141,Petite écluse de Bougival,48.8704,2.13
match,2.8,Petite écluse de Suresnes,Seine,48.870888,2.233033,160.5,12.0,,lk163,Petite écluse de Suresnes,48.8709,2.233
match,2.8,Ecluse de POMPEY-FROUARD,Moselle,48.762323,6.116514,184.04,12.0,2.7,lk216,Ecluse de POMPEY-FROUARD,48.7623,6.1165
match,2.8,"Ecluse n°2 de Suresnes - 160,5x12m",Seine,48.870888,2.233033,160.5,12.0,,lk163,Petite écluse de Suresnes,48.8709,2.233
match,2.8,Ecluse n°2 de Bougival - 51x8m,Seine,48.870424,2.130011,51.0,8.2,,lk141,Petite écluse de Bougival,48.8704,2.13
match,2.9,Ecluse de TOUL,Moselle,48.670614,5.894934,188.44,12.0,4.4,lk111,Ecluse de TOUL,48.6706,5.8949
match,2.9,Ecluse n°6 de Pont-Malin,Canal Dunkerque–Escaut,50.267298,3.301559,144.6,12.0,,lk159,Ecluse n°6 de Pont-Malin,50.2673,3.3016
match,2.9,Ecluse n°1 de Fort-Gassion,Canal Dunkerque–Escaut,50.646125,2.41441,38.5,5.05,,lk196,Ecluse n°1 de Fort-Gassion,50.6461,2.4144
match,2.9,Ecluse n°8 du Vezoult,Seine (Amont),48.449524,3.322617,185.0,12.0,,lk274,Ecluse n°8 du Vezoult,48.4495,3.3226
match,3.0,Ecluse de l'Isle-Adam,Oise,49.118675,2.213386,185.0,12.0,,lk154,Ecluse de l'Isle-Adam,49.1187,2.2134
match,3.0,Ecluse n°7 de Pontoise,Oise,49.034675,2.096514,125.0,12.0,,lk233,Ecluse n°7 de Pontoise,49.0347,2.0965
match,3.0,Ecluse n°4 de Nogent-sur-Seine,Seine (Amont),48.500612,3.505263,38.0,7.8,,lk278,Ecluse n°4 de Nogent-sur-Seine,48.5006,3.5053
match,3.1,Ecluse de Chatou,Seine,48.8943,2.165042,185.0,18.0,,lk139,Ecluse de Chatou,48.8943,2.165
match,3.1,Güdingen,Saar,49.199111,7.025039,39.0,5.15,,lk189,Güdingen,49.1991,7.025
match,3.1,Petite Ecluse de CLEVANT,Moselle,48.761478,6.140575,38.5,6.0,2.7,lk215,Petite Ecluse de CLEVANT,48.7615,6.1406
match,3.1,Ecluse RG n°7 du Coudray,Seine (Amont),48.572916,2.481165,172.0,12.0,,lk282,Ecluse RG n°7 du Coudray,48.5729,2.4812
match,3.1,Ecluse côté Seine n°4 de Vives-Eaux,Seine (Amont),48.522525,2.58558,185.0,18.0,,lk285,Ecluse côté Seine n°4 de Vives-Eaux,48.5225,2.5856
match,3.2,Ecluse de Cuinchy,Canal Dunkerque–Escaut,50.52249,2.754342,140.0,11.4,,lk109,Ecluse de Cuinchy,50.5225,2.7543
match,3.2,Ecluse n°14 de Fresnes,Canal Dunkerque–Escaut,50.434015,3.587862,144.6,12.0,,lk230,Ecluse n°14 de Fresnes,50.434,3.5879
match,3.2,Ecluse côté terre n°8 d'Evry,Seine (Amont),48.641801,2.444556,180.0,16.0,,lk268,Ecluse côté terre n°8 d'Evry,48.6418,2.4446
match,3.2,Ecluse côté terre n°2 de Champagne-sur-Seine,Seine (Amont),48.400477,2.793625,172.0,12.0,,lk280,Ecluse côté terre n°2 de Champagne-sur-Seine,48.4005,2.7936
match,3.3,Ecluse n°4 de Creil,Oise,49.243717,2.451662,120.0,11.4,,lk135,Ecluse n°4 de Creil,49.2437,2.4517
match,3.3,Ecluse n°10 de Trith,Canal Dunkerque–Escaut,50.315419,3.475236,144.6,12.0,,lk193,Ecluse n°10 de Trith,50.3154,3.4752
match,3.3,Écluses de Gerstheim,Rhine,48.400672,7.729285,185.0,11.45,,lk200,Écluses de Gerstheim,48.4007,7.7293
match,3.3,Ecluse n°13 de la Folie dite de Bruay,Canal Dunkerque–Escaut,50.387371,3.539412,144.6,12.0,,lk231,Ecluse n°13 de la Folie dite de Bruay,50.3874,3.5394
match,3.3,Ecluse côté Seine n°13 de Marolles,Seine (Amont),48.388286,3.032461,185.0,12.0,,lk272,Ecluse côté Seine n°13 de Marolles,48.3883,3.0325
match,3.3,St.-Jorissluis,Canal Nieuwpoort–Dunkerque,51.136929,2.771607,38.5,5.1,,lk303,St.-Jorissluis,51.1369,2.7716
match,3.4,Ecluse de Menin,Canal Dunkerque–Escaut,50.780777,3.100968,195.0,12.5,,lk104,Ecluse de Menin,50.7808,3.101
match,3.4,Écluse à Barrage agricole de Breisach,Rhine,48.021677,7.584669,67.0,8.2,,lk122,Écluse à Barrage agricole de Breisach,48.0217,7.5847
match,3.4,Ecluse de NEUVES-MAISONS,Moselle,48.607277,6.105231,184.46,12.0,7.1,lk130,Ecluse de NEUVES-MAISONS,48.6073,6.1052
match,3.4,Ancienne écluse des Mureaux dite d'Hardicourt,Seine,48.995686,1.889458,42.0,8.0,,lk160,Ancienne écluse des Mureaux dite d'Hardicourt,48.9957,1.8895
match,3.4,Nouvelle écluse de Suresnes,Seine,48.870329,2.232884,180.0,18.0,,lk164,Nouvelle écluse de Suresnes,48.8703,2.2329
match,3.4,Ecluse de 185x12 de Méricourt,Seine,49.028722,1.617168,185.0,12.0,,lk204,Ecluse de 185x12 de Méricourt,49.0287,1.6172
match,3.4,Ecluse de BLENOD-LES-PAM,Moselle,48.871904,6.071254,175.14,12.0,5.7,lk232,Ecluse de BLENOD-LES-PAM,48.8719,6.0713
match,3.4,Ecluse n°3 de Méricourt - 185x12m,Seine,49.028722,1.617168,185.0,12.0,,lk204,Ecluse de 185x12 de Méricourt,49.0287,1.6172
match,3.4,Ecluse n°3 de Suresnes - 180x18m,Seine,48.870329,2.232884,180.0,18.0,,lk164,Nouvelle écluse de Suresnes,48.8703,2.2329
match,3.4,Ecluse n°10 de Bray-sur-Seine,Seine (Amont),48.419074,3.228023,40.0,7.8,,lk267,Ecluse n°10 de Bray-sur-Seine,48.4191,3.228
match,3.5,Sas écluse n°26 de Toul CMRO,Moselle,48.67808,5.885764,39.0,5.1,,lk118,Sas écluse n°26 de Toul CMRO,48.6781,5.8858
match,3.5,Ancienne écluse de Chaugey dite de dérivation de Saint Jean de Losnes,Saône,47.087474,5.234073,9999.0,9999.0,,lk172,Ancienne écluse de Chaugey dite de dérivation de Saint Jean de Losnes,47.0875,5.2341
match,3.5,Ecluse de Créteil,Seine,48.798276,2.470131,125.0,12.0,,lk210,Ecluse de Créteil,48.7983,2.4701
match,3.5,Ecluse n°1 de Marquette,Canal Dunkerque–Escaut,50.676126,3.067073,38.5,5.05,,lk224,Ecluse n°1 de Marquette,50.6761,3.0671
match,3.6,Ecluse n°1 de Watten dite de Holque-Watten,Canal Dunkerque–Escaut,50.841215,2.209845,144.6,12.0,,lk132,Ecluse n°1 de Watten dite de Holque-Watten,50.8412,2.2098
match,3.6,Ecluse non exploitée de Bougival,Seine,48.869874,2.131571,113.5,12.0,,lk142,Ecluse non exploitée de Bougival,48.8699,2.1316
match,3.6,Nouvelle écluse d'Andrésy,Seine,48.977374,2.061871,185.0,24.0,,lk143,Nouvelle écluse d'Andrésy,48.9774,2.0619
match,3.6,Ecluse de CUSTINES,Moselle,48.788868,6.122593,175.03,12.0,3.85,lk213,Ecluse de CUSTINES,48.7889,6.1226
match,3.6,Ecluse de CLEVANT,Moselle,48.761571,6.141279,120.0,12.0,2.7,lk214,Ecluse de CLEVANT,48.7616,6.1413
match,3.6,Ecluse n°2 de Lynck,Canal Dunkerque–Escaut,50.894329,2.251722,38.5,8.0,,lk243,Ecluse n°2 de Lynck,50.8943,2.2517
match,3.6,Ecluse n°1 d'Andrésy - 185x24m,Seine,48.977374,2.061871,185.0,24.0,,lk143,Nouvelle écluse d'Andrésy,48.9774,2.0619
match,3.6,Plassendalesluis te Oudenburg,Canal Nieuwpoort–Dunkerque,51.20933,3.003579,38.5,5.1,,lk301,Plassendalesluis te Oudenburg,51.2093,3.0036
match,3.7,Écluses de Iffezheim,Rhine,48.831207,8.11315,270.0,24.0,,lk100,Écluses de Iffezheim,48.8312,8.1131
match,3.7,Sas écluse n°25 de Toul CMRO,Moselle,48.677715,5.881955,39.0,5.1,,lk117,Sas écluse n°25 de Toul CMRO,48.6777,5.882
match,3.7,Ecluse de Laperrière,Saône,47.105016,5.315857,43.3,5.33,,lk170,Ecluse de Laperrière,47.105,5.3159
match,3.7,Ecluse de KOENIGSMACKER,Moselle,49.39898,6.265741,176.67,12.0,3.9,lk228,Ecluse de KOENIGSMACKER,49.399,6.2657
match,3.7,Ecluse n°9 de Jaulnes,Seine (Amont),48.420171,3.268924,120.0,10.4,,lk273,Ecluse n°9 de Jaulnes,48.4202,3.2689
match,3.8,Ecluse de Notre Dame de la Garenne,Seine,49.167029,1.387872,185.0,24.0,,lk125,Ecluse de Notre Dame de la Garenne,49.167,1.3879
match,3.8,Ecluse d'Andrésy,Seine,48.977624,2.061637,160.0,12.0,,lk144,Ecluse d'Andrésy,48.9776,2.0616
match,3.8,Ancienne écluse des Mureaux,Seine,48.994677,1.887738,141.0,12.0,,lk161,Ancienne écluse des Mureaux,48.9947,1.8877
match,3.8,écluse St-Symphorien,Saône,47.107676,5.313635,43.15,5.22,,lk169,écluse St-Symphorien,47.1077,5.3136
match,3.8,Ecluse n°1 du Fort-de-Scarpe,Canal Dunkerque–Escaut,50.391166,3.101304,40.7,5.2,,lk182,Ecluse n°1 du Fort-de-Scarpe,50.3912,3.1013
match,3.8,Ecluse n°2 de Cense à Witz,Canal Dunkerque–Escaut,50.632722,2.486558,38.5,5.05,,lk197,Ecluse n°2 de Cense à Witz,50.6327,2.4866
match,3.8,Ancienne écluse de Méricourt,Seine,49.029284,1.616746,140.0,12.0,,lk205,Ancienne écluse de Méricourt,49.0293,1.6167
match,3.8,Ancienne écluse de dérivation de Charnay-les-Chalon,Saône,46.934422,5.075261,185.0,12.0,,lk239,Ancienne écluse de dérivation de Charnay-les-Chalon,46.9344,5.0753
match,3.8,Ecluse n°3 de Notre Dame de la Garenne - 185x24 m,Seine,49.167029,1.387872,185.0,24.0,,lk125,Ecluse de Notre Dame de la Garenne,49.167,1.3879
match,3.8,Ecluse n°2 d'Andrésy - 160x12m,Seine,48.977624,2.061637,160.0,12.0,,lk144,Ecluse d'Andrésy,48.9776,2.0616
match,3.8,Drietrapsluis te Ooigem kolk,Leie,50.896525,3.344264,34.0,5.0,,lk306,Drietrapsluis te Ooigem kolk,50.8965,3.3443
match,3.9,Petite Ecluse de METZ,Moselle,49.129435,6.167896,38.5,6.0,4.6,lk147,Petite Ecluse de METZ,49.1294,6.1679
match,3.9,Ecluse RG de la Grande Bosse,Seine (Amont),48.424465,3.188397,185.0,12.0,,lk264,Ecluse RG de la Grande Bosse,48.4245,3.1884
match,3.9,Ancienne écluse de Pontoise,Oise,49.038482,2.097646,42.0,8.0,,lk288,Ancienne écluse de Pontoise,49.0385,2.0976
match,4.1,Sas écluse n°27 bis de Toul CMRO,Moselle,48.683866,5.904278,39.0,5.1,,lk114,Sas écluse n°27 bis de Toul CMRO,48.6839,5.9043
match,4.1,Ecluse n°5 de Boran,Oise,49.148965,2.358316,120.0,11.4,,lk133,Ecluse n°5 de Boran,49.149,2.3583
match,4.1,Ecluse d'AINGERAY,Moselle,48.756331,6.034531,184.46,12.0,7.3,lk236,Ecluse d'AINGERAY,48.7563,6.0345
match,4.1,Ecluse n°2 de Notre Dame de la Garenne - 42x8m,Seine,49.166826,1.38746,42.0,8.0,,lk254,Ecluse n°2 de Notre Dame de la Garenne - 42x8m,49.1668,1.3875
match,4.2,Ecluse de FONTENOY,Moselle,48.708263,5.964512,179.86,12.0,4.4,lk110,Ecluse de FONTENOY,48.7083,5.9645
match,4.2,écluse de Dracé,Saône,46.156363,4.799109,185.0,12.0,,lk190,écluse de Dracé,46.1564,4.7991
match,4.3,Petite Ecluse de TOUL,Moselle,48.671233,5.89497,38.5,6.0,4.4,lk112,Petite Ecluse de TOUL,48.6712,5.895
match,4.3,Petite Ecluse de TALANGE,Moselle,49.228466,6.183629,38.5,6.0,3.15,lk151,Petite Ecluse de TALANGE,49.2285,6.1836
match,4.3,Ecluse n°6 de l'Isle-Adam,Oise,49.11807,2.213562,125.0,12.0,,lk155,Ecluse n°6 de l'Isle-Adam,49.1181,2.2136
match,4.3,Kanzem,Saar,49.658923,6.560648,40.0,6.79,,lk294,Kanzem,49.6589,6.5606
match,4.3,Iepersluis te Nieuwpoort,Canal Nieuwpoort–Dunkerque,51.134562,2.757987,38.5,5.1,,lk300,Iepersluis te Nieuwpoort,51.1346,2.758
match,4.4,Ecluse n°6 de Thun,Canal Dunkerque–Escaut,50.482335,3.46337,6.05,40.0,,lk105,Ecluse n°6 de Thun,50.4823,3.4634
match,4.4,Écluses de Rhinau,Rhine,48.280662,7.679084,183.0,11.45,,lk156,Écluses de Rhinau,48.2807,7.6791
match,4.4,Ecluse de Quesnoy,Canal Dunkerque–Escaut,50.704337,3.013379,110.0,5.7,,lk223,Ecluse de Quesnoy,50.7043,3.0134
match,4.4,Rehlingen,Saar,49.373527,6.698344,40.0,6.79,,lk291,Rehlingen,49.3735,6.6983
match,4.4,Kanzem,Saar,49.658239,6.561111,190.0,12.04,,lk295,Kanzem,49.6582,6.5611
match,4.5,Ecluse de METZ,Moselle,49.128761,6.167518,175.12,12.0,4.6,lk146,Ecluse de METZ,49.1288,6.1675
match,4.5,Welferding (N° 29),Saar,49.117368,7.045462,38.5,5.1,,lk187,Welferding (N° 29),49.1174,7.0455
match,4.5,Ecluse n°36 de Corbehem,Canal Dunkerque–Escaut,50.336239,3.046116,38.8,5.05,,lk221,Ecluse n°36 de Corbehem,50.3362,3.0461
match,4.5,Ecluse à Nacelle de KOENIGSMACKER,Moselle,49.401039,6.258518,21.0,3.6,,lk229,Ecluse à Nacelle de KOENIGSMACKER,49.401,6.2585
match,4.6,Ecluse de Comines,Canal Dunkerque–Escaut,50.760635,2.991065,185.0,12.5,,lk103,Ecluse de Comines,50.7606,2.9911
match,4.6,Écluse de Neuf-Brisach,Rhine,48.033761,7.564621,40.0,6.0,,lk123,Écluse de Neuf-Brisach,48.0338,7.5646
match,4.6,Ecluse n°11 de Bazoches,Seine (Amont),48.41206,3.186687,40.0,7.8,,lk266,Ecluse n°11 de Bazoches,48.4121,3.1867
match,4.6,Ecluse n°7 de Villiers-sur-Seine,Seine (Amont),48.465941,3.364711,121.0,10.5,,lk275,Ecluse n°7 de Villiers-sur-Seine,48.4659,3.3647
match,4.6,Stuwsluis te Harelbeke kolk,Leie,50.855441,3.306297,185.0,11.4,,lk302,Stuwsluis te Harelbeke kolk,50.8554,3.3063
match,4.6,Sluis Ooigem kolk,Leie,50.897441,3.343703,110.0,11.5,,lk305,Sluis Ooigem kolk,50.8974,3.3437
match,4.7,Ecluse n°3 de Sarron,Oise,49.306733,2.61564,180.0,11.4,,lk153,Ecluse n°3 de Sarron,49.3067,2.6156
match,4.7,Écluse principale de Niffer-Mulhouse,Canal du Rhône au Rhin,47.710742,7.502405,190.0,12.0,,lk158,Écluse principale de Niffer-Mulhouse,47.7107,7.5024
match,4.7,Ecluse de la Truchère,Saône,46.513467,4.943439,30.4,5.17,,lk178,Ecluse de la Truchère,46.5135,4.9434
match,4.7,Ecluse côté terre n°4 de Vives-Eaux,Seine (Amont),48.522173,2.585449,172.0,12.0,,lk284,Ecluse côté terre n°4 de Vives-Eaux,48.5222,2.5854
match,4.7,Serrig,Saar,49.567359,6.593784,190.0,12.04,,lk297,Serrig,49.5674,6.5938
match,4.7,Veurnesluis te Nieuwpoort (Ganzepoot),Canal Nieuwpoort–Dunkerque,51.133632,2.756644,38.5,5.1,,lk298,Veurnesluis te Nieuwpoort (Ganzepoot),51.1336,2.7566
match,4.8,Écluses de Marckolsheim,Rhine,48.149559,7.589922,183.0,11.45,,lk195,Écluses de Marckolsheim,48.1496,7.5899
match,4.9,Ecluse de VILLEY-LE-SEC,Moselle,48.649764,5.975262,184.54,12.0,7.2,lk113,Ecluse de VILLEY-LE-SEC,48.6498,5.9753
match,4.9,Écluses de Vogelgrun,Rhine,48.019532,7.578654,183.0,11.45,,lk121,Écluses de Vogelgrun,48.0195,7.5787
match,4.9,Ecluse de Douai,Canal Dunkerque–Escaut,50.376269,3.072149,89.0,11.4,,lk181,Ecluse de Douai,50.3763,3.0721
match,4.9,Écluse de Vaugris,Rhône,45.494158,4.82888,195.0,12.0,6.7,lk247,Écluse de Vaugris,45.4942,4.8289
match,5.0,Écluses de Fessenheim,Rhine,47.910432,7.571848,183.0,11.45,,lk107,Écluses de Fessenheim,47.9104,7.5718
match,5.0,Ecluse n°5 de Boran,Oise,49.148938,2.358638,180.0,11.4,,lk134,Ecluse n°5 de Boran,49.1489,2.3586
match,5.0,Écluses de Ottmarsheim,Rhine,47.768645,7.526101,183.0,22.8,,lk183,Écluses de Ottmarsheim,47.7686,7.5261
match,5.0,Ecluse de Bourbourg,Canal Dunkerque–Escaut,50.948244,2.201084,38.7,5.2,,lk199,Ecluse de Bourbourg,50.9482,2.2011
match,5.0,ancienne écluse de Verdun accolée au barrage,Saône,46.897933,5.031756,185.0,12.0,,lk242,ancienne écluse de Verdun accolée au barrage,46.8979,5.0318
match,5.0,Écluses de Kembs,Rhine,47.652269,7.526051,180.0,22.9,,lk244,Écluses de Kembs,47.6523,7.5261
match,5.0,Ecluse de Pierre-Benite,Rhône,45.703357,4.84252,195.0,12.0,,lk246,Ecluse de Pierre-Benite,45.7034,4.8425
match,5.1,Ecluse de Notre Dame de la Garenne,Seine,49.166966,1.386748,141.0,12.0,,lk124,Ecluse de Notre Dame de la Garenne,49.167,1.3867
match,5.1,Ecluse de Mardyck,Canal Dunkerque–Escaut,51.025261,2.267437,114.6,12.0,,lk198,Ecluse de Mardyck,51.0253,2.2674
match,5.1,Ecluse n°1 de Notre Dame de la Garenne - 141x12m,Seine,49.166966,1.386748,141.0,12.0,,lk124,Ecluse de Notre Dame de la Garenne,49.167,1.3867
match,5.1,Ecluse n°6 de Metz,Seine (Amont),48.487236,3.419643,120.0,10.3,,lk276,Ecluse n°6 de Metz,48.4872,3.4196
match,5.1,Sluis Sint-Baafs-Vijve kolk,Leie,50.914256,3.415678,110.0,11.5,,lk304,Sluis Sint-Baafs-Vijve kolk,50.9143,3.4157
match,5.1,Sluis Sint-Baafs-Vijve kolk,Leie,50.913144,3.412521,110.0,11.5,,lk307,Sluis Sint-Baafs-Vijve kolk,50.9131,3.4125
match,5.2,Ecluse n°7 de Pontoise,Oise,49.035247,2.0962,185.0,12.0,,lk234,Ecluse n°7 de Pontoise,49.0352,2.0962
match,5.3,Ecluse de Flandres,Canal Dunkerque–Escaut,50.743358,2.294964,144.6,12.0,,lk174,Ecluse de Flandres,50.7434,2.295
match,5.3,Ecluse RD n°10 de Port-à-l'Anglais,Seine,48.798953,2.41829,180.0,16.0,,lk207,Ecluse RD n°10 de Port-à-l'Anglais,48.799,2.4183
match,5.3,Ecluse n°4 de Notre Dame de la Garenne - 185x12m,Seine,49.167647,1.387785,185.0,12.0,,lk256,Ecluse n°4 de Notre Dame de la Garenne - 185x12m,49.1676,1.3878
match,5.3,Gravensluis te Nieuwpoort,Canal Nieuwpoort–Dunkerque,51.135847,2.757186,38.5,5.1,,lk299,Gravensluis te Nieuwpoort,51.1358,2.7572
match,5.4,Ancienne écluse de Don,Canal Dunkerque–Escaut,50.550847,2.917921,38.5,5.05,,lk128,Ancienne écluse de Don,50.5508,2.9179
match,5.5,Écluses de Vogelgrun,Rhine,48.019348,7.578315,183.0,22.8,,lk120,Écluses de Vogelgrun,48.0193,7.5783
match,5.5,Ecluse de TALANGE,Moselle,49.227551,6.183095,175.28,12.0,3.15,lk150,Ecluse de TALANGE,49.2276,6.1831
match,5.5,Ecluse de Courchelettes,Canal Dunkerque–Escaut,50.342544,3.052835,143.0,11.4,,lk219,Ecluse de Courchelettes,50.3425,3.0528
match,5.5,Ancienne écluse de Trugny dite de Seurre,Saône,46.978039,5.132445,38.5,5.05,,lk240,Ancienne écluse de Trugny dite de Seurre,46.978,5.1324
match,5.6,Ecluse de APACH,Moselle,49.467449,6.368683,176.36,12.0,4.4,lk226,Ecluse de APACH,49.4674,6.3687
match,5.6,Ecluse RD n°1 de Varennes-sur-Seine,Seine (Amont),48.376159,2.915356,180.0,16.0,,lk279,Ecluse RD n°1 de Varennes-sur-Seine,48.3762,2.9154
match,5.6,Lisdorf,Saar,49.296848,6.765876,190.0,12.04,,lk293,Lisdorf,49.2968,6.7659
match,5.7,Ecluse n°1 de Venette,Oise,49.414141,2.806652,120.0,11.4,,lk211,Ecluse n°1 de Venette,49.4141,2.8067
match,5.7,Ecluse RD n°9 d'Ablon-Vigneux,Seine (Amont),48.718544,2.41774,180.0,16.0,,lk271,Ecluse RD n°9 d'Ablon-Vigneux,48.7185,2.4177
match,5.8,Ecluse de Notre Dame de la Garenne,Seine,49.16765,1.387777,185.0,12.0,,lk126,Ecluse de Notre Dame de la Garenne,49.1677,1.3878
match,5.8,Écluses de Strasbourg,Rhine,48.524755,7.79446,185.0,22.9,,lk129,Écluses de Strasbourg,48.5248,7.7945
match,5.8,Ecluse côté Seine n°2 de Champagne-sur-Seine,Seine (Amont),48.40035,2.79298,185.0,18.0,,lk281,Ecluse côté Seine n°2 de Champagne-sur-Seine,48.4004,2.793
match,5.9,écluse de Seurre,Saône,47.005555,5.14016,185.0,12.0,,lk237,écluse de Seurre,47.0056,5.1402
match,5.9,Ecluse RG n°9 d'Ablon-Vigneux,Seine (Amont),48.719556,2.415854,172.0,12.0,,lk270,Ecluse RG n°9 d'Ablon-Vigneux,48.7196,2.4159
match,6.0,Ancienne écluse de Thoissey dite de Mogneneins,Saône,46.148549,4.802466,160.0,16.0,,lk191,Ancienne écluse de Thoissey dite de Mogneneins,46.1485,4.8025
match,6.1,Ecluse du Saint-Bertin,Canal Dunkerque–Escaut,50.748647,2.270244,38.5,5.05,,lk175,Ecluse du Saint-Bertin,50.7486,2.2702
match,6.1,Ecluse n°2 de Verberie,Oise,49.32135,2.729564,120.0,11.4,,lk235,Ecluse n°2 de Verberie,49.3214,2.7296
match,6.2,Ecluse de PAGNY-SUR-MOSELLE,Moselle,48.983351,6.03094,175.4,12.0,8.65,lk225,Ecluse de PAGNY-SUR-MOSELLE,48.9834,6.0309
match,6.2,écluse d'Ecuelles,Saône,46.94325,5.075137,185.0,12.0,,lk238,écluse d'Ecuelles,46.9432,5.0751
match,6.5,Ecluse 4.1 de la Cave (185 x 18),Seine (Amont),48.482148,2.70675,185.0,18.0,,lk287,Ecluse 4.1 de la Cave (185 x 18),48.4821,2.7067
match,6.9,Sluiskolk J. Slimsluis,Netherlands waterway,53.23669,6.644907,,3.0,,w_osm_1586301973,J. Slimsluis,53.2366393,6.6448479
match,8.2,Sluiskolk Nieuwendammersluis,IJssel,52.39122,4.938388,,4.3,,w_osm_391801190,Sluis Nieuwendam,52.391148,4.9384147
match,10.2,Sluiskolk Weersluis,Amsterdam-Rijnkanaal,52.185326,5.008289,,3.5,,w_osm_1198264194,Weersluis,52.185323,5.0084382
match,13.3,Strullendorf,Main-Donau-Kanal,49.83779,10.956993,190.0,12.0,,w_osm_431045692,Schleuse Strullendorf,49.8378599,10.9571439
match,14.9,Sluiskolk Weesperpoortsluis,Amsterdam-Rijnkanaal,52.328107,5.065303,,4.2,,w_osm_8007490650,Weesperpoortsluis,52.3282404,5.0652756
match,15.0,Kolk Westzaner Overtoomsluis,Netherlands waterway,52.430636,4.783564,,2.4,,w_osm_417623803,Westzaner-Overtoomsluis,52.4307701,4.783539
match,15.5,Sluiskolk Oosterdijkshornerverlaat,Netherlands waterway,53.287001,6.704797,,4.5,,w_osm_1863987903,Oosterdijkshornerverlaat,53.2868999,6.7049576
match,17.2,Sluiskolk Kraaienestersluis,Amsterdam-Rijnkanaal,52.158947,5.019345,,5.5,,w_osm_1811670426,Kraaiennester Sluis,52.1590268,5.0195608
match,26.7,Sluis te Schipdonk kolk,Belgium waterway,51.095702,3.563892,38.5,5.1,,w_osm_8186693888,Sluis van Schipdonk,51.0954649,3.5639511
match,28.2,Sluiskolk Papenpadsluis,Netherlands waterway,52.447861,4.819667,,5.2,,w_osm_472426223,Papenpadsluis,52.4478631,4.8192509
match,28.5,,Seine (Amont),48.388055,3.032615,61.5,9.9,,lk272,Ecluse côté Seine n°13 de Marolles,48.3883,3.0325
match,29.5,Sluiskolk Zeeburgerschutsluis,IJssel,52.367425,4.95313,,,,w_osm_324802684,Zeeburgersluis,52.367421,4.9526952
match,33.9,Grote kolk Grote Sluis Spaarndam (Rijnlandsluizen),Netherlands waterway,52.412958,4.681422,,,,w_osm_727397741,Grote Sluis,52.4127114,4.6811289
match,36.0,,Saône,45.847183,4.834966,9999.0,9999.0,,lk101,écluse de Couzon,45.8473,4.8354
match,44.5,,Unknown waterway,51.537461,3.925305,86.0,10.0,,w_osm_1438259256,Goese Sas,51.537486,3.925947
match,47.6,KF㰀耀ｃ욮꩘謀〲ㄲ,Donau,47.46107,19.070004,70.0,8.2,,w_osm_3472331974,Kvassay-zsilip,47.4610453,19.069372
match,52.8,Sportbootschleuse Kelheim,Main-Donau-Kanal,48.923969,11.851295,20.0,4.0,,w_osm_2337043356,Schleuse Kelheim,48.924444,11.8513184
match,65.6,"Wipfeld, untere Kammer, Fallhöhe 4,31 m",Main,49.914559,10.183138,113.1,12.0,,w_osm_1783525870,Schleuse Wipfeld,49.9140587,10.1826531
match,73.3,Sluiskolk Nieuwe Entrepotdokschutsluis,IJssel,52.368637,4.934117,,10.0,,w_osm_1278624639,Nieuwe Entrepotdok Schutsluis,52.3679778,4.9341305
match,76.4,Sluiskolk Jan B. Bronssluis,Netherlands waterway,53.236459,6.64604,,6.0,,w_osm_1586301978,J. Slimsluis,53.2367326,6.6449867
match,81.0,Sluiskolk Arembergersluis,Netherlands waterway,52.639002,6.063835,,4.6,,w_osm_5732860832,Keersluis de Whaa,52.6382907,6.0640951
match,84.2,"Garstadt, obere Kammer",Main,49.97752,10.175167,112.25,12.0,,w_osm_1783525869,Schleuse Garstadt,49.9769662,10.1759695
match,85.9,Sluiskolk Westerkanaalschutsluis,IJssel,52.387005,4.883755,,40.0,,w_osm_5264846140,Westerkanaalschutsluis,52.386281,4.8833146
match,98.0,Kelheim,Main-Donau-Kanal,48.924274,11.850002,190.0,12.0,,w_osm_2337043356,Schleuse Kelheim,48.924444,11.8513184
match,105.5,"Garstadt, untere Kammer",Main,49.9761,10.175367,168.9,12.0,,w_osm_1783525869,Schleuse Garstadt,49.9769662,10.1759695
match,136.5,"Wipfeld, obere Kammer, Fallhöhe 4,31 m",Main,49.913279,10.184126,169.65,12.0,,w_osm_1783525870,Schleuse Wipfeld,49.9140587,10.1826531
match,146.0,Sportbootschleuse Garstadt,Main,49.978279,10.175908,12.5,2.5,,w_osm_1783525869,Schleuse Garstadt,49.9769662,10.1759695
match,158.6,Kallosluis,Belgium waterway,51.263844,4.277958,360.0,48.0,,w_osm_7238922817,Kallosluis,51.2638361,4.280237
match,161.7,Sluiskolk sluis Termunterzijldiep,Netherlands waterway,53.301622,7.036761,,8.0,,w_osm_549783781,Munterzijl Keersluis,53.3030695,7.0365353
match,178.9,Sluiskolk Keetpoortsluis,Netherlands waterway,52.327136,5.06719,,4.9,,w_osm_8007490650,Weesperpoortsluis,52.3282404,5.0652756
match,183.3,Sluiskolk Arembergersluis,Netherlands waterway,52.639912,6.063607,,4.6,,w_osm_5732860832,Keersluis de Whaa,52.6382907,6.0640951
match,197.0,Sluiskolk sluis Termunterzijldiep,Netherlands waterway,53.301298,7.0366,,8.0,,w_osm_549783781,Munterzijl Keersluis,53.3030695,7.0365353
candidate,209.1,Oude sluis Sint Baafs Vijve,Leie,50.911221,3.412631,,,,lk307,Sluis Sint-Baafs-Vijve kolk,50.9131,3.4125
candidate,223.8,Sportbootschleuse Wipfeld,Main,49.912108,10.183422,12.5,2.5,,w_osm_1783525870,Schleuse Wipfeld,49.9140587,10.1826531
candidate,269.0,Sluiskolk Oude kolksluis Spaarndam,Netherlands waterway,52.413872,4.677585,,,,w_osm_727397766,Grote Sluis,52.4124311,4.6807703
candidate,348.9,Middenkolk Groote Zeesluis Muiden,Netherlands waterway,52.330244,5.069226,,6.5,,w_osm_8007490650,Weesperpoortsluis,52.3282404,5.0652756
candidate,353.4,Oostkolk Groote Zeesluis Muiden,Netherlands waterway,52.330196,5.069376,,7.7,,w_osm_8007490650,Weesperpoortsluis,52.3282404,5.0652756
candidate,371.1,Sluiskolk sluis Driemond,Amsterdam-Rijnkanaal,52.304713,5.01887,,9.0,,w_osm_8342989943,Balkstuw in de Gein,52.3033063,5.0139199
candidate,390.6,Sluiskolk Slochtersluis,Netherlands waterway,53.236019,6.650733,,6.0,,w_osm_1586301978,J. Slimsluis,53.2367326,6.6449867
candidate,392.8,Sluiskolk Ir. De Kock van Leeuwensluis,Netherlands waterway,52.012333,4.700971,,9.0,,w_osm_519580155,Amsterdamse Verlaat,52.0106706,4.7060344
candidate,515.9,Sluiskolk Grote Kolksluis Zwartsluis,Netherlands waterway,52.639364,6.071534,,8.5,,w_osm_5732860832,Keersluis de Whaa,52.6382907,6.0640951
candidate,586.6,Sluiskolk Grote Kolksluis Zwartsluis,Netherlands waterway,52.639719,6.072464,,8.5,,w_osm_5732860832,Keersluis de Whaa,52.6382907,6.0640951
candidate,590.3,Sluiskolk Mallegatsluis Gouda,Netherlands waterway,52.006641,4.71165,,7.8,,w_osm_519580155,Amsterdamse Verlaat,52.0106706,4.7060344
candidate,642.0,Kleine sluis te Evergem,Ringvaart om Gent,51.089517,3.668544,110.0,11.5,,w_osm_549314062,Keersluis K1 te Vinderhoute,51.0862472,3.6609676
candidate,721.9,Grote sluis te Evergem kolk,Ringvaart om Gent,51.089443,3.669964,110.0,11.5,,w_osm_549314062,Keersluis K1 te Vinderhoute,51.0862472,3.6609676
candidate,976.8,Sluiskolk Groote Hondsbossche schutsluis,Netherlands waterway,52.439595,4.825071,,5.1,,w_osm_46636327,Papenpadsluis,52.4478389,4.820094
candidate,985.3,Sluiskolk Wilhelminasluis Zaandam,Netherlands waterway,52.43966,4.825686,,14.0,,w_osm_46636327,Papenpadsluis,52.4478389,4.820094
no_match,1001.8,Kolk Meppelerdiepsluis,Netherlands waterway,52.638919,6.078906,,47.5,,w_osm_5732860832,Keersluis de Whaa,52.6382907,6.0640951
no_match,1003.6,Sluiskolk Betonsluis,Netherlands waterway,52.34591,5.011078,,6.0,,w_osm_8016759303,Keersluis De Diem,52.3416039,4.9980941
no_match,1028.6,Sluiskolk Mallegatsluis (Koog aan de Zaan),Netherlands waterway,52.455694,4.811171,,5.7,,w_osm_472426223,Papenpadsluis,52.4478631,4.8192509
no_match,1094.4,Sluiskolk Nieuwe Haarlemmerschutsluis,IJssel,52.379313,4.894703,,,,w_osm_5264846140,Westerkanaalschutsluis,52.386281,4.8833146
no_match,1226.7,Sluiskolk Mijndense sluis,Amsterdam-Rijnkanaal,52.20238,5.022206,,8.0,,w_osm_9779348353,lock_nieuwersluis,52.1960985,5.0074098
no_match,1318.9,Nieuwe kolk Julianasluis,Netherlands waterway,52.0014,4.694014,,14.0,,w_osm_519580155,Amsterdamse Verlaat,52.0106706,4.7060344
no_match,1320.2,Oude kolk Julianasluis,Netherlands waterway,52.001582,4.693623,,13.0,,w_osm_519580155,Amsterdamse Verlaat,52.0106706,4.7060344
no_match,1374.8,Sluiskolk (west) sluis Heumen,Unknown waterway,51.76946,5.851392,,16.0,,w_osm_1446067370,Keersluis Cuijk,51.7571364,5.8497737
no_match,1375.5,Sluiskolk Krijgsmansluis,Netherlands waterway,52.332845,5.046488,,4.7,,w_osm_8007490650,Weesperpoortsluis,52.3282404,5.0652756
no_match,1477.1,Sluiskolk Prins Willem-Alexandersluis,IJssel,52.3799,4.960152,,24.0,,w_osm_324802684,Zeeburgersluis,52.367421,4.9526952
no_match,1552.7,Sluiskolk Sluishuissluis,Netherlands waterway,52.354685,5.006245,,,,w_osm_6069341507,Keersluis De Diem,52.3416663,4.9979788
no_match,1557.8,Sluiskolk Zeesluis Edam,Netherlands waterway,52.515946,5.06942,,9.0,,w_osm_13334873841,Dienaarssluis,52.5109954,5.0478854
no_match,1564.9,Sluiskolk Rapenburgersluis (Scharrebiersluis),IJssel,52.370116,4.911348,,8.8,,w_osm_1278624639,Nieuwe Entrepotdok Schutsluis,52.3679778,4.9341305
no_match,1573.1,Sluiskolk Zeesluis Edam,Netherlands waterway,52.515996,5.069632,,9.0,,w_osm_13334873841,Dienaarssluis,52.5109954,5.0478854
no_match,1647.6,Sluiskolk Reeuwijksverlaat,Netherlands waterway,52.022433,4.720675,,3.0,,w_osm_519580155,Amsterdamse Verlaat,52.0106706,4.7060344
no_match,1650.3,Zuidkolk Oranjesluizen,IJssel,52.381495,4.960414,,14.0,,w_osm_324802684,Zeeburgersluis,52.367421,4.9526952
no_match,1653.1,Sluiskolk Oudezijds Kolksluis,IJssel,52.375808,4.900601,,,,w_osm_5264846140,Westerkanaalschutsluis,52.386281,4.8833146
no_match,1672.1,Middenkolk Oranjesluizen,IJssel,52.381661,4.960611,,18.0,,w_osm_324802684,Zeeburgersluis,52.367421,4.9526952
no_match,1678.6,Westkolk sluis Willem I,IJssel,52.383997,4.908016,,,,w_osm_304819841,Westerkanaalschutsluis,52.3877802,4.8840722
no_match,1685.3,Oostkolk sluis Willem I,IJssel,52.383797,4.908031,,5.3,,w_osm_304819841,Westerkanaalschutsluis,52.3877802,4.8840722
no_match,1693.5,Noordkolk Oranjesluizen,IJssel,52.381822,4.960813,,14.0,,w_osm_324802684,Zeeburgersluis,52.367421,4.9526952
no_match,1767.2,Sluiskolk Waaiersluis,Netherlands waterway,52.008978,4.731707,,6.0,,w_osm_519580155,Amsterdamse Verlaat,52.0106706,4.7060344
no_match,1806.7,Sluiskolk sluis Breukelen,Amsterdam-Rijnkanaal,52.17103,4.995838,,3.9,,w_osm_1198264194,Weersluis,52.185323,5.0084382
no_match,1824.2,Sluiskolk Nijlpaardsluis,Netherlands waterway,52.357298,4.989829,,6.0,,w_osm_6069341507,Keersluis De Diem,52.3416663,4.9979788
no_match,1897.7,Kolk Hanenpadsluis,Netherlands waterway,52.433079,4.834148,,4.8,,w_osm_46636327,Papenpadsluis,52.4478389,4.820094
no_match,2007.2,Sluiskolk sluis Weesp,Amsterdam-Rijnkanaal,52.308903,5.041988,,8.0,,w_osm_8342989943,Balkstuw in de Gein,52.3033063,5.0139199
no_match,2135.0,Sluiskolk Sluis naar Steigereiland,Netherlands waterway,52.364612,4.983802,,,,w_osm_324802684,Zeeburgersluis,52.367421,4.9526952
no_match,2268.1,Sluiskolk Schermersluis,Netherlands waterway,52.440149,4.753828,,5.7,,w_osm_417623803,Westzaner-Overtoomsluis,52.4307701,4.783539
no_match,2554.6,Kieldrechtsluis,Belgium waterway,51.2789,4.247599,500.0,68.0,,w_osm_256413832,Kallosluis,51.2638225,4.2753066
no_match,2587.4,Sluiskolk Proostdijersluis,Amsterdam-Rijnkanaal,52.254582,4.950911,,5.2,,w_osm_2102842635,"Abcoude, Keersluis",52.2750547,4.9689825
no_match,2589.9,Sluiskolk sluis Lalleweer,Netherlands waterway,53.297262,6.998793,,6.5,,w_osm_549783781,Munterzijl Keersluis,53.3030695,7.0365353
no_match,2590.3,,Unknown waterway,53.297268,6.998784,25.0,6.5,,w_osm_549783781,Munterzijl Keersluis,53.3030695,7.0365353
no_match,2677.2,Schleuse Nr. 4,Main-Donau-Kanal,48.926534,11.814812,32.4,4.5,,w_osm_2337043356,Schleuse Kelheim,48.924444,11.8513184
no_match,3061.6,Sluis 9 te Kortrijk,Kanaal Bossuit-Kortrijk,50.83083,3.286621,38.5,5.1,,lk302,Stuwsluis te Harelbeke kolk,50.8554,3.3063
no_match,3219.6,Sluis 10 te Kortrijk,Kanaal Bossuit-Kortrijk,50.832906,3.277426,38.5,5.1,,lk302,Stuwsluis te Harelbeke kolk,50.8554,3.3063
no_match,3223.1,Sluiskolk sluis Nigtevecht,Amsterdam-Rijnkanaal,52.274833,5.022794,,24.0,,w_osm_8342989943,Balkstuw in de Gein,52.3033063,5.0139199
no_match,3406.2,Sluis 11 te Kortrijk,Kanaal Bossuit-Kortrijk,50.834556,3.27075,38.5,5.1,,lk302,Stuwsluis te Harelbeke kolk,50.8554,3.3063
no_match,3472.0,,Netherlands waterway,53.225225,6.596295,,,,w_osm_1586301973,J. Slimsluis,53.2366393,6.6448479
no_match,3595.9,Sluiskolk Weelsluis,Netherlands waterway,52.460795,4.763829,,4.3,,w_osm_417623803,Westzaner-Overtoomsluis,52.4307701,4.783539
no_match,3606.8,Sluiskolk Demmerikse sluis,Amsterdam-Rijnkanaal,52.220537,4.972605,,6.5,,w_osm_9779348353,lock_nieuwersluis,52.1960985,5.0074098
no_match,3611.0,Sluiskolk Joustersluis,Netherlands waterway,52.978565,5.765059,,,,w_osm_844169784,Sluis Goingarijp,53.0109771,5.7683904
no_match,3634.2,Sluiskolk Oostersluis,Netherlands waterway,53.226821,6.592768,,16.0,,w_osm_1586301973,J. Slimsluis,53.2366393,6.6448479
no_match,3688.0,Zuidkolk Terhornstersluis,Netherlands waterway,53.044143,5.767863,,16.0,,w_osm_844169784,Sluis Goingarijp,53.0109771,5.7683904
no_match,3693.9,Sluiskolk Vrouwenverdrietsluis,Netherlands waterway,52.461465,4.762697,,4.1,,w_osm_417623803,Westzaner-Overtoomsluis,52.4307701,4.783539
no_match,3710.1,Noordkolk Terhornstersluis,Netherlands waterway,53.04434,5.767658,,16.0,,w_osm_844169784,Sluis Goingarijp,53.0109771,5.7683904
no_match,3735.8,Sluiskolk Beukerssluis,Netherlands waterway,52.663681,6.100361,,8.0,,w_osm_5732860832,Keersluis de Whaa,52.6382907,6.0640951
no_match,3738.1,Van Cauwelaertsluis,Belgium waterway,51.275862,4.330791,270.0,35.0,,w_osm_256413836,Kallosluis,51.2638371,4.2806146
no_match,3954.5,Boudewijnsluis,Belgium waterway,51.277704,4.332959,360.0,45.0,,w_osm_256413836,Kallosluis,51.2638371,4.2806146
no_match,4063.3,sluiskolk Robbengatsluis,Unknown waterway,53.408341,6.196571,74.6,9.1,,w_osm_312041438,Esonslûs,53.3778499,6.1627977
no_match,4117.2,Sluis 8 te Zwevegem,Kanaal Bossuit-Kortrijk,50.825281,3.340406,,,,lk302,Stuwsluis te Harelbeke kolk,50.8554,3.3063
no_match,4157.6,Sluis 8 te Zwevegem,Kanaal Bossuit-Kortrijk,50.825041,3.340862,,,,lk302,Stuwsluis te Harelbeke kolk,50.8554,3.3063
no_match,4213.0,Sluiskolk Vechtsluis,Amsterdam-Rijnkanaal,52.127582,5.054004,,6.5,,w_osm_1811670426,Kraaiennester Sluis,52.1590268,5.0195608
no_match,4257.5,Zandkreeksluis,Unknown waterway,51.543937,3.863943,121.0,20.0,,w_osm_2411317782,Goese Sas,51.5374374,3.924611
no_match,4290.8,Sluiskolk Zanderijsluis,Amsterdam-Rijnkanaal,52.279608,5.063709,,8.0,,w_osm_8342989943,Balkstuw in de Gein,52.3033063,5.0139199
no_match,4324.3,Oostkolk sluis Weurt,Waal,51.853662,5.822807,,16.0,,w_osm_734083208,Waardse Sluis,51.8514327,5.8856638
no_match,4324.3,,Waal,51.853661,5.822807,,,,w_osm_734083208,Waardse Sluis,51.8514327,5.8856638
no_match,4340.3,Sluiskolk Tersoalstersyl (Schutsluis),Netherlands waterway,53.05001,5.76798,,4.5,,w_osm_844169784,Sluis Goingarijp,53.0109771,5.7683904
no_match,4415.2,Westkolk sluis Weurt,Waal,51.853432,5.821462,,16.0,,w_osm_734083208,Waardse Sluis,51.8514327,5.8856638
no_match,4499.1,Sluiskolk Beijumersluis,Netherlands waterway,53.250272,6.581187,,6.0,,w_osm_1586301973,J. Slimsluis,53.2366393,6.6448479
no_match,4521.9,Nieuwe sluis te Zwevegem,Kanaal Bossuit-Kortrijk,50.823055,3.345331,110.0,11.5,,lk302,Stuwsluis te Harelbeke kolk,50.8554,3.3063
no_match,4523.2,,Seine (Amont),48.374415,2.854219,180.0,12.0,,lk279,Ecluse RD n°1 de Varennes-sur-Seine,48.3762,2.9154
no_match,5067.3,Sluiskolk Snellesluis,Netherlands waterway,51.977742,4.654872,,5.5,,w_osm_519580155,Amsterdamse Verlaat,52.0106706,4.7060344
no_match,5105.2,Dammepoortsluis,Kanaal Gent-Oostende,51.221384,3.23398,86.0,10.2,,w_osm_8204972135,Slekkeput,51.2543957,3.2849443
no_match,5172.1,Oude Dampoortsluis,Kanaal Gent-Oostende,51.221438,3.232519,,,,w_osm_8204972135,Slekkeput,51.2543957,3.2849443
no_match,5335.9,Sluiskolk Grafelijkheidssluis,Netherlands waterway,52.463639,5.034301,,6.1,,w_osm_4351250220,Dienaarssluis,52.5109036,5.0479217
no_match,5349.5,Demeysluis,Belgium waterway,51.22542,2.931233,124.0,17.4,,lk301,Plassendalesluis te Oudenburg,51.2093,3.0036
no_match,5352.7,Sluiskolk Kloosterdijksluis,Netherlands waterway,52.46374,5.032096,,6.0,,w_osm_4351250220,Dienaarssluis,52.5109036,5.0479217
no_match,5408.2,Demeysluis,Belgium waterway,51.225932,2.930632,124.0,17.4,,lk301,Plassendalesluis te Oudenburg,51.2093,3.0036
no_match,5457.5,,Netherlands waterway,52.496825,5.427405,,,,w_osm_5981321520,Lage Knarsluis,52.4479697,5.4351066
no_match,5623.5,Sluiskolk sluis 't Hemeltje,Amsterdam-Rijnkanaal,52.243416,5.047813,,,,w_osm_1225231973,Zuidersluis,52.2214262,5.1221729
no_match,5725.3,Sluiskolk sluis Hasselt,Netherlands waterway,52.589657,6.09194,,11.0,,w_osm_5732860832,Keersluis de Whaa,52.6382907,6.0640951
no_match,5830.4,Bamberg,Main-Donau-Kanal,49.879818,10.908366,190.0,12.0,,w_osm_431045692,Schleuse Strullendorf,49.8378599,10.9571439
no_match,5976.9,Visserijsluis,Belgium waterway,51.234831,2.928076,80.0,15.0,,lk301,Plassendalesluis te Oudenburg,51.2093,3.0036
no_match,6010.0,Mercatorsluis,Belgium waterway,51.230183,2.924007,55.0,12.0,,lk301,Plassendalesluis te Oudenburg,51.2093,3.0036
no_match,6101.1,,Unknown waterway,51.448048,4.229939,,,,w_osm_11240813382,Bathse Spuisluis,51.393254,4.2345188
no_match,6108.1,,Unknown waterway,51.448145,4.231139,,,,w_osm_11240813382,Bathse Spuisluis,51.393254,4.2345188
no_match,6194.5,Sluiskolk Noordersluis Lelystad,Netherlands waterway,52.502865,5.419533,,8.5,,w_osm_5981321520,Lage Knarsluis,52.4479697,5.4351066
no_match,6233.2,Sluiskolk Noordersluis Lelystad,Netherlands waterway,52.503161,5.419,,8.5,,w_osm_5981321520,Lage Knarsluis,52.4479697,5.4351066
no_match,6309.1,Sluiskolk Nije Griendykstersyl (Schutsluis),Netherlands waterway,53.043433,5.691009,,4.5,,w_osm_844169784,Sluis Goingarijp,53.0109771,5.7683904
no_match,6317.6,Zandvlietsluis,Belgium waterway,51.346231,4.286131,500.0,57.0,,w_osm_11240813393,Bathse Spuisluis,51.3931092,4.2347115
no_match,6365.4,Sluiskolk Westerhavensluis Groningen,Netherlands waterway,53.213345,6.557503,,12.1,,w_osm_1586301973,J. Slimsluis,53.2366393,6.6448479
no_match,6442.9,Sluiskolk Dompsluis,Netherlands waterway,53.034737,5.680531,,4.4,,w_osm_844169784,Sluis Goingarijp,53.0109771,5.7683904
no_match,6498.9,Sportbootschleuse Volkach,Main,49.860342,10.218401,12.5,2.5,,w_osm_1783525870,Schleuse Wipfeld,49.9140587,10.1826531
no_match,6507.2,Berendrechtsluis,Belgium waterway,51.34404,4.285791,500.0,68.0,,w_osm_11240813393,Bathse Spuisluis,51.3931092,4.2347115
no_match,6676.1,Grote kolk Zeesluis Farmsum,Unknown waterway,53.320139,6.940191,174.0,16.0,,w_osm_549783781,Munterzijl Keersluis,53.3030695,7.0365353
no_match,6696.8,Kleine kolk Zeesluis Farmsum,Netherlands waterway,53.320248,6.93992,,7.0,,w_osm_549783781,Munterzijl Keersluis,53.3030695,7.0365353
no_match,6696.8,,Unknown waterway,53.320248,6.93992,,,,w_osm_549783781,Munterzijl Keersluis,53.3030695,7.0365353
no_match,7182.9,Sluiskolk sluis Roode Vaart,Hollands Diep,51.688422,4.614054,,15.5,,w_osm_7606494739,Keersluis Laaksche Vaart,51.6242831,4.6016693
no_match,7208.9,,Seine,49.056502,1.526923,141.0,12.0,,lk205,Ancienne écluse de Méricourt,49.0293,1.6167
no_match,7216.1,,Rhine,48.58969,7.793203,109.0,12.0,,lk129,Écluses de Strasbourg,48.5248,7.7945
no_match,7242.6,,Rhine,48.589932,7.793618,128.0,13.0,,lk129,Écluses de Strasbourg,48.5248,7.7945
no_match,7273.9,Schleuse Nr. 5,Main-Donau-Kanal,48.939517,11.754423,31.5,2.7,,w_osm_2337043356,Schleuse Kelheim,48.924444,11.8513184
no_match,7654.1,Sluiskolk Zeesluis IJmuiden,Netherlands waterway,52.466509,4.610113,,70.0,,w_osm_727397723,Grote Sluis,52.4135246,4.682198
no_match,7753.9,Sluiskolk sluis Grave,Maas,51.768947,5.738732,,16.0,,w_osm_1446067370,Keersluis Cuijk,51.7571364,5.8497737
no_match,7796.9,Sluiskolk Noordersluis IJmuiden,Netherlands waterway,52.467497,4.608766,,47.3,,w_osm_727397723,Grote Sluis,52.4135246,4.682198
no_match,7880.1,Sluiskolk Eilandensluis,Netherlands waterway,53.238227,6.526469,,4.0,,w_osm_1586301973,J. Slimsluis,53.2366393,6.6448479
no_match,7939.8,"Schweinfurt, untere Kammer",Main,50.039107,10.230697,169.7,12.0,,w_osm_1783525869,Schleuse Garstadt,49.9769662,10.1759695
no_match,7998.7,Sportbootschleuse Schweinfurt,Main,50.040167,10.229424,12.5,2.5,,w_osm_1783525869,Schleuse Garstadt,49.9769662,10.1759695
no_match,8082.7,"Schweinfurt, obere Kammer",Main,50.039928,10.232493,113.5,12.0,,w_osm_1783525869,Schleuse Garstadt,49.9769662,10.1759695
no_match,8106.8,Sluiskolk Middensluis IJmuiden,Netherlands waterway,52.465858,4.598931,,25.0,,w_osm_727397723,Grote Sluis,52.4135246,4.682198
no_match,8163.5,ecluse de Commune d'Avignon,Rhône,43.97729,4.816478,,,,lk007,Avignon Lock (Écluse des Sorgues),44.033,4.75
no_match,8228.4,Sluiskolk Roggenkampsluis,Netherlands waterway,53.321443,6.916556,,5.8,,w_osm_549783781,Munterzijl Keersluis,53.3030695,7.0365353
no_match,8255.7,Sluiskolk Kleiwerdersluis,Netherlands waterway,53.245868,6.521746,,4.0,,w_osm_1586301973,J. Slimsluis,53.2366393,6.6448479
no_match,8321.7,Kleine kolk Zuidersluis IJmuiden,Netherlands waterway,52.463971,4.591515,,,,w_osm_727397723,Grote Sluis,52.4135246,4.682198
no_match,8338.0,Grote kolk Zuidersluis IJmuiden,Netherlands waterway,52.464169,4.591485,,18.0,,w_osm_727397723,Grote Sluis,52.4135246,4.682198
no_match,8857.6,Royerssluis,Belgium waterway,51.241335,4.402704,180.0,22.0,,w_osm_256413836,Kallosluis,51.2638371,4.2806146
no_match,8861.0,Oostkolk Houtribsluizen,Netherlands waterway,52.527658,5.434715,,17.5,,w_osm_5981321520,Lage Knarsluis,52.4479697,5.4351066
no_match,8864.1,Westkolk Houtribsluizen,Netherlands waterway,52.527684,5.434078,,17.5,,w_osm_5981321520,Lage Knarsluis,52.4479697,5.4351066
no_match,8947.7,Schleuse Grevenmacher,Mosel,49.673163,6.438243,170.0,12.0,,lk294,Kanzem,49.6589,6.5606
no_match,8951.1,Sportbootschleuse Grevenmacher,Mosel,49.672908,6.438125,18.0,33.0,,lk294,Kanzem,49.6589,6.5606
no_match,8969.6,Sluiskolk Marksluis,Netherlands waterway,51.648116,4.831946,,13.8,,w_osm_2567902299,Keersluis Schipdiep,51.7126759,4.9099437
no_match,8995.9, ,Mosel,49.729219,6.622444,170.0,12.0,,lk294,Kanzem,49.6589,6.5606
no_match,9011.4,Sluiskolk Muntsluis,Amsterdam-Rijnkanaal,52.090272,5.089439,,25.0,,w_osm_1811670426,Kraaiennester Sluis,52.1590268,5.0195608
no_match,9071.2,Sluiskolk sluis I,Netherlands waterway,51.643703,4.839686,,13.8,,w_osm_2567902299,Keersluis Schipdiep,51.7126759,4.9099437
no_match,9192.5,,Belgium waterway,51.235159,4.404488,,24.0,,w_osm_256413836,Kallosluis,51.2638371,4.2806146
no_match,9229.3,Olen duwvaartsas,Albertkanaal,51.158627,4.860624,135.0,15.0,,w_osm_2619086109,Trammetje,51.0848209,4.9211216
no_match,9267.2,Sluiskolk Dorkwerdersluis,Netherlands waterway,53.256092,6.509415,,12.5,,w_osm_1586301973,J. Slimsluis,53.2366393,6.6448479
no_match,9294.5,Olen middensas,Albertkanaal,51.159242,4.860488,135.0,15.0,,w_osm_2619086109,Trammetje,51.0848209,4.9211216
no_match,9314.7,Olen noordersas,Albertkanaal,51.159505,4.860672,135.0,15.0,,w_osm_2619086109,Trammetje,51.0848209,4.9211216
no_match,9397.5,Sluiskolk Weerdsluis,Amsterdam-Rijnkanaal,52.097827,5.114504,,18.0,,w_osm_1811670426,Kraaiennester Sluis,52.1590268,5.0195608
no_match,9561.1,Sluiskolk Groevesluis Zuid,Netherlands waterway,53.303709,6.846044,,6.0,,w_osm_1863987903,Oosterdijkshornerverlaat,53.2868999,6.7049576
no_match,9644.4,Sluiskolk Gaarkeukensluis,Netherlands waterway,53.248891,6.311343,,16.0,,w_osm_2178236830,Friesche Sluis,53.3349692,6.2935284
no_match,9681.8,Pierre Vandammesluis,Belgium waterway,51.331261,3.219537,500.0,57.0,,w_osm_8204972135,Slekkeput,51.2543957,3.2849443
no_match,9726.0,Sluiskolk Groevesluis Noord,Netherlands waterway,53.306745,6.847489,,8.6,,w_osm_1863987903,Oosterdijkshornerverlaat,53.2868999,6.7049576
no_match,9741.0,,Unknown waterway,51.329368,3.818998,,55.0,,w_osm_3856301395,Uitwateringssluis Nol Zeven,51.3656343,3.6913262
no_match,9871.7,Sluis E3 te Merelbeke kolk,Ringvaart om Gent,51.012641,3.739924,55.0,7.3,,w_osm_549314062,Keersluis K1 te Vinderhoute,51.0862472,3.6609676
no_match,9894.4,Sluis te Moen,Kanaal Bossuit-Kortrijk,50.77952,3.379864,110.0,11.5,,lk302,Stuwsluis te Harelbeke kolk,50.8554,3.3063
no_match,10023.1,Pierre Vandammesluis,Belgium waterway,51.333956,3.217184,500.0,57.0,,w_osm_8204972135,Slekkeput,51.2543957,3.2849443
no_match,10131.0,Sluiskolk Biesboschsluis,Netherlands waterway,51.804314,4.876592,,6.8,,w_osm_4693899017,Suatiesluis,51.7156423,4.9104224
no_match,10136.1,,Belgium waterway,51.327696,3.198291,165.0,19.7,,w_osm_8204972135,Slekkeput,51.2543957,3.2849443
no_match,10138.8,Sluiskolk sluis Waalwijk,Beneden-Merwede,51.707106,5.056974,,8.6,,w_osm_7598614427,Keersluis Schipdiep,51.7126482,4.9100958
no_match,10163.7,Sluiskolk Biesboschsluis,Netherlands waterway,51.804615,4.876583,,6.8,,w_osm_4693899017,Suatiesluis,51.7156423,4.9104224
no_match,10400.2,Sluiskolk Dillesluis (Schutsluiskolk),Netherlands waterway,53.102862,5.73932,,4.5,,w_osm_844169784,Sluis Goingarijp,53.0109771,5.7683904
no_match,10439.7,Sluiskolk Beatrixsluis,Netherlands waterway,52.383934,5.18903,,,,w_osm_8007490650,Weesperpoortsluis,52.3282404,5.0652756
no_match,10571.9,Sluis 1 te Merelbeke,Ringvaart om Gent,51.008777,3.748637,110.0,11.5,,w_osm_549314062,Keersluis K1 te Vinderhoute,51.0862472,3.6609676
no_match,10593.4,Sluis 2 te Merelbeke,Ringvaart om Gent,51.008432,3.748395,110.0,11.5,,w_osm_549314062,Keersluis K1 te Vinderhoute,51.0862472,3.6609676
no_match,10650.3,Sluiskolk sluis Almere-Haven,Netherlands waterway,52.333432,5.22178,,4.0,,w_osm_8007490650,Weesperpoortsluis,52.3282404,5.0652756
no_match,10782.5,Hansweert Westsluis,Unknown waterway,51.455713,4.009661,280.0,24.0,,w_osm_1438259256,Goese Sas,51.537486,3.925947
no_match,10815.3,Hansweert Oostsluis,Unknown waterway,51.455756,4.010648,280.0,23.0,,w_osm_1438259256,Goese Sas,51.537486,3.925947
no_match,10928.6,Sluiskolk Spieringsluis,Netherlands waterway,51.778567,4.762349,,6.0,,w_osm_13591539515,Coupurekering Mookhoek,51.7559485,4.6077981
no_match,11004.3,Sluiskolk Larsersluis,Netherlands waterway,52.414598,5.587913,,5.0,,w_osm_5981321520,Lage Knarsluis,52.4479697,5.4351066
no_match,11006.2,"Gerlachshausen, untere Kammer",Main,49.818276,10.221374,113.3,12.0,,w_osm_1783525870,Schleuse Wipfeld,49.9140587,10.1826531
no_match,11097.9,Schleuse Palzem,Mosel,49.567165,6.364296,170.0,12.0,,lk226,Ecluse de APACH,49.4674,6.3687
no_match,11116.9,Sportbootschleuse Palzem,Mosel,49.56734,6.364524,18.0,33.0,,lk226,Ecluse de APACH,49.4674,6.3687
no_match,11161.9,"Gerlachshausen, obere Kammer",Main,49.81687,10.221616,169.75,12.0,,w_osm_1783525870,Schleuse Wipfeld,49.9140587,10.1826531
no_match,11170.3,Sluiskolk Koopvaardersschutsluis,Unknown waterway,52.946997,4.787282,86.0,16.0,,w_osm_1247569249,Zijperkeersluis,52.8480471,4.7585417
no_match,11272.2,Sluis 10 Herentals kolk,Kanaal Bocholt-Herentals,51.169377,4.832022,51.5,7.3,,w_osm_2619086109,Trammetje,51.0848209,4.9211216
no_match,11401.9,Sluiskolk Ottersluis,Netherlands waterway,51.792718,4.762495,,7.0,,w_osm_13591539515,Coupurekering Mookhoek,51.7559485,4.6077981
no_match,11858.9,Bootsgasse Bad Abbach,Donau,48.926124,12.013616,67.0,2.3,,w_osm_2337043356,Schleuse Kelheim,48.924444,11.8513184
no_match,11956.3,Sluis 9 Geel kolk,Kanaal Bocholt-Herentals,51.19016,4.955503,55.0,7.3,,w_osm_2619086109,Trammetje,51.0848209,4.9211216
no_match,12038.8,Bad Abbach,Donau,48.946675,12.01262,190.0,12.0,,w_osm_2337043356,Schleuse Kelheim,48.924444,11.8513184
no_match,12273.6,Sluiskolk Steenenhoeksche Kanaalsluis,Netherlands waterway,51.821191,4.858237,,,,w_osm_4693899017,Suatiesluis,51.7156423,4.9104224
no_match,12321.6,Sluiskolk Kromme Weteringsluis,Netherlands waterway,52.349737,5.243193,,,,w_osm_8007490650,Weesperpoortsluis,52.3282404,5.0652756
no_match,12331.1,Forchheim,Main-Donau-Kanal,49.743731,11.047964,190.0,12.0,,w_osm_431045692,Schleuse Strullendorf,49.8378599,10.9571439
no_match,12356.2,Sluis 6 - Lembeek,Zeekanaal Brussel-Schelde,50.709053,4.221918,81.3,10.3,,w_osm_146572270,Ecluse nr 25,50.5987132,4.2426826
no_match,12390.2,Bootschleuse Bad Abbach,Donau,48.944864,12.018067,20.0,4.0,,w_osm_2337043356,Schleuse Kelheim,48.924444,11.8513184
no_match,12396.3,,Unknown waterway,52.95923,4.772083,,,,w_osm_1247569249,Zijperkeersluis,52.8480471,4.7585417
no_match,12415.3,Keersluis te Beernem,Kanaal Gent-Oostende,51.143009,3.297244,,,,w_osm_8204972135,Slekkeput,51.2543957,3.2849443
no_match,12541.3,Zeedoksluis,Unknown waterway,52.960464,4.773677,42.0,20.1,,w_osm_1247569249,Zijperkeersluis,52.8480471,4.7585417
no_match,12541.3,,Unknown waterway,52.960492,4.773082,,,,w_osm_1247569249,Zijperkeersluis,52.8480471,4.7585417
no_match,12542.1,,Unknown waterway,52.960447,4.774149,,,,w_osm_1247569249,Zijperkeersluis,52.8480471,4.7585417
no_match,12672.8,Sluiskolk van sluis De Spieghel,Netherlands waterway,52.351397,5.534296,,6.4,,w_osm_5981321520,Lage Knarsluis,52.4479697,5.4351066
no_match,12736.7,Sluiskolk Ganzensluis,Netherlands waterway,52.567622,5.915667,,6.0,,w_osm_5732860832,Keersluis de Whaa,52.6382907,6.0640951
no_match,12911.0,Sluiskolk Wilhelminasluis Andel,Netherlands waterway,51.794281,5.048425,,19.0,,w_osm_4693899017,Suatiesluis,51.7156423,4.9104224
no_match,12949.4,Schleusenkammer Nord (Alt),Hochrhein,47.559004,7.629478,180.0,12.0,,lk245,Écluses de Kembs,47.6525,7.5265
no_match,12969.7,Schleusenkammer Süd (Neu),Hochrhein,47.55881,7.629545,187.5,12.0,,lk245,Écluses de Kembs,47.6525,7.5265
no_match,12983.1,Krammersluizen,Unknown waterway,51.661084,4.159573,280.0,24.0,,w_osm_3843498419,"Stavenisse, Keersluis",51.5936706,4.0060024
no_match,13028.5,Krammersluizen,Unknown waterway,51.661842,4.159513,280.0,24.0,,w_osm_3843498419,"Stavenisse, Keersluis",51.5936706,4.0060024
no_match,13110.7,"Dettelbach, untere Kammer",Main,49.796158,10.180692,167.6,12.0,,w_osm_1783525870,Schleuse Wipfeld,49.9140587,10.1826531
no_match,13112.5,Sluiskolk Peulensluis,Netherlands waterway,51.821571,4.826687,,6.3,,w_osm_4693899017,Suatiesluis,51.7156423,4.9104224
no_match,13122.7,Kwaadmechelen middensas,Albertkanaal,51.098036,5.107838,135.0,15.0,,w_osm_2619086109,Trammetje,51.0848209,4.9211216
no_match,13134.2,Kwaadmechelen noordersas,Albertkanaal,51.098314,5.107954,135.0,15.0,,w_osm_2619086109,Trammetje,51.0848209,4.9211216
no_match,13135.6,Kwaadmechelen duwvaartsas,Albertkanaal,51.09744,5.108128,135.0,15.0,,w_osm_2619086109,Trammetje,51.0848209,4.9211216
no_match,13172.1,Riedenburg,Main-Donau-Kanal,48.975568,11.688601,190.0,12.0,,w_osm_2337043356,Schleuse Kelheim,48.924444,11.8513184
no_match,13174.7,Sportbootschleuse Riedenburg,Main-Donau-Kanal,48.974745,11.687969,20.0,4.0,,w_osm_2337043356,Schleuse Kelheim,48.924444,11.8513184
no_match,13180.4,Sluiskolk Lingesluis,Netherlands waterway,51.827094,4.975644,,,,w_osm_4693899017,Suatiesluis,51.7156423,4.9104224
no_match,13188.9,"Dettelbach, obere Kammer",Main,49.795448,10.182589,114.5,12.0,,w_osm_1783525870,Schleuse Wipfeld,49.9140587,10.1826531
no_match,13227.1,Bootsschleuse Dettelbach,Main,49.795105,10.182215,2.5,2.5,,w_osm_1783525870,Schleuse Wipfeld,49.9140587,10.1826531
no_match,13286.7,Sluiskolk Grote Merwedesluis,Netherlands waterway,51.830001,4.966403,,23.6,,w_osm_4693899017,Suatiesluis,51.7156423,4.9104224
no_match,13308.4,,Unknown waterway,51.665027,4.160797,80.0,9.0,,w_osm_3843498419,"Stavenisse, Keersluis",51.5936706,4.0060024
no_match,13328.2,Kleine kolk Noordersluis Utrecht,Amsterdam-Rijnkanaal,52.052026,5.107546,,7.0,,w_osm_3501445920,Kraaiennester Sluis,52.158874,5.0191061
no_match,13337.1,Grote kolk Noordersluis Utrecht,Amsterdam-Rijnkanaal,52.052036,5.107865,,12.0,,w_osm_3501445920,Kraaiennester Sluis,52.158874,5.0191061
no_match,13349.0,Kleine kolk Noordersluis Utrecht,Amsterdam-Rijnkanaal,52.051775,5.107413,,7.0,,w_osm_3501445920,Kraaiennester Sluis,52.158874,5.0191061
no_match,13352.8,Oostkolk sluis Sambeek,Maas,51.640935,5.982533,,16.0,,w_osm_7689052836,"Mook, keersluis",51.7453193,5.8867625
no_match,13360.4,Sluiskolk Grote Merwedesluis,Netherlands waterway,51.830556,4.967139,,23.6,,w_osm_4693899017,Suatiesluis,51.7156423,4.9104224
no_match,13387.8,Middenkolk sluis Sambeek,Maas,51.640414,5.982077,,16.0,,w_osm_7689052836,"Mook, keersluis",51.7453193,5.8867625
no_match,13392.6,Sluiskolk Leeghwatersluis,Netherlands waterway,52.385486,5.238783,,,,w_osm_8007490650,Weesperpoortsluis,52.3282404,5.0652756
no_match,13403.5,Westkolk sluis Sambeek,Maas,51.640175,5.981855,,16.0,,w_osm_7689052836,"Mook, keersluis",51.7453193,5.8867625
no_match,13449.9,Sluiskolk Helsluis,Netherlands waterway,51.810599,4.782227,,7.2,,w_osm_13591539515,Coupurekering Mookhoek,51.7559485,4.6077981
no_match,13454.0,Fintelesluis,IJzer,50.957443,2.736192,38.5,5.1,,lk179,Nieuwpoortsluis te Veurne,51.0706,2.6681
no_match,13565.9,Sluiskolk Algerasluis,Netherlands waterway,51.917281,4.578627,,23.9,,w_osm_519580155,Amsterdamse Verlaat,52.0106706,4.7060344
no_match,13594.0,,Netherlands waterway,51.828262,4.833548,,,,w_osm_4693899017,Suatiesluis,51.7156423,4.9104224
no_match,13671.8,Bergsediepsluis,Unknown waterway,51.510214,4.173669,34.0,6.0,,w_osm_11240813382,Bathse Spuisluis,51.393254,4.2345188
no_match,13799.2,Sluis 8 Geel kolk,Kanaal Bocholt-Herentals,51.20198,4.986346,51.5,6.7,,w_osm_2619086109,Trammetje,51.0848209,4.9211216
no_match,13820.6,Sluiskolk Zuidersluis Nieuwegein,Amsterdam-Rijnkanaal,52.045826,5.103206,,12.0,,w_osm_3501445920,Kraaiennester Sluis,52.158874,5.0191061
no_match,13887.0,Sluis te Bossuit kolk,Bovenschelde,50.749646,3.411417,110.0,11.5,,lk302,Stuwsluis te Harelbeke kolk,50.8554,3.3063
no_match,13917.1,Sluiskolk sluis Middelharnis,Haringvliet,51.773615,4.190063,,15.0,,w_osm_8044532916,Inlaatsluis Spijkenisse,51.8617585,4.3338062
no_match,13985.3,Sluiskolk sluis Driel,Netherlands waterway,51.967017,5.80528,,18.0,,w_osm_734083208,Waardse Sluis,51.8514327,5.8856638
no_match,14070.5,Sluiskolk sluis II Tilburg,Netherlands waterway,51.596708,4.99181,,16.0,,w_osm_7598614427,Keersluis Schipdiep,51.7126482,4.9100958
no_match,14172.7,Sluiskolk Blaricumse sluis,Netherlands waterway,52.296714,5.290197,,6.0,,w_osm_1225231973,Zuidersluis,52.2214262,5.1221729
no_match,14236.8,Sluiskolk Algemene Begraafplaatssluis,Netherlands waterway,51.837293,4.974951,,25.0,,w_osm_4693899017,Suatiesluis,51.7156423,4.9104224
no_match,14288.4,Sluiskolk Scheeresluis,Netherlands waterway,52.531038,5.947615,,10.2,,w_osm_5732860832,Keersluis de Whaa,52.6382907,6.0640951
no_match,14330.3,Sluiskolk Vaartsluis,Netherlands waterway,52.406826,5.23256,,8.2,,w_osm_8007490650,Weesperpoortsluis,52.3282404,5.0652756
no_match,14363.2,Sluiskolk Spooldersluis,Netherlands waterway,52.509269,6.05387,,14.0,,w_osm_5732860832,Keersluis de Whaa,52.6382907,6.0640951
no_match,14389.0,Sluiskolk Hellevoetsluis,Haringvliet,51.823241,4.13385,,25.0,,w_osm_8044532916,Inlaatsluis Spijkenisse,51.8617585,4.3338062
no_match,14573.2,Sluiskolk Riensluis,Netherlands waterway,52.843022,5.715066,,9.0,,w_osm_3792642381,Linthorst Homansluis,52.8356447,5.9316903
no_match,14579.2,Sluiskolk Zuidersluis Almere,Netherlands waterway,52.417475,5.222622,,8.2,,w_osm_8007490650,Weesperpoortsluis,52.3282404,5.0652756
no_match,14647.3,Sluiskolk Friese sluis Lemmer,Netherlands waterway,52.837792,5.713661,,6.7,,w_osm_3792642381,Linthorst Homansluis,52.8356447,5.9316903
no_match,14871.5,Sluiskolk Lemstersluis,Netherlands waterway,52.842634,5.710584,,8.0,,w_osm_3792642381,Linthorst Homansluis,52.8356447,5.9316903
no_match,14875.9,Sluis te Kerkhove kolk,Bovenschelde,50.789635,3.494103,110.0,11.5,,lk307,Sluis Sint-Baafs-Vijve kolk,50.9131,3.4125
no_match,14878.5,Sluiskolk Lemstersluis,Netherlands waterway,52.842347,5.710456,,8.0,,w_osm_3792642381,Linthorst Homansluis,52.8356447,5.9316903
no_match,14899.7,Sluiskolk sluis De Blauwe Dromer,Netherlands waterway,52.370642,5.614499,,5.0,,w_osm_5981321520,Lage Knarsluis,52.4479697,5.4351066
no_match,14921.9,Sluiskolk Doorslagsluis,Amsterdam-Rijnkanaal,52.032036,5.090443,,11.2,,w_osm_3501445920,Kraaiennester Sluis,52.158874,5.0191061
no_match,15103.7,Oostkolk Volkeraksluizen,Hollands Diep,51.689985,4.410034,,24.1,,w_osm_7606494739,Keersluis Laaksche Vaart,51.6242831,4.6016693
no_match,15172.2,Middenkolk Volkeraksluizen,Hollands Diep,51.690479,4.40934,,24.1,,w_osm_7606494739,Keersluis Laaksche Vaart,51.6242831,4.6016693
no_match,15220.7,Sportbootschleuse Ottendorf,Main,50.016632,10.379771,12.5,2.5,,w_osm_1783525869,Schleuse Garstadt,49.9769662,10.1759695
no_match,15243.3,Westkolk Volkeraksluizen,Hollands Diep,51.690993,4.40862,,24.0,,w_osm_7606494739,Keersluis Laaksche Vaart,51.6242831,4.6016693
no_match,15243.3,Volkeraksluis,Unknown waterway,51.690993,4.408619,308.0,24.0,,w_osm_7606494739,Keersluis Laaksche Vaart,51.6242831,4.6016693
no_match,15398.1,"Kostheim, rechte obere Kammer",Main,49.999218,8.335998,111.64,15.05,,w_osm_82732302,Pumpwerk Wächterstadt,49.8632878,8.3770807
no_match,15406.5,"Kostheim, linke Kammer",Main,49.99909,8.334395,339.02,12.0,,w_osm_82732302,Pumpwerk Wächterstadt,49.8632878,8.3770807
no_match,15436.7,,Netherlands waterway,52.49952,6.057653,,,,w_osm_5732860832,Keersluis de Whaa,52.6382907,6.0640951
no_match,15467.6,"Kostheim, rechte untere Kammer",Main,49.999542,8.333568,214.57,15.05,,w_osm_82732302,Pumpwerk Wächterstadt,49.8632878,8.3770807
no_match,15480.5,Sluiskolk Noordersluis de Veenhoop (Schutsluis),Netherlands waterway,53.098732,5.948208,,5.5,,w_osm_844169784,Sluis Goingarijp,53.0109771,5.7683904
no_match,15493.5,Sportbootschleuse Kostheim,Main,49.999837,8.334,22.3,3.5,,w_osm_82732302,Pumpwerk Wächterstadt,49.8632878,8.3770807
no_match,15520.6,Sluis 7 - Halle,Zeekanaal Brussel-Schelde,50.738292,4.241606,81.3,10.3,,w_osm_146572270,Ecluse nr 25,50.5987132,4.2426826
no_match,15574.5,Stuwsluis Spiere kolk,Bovenschelde,50.720529,3.366076,110.0,11.5,,lk302,Stuwsluis te Harelbeke kolk,50.8554,3.3063
no_match,15594.8,sluis 10 Schoten,Kanaal Dessel-Turnhout-Schoten,51.241265,4.501771,51.5,6.7,,w_osm_256413836,Kallosluis,51.2638371,4.2806146
no_match,15608.9,Viereth,Main,49.923829,10.784932,289.8,12.0,,w_osm_431045692,Schleuse Strullendorf,49.8378599,10.9571439
no_match,15719.9,Manderssluis,Unknown waterway,51.652472,4.378452,12.0,,,w_osm_7606494739,Keersluis Laaksche Vaart,51.6242831,4.6016693
no_match,15776.8,sluis 9Schoten,Kanaal Dessel-Turnhout-Schoten,51.250298,4.506295,51.5,6.7,,w_osm_256413836,Kallosluis,51.2638371,4.2806146
no_match,15818.4,Sluiskolk Jachtensluis Volkeraksluizen,Hollands Diep,51.694021,4.401042,,16.0,,w_osm_13591539515,Coupurekering Mookhoek,51.7559485,4.6077981
no_match,15819.4,,Unknown waterway,51.694013,4.401033,142.0,16.1,,w_osm_13591539515,Coupurekering Mookhoek,51.7559485,4.6077981
no_match,15918.0,Sluis te Oudenaarde kolk,Bovenschelde,50.850455,3.618784,110.0,11.5,,lk304,Sluis Sint-Baafs-Vijve kolk,50.9143,3.4157
no_match,16338.2,Sluis 7 Geel kolk,Kanaal Bocholt-Herentals,51.211613,5.039484,51.5,6.7,,w_osm_2619086109,Trammetje,51.0848209,4.9211216
no_match,16349.6,Nieuwe zeesluis Wintam,Zeekanaal Brussel-Schelde,51.117439,4.302431,180.0,2524.0,,w_osm_256413836,Kallosluis,51.2638371,4.2806146
no_match,16574.6,sluis 8 Schoten,Kanaal Dessel-Turnhout-Schoten,51.270498,4.518608,51.5,6.7,,w_osm_256413836,Kallosluis,51.2638371,4.2806146
no_match,16804.6,Noordkolk sluis III Tilburg,Netherlands waterway,51.58224,5.033182,,16.0,,w_osm_7598614427,Keersluis Schipdiep,51.7126482,4.9100958
no_match,16831.6,Noordkolk sluis III Tilburg,Netherlands waterway,51.582149,5.033707,,16.0,,w_osm_7598614427,Keersluis Schipdiep,51.7126482,4.9100958
no_match,16859.4,,Netherlands waterway,51.582058,5.03425,,,,w_osm_7598614427,Keersluis Schipdiep,51.7126482,4.9100958
no_match,16879.2,,Unknown waterway,51.676927,4.210509,,,,w_osm_3843498419,"Stavenisse, Keersluis",51.5936706,4.0060024
no_match,16880.8,,Netherlands waterway,51.582031,5.034787,,,,w_osm_7598614427,Keersluis Schipdiep,51.7126482,4.9100958
no_match,16886.9,Zuidkolk sluis III Tilburg,Netherlands waterway,51.581774,5.034258,,10.5,,w_osm_7598614427,Keersluis Schipdiep,51.7126482,4.9100958
no_match,17129.9,Sluis Boezinge Sas,Belgium waterway,50.893247,2.867079,38.5,5.1,,lk103,Ecluse de Comines,50.7606,2.9911
no_match,17231.9,Westkolk Prinses Beatrixsluizen,Lek,52.014168,5.109365,,18.0,,w_osm_3501445920,Kraaiennester Sluis,52.158874,5.0191061
no_match,17235.1,Sluiskolk Prinses Margrietsluis,Netherlands waterway,52.851397,5.676396,,16.0,,w_osm_3792642381,Linthorst Homansluis,52.8356447,5.9316903
no_match,17248.9,Middenkolk Prinses Beatrixsluizen,Lek,52.014097,5.109757,,18.0,,w_osm_3501445920,Kraaiennester Sluis,52.158874,5.0191061
no_match,17343.0,Oostkolk Prinses Beatrixsluizen,Lek,52.013383,5.11057,,25.0,,w_osm_3501445920,Kraaiennester Sluis,52.158874,5.0191061
no_match,17588.6,Sluiskolk Blokhuissluis,Netherlands waterway,52.528592,5.876542,,,,w_osm_5732860832,Keersluis de Whaa,52.6382907,6.0640951
no_match,17595.4,,Unknown waterway,51.625147,4.255717,,,,w_osm_3843498419,"Stavenisse, Keersluis",51.5936706,4.0060024
no_match,17599.0,Sluis te Asper kolk,Bovenschelde,50.916852,3.666707,110.0,11.5,,lk304,Sluis Sint-Baafs-Vijve kolk,50.9143,3.4157
no_match,17664.9,Schleuse Brienen,Rhine,51.82689,6.139693,67.0,8.2,,w_osm_734083208,Waardse Sluis,51.8514327,5.8856638
no_match,17684.6,Sluiskolk Koninginnensluis,Lek,52.006451,5.092987,,24.0,,w_osm_3501445920,Kraaiennester Sluis,52.158874,5.0191061
no_match,17780.7,Grote Sluis - kolk 2,Unknown waterway,51.541365,3.667596,135.0,19.3,,w_osm_2411317782,Goese Sas,51.5374374,3.924611
no_match,17806.8,Kleine Sluis - kolk 1,Unknown waterway,51.541679,3.66723,59.4,7.4,,w_osm_2411317782,Goese Sas,51.5374374,3.924611
no_match,17922.5,Hausen,Main-Donau-Kanal,49.685361,11.037929,190.0,12.0,,w_osm_431045692,Schleuse Strullendorf,49.8378599,10.9571439
no_match,18255.4,sluis 7 Schoten,Kanaal Dessel-Turnhout-Schoten,51.287524,4.540307,5551.5,6.7,,w_osm_256413836,Kallosluis,51.2638371,4.2806146
no_match,18260.4,Wijnegem duwvaartsas,Albertkanaal,51.226855,4.536214,135.0,15.0,,w_osm_256413836,Kallosluis,51.2638371,4.2806146
no_match,18261.0,"Freudenau, rechte Kammer",Donau,48.176299,16.477916,275.0,24.0,,w_osm_11346584951,Teichschleuse,48.0547616,16.3124842
no_match,18295.9,"Freudenau, linke Kammer",Donau,48.176515,16.478259,275.0,24.0,,w_osm_11346584951,Teichschleuse,48.0547616,16.3124842
no_match,18408.3,Sluis 6 Mol kolk,Kanaal Bocholt-Herentals,51.218433,5.076953,51.5,6.7,,w_osm_2619086109,Trammetje,51.0848209,4.9211216
no_match,18412.3,Wijnegem middensas,Albertkanaal,51.226597,4.538357,135.0,15.0,,w_osm_256413836,Kallosluis,51.2638371,4.2806146
no_match,18417.6,Wijnegem noordersas,Albertkanaal,51.226778,4.538503,135.0,15.0,,w_osm_256413836,Kallosluis,51.2638371,4.2806146
no_match,18742.5,Sluis 8 - Lot,Zeekanaal Brussel-Schelde,50.76639,4.269814,81.3,10.3,,w_osm_146572270,Ecluse nr 25,50.5987132,4.2426826
no_match,18876.3,Roompotsluis,Unknown waterway,51.618567,3.684659,95.0,16.0,,w_osm_2411317782,Goese Sas,51.5374374,3.924611
no_match,18892.3,Schleuse Augst,Hochrhein,47.537005,7.711281,,,,lk245,Écluses de Kembs,47.6525,7.5265
no_match,18995.6,sluis 6 Schoten,Kanaal Dessel-Turnhout-Schoten,51.294041,4.549412,51.5,6.7,,w_osm_256413836,Kallosluis,51.2638371,4.2806146
no_match,19024.9,Sluiskolk Grote sluis Vianen,Lek,51.994701,5.097488,,23.6,,w_osm_3501445920,Kraaiennester Sluis,52.158874,5.0191061
no_match,19053.6,Schleuse Koblenz,Mosel,50.367418,7.583558,170.0,12.0,,w_osm_435099495,Schleuse Hollerich,50.3047432,7.8334156
no_match,19077.5,Bootsschleuse Koblenz,Mosel,50.366995,7.582939,18.0,32.0,,w_osm_435099495,Schleuse Hollerich,50.3047432,7.8334156
no_match,19270.0,Sluiskolk Reevesluis,Netherlands waterway,52.51881,5.857525,,10.7,,w_osm_5732860832,Keersluis de Whaa,52.6382907,6.0640951
no_match,19284.3,Sluiskolk Overlekersluis,Netherlands waterway,52.769115,5.094807,,7.0,,w_osm_1200439889,Hornsluis,52.6018347,5.0193103
no_match,19350.4,Sluis Boezinge Sas,Belgium waterway,50.910031,2.849882,38.5,5.1,,lk103,Ecluse de Comines,50.7606,2.9911
no_match,19416.7,Sluiskolk Westerhavensluis Medemblik,Netherlands waterway,52.768933,5.102934,,7.0,,w_osm_1200439889,Hornsluis,52.6018347,5.0193103
no_match,19734.8,Nr. 12,Main-Donau-Kanal,49.01183,11.616009,33.5,4.4,,w_osm_2337043356,Schleuse Kelheim,48.924444,11.8513184
no_match,19749.0,sluis 5 St.-Job-in't-Goor,Kanaal Dessel-Turnhout-Schoten,51.298024,4.559248,51.5,6.7,,w_osm_256413836,Kallosluis,51.2638371,4.2806146
no_match,20009.4,Bootschleuse Regensburg,Donau,49.027443,12.076123,20.0,4.0,,w_osm_2337043356,Schleuse Kelheim,48.924444,11.8513184
no_match,20034.3,Sluiskolk sluis Hagestein,Lek,51.993068,5.133816,,18.0,,w_osm_3501445920,Kraaiennester Sluis,52.158874,5.0191061
no_match,20149.6,Sluiskolk sluis Hagestein,Lek,51.9922,5.134805,,18.0,,w_osm_3501445920,Kraaiennester Sluis,52.158874,5.0191061
no_match,20320.9,Sluiskolk Krabbersgatsluis,Netherlands waterway,52.691642,5.281638,,11.6,,w_osm_1200439889,Hornsluis,52.6018347,5.0193103
no_match,20433.2,Sluiskolk Stontelersluis,Netherlands waterway,52.921289,5.037838,,5.6,,w_osm_1247569249,Zijperkeersluis,52.8480471,4.7585417
no_match,20583.5,sluis 5 St.-Job-in't-Goor,Kanaal Dessel-Turnhout-Schoten,51.302404,4.570076,51.5,6.7,,w_osm_256413836,Kallosluis,51.2638371,4.2806146
no_match,20670.1,Sluiskolk Goereesesluis,Haringvliet,51.823868,4.039242,,16.0,,w_osm_8044532916,Inlaatsluis Spijkenisse,51.8617585,4.3338062
no_match,20684.5,"Eddersheim, linke untere Kammer",Main,50.037963,8.476497,213.75,15.05,,w_osm_82732302,Pumpwerk Wächterstadt,49.8632878,8.3770807
no_match,20693.4,"Eddersheim, rechte untere Kammer",Main,50.038112,8.476226,215.78,12.05,,w_osm_82732302,Pumpwerk Wächterstadt,49.8632878,8.3770807
no_match,20821.7,Sluiskolk Nijkerkersluis,Netherlands waterway,52.262134,5.472775,,9.5,,w_osm_5981321520,Lage Knarsluis,52.4479697,5.4351066
no_match,20830.5,Sluiskolk Nijkerkersluis,Netherlands waterway,52.261998,5.472016,,9.5,,w_osm_5981321520,Lage Knarsluis,52.4479697,5.4351066
no_match,20839.5,Sluiskolk Nijkerkersluis,Netherlands waterway,52.261861,5.471256,,9.5,,w_osm_5981321520,Lage Knarsluis,52.4479697,5.4351066
no_match,20852.9,"Eddersheim, linke obere Kammer Maximale Fallhöhe: 3,61 m",Main,50.039192,8.478122,114.69,15.05,,w_osm_82732302,Pumpwerk Wächterstadt,49.8632878,8.3770807
no_match,20862.3,"Eddersheim, rechte obere Kammer",Main,50.039346,8.477856,115.61,12.05,,w_osm_82732302,Pumpwerk Wächterstadt,49.8632878,8.3770807
no_match,20882.0,Sportbootschleuse Eddersheim,Main,50.040276,8.474668,22.0,3.5,,w_osm_82732302,Pumpwerk Wächterstadt,49.8632878,8.3770807
no_match,21084.0,Westkolk Naviduct Krabbersgat,Netherlands waterway,52.690777,5.29531,,12.5,,w_osm_1200439889,Hornsluis,52.6018347,5.0193103
no_match,21096.0,Vierselsluis,Rupel,51.18847,4.667872,81.3,10.3,,w_osm_2619086109,Trammetje,51.0848209,4.9211216
no_match,21103.7,Oostkolk Naviduct Krabbersgat,Netherlands waterway,52.690842,5.295584,,12.5,,w_osm_1200439889,Hornsluis,52.6018347,5.0193103
no_match,21177.4,Sluis Klein-Willebroek,Zeekanaal Brussel-Schelde,51.081226,4.366881,50.0,6.6,,w_osm_256413836,Kallosluis,51.2638371,4.2806146
no_match,21240.1,Regensburg,Donau,49.026556,12.097263,190.0,12.0,,w_osm_2337043356,Schleuse Kelheim,48.924444,11.8513184
no_match,21292.6,sluis 3 Brecht,Kanaal Dessel-Turnhout-Schoten,51.306107,4.579226,51.5,6.7,,w_osm_256413836,Kallosluis,51.2638371,4.2806146
no_match,21398.6,Sluiskolk sluis Macharen,Maas,51.804898,5.548447,,13.5,,w_osm_1446067370,Keersluis Cuijk,51.7571364,5.8497737
no_match,21404.0,Sluiskolk Stevinsluis,Netherlands waterway,52.931322,5.046178,,13.5,,w_osm_1247569249,Zijperkeersluis,52.8480471,4.7585417
no_match,21419.7,Sluiskolk Stevinsluis,Netherlands waterway,52.930792,5.046855,,13.5,,w_osm_1247569249,Zijperkeersluis,52.8480471,4.7585417
no_match,21419.8,,Unknown waterway,52.930791,5.046858,120.0,13.0,,w_osm_1247569249,Zijperkeersluis,52.8480471,4.7585417
no_match,21435.6,Sluiskolk Stevinsluis,Netherlands waterway,52.930264,5.04753,,13.5,,w_osm_1247569249,Zijperkeersluis,52.8480471,4.7585417
no_match,21535.7,Sluis 9 - Ruisbroek,Zeekanaal Brussel-Schelde,50.789764,4.292847,81.3,10.3,,w_osm_146572270,Ecluse nr 25,50.5987132,4.2426826
no_match,21581.9,Sluiskolk Arkersluis,Netherlands waterway,52.254796,5.465957,,8.5,,w_osm_5981321520,Lage Knarsluis,52.4479697,5.4351066
no_match,21650.7,Sportbootschleuse Kitzingen,Main,49.720179,10.154821,12.5,2.5,,w_osm_1783525870,Schleuse Wipfeld,49.9140587,10.1826531
no_match,21690.3,Sluiskolk Ketelsluis,Netherlands waterway,52.579025,5.758055,,6.8,,w_osm_5732860832,Keersluis de Whaa,52.6382907,6.0640951
no_match,21749.7,"Kitzingen, obere Kammer",Main,49.719341,10.153902,114.9,12.0,,w_osm_1783525870,Schleuse Wipfeld,49.9140587,10.1826531
no_match,21853.4,"Kitzingen, untere Kammer",Main,49.718517,10.152105,166.25,12.0,,w_osm_1783525870,Schleuse Wipfeld,49.9140587,10.1826531
no_match,21902.5,ecluse,Rhône,44.500203,4.708117,,,,lk006,Bollène Lock (Écluse de Bollène),44.305,4.745
no_match,21995.0,sluis 2 Brecht,Kanaal Dessel-Turnhout-Schoten,51.30976,4.588249,51.5,6.7,,w_osm_256413836,Kallosluis,51.2638371,4.2806146
no_match,22204.2,Sluiskolk Kampersluis,Netherlands waterway,52.573275,5.753197,,7.5,,w_osm_5732860832,Keersluis de Whaa,52.6382907,6.0640951
no_match,22205.6,sluis 5 Dessel kolk,Kanaal Bocholt-Herentals,51.229783,5.140123,51.5,6.7,,w_osm_2619086109,Trammetje,51.0848209,4.9211216
no_match,22754.9,Sluiskolk Zeesluis Workum,Netherlands waterway,52.972366,5.434525,,7.3,,w_osm_844169784,Sluis Goingarijp,53.0109771,5.7683904
no_match,22919.8,"Randersacker, untere Kammer,",Main,49.753803,9.981674,164.75,12.0,,w_osm_1783525870,Schleuse Wipfeld,49.9140587,10.1826531
no_match,22942.7,Sportbootschleuse Randersacker,Main,49.753824,9.981125,12.5,2.5,,w_osm_1783525870,Schleuse Wipfeld,49.9140587,10.1826531
no_match,22943.6,Nußdorf,Donau,48.257341,16.371244,80.0,15.0,,w_osm_11346584951,Teichschleuse,48.0547616,16.3124842
no_match,22946.1,Würzburg,Main,49.791264,9.925427,293.1,12.0,,w_osm_1783525870,Schleuse Wipfeld,49.9140587,10.1826531
no_match,22983.3,"Randersacker, obere Kammer",Main,49.752543,9.982692,119.4,12.0,,w_osm_1783525870,Schleuse Wipfeld,49.9140587,10.1826531
no_match,22987.6,Alte Schleuse,Main,49.790285,9.925837,60.0,10.3,,w_osm_1783525870,Schleuse Wipfeld,49.9140587,10.1826531
no_match,23644.8,,Kanaal Bocholt-Herentals,51.233883,5.162926,51.5,6.7,,w_osm_2619086109,Trammetje,51.0848209,4.9211216
no_match,23951.8,Erlangen,Main-Donau-Kanal,49.622949,10.979683,190.0,12.0,,w_osm_431045692,Schleuse Strullendorf,49.8378599,10.9571439
no_match,24061.4,Sluiskolk Henriettesluis (Schutsluis Engelen),Maas,51.729717,5.258997,,18.0,,w_osm_4693899017,Suatiesluis,51.7156423,4.9104224
no_match,24087.6,,Kanaal Leuven-Dijle,50.93964,4.665578,51.7,7.55,,w_osm_2619086109,Trammetje,51.0848209,4.9211216
no_match,24180.5,Sluiskolk sluis Doesburg,Netherlands waterway,52.007308,6.131566,,8.0,,w_osm_734083208,Waardse Sluis,51.8514327,5.8856638
no_match,24290.6,Sluis 4 Dessel,Kanaal Dessel-Turnhout-Schoten,51.242731,5.161831,,,,w_osm_2619086109,Trammetje,51.0848209,4.9211216
no_match,24369.9,Erlabrunn,Main,49.856561,9.854419,299.2,12.0,,w_osm_1783525870,Schleuse Wipfeld,49.9140587,10.1826531
no_match,24379.0,Sportbootschleuse Erlabrunn,Main,49.856431,9.854344,12.5,2.5,,w_osm_1783525870,Schleuse Wipfeld,49.9140587,10.1826531
no_match,24436.9,Dietfurt,Main-Donau-Kanal,49.032956,11.560145,190.0,12.0,,w_osm_2337043356,Schleuse Kelheim,48.924444,11.8513184
no_match,24594.3,Zennegatsluis kolk,Belgium waterway,51.063633,4.430545,51.7,7.55,,w_osm_256413836,Kallosluis,51.2638371,4.2806146
no_match,24641.8,Duffelsluis II,Rupel,51.110349,4.535649,54.7,7.2,,w_osm_256413836,Kallosluis,51.2638371,4.2806146
no_match,24661.6,Duffelsluis I,Rupel,51.110172,4.53577,135.7,15.8,,w_osm_256413836,Kallosluis,51.2638371,4.2806146
no_match,24907.0,Ecluse n°10 d'Anderlecht / Sluis n°10 van Anderlecht,Belgium waterway,50.819563,4.301745,,,,w_osm_146572270,Ecluse nr 25,50.5987132,4.2426826
no_match,24942.8,Sluiskolk sluis Makkum,Netherlands waterway,53.05459,5.402492,,7.8,,w_osm_844169784,Sluis Goingarijp,53.0109771,5.7683904
no_match,24942.8,,Unknown waterway,53.054588,5.402492,27.8,7.8,,w_osm_844169784,Sluis Goingarijp,53.0109771,5.7683904
no_match,25388.8,Sluis 3N Mol kolk,Kanaal Bocholt-Herentals,51.239154,5.189442,55.0,7.3,,w_osm_2619086109,Trammetje,51.0848209,4.9211216
no_match,25612.6,Sluiskolk Zeesluis Hindeloopen,Netherlands waterway,52.943687,5.402536,,4.8,,w_osm_844169784,Sluis Goingarijp,53.0109771,5.7683904
no_match,25958.4,Sluiskolk Urkersluis,Netherlands waterway,52.657833,5.603283,,7.0,,w_osm_5981321520,Lage Knarsluis,52.4479697,5.4351066
no_match,26409.0,Sluis 2N Mol kolk,Kanaal Bocholt-Herentals,51.238475,5.209902,55.0,7.3,,w_osm_2619086109,Trammetje,51.0848209,4.9211216
no_match,26660.3,Sportbootschleuse Detzem,Mosel,49.811938,6.846168,18.0,33.0,,lk294,Kanzem,49.6589,6.5606
no_match,26743.5,"Knetzgau, untere Kammer",Main,50.002693,10.547912,168.55,12.0,,w_osm_1783525869,Schleuse Garstadt,49.9769662,10.1759695
no_match,26889.0,Bootsschleuse Lehmen,Mosel,50.274798,7.45784,18.0,32.0,,w_osm_435099495,Schleuse Hollerich,50.3047432,7.8334156
no_match,26892.4,"Knetzgau, obere Kammer",Main,50.002375,10.550058,111.8,12.0,,w_osm_1783525869,Schleuse Garstadt,49.9769662,10.1759695
no_match,26913.0,Schleuse Lehmen,Mosel,50.275444,7.457371,170.0,12.0,,w_osm_435099495,Schleuse Hollerich,50.3047432,7.8334156
no_match,26922.1,Sportbootschleuse Knetzgau,Main,50.000801,10.550719,12.5,2.5,,w_osm_1783525869,Schleuse Garstadt,49.9769662,10.1759695
no_match,27020.0,Sluiskolk sluis 5,Netherlands waterway,51.577012,5.5868,,12.6,,w_osm_1446067370,Keersluis Cuijk,51.7571364,5.8497737
no_match,27033.5,Schleuse Detzem,Mosel,49.817679,6.845474,170.0,12.0,,lk294,Kanzem,49.6589,6.5606
no_match,27037.1,sluis 1N Lommel kolk,Kanaal Bocholt-Herentals,51.238377,5.221744,55.0,7.3,,w_osm_2619086109,Trammetje,51.0848209,4.9211216
no_match,27047.3,,Netherlands waterway,52.050091,6.113402,,,,w_osm_734083208,Waardse Sluis,51.8514327,5.8856638
no_match,27235.6,Sportbootschleuse Limbach,Main,49.980127,10.647545,12.5,2.5,,w_osm_431045692,Schleuse Strullendorf,49.8378599,10.9571439
no_match,27296.1,Sportbootschleuse Himmelstadt,Main,49.921518,9.801582,12.5,2.5,,w_osm_1783525870,Schleuse Wipfeld,49.9140587,10.1826531
no_match,27296.7,Himmelstadt,Main,49.922206,9.801605,299.5,12.0,,w_osm_1783525870,Schleuse Wipfeld,49.9140587,10.1826531
no_match,27457.8,Sluiskolk sluis 4 Veghel,Netherlands waterway,51.608686,5.531506,,12.6,,w_osm_1446067370,Keersluis Cuijk,51.7571364,5.8497737
no_match,27698.6,"Marktbreit, obere Kammer",Main,49.667669,10.125891,110.5,12.0,,w_osm_1783525870,Schleuse Wipfeld,49.9140587,10.1826531
no_match,27709.5,"Marktbreit, untere Kammer",Main,49.667785,10.123698,163.5,12.0,,w_osm_1783525870,Schleuse Wipfeld,49.9140587,10.1826531
no_match,27717.6,"Limbach, obere Kammer",Main,49.980641,10.639867,112.8,12.0,,w_osm_431045692,Schleuse Strullendorf,49.8378599,10.9571439
no_match,27739.7,Bootschleuse Marktbreit,Main,49.66739,10.124917,12.5,2.5,,w_osm_1783525870,Schleuse Wipfeld,49.9140587,10.1826531
no_match,27823.5,Noordkolk Prinses Maxima Sluizen,Maas,51.80889,5.454047,,18.0,,w_osm_1446067370,Keersluis Cuijk,51.7571364,5.8497737
no_match,27850.8,Zuidkolk Prinses Maxima Sluizen,Maas,51.808477,5.453504,,14.0,,w_osm_1446067370,Keersluis Cuijk,51.7571364,5.8497737
no_match,27875.1,"Limbach, untere Kammer",Main,49.981405,10.638009,168.3,12.0,,w_osm_431045692,Schleuse Strullendorf,49.8378599,10.9571439
no_match,27875.9,Sluis Dendermonde,Dender,51.043444,4.084783,168.0,16.0,,w_osm_256413832,Kallosluis,51.2638225,4.2753066
no_match,28086.9,Boortmeerbeeksluis,Kanaal Leuven-Dijle,50.973483,4.560617,51.7,7.75,,w_osm_2619086109,Trammetje,51.0848209,4.9211216
no_match,28090.8,Sluiskolk sluis 's-Hertogenbosch,Netherlands waterway,51.688494,5.315842,,26.4,,w_osm_7598614427,Keersluis Schipdiep,51.7126482,4.9100958
no_match,28215.5,"Goßmannsdorf,  untere Kammer",Main,49.677913,10.038796,168.5,12.0,,w_osm_1783525870,Schleuse Wipfeld,49.9140587,10.1826531
no_match,28284.3,"Goßmannsdorf,  obere Kammer",Main,49.676874,10.040283,110.0,12.0,,w_osm_1783525870,Schleuse Wipfeld,49.9140587,10.1826531
no_match,28294.5,Sportbootschleuse Goßmannsdorf,Main,49.677029,10.039275,12.5,2.5,,w_osm_1783525870,Schleuse Wipfeld,49.9140587,10.1826531
no_match,28310.3,Sluiskolk sluis Aadorp,Netherlands waterway,52.373072,6.632653,63.7,8.5,,w_osm_1366373647,Coevordersluis,52.6238041,6.7052814
no_match,28618.6,Sluiskolk sluis 6,Netherlands waterway,51.537487,5.633582,,12.6,,w_osm_1446067370,Keersluis Cuijk,51.7571364,5.8497737
no_match,28644.2,Ecluse n°11 de Molenbeek-St-Jean / Sluis n°11 van St. Jans-Monelbeek,Belgium waterway,50.849626,4.33482,,,,w_osm_146572270,Ecluse nr 25,50.5987132,4.2426826
no_match,28767.1,,Belgium waterway,51.033282,4.467711,80.0,9.5,,w_osm_256413836,Kallosluis,51.2638371,4.2806146
no_match,28916.8,Sluiskolk sluis Hengelo,Netherlands waterway,52.246073,6.804781,140.0,12.0,,w_osm_485579816,Koppelschleuse,52.4596784,7.047626
no_match,29028.1,sluis 1 Rijkevorsel,Kanaal Dessel-Turnhout-Schoten,51.329048,4.773934,51.5,6.7,,w_osm_2619086109,Trammetje,51.0848209,4.9211216
no_match,29269.2,Sluiskolk sluis Empel,Maas,51.739443,5.333647,,12.6,,w_osm_4693899017,Suatiesluis,51.7156423,4.9104224
no_match,29528.6,Kleine kolk Lorentzsluizen,Netherlands waterway,53.069187,5.33746,,8.2,,w_osm_844169784,Sluis Goingarijp,53.0109771,5.7683904
no_match,29545.4,,Unknown waterway,53.069507,5.337321,67.0,8.0,,w_osm_844169784,Sluis Goingarijp,53.0109771,5.7683904
no_match,29556.5,,Unknown waterway,53.069145,5.337017,120.0,13.0,,w_osm_844169784,Sluis Goingarijp,53.0109771,5.7683904
no_match,29556.9,Grote kolk Lorentzsluizen,Netherlands waterway,53.069151,5.337013,,13.0,,w_osm_844169784,Sluis Goingarijp,53.0109771,5.7683904
no_match,29562.3,Kleine kolk Lorentzsluizen,Netherlands waterway,53.069828,5.337181,,8.2,,w_osm_844169784,Sluis Goingarijp,53.0109771,5.7683904
no_match,29578.5,"Griesheim, linke untere Kammer",Main,50.088176,8.597994,214.26,15.04,,w_osm_82732302,Pumpwerk Wächterstadt,49.8632878,8.3770807
no_match,29579.9,Oostkolk Prinses Irenesluizen,Lek,51.967682,5.32016,,24.0,,w_osm_1811670426,Kraaiennester Sluis,52.1590268,5.0195608
no_match,29580.0,,Lek,51.967681,5.320162,,,,w_osm_1811670426,Kraaiennester Sluis,52.1590268,5.0195608
no_match,29591.1,Westkolk Prinses Irenesluizen,Lek,51.967204,5.319588,,18.0,,w_osm_1811670426,Kraaiennester Sluis,52.1590268,5.0195608
no_match,29594.5,Grote kolk Lorentzsluizen,Netherlands waterway,53.069865,5.336702,,13.0,,w_osm_844169784,Sluis Goingarijp,53.0109771,5.7683904
no_match,29600.7,"Griesheim, rechte untere Kammer",Main,50.088409,8.598003,215.67,12.02,,w_osm_82732302,Pumpwerk Wächterstadt,49.8632878,8.3770807
no_match,29677.0,"Griesheim, linke obere Kammer",Main,50.088196,8.600514,114.78,15.04,,w_osm_82732302,Pumpwerk Wächterstadt,49.8632878,8.3770807
no_match,29698.0,"Griesheim, rechte obere Kammer",Main,50.088428,8.600495,113.75,12.02,,w_osm_82732302,Pumpwerk Wächterstadt,49.8632878,8.3770807
no_match,29830.3,Tsjerk Hiddessluis,Unknown waterway,53.179233,5.420428,135.0,12.0,,w_osm_844169784,Sluis Goingarijp,53.0109771,5.7683904
no_match,29831.7,Sportbootschleuse Griesheim,Main,50.090339,8.599303,20.2,3.5,,w_osm_82732302,Pumpwerk Wächterstadt,49.8632878,8.3770807
no_match,30119.7,Oostkolk Prins Bernhardsluizen,Amsterdam-Rijnkanaal,51.901698,5.454522,,24.0,,w_osm_734083208,Waardse Sluis,51.8514327,5.8856638
no_match,30154.0,Westkolk Prins Bernhardsluizen,Amsterdam-Rijnkanaal,51.901345,5.453908,,18.0,,w_osm_734083208,Waardse Sluis,51.8514327,5.8856638
no_match,30157.6,Sluis Zemst,Zeekanaal Brussel-Schelde,50.998866,4.372808,140.0,19.0,,w_osm_256413836,Kallosluis,51.2638371,4.2806146
no_match,30447.0,Sluiskolk sluis Schijndel,Netherlands waterway,51.648587,5.444149,,12.6,,w_osm_1446067370,Keersluis Cuijk,51.7571364,5.8497737
no_match,30467.2,Sluis Pollare,Dender,50.829731,4.010004,38.5,5.1,,w_osm_146572270,Ecluse nr 25,50.5987132,4.2426826
no_match,30657.1,Sluis Denderbelle,Dender,51.000878,4.077931,55.0,7.5,,w_osm_549314062,Keersluis K1 te Vinderhoute,51.0862472,3.6609676
no_match,30756.3,Sluiskolk Oude Zeesluis,Netherlands waterway,52.886135,5.358749,,7.0,,w_osm_844169784,Sluis Goingarijp,53.0109771,5.7683904
no_match,30878.5,Noordkolk Johan Frisosluis,Netherlands waterway,52.878917,5.362991,,9.0,,w_osm_844169784,Sluis Goingarijp,53.0109771,5.7683904
no_match,30903.6,Zuidkolk Johan Frisosluis,Netherlands waterway,52.878549,5.362896,,7.0,,w_osm_844169784,Sluis Goingarijp,53.0109771,5.7683904
no_match,30936.7,sluis 1 Rijkevorsel,Kanaal Dessel-Turnhout-Schoten,51.358407,5.001865,,,,w_osm_2619086109,Trammetje,51.0848209,4.9211216
no_match,30938.2,Sluiskolk sluis Hintham,Netherlands waterway,51.698917,5.358608,,12.6,,w_osm_4693899017,Suatiesluis,51.7156423,4.9104224
no_match,31324.8,Sluis Idegem Grimminge,Dender,50.799044,3.929984,38.5,5.1,,w_osm_146572270,Ecluse nr 25,50.5987132,4.2426826
no_match,31411.6,Kriegenbrunn,Main-Donau-Kanal,49.555488,10.969823,190.0,12.0,,w_osm_431045692,Schleuse Strullendorf,49.8378599,10.9571439
no_match,31439.3,Sluiskolk sluis IV,Netherlands waterway,51.498359,5.207085,,16.2,,w_osm_7598614427,Keersluis Schipdiep,51.7126482,4.9100958
no_match,31560.9,Sluis Aalst,Dender,50.93811,4.045786,38.5,5.1,,w_osm_549314062,Keersluis K1 te Vinderhoute,51.0862472,3.6609676
no_match,31827.2,Sluis Geraardsbergen,Dender,50.769794,3.880503,38.5,5.1,,w_osm_146572270,Ecluse nr 25,50.5987132,4.2426826
no_match,32069.4,Sluiskolk sluis 7 Helmond,Netherlands waterway,51.496094,5.652249,,7.0,,w_osm_1446067370,Keersluis Cuijk,51.7571364,5.8497737
no_match,32120.4,Sluiskolk sluis Sint Andries,Maas,51.797933,5.357751,,14.0,,w_osm_4693899017,Suatiesluis,51.7156423,4.9104224
no_match,32120.4,,Maas,51.797933,5.357752,,,,w_osm_4693899017,Suatiesluis,51.7156423,4.9104224
no_match,32447.9,Oostkolk Prinses Marijkesluis,Netherlands waterway,51.954422,5.357943,,18.0,,w_osm_1811670426,Kraaiennester Sluis,52.1590268,5.0195608
no_match,32455.6,Westkolk Prinses Marijkesluis,Netherlands waterway,51.954107,5.357595,,18.0,,w_osm_1811670426,Kraaiennester Sluis,52.1590268,5.0195608
no_match,32736.5,Sluis Denderleeuw,Dender,50.873899,4.077359,42.77,5.1,,w_osm_146572270,Ecluse nr 25,50.5987132,4.2426826
no_match,32881.6,Sportbootschleuse Harrbach,Main,49.999926,9.717423,12.5,2.5,,w_osm_1783525869,Schleuse Garstadt,49.9769662,10.1759695
no_match,32939.5,Harrbach,Main,50.000099,9.716631,299.45,12.0,,w_osm_1783525869,Schleuse Garstadt,49.9769662,10.1759695
no_match,33464.9,"Greifenstein, rechte Kammer",Donau,48.35193,16.24106,230.0,24.0,,w_osm_11346584951,Teichschleuse,48.0547616,16.3124842
no_match,33483.8,Sluiskolk sluis Amerongen,Netherlands waterway,51.976455,5.409113,,18.0,,w_osm_1811670426,Kraaiennester Sluis,52.1590268,5.0195608
no_match,33501.3,"Greifenstein, linke Kammer",Donau,48.352257,16.241021,230.0,24.0,,w_osm_11346584951,Teichschleuse,48.0547616,16.3124842
no_match,33747.6,Sluiskolk sluis Helmond,Netherlands waterway,51.466494,5.693759,,12.6,,w_osm_7689052836,"Mook, keersluis",51.7453193,5.8867625
no_match,34514.7,Sluiskolk sluis Delden,Netherlands waterway,52.246725,6.677896,140.0,12.0,,w_osm_485579816,Koppelschleuse,52.4596784,7.047626
no_match,34549.1,Sluis Teralfene,Dender,50.892196,4.081463,38.5,5.1,,w_osm_146572270,Ecluse nr 25,50.5987132,4.2426826
no_match,34722.7,Sluiskolk sluis 8 Helmond,Netherlands waterway,51.465689,5.662969,,14.0,,w_osm_7689052836,"Mook, keersluis",51.7453193,5.8867625
no_match,35102.1,Berching,Main-Donau-Kanal,49.091712,11.443173,190.0,12.0,,w_osm_2337043356,Schleuse Kelheim,48.924444,11.8513184
no_match,35159.2,Hasselt noordersas,Albertkanaal,50.941099,5.368783,135.0,15.0,,w_osm_2619086109,Trammetje,51.0848209,4.9211216
no_match,35173.5,Hasselt middensas,Albertkanaal,50.94081,5.368777,136.0,15.0,,w_osm_2619086109,Trammetje,51.0848209,4.9211216
no_match,35231.3,Hasselt duwvaartsas,Albertkanaal,50.940271,5.369263,135.0,15.0,,w_osm_2619086109,Trammetje,51.0848209,4.9211216
no_match,35954.7,Sluiskolk sluis 9 Helmond,Netherlands waterway,51.447302,5.684798,,20.6,,w_osm_7689052836,"Mook, keersluis",51.7453193,5.8867625
no_match,36451.4,Geisling,Donau,48.977238,12.343984,230.0,24.0,,w_osm_2337043356,Schleuse Kelheim,48.924444,11.8513184
no_match,36899.2,"Offenbach, linke untere Kammer",Main,50.107603,8.726338,210.2,12.09,,w_osm_82732302,Pumpwerk Wächterstadt,49.8632878,8.3770807
no_match,36956.1,Sportbootschleuse Offenbach,Main,50.108154,8.726584,20.35,3.5,,w_osm_82732302,Pumpwerk Wächterstadt,49.8632878,8.3770807
no_match,36966.9,Schleuse Wintrich,Mosel,49.878692,6.946791,170.0,12.0,,lk294,Kanzem,49.6589,6.5606
no_match,36993.3,"Offenbach, rechte Kammer",Main,50.108125,8.727401,230.07,13.05,,w_osm_82732302,Pumpwerk Wächterstadt,49.8632878,8.3770807
no_match,37036.4,Sportbootschleuse Wintrich,Mosel,49.879474,6.947018,18.0,33.0,,lk294,Kanzem,49.6589,6.5606
no_match,37063.1,"Offenbach, linke obere Kammer",Main,50.108245,8.72864,110.5,12.09,,w_osm_82732302,Pumpwerk Wächterstadt,49.8632878,8.3770807
no_match,38108.9,Bootsschleuse Müden,Mosel,50.183478,7.332176,18.0,32.0,,w_osm_435099495,Schleuse Hollerich,50.3047432,7.8334156
no_match,38128.3,Schleuse Müden,Mosel,50.183224,7.332036,170.0,12.0,,w_osm_435099495,Schleuse Hollerich,50.3047432,7.8334156
no_match,38725.3,Sluiskolk sluis 10,Netherlands waterway,51.416703,5.701173,,9.8,,w_osm_7689052836,"Mook, keersluis",51.7453193,5.8867625
no_match,38764.9,Sluiskolk sluis 10,Netherlands waterway,51.416295,5.701316,,9.8,,w_osm_7689052836,"Mook, keersluis",51.7453193,5.8867625
no_match,39262.4,Diepenbeek noordersas,Albertkanaal,50.938744,5.432061,136.0,15.0,,w_osm_2619086109,Trammetje,51.0848209,4.9211216
no_match,39273.4,Diepenbeek middensas,Albertkanaal,50.938456,5.432024,135.0,15.0,,w_osm_2619086109,Trammetje,51.0848209,4.9211216
no_match,39326.3,Diepenbeek duwvaartsas,Albertkanaal,50.9379,5.432449,135.0,15.0,,w_osm_2619086109,Trammetje,51.0848209,4.9211216
no_match,39515.2,Bachhausen,Main-Donau-Kanal,49.152655,11.435774,190.0,12.0,,w_osm_2337043356,Schleuse Kelheim,48.924444,11.8513184
no_match,40408.1,Sluiskolk sluis 11,Netherlands waterway,51.395746,5.727027,,9.8,,w_osm_7689052836,"Mook, keersluis",51.7453193,5.8867625
no_match,40897.8,Sportbootschleuse Steinbach,Main,50.011836,9.606412,12.5,2.5,,w_osm_1783525869,Schleuse Garstadt,49.9769662,10.1759695
no_match,40951.2,Steinbach,Main,50.010942,9.605537,299.1,12.0,,w_osm_1783525869,Schleuse Garstadt,49.9769662,10.1759695
no_match,41704.6,Sluiskolk voorsluis Eefde,Netherlands waterway,52.159934,6.232164,200.0,24.0,,w_osm_734083208,Waardse Sluis,51.8514327,5.8856638
no_match,41857.7,Zuidkolk sluis Eefde,Netherlands waterway,52.160363,6.235084,140.0,12.0,,w_osm_734083208,Waardse Sluis,51.8514327,5.8856638
no_match,41886.5,Noordkolk sluis Eefde,Netherlands waterway,52.160693,6.235051,141.5,12.5,,w_osm_734083208,Waardse Sluis,51.8514327,5.8856638
no_match,42470.8,Mainkur,Main,50.137115,8.791339,315.0,12.0,,w_osm_82732302,Pumpwerk Wächterstadt,49.8632878,8.3770807
no_match,42492.9,Rothenfels,Main,49.898963,9.589751,298.45,12.0,,w_osm_1783525870,Schleuse Wipfeld,49.9140587,10.1826531
no_match,42564.3,Sportbootschleuse Rothenfels,Main,49.900208,9.588673,12.5,2.5,,w_osm_1783525870,Schleuse Wipfeld,49.9140587,10.1826531
no_match,43217.6,Genk noordersas,Albertkanaal,50.936289,5.491971,135.0,15.0,,w_osm_2619086109,Trammetje,51.0848209,4.9211216
no_match,43231.4,Genk middensas,Albertkanaal,50.935912,5.491935,136.0,15.0,,w_osm_2619086109,Trammetje,51.0848209,4.9211216
no_match,43293.0,Genk duwvaartsluis,Albertkanaal,50.93527,5.49246,136.0,15.0,,w_osm_2619086109,Trammetje,51.0848209,4.9211216
no_match,43651.2,Lengfurt,Main,49.811213,9.594937,300.08,11.98,,w_osm_1783525870,Schleuse Wipfeld,49.9140587,10.1826531
no_match,43741.0,Sportbootschleuse Lengfurt,Main,49.811495,9.59352,12.4,2.51,,w_osm_1783525870,Schleuse Wipfeld,49.9140587,10.1826531
no_match,44323.2,Sluiskolk Prins Bernhardsluis Deventer,Netherlands waterway,52.244861,6.169157,,12.0,,w_osm_5732860832,Keersluis de Whaa,52.6382907,6.0640951
no_match,45047.9,Sluiskolk sluis 12,Netherlands waterway,51.350134,5.743335,,9.8,,w_osm_7689052836,"Mook, keersluis",51.7453193,5.8867625
no_match,45729.4,Sportbootschleuse Mühlheim,Main,50.125195,8.870301,20.0,4.0,,w_osm_82732302,Pumpwerk Wächterstadt,49.8632878,8.3770807
no_match,45807.0,Mühlheim,Main,50.124868,8.872126,299.9,12.04,,w_osm_82732302,Pumpwerk Wächterstadt,49.8632878,8.3770807
no_match,46242.5,Schleuse Zeltingen,Mosel,49.949214,7.021967,170.0,12.0,,lk294,Kanzem,49.6589,6.5606
no_match,46293.8,Sportbootschleuse Zeltingen,Mosel,49.949693,7.022245,18.0,33.0,,lk294,Kanzem,49.6589,6.5606
no_match,46306.6,Sluis Lozen,Zuid-Willemsvaart,51.207139,5.555672,52.0,6.7,,w_osm_2619086109,Trammetje,51.0848209,4.9211216
no_match,46322.5,Sluis Bocholt,Zuid-Willemsvaart,51.188651,5.564096,52.0,6.7,,w_osm_2619086109,Trammetje,51.0848209,4.9211216
no_match,47162.0,Sluiskolk sluis 13,Netherlands waterway,51.330225,5.746698,,9.8,,w_osm_7689052836,"Mook, keersluis",51.7453193,5.8867625
no_match,47468.1,Schleuse Bruttig-Fankel,Mosel,50.124221,7.228891,210.0,125.0,,w_osm_435099495,Schleuse Hollerich,50.3047432,7.8334156
no_match,47497.8,Schleuse Bruttig-Fankel,Mosel,50.124397,7.2283,170.0,12.0,,w_osm_435099495,Schleuse Hollerich,50.3047432,7.8334156
no_match,47530.0,Bootsschleuse Bruttig-Fankel,Mosel,50.124258,7.227904,18.0,32.0,,w_osm_435099495,Schleuse Hollerich,50.3047432,7.8334156
no_match,47574.5,Nürnberg,Main-Donau-Kanal,49.415028,11.057984,190.0,12.0,,w_osm_431045692,Schleuse Strullendorf,49.8378599,10.9571439
no_match,48124.0,Tassi-zsilip hajozsilip,Donau,47.032799,18.977237,70.0,8.2,,w_osm_3472331974,Kvassay-zsilip,47.4610453,19.069372
no_match,48165.4,Sportbootschleuse Krotzenburg,Main,50.079288,8.960853,20.0,4.0,,w_osm_82732302,Pumpwerk Wächterstadt,49.8632878,8.3770807
no_match,48211.4,Oostkolk sluis Belfeld,Maas,51.32127,6.112744,,16.0,,w_osm_431048243,Schleuse Duisburg Meiderich,51.4509123,6.7757186
no_match,48263.0,Middenkolk sluis Belfeld,Maas,51.321488,6.111855,,16.0,,w_osm_431048243,Schleuse Duisburg Meiderich,51.4509123,6.7757186
no_match,48284.0,Westkolk sluis Belfeld,Maas,51.321623,6.111469,,16.0,,w_osm_431048243,Schleuse Duisburg Meiderich,51.4509123,6.7757186
no_match,48293.2,"Krotzenburg, linke Kammer",Main,50.079552,8.962681,300.0,12.0,,w_osm_82732302,Pumpwerk Wächterstadt,49.8632878,8.3770807
no_match,48302.0,"Krotzenburg, rechte Kammer",Main,50.079805,8.962597,302.3,12.0,,w_osm_82732302,Pumpwerk Wächterstadt,49.8632878,8.3770807
no_match,48510.0,Eichel,Main,49.756673,9.551811,299.92,12.0,,w_osm_1783525870,Schleuse Wipfeld,49.9140587,10.1826531
no_match,48523.1,Sportbootschleuse Eichel,Main,49.75564,9.552244,12.1,2.5,,w_osm_1783525870,Schleuse Wipfeld,49.9140587,10.1826531
no_match,49200.0,"Altenwörth, rechte Kammer",Donau,48.377151,15.857667,230.0,24.0,,w_osm_11346584951,Teichschleuse,48.0547616,16.3124842
no_match,49213.5,"Altenwörth, linke Kammer",Donau,48.37747,15.85791,230.0,24.0,,w_osm_11346584951,Teichschleuse,48.0547616,16.3124842
no_match,49325.0,"Altenwörth, rechte Kammer",Donau,48.377699,15.856076,230.0,24.0,,w_osm_11346584951,Teichschleuse,48.0547616,16.3124842
no_match,49338.3,Altenwörth linke Kammer,Donau,48.378013,15.856314,230.0,24.0,,w_osm_11346584951,Teichschleuse,48.0547616,16.3124842
no_match,50440.3,Sportbootschleuse Kleinostheim,Main,50.006521,9.045784,13.7,3.51,,w_osm_82732302,Pumpwerk Wächterstadt,49.8632878,8.3770807
no_match,50511.6,"Kleinostheim, linke Kammer",Main,50.005321,9.047441,298.36,12.04,,w_osm_82732302,Pumpwerk Wächterstadt,49.8632878,8.3770807
no_match,50525.2,"Kleinostheim, rechte Kammer",Main,50.005509,9.047547,298.22,12.02,,w_osm_82732302,Pumpwerk Wächterstadt,49.8632878,8.3770807
no_match,50970.1,Eibach,Main-Donau-Kanal,49.384745,11.064105,190.0,12.0,,w_osm_431045692,Schleuse Strullendorf,49.8378599,10.9571439
no_match,51406.6,Straubing,Donau,48.899886,12.553767,230.0,24.0,,w_osm_2337043356,Schleuse Kelheim,48.924444,11.8513184
no_match,52680.1,,Netherlands waterway,51.278058,5.761077,,,,w_osm_7689052836,"Mook, keersluis",51.7453193,5.8867625
no_match,53362.0,Sluiskolk sluis 15 Nederweert,Netherlands waterway,51.272968,5.750577,,15.5,,w_osm_7689052836,"Mook, keersluis",51.7453193,5.8867625
no_match,53706.5,Schleuse Enkirch,Mosel,49.97533,7.126147,170.0,12.0,,lk294,Kanzem,49.6589,6.5606
no_match,53736.4,Bootsschleuse Enkirch,Mosel,49.975749,7.126138,18.0,32.0,,lk294,Kanzem,49.6589,6.5606
no_match,54313.2,Obernau,Main,49.934675,9.127243,299.18,12.0,,w_osm_82732302,Pumpwerk Wächterstadt,49.8632878,8.3770807
no_match,54390.4,Sportbootschleuse Obernau,Main,49.934024,9.128476,11.9,2.5,,w_osm_82732302,Pumpwerk Wächterstadt,49.8632878,8.3770807
no_match,54542.0,Hilpoltstein,Main-Donau-Kanal,49.194297,11.226224,190.0,12.0,,w_osm_2337043356,Schleuse Kelheim,48.924444,11.8513184
no_match,55060.9,Sluiskolk sluis 16 Weert,Netherlands waterway,51.245304,5.668157,,15.8,,w_osm_2619086109,Trammetje,51.0848209,4.9211216
no_match,55217.2,Faulbach,Main,49.78118,9.440628,299.8,12.1,,w_osm_1783525870,Schleuse Wipfeld,49.9140587,10.1826531
no_match,55225.8,Sportbootschleuse Faulbach,Main,49.780883,9.440635,12.1,2.5,,w_osm_1783525870,Schleuse Wipfeld,49.9140587,10.1826531
no_match,55355.6,Bootsschleuse St. Aldegund,Mosel,50.087402,7.133783,18.0,32.0,,w_osm_435099495,Schleuse Hollerich,50.3047432,7.8334156
no_match,55406.0,Schleuse St. Aldegund,Mosel,50.086888,7.133389,170.0,12.0,,w_osm_435099495,Schleuse Hollerich,50.3047432,7.8334156
no_match,55958.2,Sluis Lanaken,Zuid-Willemsvaart,50.885046,5.654843,55.2,7.3,,w_osm_2619086109,Trammetje,51.0848209,4.9211216
no_match,56086.6,Sportbootsschleuse Wallstadt,Main,49.868759,9.159565,12.0,2.55,,w_osm_82732302,Pumpwerk Wächterstadt,49.8632878,8.3770807
no_match,56096.0,Wallstadt,Main,49.870194,9.15968,299.93,12.0,,w_osm_82732302,Pumpwerk Wächterstadt,49.8632878,8.3770807
no_match,57074.4,Sluis Neerharen,Zuid-Willemsvaart,50.901756,5.682992,55.2,7.3,,w_osm_2619086109,Trammetje,51.0848209,4.9211216
no_match,58332.8,Klingenberg,Main,49.779308,9.179712,300.71,12.05,,w_osm_82732302,Pumpwerk Wächterstadt,49.8632878,8.3770807
no_match,58400.8,Sportbootschleuse Klingenberg,Main,49.778482,9.180457,11.6,2.5,,w_osm_82732302,Pumpwerk Wächterstadt,49.8632878,8.3770807
no_match,58492.9,Eckersmühlen,Main-Donau-Kanal,49.210549,11.177547,190.0,12.0,,w_osm_2337043356,Schleuse Kelheim,48.924444,11.8513184
no_match,58864.7,Sluiskolk sluis Bosscherveld,Maas,50.867231,5.687587,,16.0,,w_osm_2619086109,Trammetje,51.0848209,4.9211216
no_match,59068.5,,Maas,50.862501,5.687323,,,,w_osm_2619086109,Trammetje,51.0848209,4.9211216
no_match,59398.7,,Maas,50.869466,5.697538,,,,w_osm_2619086109,Trammetje,51.0848209,4.9211216
no_match,59644.5,Sluiskolk sluis Roermond,Maas,51.212148,5.981063,,16.0,,w_osm_7689052836,"Mook, keersluis",51.7453193,5.8867625
no_match,59797.6,Sluiskolk sluis 20 Maastricht,Maas,50.855985,5.693939,,,,w_osm_2619086109,Trammetje,51.0848209,4.9211216
no_match,61483.2,Westkolk sluis Born,Maas,51.035851,5.797432,,14.0,,w_osm_2619086109,Trammetje,51.0848209,4.9211216
no_match,61566.1,Middenkolk sluis Born,Maas,51.035139,5.798515,,16.0,,w_osm_2619086109,Trammetje,51.0848209,4.9211216
no_match,61603.7,Oostkolk sluis Born,Maas,51.035435,5.799099,,16.0,,w_osm_2619086109,Trammetje,51.0848209,4.9211216
no_match,61787.6,Leerstetten,Main-Donau-Kanal,49.291415,11.112606,190.0,12.0,,w_osm_431045692,Schleuse Strullendorf,49.8378599,10.9571439
no_match,63332.8,Sluiskolk sluis Linne,Maas,51.176235,5.924346,,16.0,,w_osm_7689052836,"Mook, keersluis",51.7453193,5.8867625
no_match,63410.4,Westkolk sluis Heel,Maas,51.175405,5.918777,,15.5,,w_osm_7689052836,"Mook, keersluis",51.7453193,5.8867625
no_match,63464.6,Oostkolk sluis Heel,Maas,51.174921,5.91894,,15.5,,w_osm_7689052836,"Mook, keersluis",51.7453193,5.8867625
no_match,63475.1,Oude kolk sluis Panheel,Netherlands waterway,51.17469,5.86155,,7.5,,w_osm_7689052836,"Mook, keersluis",51.7453193,5.8867625
no_match,63519.7,Nieuwe kolk sluis Panheel,Netherlands waterway,51.174296,5.861117,,12.6,,w_osm_7689052836,"Mook, keersluis",51.7453193,5.8867625
no_match,63541.8,Sportbootschleuse Heubach,Main,49.712938,9.231017,12.0,2.5,,w_osm_82732302,Pumpwerk Wächterstadt,49.8632878,8.3770807
no_match,63550.4,Heubach,Main,49.712766,9.231068,300.0,12.0,,w_osm_82732302,Pumpwerk Wächterstadt,49.8632878,8.3770807
no_match,64480.6,Freudenberg,Main,49.752741,9.3191,300.0,12.0,,w_osm_1783525870,Schleuse Wipfeld,49.9140587,10.1826531
no_match,64495.6,Sportbootschleuse Freudenberg,Main,49.753444,9.318562,12.5,2.5,,w_osm_1783525870,Schleuse Wipfeld,49.9140587,10.1826531
no_match,67048.5,Westkolk sluis Maasbracht,Maas,51.141866,5.877316,,15.6,,w_osm_2619086109,Trammetje,51.0848209,4.9211216
no_match,67084.3,Oostkolk sluis Maasbracht,Maas,51.141171,5.877929,,15.6,,w_osm_2619086109,Trammetje,51.0848209,4.9211216
no_match,67086.9,Middenkolk sluis Maasbracht,Maas,51.141647,5.877899,,15.6,,w_osm_2619086109,Trammetje,51.0848209,4.9211216
no_match,68072.9,Pomocna Plavebna komora Cunovo,Dunajský Kanál,48.030256,17.22742,175.5,24.0,,w_osm_11346584951,Teichschleuse,48.0547616,16.3124842
no_match,75505.8,"Melk, rechte Kammer",Donau,48.225842,15.301799,230.0,24.0,,w_osm_3686971614,S18,47.9783527,16.2486894
no_match,75524.3,"Melk, linke Kammer",Donau,48.226151,15.301709,230.0,24.0,,w_osm_3686971614,S18,47.9783527,16.2486894
no_match,75747.6,Dunakiliti,Dunajský Kanál,47.98885,17.326203,,,,w_osm_11346584951,Teichschleuse,48.0547616,16.3124842
no_match,90407.7,"Ybbs-Persenbeug, linke Kammer",Donau,48.19075,15.073197,230.0,24.0,,w_osm_1416982056,S34,47.9446455,16.2328257
no_match,90425.2,"Ybbs-Persenbeug, rechte Kammer",Donau,48.190543,15.072853,230.0,24.0,,w_osm_1416982056,S34,47.9446455,16.2328257
no_match,93350.5,Pravá plavebná komora Gabíkovo,Dunajský Kanál,47.882879,17.539825,275.0,34.0,,w_osm_11346584951,Teichschleuse,48.0547616,16.3124842
no_match,93381.9,avá plavebná komora Gabikovo,Dunajský Kanál,47.883159,17.540346,275.0,34.0,,w_osm_11346584951,Teichschleuse,48.0547616,16.3124842
no_match,117180.4,"Wallsee, rechte Kammer",Donau,48.168836,14.69223,230.0,24.0,,w_osm_1416982056,S34,47.9446455,16.2328257
no_match,117198.5,"Wallsee, linke Kammer",Donau,48.169128,14.692071,230.0,24.0,,w_osm_1416982056,S34,47.9446455,16.2328257
no_match,120494.9,"Kachlet, südliche Kammer",Donau,48.579491,13.409426,226.5,24.0,,w_osm_2337043356,Schleuse Kelheim,48.924444,11.8513184
no_match,120508.5,"Kachlet, nördliche Kammer",Donau,48.579749,13.409758,226.5,24.0,,w_osm_2337043356,Schleuse Kelheim,48.924444,11.8513184
no_match,138058.2,"Abwinden-Asten, linke Kammer",Donau,48.250863,14.431155,230.0,24.0,,w_osm_1416982056,S34,47.9446455,16.2328257
no_match,138068.6,"Abwinden-Asten, rechte Kammer",Donau,48.250602,14.430915,230.0,24.0,,w_osm_1416982056,S34,47.9446455,16.2328257
no_match,143578.6,"Jochenstein, südliche Kammer",Donau,48.518569,13.709423,227.0,24.0,,w_osm_2337043356,Schleuse Kelheim,48.924444,11.8513184
no_match,143585.7,"Jochensteinn, nördliche Kammer",Donau,48.518822,13.709657,227.0,24.0,,w_osm_2337043356,Schleuse Kelheim,48.924444,11.8513184
no_match,160208.3,"Ottensheim, rechte Kammer",Donau,48.318274,14.147862,230.0,24.0,,w_osm_1416982056,S34,47.9446455,16.2328257
no_match,160231.8,"Ottensheim, linke Kammer",Donau,48.318548,14.14764,230.0,24.0,,w_osm_1416982056,S34,47.9446455,16.2328257
no_match,170198.9,"Aschach, rechte Kammer",Donau,48.385676,14.020218,230.0,24.0,,w_osm_2337043356,Schleuse Kelheim,48.924444,11.8513184
no_match,170223.2,"Aschach, linke Kammer",Donau,48.385849,14.020673,230.0,24.0,,w_osm_2337043356,Schleuse Kelheim,48.924444,11.8513184
no_match,178789.3,Iron Gate 2 Lock,Donau,44.302177,22.564968,310.0,33.0,,w_osm_9944554519,Ecluza Izbiceni,43.8146686,24.6971664
no_match,178794.6,Djerdap II,Donau,44.30221,22.564912,310.0,33.0,,w_osm_9944554519,Ecluza Izbiceni,43.8146686,24.6971664
no_match,179208.7,,Donau,44.319449,22.566925,155.0,12.0,,w_osm_9944554519,Ecluza Izbiceni,43.8146686,24.6971664
no_match,179211.6,,Donau,44.319795,22.56704,310.0,33.0,,w_osm_9944554519,Ecluza Izbiceni,43.8146686,24.6971664
no_match,179376.5,Lock Bezdan,Donau,45.854249,18.860595,68.0,9.1,,w_osm_3472331974,Kvassay-zsilip,47.4610453,19.069372
no_match,179376.6,Prevodnica Bezdan,Donau,45.854248,18.860587,68.0,9.1,,w_osm_3472331974,Kvassay-zsilip,47.4610453,19.069372
no_match,217730.9,,Donau,45.503116,19.107087,85.0,12.0,,w_osm_3472331974,Kvassay-zsilip,47.4610453,19.069372
no_match,248997.7,Prevodnica Novi Sad,Donau,45.28189,19.816638,85.0,12.0,,w_osm_3472331974,Kvassay-zsilip,47.4610453,19.069372
no_match,273194.8,,Donau,44.313504,28.045409,310.0,25.0,,w_osm_9944554519,Ecluza Izbiceni,43.8146686,24.6971664
no_match,273195.2,,Canalul Dunăre-Marea Neagră,44.313494,28.045417,310.0,25.0,,w_osm_9944554519,Ecluza Izbiceni,43.8146686,24.6971664
no_match,315577.8,Ecluza AGIGEA sas drept,Canalul Dunăre-Marea Neagră,44.100148,28.620092,310.0,25.0,,w_osm_9944554519,Ecluza Izbiceni,43.8146686,24.6971664
no_match,315584.7,Ecluza AGIGEA sas stang,Canalul Dunăre-Marea Neagră,44.100573,28.620133,310.0,25.0,,w_osm_9944554519,Ecluza Izbiceni,43.8146686,24.6971664
