{"type":"FeatureCollection","features":[{"type":"Feature","geometry":{"type":"Point","coordinates":[4.778817,45.937595]},"properties":{"name":"Pont G\u00e9n\u00e9ral De Gaulle,Tr\u00e9voux","waterway":"Sa\u00f4ne","verclr_m":9.2,"horclr_m":null,"spans":2,"source":"VNF IENC (Licence Ouverte 2.0)"}},{"type":"Feature","geometry":{"type":"Point","coordinates":[4.772353,45.939311]},"properties":{"name":"Passerelle de Tr\u00e9voux","waterway":"Sa\u00f4ne","verclr_m":9.0,"horclr_m":null,"spans":2,"source":"VNF IENC (Licence Ouverte 2.0)"}},{"type":"Feature","geometry":{"type":"Point","coordinates":[4.728961,45.944353]},"properties":{"name":"Pont de Saint-Bernard","waterway":"Sa\u00f4ne","verclr_m":9.0,"horclr_m":null,"spans":2,"source":"VNF IENC (Licence Ouverte 2.0)"}},{"type":"Feature","geometry":{"type":"Point","coordinates":[4.750004,45.984524]},"properties":{"name":"Pont de Frans","waterway":"Sa\u00f4ne","verclr_m":9.2,"horclr_m":null,"spans":2,"source":"VNF IENC (Licence Ouverte 2.0)"}},{"type":"Feature","geometry":{"type":"Point","coordinates":[4.749673,45.996462]},"properties":{"name":"Nouveau pont de Jassans","waterway":"Sa\u00f4ne","verclr_m":9.1,"horclr_m":null,"spans":2,"source":"VNF IENC (Licence Ouverte 2.0)"}},{"type":"Feature","geometry":{"type":"Point","coordinates":[4.748783,46.001837]},"properties":{"name":"Pont de Beauregard","waterway":"Sa\u00f4ne","verclr_m":9.0,"horclr_m":null,"spans":2,"source":"VNF IENC (Licence Ouverte 2.0)"}},{"type":"Feature","geometry":{"type":"Point","coordinates":[8.113527,48.832567]},"properties":{"name":"Lock of Iffezheim","waterway":"Rhine","verclr_m":9.1,"horclr_m":null,"spans":1,"source":"VNF IENC (Licence Ouverte 2.0)"}},{"type":"Feature","geometry":{"type":"Point","coordinates":[8.113,48.832629]},"properties":{"name":"Lock of Iffezheim","waterway":"Rhine","verclr_m":9.1,"horclr_m":null,"spans":1,"source":"VNF IENC (Licence Ouverte 2.0)"}},{"type":"Feature","geometry":{"type":"Point","coordinates":[8.113584,48.847749]},"properties":{"name":"Railway- and Roadbridge Wintersdorf-Beinheim","waterway":"Rhine","verclr_m":9.1,"horclr_m":null,"spans":1,"source":"VNF IENC (Licence Ouverte 2.0)"}},{"type":"Feature","geometry":{"type":"Point","coordinates":[4.805152,45.903917]},"properties":{"name":"Pont A46","waterway":"Sa\u00f4ne","verclr_m":7.8,"horclr_m":null,"spans":2,"source":"VNF IENC (Licence Ouverte 2.0)"}},{"type":"Feature","geometry":{"type":"Point","coordinates":[4.833544,45.845037]},"properties":{"name":"Passerelle de Couzon","waterway":"Sa\u00f4ne","verclr_m":8.7,"horclr_m":null,"spans":2,"source":"VNF IENC (Licence Ouverte 2.0)"}},{"type":"Feature","geometry":{"type":"Point","coordinates":[4.836809,45.876874]},"properties":{"name":"Pont de Neuville sur Sa\u00f4ne","waterway":"Sa\u00f4ne","verclr_m":7.0,"horclr_m":null,"spans":2,"source":"VNF IENC (Licence Ouverte 2.0)"}},{"type":"Feature","geometry":{"type":"Point","coordinates":[2.950773,50.724556]},"properties":{"name":"Passerelle pi\u00e9tonne de Deulemont","waterway":"Canal Dunkerque\u2013Escaut","verclr_m":6.1,"horclr_m":null,"spans":1,"source":"VNF IENC (Licence Ouverte 2.0)"}},{"type":"Feature","geometry":{"type":"Point","coordinates":[2.945319,50.730358]},"properties":{"name":"Pont de De\u00fblemont","waterway":"Canal Dunkerque\u2013Escaut","verclr_m":6.09,"horclr_m":null,"spans":1,"source":"VNF IENC (Licence Ouverte 2.0)"}},{"type":"Feature","geometry":{"type":"Point","coordinates":[2.952052,50.750042]},"properties":{"name":"Pont de Warneton","waterway":"Canal Dunkerque\u2013Escaut","verclr_m":6.35,"horclr_m":null,"spans":1,"source":"VNF IENC (Licence Ouverte 2.0)"}},{"type":"Feature","geometry":{"type":"Point","coordinates":[3.004814,50.765664]},"properties":{"name":"Pont de Comines","waterway":"Canal Dunkerque\u2013Escaut","verclr_m":5.29,"horclr_m":null,"spans":1,"source":"VNF IENC (Licence Ouverte 2.0)"}},{"type":"Feature","geometry":{"type":"Point","coordinates":[3.024217,50.773857]},"properties":{"name":"Pont de Hansbekestraat","waterway":"Canal Dunkerque\u2013Escaut","verclr_m":8.39,"horclr_m":null,"spans":1,"source":"VNF IENC (Licence Ouverte 2.0)"}},{"type":"Feature","geometry":{"type":"Point","coordinates":[3.04305,50.776549]},"properties":{"name":"Pont de Wervicq","waterway":"Canal Dunkerque\u2013Escaut","verclr_m":5.25,"horclr_m":null,"spans":1,"source":"VNF IENC (Licence Ouverte 2.0)"}},{"type":"Feature","geometry":{"type":"Point","coordinates":[3.115195,50.788889]},"properties":{"name":"Pont d'Halluin","waterway":"Canal Dunkerque\u2013Escaut","verclr_m":6.42,"horclr_m":null,"spans":1,"source":"VNF IENC (Licence Ouverte 2.0)"}},{"type":"Feature","geometry":{"type":"Point","coordinates":[3.03428,50.774224]},"properties":{"name":"Passerelle de Balokkenbrug","waterway":"Canal Dunkerque\u2013Escaut","verclr_m":8.37,"horclr_m":null,"spans":1,"source":"VNF IENC (Licence Ouverte 2.0)"}},{"type":"Feature","geometry":{"type":"Point","coordinates":[3.119271,50.282913]},"properties":{"name":"Pont d'Arleux","waterway":"Canal Dunkerque\u2013Escaut","verclr_m":5.63,"horclr_m":null,"spans":1,"source":"VNF IENC (Licence Ouverte 2.0)"}},{"type":"Feature","geometry":{"type":"Point","coordinates":[3.140517,50.262644]},"properties":{"name":"Pont de l'Abbaye du Verger","waterway":"Canal Dunkerque\u2013Escaut","verclr_m":5.73,"horclr_m":null,"spans":1,"source":"VNF IENC (Licence Ouverte 2.0)"}},{"type":"Feature","geometry":{"type":"Point","coordinates":[3.157127,50.25968]},"properties":{"name":"Pont SNCF d'Aubigny au Bac","waterway":"Canal Dunkerque\u2013Escaut","verclr_m":5.51,"horclr_m":null,"spans":1,"source":"VNF IENC (Licence Ouverte 2.0)"}},{"type":"Feature","geometry":{"type":"Point","coordinates":[3.158903,50.259358]},"properties":{"name":"Pont d'Aubigny","waterway":"Canal Dunkerque\u2013Escaut","verclr_m":5.28,"horclr_m":null,"spans":1,"source":"VNF IENC (Licence Ouverte 2.0)"}},{"type":"Feature","geometry":{"type":"Point","coordinates":[3.200278,50.258101]},"properties":{"name":"Pont de Fressies","waterway":"Canal Dunkerque\u2013Escaut","verclr_m":5.42,"horclr_m":null,"spans":1,"source":"VNF IENC (Licence Ouverte 2.0)"}},{"type":"Feature","geometry":{"type":"Point","coordinates":[3.223848,50.259493]},"properties":{"name":"Pont d'Hem Lenglet","waterway":"Canal Dunkerque\u2013Escaut","verclr_m":5.52,"horclr_m":null,"spans":1,"source":"VNF IENC (Licence Ouverte 2.0)"}},{"type":"Feature","geometry":{"type":"Point","coordinates":[3.229248,50.259999]},"properties":{"name":"Passerelle d'Hem Lenglet","waterway":"Canal Dunkerque\u2013Escaut","verclr_m":5.41,"horclr_m":null,"spans":1,"source":"VNF IENC (Licence Ouverte 2.0)"}},{"type":"Feature","geometry":{"type":"Point","coordinates":[4.815891,45.731231]},"properties":{"name":"Pont routier de La Mulati\u00e8re","waterway":"Sa\u00f4ne","verclr_m":6.5,"horclr_m":null,"spans":2,"source":"VNF IENC (Licence Ouverte 2.0)"}},{"type":"Feature","geometry":{"type":"Point","coordinates":[4.815513,45.731431]},"properties":{"name":"Viaduc SNCF de la Mulati\u00e8re","waterway":"Sa\u00f4ne","verclr_m":6.4,"horclr_m":null,"spans":2,"source":"VNF IENC (Licence Ouverte 2.0)"}},{"type":"Feature","geometry":{"type":"Point","coordinates":[4.821221,45.750592]},"properties":{"name":"Pont SNCF La Quarantaine Perrache","waterway":"Sa\u00f4ne","verclr_m":7.0,"horclr_m":null,"spans":2,"source":"VNF IENC (Licence Ouverte 2.0)"}},{"type":"Feature","geometry":{"type":"Point","coordinates":[4.822186,45.751115]},"properties":{"name":"Pont Autoroutier A6","waterway":"Sa\u00f4ne","verclr_m":10.0,"horclr_m":null,"spans":2,"source":"VNF IENC (Licence Ouverte 2.0)"}},{"type":"Feature","geometry":{"type":"Point","coordinates":[4.822492,45.7514]},"properties":{"name":"Pont Kitchener Marchand","waterway":"Sa\u00f4ne","verclr_m":6.0,"horclr_m":null,"spans":2,"source":"VNF IENC (Licence Ouverte 2.0)"}},{"type":"Feature","geometry":{"type":"Point","coordinates":[4.826269,45.757101]},"properties":{"name":"Passerelle Saint-Georges","waterway":"Sa\u00f4ne","verclr_m":6.7,"horclr_m":null,"spans":2,"source":"VNF IENC (Licence Ouverte 2.0)"}},{"type":"Feature","geometry":{"type":"Point","coordinates":[4.828693,45.759471]},"properties":{"name":"Pont Bonaparte","waterway":"Sa\u00f4ne","verclr_m":6.1,"horclr_m":null,"spans":2,"source":"VNF IENC (Licence Ouverte 2.0)"}},{"type":"Feature","geometry":{"type":"Point","coordinates":[4.83017,45.761482]},"properties":{"name":"Passerelle Palais de justice","waterway":"Sa\u00f4ne","verclr_m":7.3,"horclr_m":null,"spans":2,"source":"VNF IENC (Licence Ouverte 2.0)"}},{"type":"Feature","geometry":{"type":"Point","coordinates":[4.830489,45.763262]},"properties":{"name":"Pont Mar\u00e9chal Juin","waterway":"Sa\u00f4ne","verclr_m":7.9,"horclr_m":null,"spans":2,"source":"VNF IENC (Licence Ouverte 2.0)"}},{"type":"Feature","geometry":{"type":"Point","coordinates":[4.829434,45.766514]},"properties":{"name":"Pont La Feuill\u00e9e","waterway":"Sa\u00f4ne","verclr_m":6.4,"horclr_m":null,"spans":2,"source":"VNF IENC (Licence Ouverte 2.0)"}},{"type":"Feature","geometry":{"type":"Point","coordinates":[4.827875,45.767512]},"properties":{"name":"Passerelle Saint Vincent","waterway":"Sa\u00f4ne","verclr_m":6.7,"horclr_m":null,"spans":2,"source":"VNF IENC (Licence Ouverte 2.0)"}},{"type":"Feature","geometry":{"type":"Point","coordinates":[4.820518,45.767333]},"properties":{"name":"Passerelle Homme de la Roche","waterway":"Sa\u00f4ne","verclr_m":7.8,"horclr_m":null,"spans":2,"source":"VNF IENC (Licence Ouverte 2.0)"}},{"type":"Feature","geometry":{"type":"Point","coordinates":[4.813351,45.770111]},"properties":{"name":"Pont Koenig","waterway":"Sa\u00f4ne","verclr_m":7.4,"horclr_m":null,"spans":2,"source":"VNF IENC (Licence Ouverte 2.0)"}},{"type":"Feature","geometry":{"type":"Point","coordinates":[4.809522,45.774866]},"properties":{"name":"Pont Georges Cl\u00e9menceau","waterway":"Sa\u00f4ne","verclr_m":6.9,"horclr_m":null,"spans":2,"source":"VNF IENC (Licence Ouverte 2.0)"}},{"type":"Feature","geometry":{"type":"Point","coordinates":[4.809281,45.778315]},"properties":{"name":"Pont Mazaryk","waterway":"Sa\u00f4ne","verclr_m":7.4,"horclr_m":null,"spans":2,"source":"VNF IENC (Licence Ouverte 2.0)"}},{"type":"Feature","geometry":{"type":"Point","coordinates":[4.846846,45.813809]},"properties":{"name":"Pont routier de Collonges","waterway":"Sa\u00f4ne","verclr_m":8.4,"horclr_m":null,"spans":2,"source":"VNF IENC (Licence Ouverte 2.0)"}},{"type":"Feature","geometry":{"type":"Point","coordinates":[4.847645,45.814157]},"properties":{"name":"Viaduc SNCF de Collonges","waterway":"Sa\u00f4ne","verclr_m":9.0,"horclr_m":null,"spans":2,"source":"VNF IENC (Licence Ouverte 2.0)"}},{"type":"Feature","geometry":{"type":"Point","coordinates":[4.831435,45.796543]},"properties":{"name":"Passerelle Ile Barbe","waterway":"Sa\u00f4ne","verclr_m":7.4,"horclr_m":null,"spans":2,"source":"VNF IENC (Licence Ouverte 2.0)"}},{"type":"Feature","geometry":{"type":"Point","coordinates":[4.847995,45.831661]},"properties":{"name":"Pont de Fontaines","waterway":"Sa\u00f4ne","verclr_m":9.0,"horclr_m":null,"spans":2,"source":"VNF IENC (Licence Ouverte 2.0)"}},{"type":"Feature","geometry":{"type":"Point","coordinates":[4.809818,45.78028]},"properties":{"name":"Pont Schuman","waterway":"Sa\u00f4ne","verclr_m":8.6,"horclr_m":null,"spans":2,"source":"VNF IENC (Licence Ouverte 2.0)"}},{"type":"Feature","geometry":{"type":"Point","coordinates":[4.810852,45.779996]},"properties":{"name":"Pont Schuman","waterway":"Sa\u00f4ne","verclr_m":8.6,"horclr_m":null,"spans":2,"source":"VNF IENC (Licence Ouverte 2.0)"}},{"type":"Feature","geometry":{"type":"Point","coordinates":[4.754847,46.080452]},"properties":{"name":"Pont de Montmerle","waterway":"Sa\u00f4ne","verclr_m":10.4,"horclr_m":null,"spans":2,"source":"VNF IENC (Licence Ouverte 2.0)"}},{"type":"Feature","geometry":{"type":"Point","coordinates":[4.76195,46.102511]},"properties":{"name":"Pont de Belleville","waterway":"Sa\u00f4ne","verclr_m":10.7,"horclr_m":null,"spans":2,"source":"VNF IENC (Licence Ouverte 2.0)"}},{"type":"Feature","geometry":{"type":"Point","coordinates":[3.522073,50.469247]},"properties":{"name":"Pont d'Hergnies","waterway":"Canal Dunkerque\u2013Escaut","verclr_m":7.73,"horclr_m":null,"spans":1,"source":"VNF IENC (Licence Ouverte 2.0)"}},{"type":"Feature","geometry":{"type":"Point","coordinates":[3.452106,50.50068]},"properties":{"name":"Pont de Mortagne","waterway":"Canal Dunkerque\u2013Escaut","verclr_m":5.35,"horclr_m":null,"spans":1,"source":"VNF IENC (Licence Ouverte 2.0)"}},{"type":"Feature","geometry":{"type":"Point","coordinates":[7.912141,48.686134]},"properties":{"name":"Lock of Gambsheim","waterway":"Rhine","verclr_m":9.1,"horclr_m":null,"spans":1,"source":"VNF IENC (Licence Ouverte 2.0)"}},{"type":"Feature","geometry":{"type":"Point","coordinates":[1.487796,49.095808]},"properties":{"name":"Pont-route de Vernon","waterway":"Seine","verclr_m":9.62,"horclr_m":50.0,"spans":1,"source":"VNF IENC (Licence Ouverte 2.0)"}},{"type":"Feature","geometry":{"type":"Point","coordinates":[1.488581,49.096337]},"properties":{"name":"Pont-route de Vernon","waterway":"Seine","verclr_m":9.62,"horclr_m":50.0,"spans":1,"source":"VNF IENC (Licence Ouverte 2.0)"}},{"type":"Feature","geometry":{"type":"Point","coordinates":[7.572016,47.911334]},"properties":{"name":"Lock of Fessenheim","waterway":"Rhine","verclr_m":7.0,"horclr_m":null,"spans":1,"source":"VNF IENC (Licence Ouverte 2.0)"}},{"type":"Feature","geometry":{"type":"Point","coordinates":[2.624891,50.575958]},"properties":{"name":"Pont d'Hinges","waterway":"Canal Dunkerque\u2013Escaut","verclr_m":5.28,"horclr_m":null,"spans":1,"source":"VNF IENC (Licence Ouverte 2.0)"}},{"type":"Feature","geometry":{"type":"Point","coordinates":[2.63803,50.569631]},"properties":{"name":"Pont d'Hingettes","waterway":"Canal Dunkerque\u2013Escaut","verclr_m":5.47,"horclr_m":null,"spans":1,"source":"VNF IENC (Licence Ouverte 2.0)"}},{"type":"Feature","geometry":{"type":"Point","coordinates":[2.687798,50.53691]},"properties":{"name":"Pont de Gorre","waterway":"Canal Dunkerque\u2013Escaut","verclr_m":7.07,"horclr_m":null,"spans":1,"source":"VNF IENC (Licence Ouverte 2.0)"}},{"type":"Feature","geometry":{"type":"Point","coordinates":[2.690971,50.536316]},"properties":{"name":"Passerelle de Beuvry","waterway":"Canal Dunkerque\u2013Escaut","verclr_m":5.5,"horclr_m":null,"spans":1,"source":"VNF IENC (Licence Ouverte 2.0)"}},{"type":"Feature","geometry":{"type":"Point","coordinates":[2.747518,50.522659]},"properties":{"name":"Pont de Cuinchy","waterway":"Canal Dunkerque\u2013Escaut","verclr_m":5.25,"horclr_m":null,"spans":1,"source":"VNF IENC (Licence Ouverte 2.0)"}},{"type":"Feature","geometry":{"type":"Point","coordinates":[2.653729,50.544358]},"properties":{"name":"Pont d'Essars","waterway":"Canal Dunkerque\u2013Escaut","verclr_m":7.0,"horclr_m":null,"spans":1,"source":"VNF IENC (Licence Ouverte 2.0)"}},{"type":"Feature","geometry":{"type":"Point","coordinates":[2.64252,50.561555]},"properties":{"name":"Pont d'Avelettes","waterway":"Canal Dunkerque\u2013Escaut","verclr_m":5.26,"horclr_m":null,"spans":1,"source":"VNF IENC (Licence Ouverte 2.0)"}},{"type":"Feature","geometry":{"type":"Point","coordinates":[1.398894,49.23659]},"properties":{"name":"Pont-route des Andelys","waterway":"Seine","verclr_m":12.0,"horclr_m":80.0,"spans":2,"source":"VNF IENC (Licence Ouverte 2.0)"}},{"type":"Feature","geometry":{"type":"Point","coordinates":[1.088161,49.437983]},"properties":{"name":"Pont Jeanne d'Arc","waterway":"Seine","verclr_m":7.01,"horclr_m":40.0,"spans":1,"source":"VNF IENC (Licence Ouverte 2.0)"}},{"type":"Feature","geometry":{"type":"Point","coordinates":[1.091167,49.437139]},"properties":{"name":"Pont Boieldieu","waterway":"Seine","verclr_m":7.0,"horclr_m":40.0,"spans":2,"source":"VNF IENC (Licence Ouverte 2.0)"}},{"type":"Feature","geometry":{"type":"Point","coordinates":[1.094698,49.435385]},"properties":{"name":"Pont Corneille - Bras du Cours-la-Reine","waterway":"Seine","verclr_m":7.0,"horclr_m":40.0,"spans":2,"source":"VNF IENC (Licence Ouverte 2.0)"}},{"type":"Feature","geometry":{"type":"Point","coordinates":[1.095819,49.436491]},"properties":{"name":"Pont Corneille - Bras du Pr\u00e9-au-Loup","waterway":"Seine","verclr_m":7.0,"horclr_m":40.0,"spans":2,"source":"VNF IENC (Licence Ouverte 2.0)"}},{"type":"Feature","geometry":{"type":"Point","coordinates":[1.101844,49.430547]},"properties":{"name":"Pont Mathilde - Bras du Cours-la-Reine","waterway":"Seine","verclr_m":7.0,"horclr_m":40.0,"spans":2,"source":"VNF IENC (Licence Ouverte 2.0)"}},{"type":"Feature","geometry":{"type":"Point","coordinates":[1.104225,49.432817]},"properties":{"name":"Pont Mathilde - Bras du Pr\u00e9-au-Loup","waterway":"Seine","verclr_m":7.0,"horclr_m":40.0,"spans":2,"source":"VNF IENC (Licence Ouverte 2.0)"}},{"type":"Feature","geometry":{"type":"Point","coordinates":[1.108187,49.425937]},"properties":{"name":"Viaduc d'Eauplet (SNCF)","waterway":"Seine","verclr_m":6.11,"horclr_m":65.0,"spans":1,"source":"VNF IENC (Licence Ouverte 2.0)"}},{"type":"Feature","geometry":{"type":"Point","coordinates":[1.110279,49.427268]},"properties":{"name":"Viaduc d'Eauplet (SNCF)","waterway":"Seine","verclr_m":6.63,"horclr_m":60.0,"spans":1,"source":"VNF IENC (Licence Ouverte 2.0)"}},{"type":"Feature","geometry":{"type":"Point","coordinates":[5.965501,48.708919]},"properties":{"name":"Pont T\u00eate Aval Ecluse de FONTENOY (Chemin communal)","waterway":"Moselle","verclr_m":8.92,"horclr_m":null,"spans":1,"source":"VNF IENC (Licence Ouverte 2.0)"}},{"type":"Feature","geometry":{"type":"Point","coordinates":[5.96626,48.709378]},"properties":{"name":"Pont SNCF de FONTENOY","waterway":"Moselle","verclr_m":6.55,"horclr_m":30.36,"spans":1,"source":"VNF IENC (Licence Ouverte 2.0)"}},{"type":"Feature","geometry":{"type":"Point","coordinates":[5.973096,48.711501]},"properties":{"name":"Viaduc de FONTENOY D191A","waterway":"Moselle","verclr_m":15.8,"horclr_m":null,"spans":1,"source":"VNF IENC (Licence Ouverte 2.0)"}},{"type":"Feature","geometry":{"type":"Point","coordinates":[5.895704,48.671527]},"properties":{"name":"Pont T\u00eate Aval Grande Ecluse de TOUL","waterway":"Moselle","verclr_m":7.11,"horclr_m":14.14,"spans":1,"source":"VNF IENC (Licence Ouverte 2.0)"}},{"type":"Feature","geometry":{"type":"Point","coordinates":[5.898912,48.674791]},"properties":{"name":"Pont Rail biais de TOUL","waterway":"Moselle","verclr_m":6.65,"horclr_m":22.32,"spans":1,"source":"VNF IENC (Licence Ouverte 2.0)"}},{"type":"Feature","geometry":{"type":"Point","coordinates":[5.905095,48.681713]},"properties":{"name":"Pont de TOUL","waterway":"Moselle","verclr_m":6.03,"horclr_m":44.37,"spans":1,"source":"VNF IENC (Licence Ouverte 2.0)"}},{"type":"Feature","geometry":{"type":"Point","coordinates":[5.908497,48.684598]},"properties":{"name":"Pont de la liaison A4-RN 411 OA4","waterway":"Moselle","verclr_m":6.17,"horclr_m":46.26,"spans":1,"source":"VNF IENC (Licence Ouverte 2.0)"}},{"type":"Feature","geometry":{"type":"Point","coordinates":[5.942385,48.691411]},"properties":{"name":"Pont de GONDREVILLE","waterway":"Moselle","verclr_m":6.08,"horclr_m":44.33,"spans":1,"source":"VNF IENC (Licence Ouverte 2.0)"}},{"type":"Feature","geometry":{"type":"Point","coordinates":[5.973907,48.649393]},"properties":{"name":"Pont T\u00eate Ecluse VILLEY-LE-SEC","waterway":"Moselle","verclr_m":8.6,"horclr_m":13.1,"spans":1,"source":"VNF IENC (Licence Ouverte 2.0)"}},{"type":"Feature","geometry":{"type":"Point","coordinates":[5.934048,48.645021]},"properties":{"name":"Pont de PIERRE-LA-TREICHE","waterway":"Moselle","verclr_m":7.26,"horclr_m":50.52,"spans":1,"source":"VNF IENC (Licence Ouverte 2.0)"}},{"type":"Feature","geometry":{"type":"Point","coordinates":[5.895993,48.656103]},"properties":{"name":"A31 OA11-2 (Initial)","waterway":"Moselle","verclr_m":6.06,"horclr_m":46.92,"spans":1,"source":"VNF IENC (Licence Ouverte 2.0)"}},{"type":"Feature","geometry":{"type":"Point","coordinates":[5.895982,48.656212]},"properties":{"name":"A31 OA11-2 (Doublement)","waterway":"Moselle","verclr_m":5.99,"horclr_m":46.99,"spans":1,"source":"VNF IENC (Licence Ouverte 2.0)"}},{"type":"Feature","geometry":{"type":"Point","coordinates":[5.895927,48.656632]},"properties":{"name":"Pont de VALCOURT","waterway":"Moselle","verclr_m":6.2,"horclr_m":46.67,"spans":1,"source":"VNF IENC (Licence Ouverte 2.0)"}},{"type":"Feature","geometry":{"type":"Point","coordinates":[7.577554,48.020132]},"properties":{"name":"Lock of Vogelgr\u00fcn","waterway":"Rhine","verclr_m":7.0,"horclr_m":null,"spans":1,"source":"VNF IENC (Licence Ouverte 2.0)"}},{"type":"Feature","geometry":{"type":"Point","coordinates":[1.353731,49.179154]},"properties":{"name":"Pont-route de Courcelles","waterway":"Seine","verclr_m":11.83,"horclr_m":40.0,"spans":2,"source":"VNF IENC (Licence Ouverte 2.0)"}},{"type":"Feature","geometry":{"type":"Point","coordinates":[2.906855,50.541928]},"properties":{"name":"Pont RFF de Don (1/2)","waterway":"Canal Dunkerque\u2013Escaut","verclr_m":5.56,"horclr_m":null,"spans":1,"source":"VNF IENC (Licence Ouverte 2.0)"}},{"type":"Feature","geometry":{"type":"Point","coordinates":[2.92056,50.546578]},"properties":{"name":"Pont de Don","waterway":"Canal Dunkerque\u2013Escaut","verclr_m":5.47,"horclr_m":null,"spans":1,"source":"VNF IENC (Licence Ouverte 2.0)"}},{"type":"Feature","geometry":{"type":"Point","coordinates":[2.949915,50.557364]},"properties":{"name":"Pont des Ansereuilles","waterway":"Canal Dunkerque\u2013Escaut","verclr_m":5.52,"horclr_m":null,"spans":1,"source":"VNF IENC (Licence Ouverte 2.0)"}},{"type":"Feature","geometry":{"type":"Point","coordinates":[2.966218,50.569359]},"properties":{"name":"Pont de Wavrin","waterway":"Canal Dunkerque\u2013Escaut","verclr_m":5.28,"horclr_m":null,"spans":1,"source":"VNF IENC (Licence Ouverte 2.0)"}},{"type":"Feature","geometry":{"type":"Point","coordinates":[2.97819,50.579723]},"properties":{"name":"Pont d'Houplin","waterway":"Canal Dunkerque\u2013Escaut","verclr_m":5.52,"horclr_m":null,"spans":1,"source":"VNF IENC (Licence Ouverte 2.0)"}},{"type":"Feature","geometry":{"type":"Point","coordinates":[2.983006,50.598085]},"properties":{"name":"Pont de Santes","waterway":"Canal Dunkerque\u2013Escaut","verclr_m":5.48,"horclr_m":null,"spans":1,"source":"VNF IENC (Licence Ouverte 2.0)"}},{"type":"Feature","geometry":{"type":"Point","coordinates":[2.983219,50.601121]},"properties":{"name":"Passerelle pi\u00e9tonne de Santes","waterway":"Canal Dunkerque\u2013Escaut","verclr_m":5.53,"horclr_m":null,"spans":1,"source":"VNF IENC (Licence Ouverte 2.0)"}},{"type":"Feature","geometry":{"type":"Point","coordinates":[2.982677,50.604006]},"properties":{"name":"Pont RFF de Haubourdin (1/2)","waterway":"Canal Dunkerque\u2013Escaut","verclr_m":5.44,"horclr_m":null,"spans":1,"source":"VNF IENC (Licence Ouverte 2.0)"}},{"type":"Feature","geometry":{"type":"Point","coordinates":[2.982096,50.606881]},"properties":{"name":"Pont de la rue du Ch\u00e2teau","waterway":"Canal Dunkerque\u2013Escaut","verclr_m":5.59,"horclr_m":null,"spans":1,"source":"VNF IENC (Licence Ouverte 2.0)"}},{"type":"Feature","geometry":{"type":"Point","coordinates":[2.981699,50.608848]},"properties":{"name":"Passerelle pi\u00e9tonne d' Haubourdin","waterway":"Canal Dunkerque\u2013Escaut","verclr_m":5.25,"horclr_m":null,"spans":1,"source":"VNF IENC (Licence Ouverte 2.0)"}},{"type":"Feature","geometry":{"type":"Point","coordinates":[2.981819,50.610603]},"properties":{"name":"Pont du CD 941 \u00e0 Haubourdin","waterway":"Canal Dunkerque\u2013Escaut","verclr_m":5.68,"horclr_m":null,"spans":1,"source":"VNF IENC (Licence Ouverte 2.0)"}},{"type":"Feature","geometry":{"type":"Point","coordinates":[2.940963,50.553295]},"properties":{"name":"Passerelle des eaux du Nord","waterway":"Canal Dunkerque\u2013Escaut","verclr_m":5.56,"horclr_m":null,"spans":1,"source":"VNF IENC (Licence Ouverte 2.0)"}},{"type":"Feature","geometry":{"type":"Point","coordinates":[2.906173,50.541165]},"properties":{"name":"Oxyduc de Denain","waterway":"Canal Dunkerque\u2013Escaut","verclr_m":5.56,"horclr_m":null,"spans":1,"source":"VNF IENC (Licence Ouverte 2.0)"}},{"type":"Feature","geometry":{"type":"Point","coordinates":[2.906949,50.542004]},"properties":{"name":"Pont RFF de Don (2/2)","waterway":"Canal Dunkerque\u2013Escaut","verclr_m":5.57,"horclr_m":null,"spans":1,"source":"VNF IENC (Licence Ouverte 2.0)"}},{"type":"Feature","geometry":{"type":"Point","coordinates":[2.982597,50.604104]},"properties":{"name":"Pont RFF de Haubourdin (2/2)","waterway":"Canal Dunkerque\u2013Escaut","verclr_m":5.44,"horclr_m":null,"spans":1,"source":"VNF IENC (Licence Ouverte 2.0)"}},{"type":"Feature","geometry":{"type":"Point","coordinates":[7.769958,48.49152]},"properties":{"name":"Bridge Altenheim-Eschau","waterway":"Rhine","verclr_m":7.0,"horclr_m":null,"spans":1,"source":"VNF IENC (Licence Ouverte 2.0)"}},{"type":"Feature","geometry":{"type":"Point","coordinates":[7.794463,48.525733]},"properties":{"name":"Lock of Strasbourg","waterway":"Rhine","verclr_m":7.0,"horclr_m":null,"spans":1,"source":"VNF IENC (Licence Ouverte 2.0)"}},{"type":"Feature","geometry":{"type":"Point","coordinates":[6.103605,48.607462]},"properties":{"name":"Pont SNCF de PONT-SAINT-VINCENT","waterway":"Moselle","verclr_m":8.23,"horclr_m":12.91,"spans":1,"source":"VNF IENC (Licence Ouverte 2.0)"}},{"type":"Feature","geometry":{"type":"Point","coordinates":[6.100236,48.607859]},"properties":{"name":"Pont de NEUVES-MAISONS","waterway":"Moselle","verclr_m":6.98,"horclr_m":41.94,"spans":1,"source":"VNF IENC (Licence Ouverte 2.0)"}},{"type":"Feature","geometry":{"type":"Point","coordinates":[6.073792,48.619617]},"properties":{"name":"Passerelle de CHALIGNY","waterway":"Moselle","verclr_m":6.91,"horclr_m":58.93,"spans":1,"source":"VNF IENC (Licence Ouverte 2.0)"}},{"type":"Feature","geometry":{"type":"Point","coordinates":[6.043343,48.634677]},"properties":{"name":"Pont de MARON","waterway":"Moselle","verclr_m":6.86,"horclr_m":49.25,"spans":1,"source":"VNF IENC (Licence Ouverte 2.0)"}},{"type":"Feature","geometry":{"type":"Point","coordinates":[6.11686,48.608081]},"properties":{"name":"Passerelle Usine Neuves-Maisons","waterway":"Moselle","verclr_m":6.61,"horclr_m":31.62,"spans":1,"source":"VNF IENC (Licence Ouverte 2.0)"}},{"type":"Feature","geometry":{"type":"Point","coordinates":[6.103818,48.607429]},"properties":{"name":"Pont T\u00eate Aval Ecluse NEUVES-MAISONS","waterway":"Moselle","verclr_m":7.47,"horclr_m":11.97,"spans":1,"source":"VNF IENC (Licence Ouverte 2.0)"}},{"type":"Feature","geometry":{"type":"Point","coordinates":[2.211087,50.844351]},"properties":{"name":"Viaduc TGV de la Haute Colme","waterway":"Canal Dunkerque\u2013Escaut","verclr_m":6.06,"horclr_m":null,"spans":1,"source":"VNF IENC (Licence Ouverte 2.0)"}},{"type":"Feature","geometry":{"type":"Point","coordinates":[2.208972,50.838957]},"properties":{"name":"Pont du CD 3 \u00e0 Holque","waterway":"Canal Dunkerque\u2013Escaut","verclr_m":5.25,"horclr_m":null,"spans":1,"source":"VNF IENC (Licence Ouverte 2.0)"}},{"type":"Feature","geometry":{"type":"Point","coordinates":[2.210122,50.83012]},"properties":{"name":"Pont de Watten","waterway":"Canal Dunkerque\u2013Escaut","verclr_m":5.28,"horclr_m":null,"spans":1,"source":"VNF IENC (Licence Ouverte 2.0)"}},{"type":"Feature","geometry":{"type":"Point","coordinates":[2.250711,50.789729]},"properties":{"name":"Pont de St Momelin","waterway":"Canal Dunkerque\u2013Escaut","verclr_m":6.47,"horclr_m":null,"spans":1,"source":"VNF IENC (Licence Ouverte 2.0)"}},{"type":"Feature","geometry":{"type":"Point","coordinates":[2.423002,49.21362]},"properties":{"name":"Pont de Saint-Leu-d'Esserent","waterway":"Oise","verclr_m":6.71,"horclr_m":26.5,"spans":2,"source":"VNF IENC (Licence Ouverte 2.0)"}},{"type":"Feature","geometry":{"type":"Point","coordinates":[2.443161,49.231193]},"properties":{"name":"Pont de Laversine (SNCF)","waterway":"Oise","verclr_m":9.32,"horclr_m":19.5,"spans":2,"source":"VNF IENC (Licence Ouverte 2.0)"}},{"type":"Feature","geometry":{"type":"Point","coordinates":[2.474114,49.261913]},"properties":{"name":"Pont de ville de Creil (ancienne RN16)","waterway":"Oise","verclr_m":6.1,"horclr_m":20.0,"spans":4,"source":"VNF IENC (Licence Ouverte 2.0)"}},{"type":"Feature","geometry":{"type":"Point","coordinates":[2.486663,49.264408]},"properties":{"name":"Pont de Creil (d\u00e9viation D1016)","waterway":"Oise","verclr_m":6.82,"horclr_m":58.0,"spans":2,"source":"VNF IENC (Licence Ouverte 2.0)"}},{"type":"Feature","geometry":{"type":"Point","coordinates":[6.165564,49.344843]},"properties":{"name":"Pont T\u00eate Aval Ecluse de THIONVILLE","waterway":"Moselle","verclr_m":9.91,"horclr_m":13.39,"spans":1,"source":"VNF IENC (Licence Ouverte 2.0)"}},{"type":"Feature","geometry":{"type":"Point","coordinates":[6.161863,49.348861]},"properties":{"name":"Pont SNCF de THIONVILLE SUD","waterway":"Moselle","verclr_m":7.19,"horclr_m":49.31,"spans":1,"source":"VNF IENC (Licence Ouverte 2.0)"}},{"type":"Feature","geometry":{"type":"Point","coordinates":[6.169408,49.356474]},"properties":{"name":"Pont des Alli\u00e9s","waterway":"Moselle","verclr_m":7.58,"horclr_m":52.23,"spans":1,"source":"VNF IENC (Licence Ouverte 2.0)"}},{"type":"Feature","geometry":{"type":"Point","coordinates":[6.179808,49.36198]},"properties":{"name":"Pont SNCF de THIONVILLE NORD","waterway":"Moselle","verclr_m":6.38,"horclr_m":23.85,"spans":1,"source":"VNF IENC (Licence Ouverte 2.0)"}},{"type":"Feature","geometry":{"type":"Point","coordinates":[6.16797,49.321305]},"properties":{"name":"Passerelle Porte de Garde UCKANGE","waterway":"Moselle","verclr_m":7.76,"horclr_m":18.04,"spans":1,"source":"VNF IENC (Licence Ouverte 2.0)"}},{"type":"Feature","geometry":{"type":"Point","coordinates":[6.084174,49.073989]},"properties":{"name":"Passerelle Aval Ecluse d'ARS-SUR-MOSELLE","waterway":"Moselle","verclr_m":9.2,"horclr_m":12.66,"spans":1,"source":"VNF IENC (Licence Ouverte 2.0)"}},{"type":"Feature","geometry":{"type":"Point","coordinates":[6.090042,49.080347]},"properties":{"name":"Pont Rail Amont d'ARS-SUR-MOSELLE","waterway":"Moselle","verclr_m":8.91,"horclr_m":25.2,"spans":1,"source":"VNF IENC (Licence Ouverte 2.0)"}},{"type":"Feature","geometry":{"type":"Point","coordinates":[6.089937,49.080563]},"properties":{"name":"Pont Rail Aval d'ARS-SUR-MOSELLE","waterway":"Moselle","verclr_m":8.86,"horclr_m":32.86,"spans":1,"source":"VNF IENC (Licence Ouverte 2.0)"}},{"type":"Feature","geometry":{"type":"Point","coordinates":[6.114016,49.100889]},"properties":{"name":"Pont de MOULINS-LES-METZ","waterway":"Moselle","verclr_m":7.45,"horclr_m":46.02,"spans":1,"source":"VNF IENC (Licence Ouverte 2.0)"}},{"type":"Feature","geometry":{"type":"Point","coordinates":[6.135076,49.103677]},"properties":{"name":"Pont Rail Amont de MONTIGNY","waterway":"Moselle","verclr_m":7.92,"horclr_m":40.51,"spans":1,"source":"VNF IENC (Licence Ouverte 2.0)"}},{"type":"Feature","geometry":{"type":"Point","coordinates":[6.13521,49.103676]},"properties":{"name":"Pont Rail Aval de MONTIGNY","waterway":"Moselle","verclr_m":7.58,"horclr_m":40.39,"spans":1,"source":"VNF IENC (Licence Ouverte 2.0)"}},{"type":"Feature","geometry":{"type":"Point","coordinates":[6.145796,49.118048]},"properties":{"name":"Pont de VERDUN","waterway":"Moselle","verclr_m":6.58,"horclr_m":47.9,"spans":1,"source":"VNF IENC (Licence Ouverte 2.0)"}},{"type":"Feature","geometry":{"type":"Point","coordinates":[6.160407,49.118517]},"properties":{"name":"A31 OA n\u00b011","waterway":"Moselle","verclr_m":4.92,"horclr_m":25.08,"spans":1,"source":"VNF IENC (Licence Ouverte 2.0)"}},{"type":"Feature","geometry":{"type":"Point","coordinates":[6.078802,49.071754]},"properties":{"name":"Pont du CD 11","waterway":"Moselle","verclr_m":6.48,"horclr_m":39.2,"spans":1,"source":"VNF IENC (Licence Ouverte 2.0)"}},{"type":"Feature","geometry":{"type":"Point","coordinates":[2.882687,50.474826]},"properties":{"name":"Pont RFF de Pont \u00e0 Vendin","waterway":"Canal Dunkerque\u2013Escaut","verclr_m":5.25,"horclr_m":null,"spans":1,"source":"VNF IENC (Licence Ouverte 2.0)"}},{"type":"Feature","geometry":{"type":"Point","coordinates":[2.883081,50.473984]},"properties":{"name":"Pont de Pont \u00e0 Vendin","waterway":"Canal Dunkerque\u2013Escaut","verclr_m":5.41,"horclr_m":null,"spans":1,"source":"VNF IENC (Licence Ouverte 2.0)"}},{"type":"Feature","geometry":{"type":"Point","coordinates":[2.909942,50.468853]},"properties":{"name":"Pont Maudit","waterway":"Canal Dunkerque\u2013Escaut","verclr_m":5.25,"horclr_m":null,"spans":1,"source":"VNF IENC (Licence Ouverte 2.0)"}},{"type":"Feature","geometry":{"type":"Point","coordinates":[2.941876,50.468816]},"properties":{"name":"Pont de Courri\u00e8res","waterway":"Canal Dunkerque\u2013Escaut","verclr_m":5.26,"horclr_m":null,"spans":1,"source":"VNF IENC (Licence Ouverte 2.0)"}},{"type":"Feature","geometry":{"type":"Point","coordinates":[2.94558,50.469165]},"properties":{"name":"Pont RFF de Courri\u00e8res","waterway":"Canal Dunkerque\u2013Escaut","verclr_m":5.37,"horclr_m":null,"spans":1,"source":"VNF IENC (Licence Ouverte 2.0)"}},{"type":"Feature","geometry":{"type":"Point","coordinates":[2.966947,50.464375]},"properties":{"name":"Pont de la Batterie","waterway":"Canal Dunkerque\u2013Escaut","verclr_m":5.25,"horclr_m":null,"spans":1,"source":"VNF IENC (Licence Ouverte 2.0)"}},{"type":"Feature","geometry":{"type":"Point","coordinates":[2.970676,50.458278]},"properties":{"name":"Pont RFF du TGV","waterway":"Canal Dunkerque\u2013Escaut","verclr_m":6.99,"horclr_m":null,"spans":1,"source":"VNF IENC (Licence Ouverte 2.0)"}},{"type":"Feature","geometry":{"type":"Point","coordinates":[2.972059,50.456027]},"properties":{"name":"Pont Autoroute A1 (3/3)","waterway":"Canal Dunkerque\u2013Escaut","verclr_m":7.31,"horclr_m":null,"spans":1,"source":"VNF IENC (Licence Ouverte 2.0)"}},{"type":"Feature","geometry":{"type":"Point","coordinates":[2.976734,50.451164]},"properties":{"name":"Plate-forme multimodale de Dourges","waterway":"Canal Dunkerque\u2013Escaut","verclr_m":7.54,"horclr_m":null,"spans":1,"source":"VNF IENC (Licence Ouverte 2.0)"}},{"type":"Feature","geometry":{"type":"Point","coordinates":[2.972183,50.455873]},"properties":{"name":"Pont Autoroute A1 (2/3)","waterway":"Canal Dunkerque\u2013Escaut","verclr_m":7.32,"horclr_m":null,"spans":1,"source":"VNF IENC (Licence Ouverte 2.0)"}},{"type":"Feature","geometry":{"type":"Point","coordinates":[2.972349,50.455693]},"properties":{"name":"Pont Autoroute A1 (1/3)","waterway":"Canal Dunkerque\u2013Escaut","verclr_m":7.51,"horclr_m":null,"spans":1,"source":"VNF IENC (Licence Ouverte 2.0)"}},{"type":"Feature","geometry":{"type":"Point","coordinates":[2.158708,48.944639]},"properties":{"name":"Pont-route de Maisons Laffitte","waterway":"Seine","verclr_m":10.35,"horclr_m":23.0,"spans":1,"source":"VNF IENC (Licence Ouverte 2.0)"}},{"type":"Feature","geometry":{"type":"Point","coordinates":[2.15793,48.94505]},"properties":{"name":"Pont-route de Maisons Laffitte","waterway":"Seine","verclr_m":10.39,"horclr_m":23.0,"spans":4,"source":"VNF IENC (Licence Ouverte 2.0)"}},{"type":"Feature","geometry":{"type":"Point","coordinates":[2.152803,48.940231]},"properties":{"name":"Pont SNCF de Maisons Laffitte","waterway":"Seine","verclr_m":12.44,"horclr_m":16.0,"spans":4,"source":"VNF IENC (Licence Ouverte 2.0)"}},{"type":"Feature","geometry":{"type":"Point","coordinates":[2.151965,48.940774]},"properties":{"name":"Pont SNCF de Maisons Laffitte","waterway":"Seine","verclr_m":12.34,"horclr_m":16.0,"spans":6,"source":"VNF IENC (Licence Ouverte 2.0)"}},{"type":"Feature","geometry":{"type":"Point","coordinates":[2.119818,48.917678]},"properties":{"name":"Pont-route A14","waterway":"Seine","verclr_m":12.4,"horclr_m":90.0,"spans":2,"source":"VNF IENC (Licence Ouverte 2.0)"}},{"type":"Feature","geometry":{"type":"Point","coordinates":[2.109994,48.903402]},"properties":{"name":"Pont SNCF du Pecq Bras Gauche","waterway":"Seine","verclr_m":13.43,"horclr_m":27.0,"spans":2,"source":"VNF IENC (Licence Ouverte 2.0)"}},{"type":"Feature","geometry":{"type":"Point","coordinates":[2.112322,48.902969]},"properties":{"name":"Pont SNCF du Pecq Bras Droit","waterway":"Seine","verclr_m":9.98,"horclr_m":27.0,"spans":2,"source":"VNF IENC (Licence Ouverte 2.0)"}},{"type":"Feature","geometry":{"type":"Point","coordinates":[2.108568,48.897897]},"properties":{"name":"Pont-route du Pecq","waterway":"Seine","verclr_m":11.67,"horclr_m":40.0,"spans":2,"source":"VNF IENC (Licence Ouverte 2.0)"}},{"type":"Feature","geometry":{"type":"Point","coordinates":[2.137294,48.8702]},"properties":{"name":"Pont-route de Croissy","waterway":"Seine","verclr_m":12.56,"horclr_m":40.0,"spans":2,"source":"VNF IENC (Licence Ouverte 2.0)"}},{"type":"Feature","geometry":{"type":"Point","coordinates":[2.137179,48.868046]},"properties":{"name":"Pont-route de Bougival","waterway":"Seine","verclr_m":7.76,"horclr_m":40.0,"spans":2,"source":"VNF IENC (Licence Ouverte 2.0)"}},{"type":"Feature","geometry":{"type":"Point","coordinates":[2.158856,48.885196]},"properties":{"name":"Pont SNCF de Chatou Bras Droit","waterway":"Seine","verclr_m":12.4,"horclr_m":50.0,"spans":2,"source":"VNF IENC (Licence Ouverte 2.0)"}},{"type":"Feature","geometry":{"type":"Point","coordinates":[2.163394,48.885675]},"properties":{"name":"Pont SNCF de Rueil Bras Gauche","waterway":"Seine","verclr_m":8.01,"horclr_m":15.0,"spans":2,"source":"VNF IENC (Licence Ouverte 2.0)"}},{"type":"Feature","geometry":{"type":"Point","coordinates":[2.161239,48.888553]},"properties":{"name":"Pont-route de Chatou Bras Droit","waterway":"Seine","verclr_m":11.85,"horclr_m":40.0,"spans":2,"source":"VNF IENC (Licence Ouverte 2.0)"}},{"type":"Feature","geometry":{"type":"Point","coordinates":[2.16325,48.888195]},"properties":{"name":"Pont-route de Reuil Bras Gauche","waterway":"Seine","verclr_m":8.38,"horclr_m":70.0,"spans":2,"source":"VNF IENC (Licence Ouverte 2.0)"}},{"type":"Feature","geometry":{"type":"Point","coordinates":[2.038936,48.936592]},"properties":{"name":"Pont-route de Poissy","waterway":"Seine","verclr_m":12.26,"horclr_m":40.0,"spans":2,"source":"VNF IENC (Licence Ouverte 2.0)"}},{"type":"Feature","geometry":{"type":"Point","coordinates":[2.075481,48.987079]},"properties":{"name":"Pont SNCF de Conflans","waterway":"Seine","verclr_m":9.55,"horclr_m":38.0,"spans":2,"source":"VNF IENC (Licence Ouverte 2.0)"}},{"type":"Feature","geometry":{"type":"Point","coordinates":[2.082594,48.988815]},"properties":{"name":"Pont-route de Conflans-Ste-Honorine","waterway":"Seine","verclr_m":14.77,"horclr_m":83.0,"spans":2,"source":"VNF IENC (Licence Ouverte 2.0)"}},{"type":"Feature","geometry":{"type":"Point","coordinates":[2.082856,48.988871]},"properties":{"name":"Passerelle de Conflans-Ste-Honorine","waterway":"Seine","verclr_m":10.4,"horclr_m":60.0,"spans":2,"source":"VNF IENC (Licence Ouverte 2.0)"}},{"type":"Feature","geometry":{"type":"Point","coordinates":[2.065729,49.007383]},"properties":{"name":"Pont de Neuville (D55A)","waterway":"Seine","verclr_m":10.0,"horclr_m":2.0,"spans":10,"source":"VNF IENC (Licence Ouverte 2.0)"}},{"type":"Feature","geometry":{"type":"Point","coordinates":[2.072144,48.991841]},"properties":{"name":"Pont Eiffel (SNCF)","waterway":"Seine","verclr_m":13.16,"horclr_m":2.0,"spans":10,"source":"VNF IENC (Licence Ouverte 2.0)"}},{"type":"Feature","geometry":{"type":"Point","coordinates":[2.072666,48.991858]},"properties":{"name":"Pont Eiffel (SNCF)","waterway":"Seine","verclr_m":13.16,"horclr_m":19.0,"spans":4,"source":"VNF IENC (Licence Ouverte 2.0)"}},{"type":"Feature","geometry":{"type":"Point","coordinates":[2.071932,48.988943]},"properties":{"name":"Pont de Conflans (D48)","waterway":"Seine","verclr_m":7.5,"horclr_m":2.0,"spans":12,"source":"VNF IENC (Licence Ouverte 2.0)"}},{"type":"Feature","geometry":{"type":"Point","coordinates":[6.168156,49.129625]},"properties":{"name":"Passerelle T\u00eate Aval Petite Ecluse METZ","waterway":"Moselle","verclr_m":5.71,"horclr_m":6.15,"spans":1,"source":"VNF IENC (Licence Ouverte 2.0)"}},{"type":"Feature","geometry":{"type":"Point","coordinates":[6.169356,49.130241]},"properties":{"name":"Pont Eble","waterway":"Moselle","verclr_m":8.17,"horclr_m":26.88,"spans":1,"source":"VNF IENC (Licence Ouverte 2.0)"}},{"type":"Feature","geometry":{"type":"Point","coordinates":[6.171615,49.131511]},"properties":{"name":"Pont Faidherbe","waterway":"Moselle","verclr_m":8.41,"horclr_m":49.49,"spans":1,"source":"VNF IENC (Licence Ouverte 2.0)"}},{"type":"Feature","geometry":{"type":"Point","coordinates":[6.177009,49.133256]},"properties":{"name":"Pont Rail de CHAMBIERES","waterway":"Moselle","verclr_m":7.66,"horclr_m":41.78,"spans":1,"source":"VNF IENC (Licence Ouverte 2.0)"}},{"type":"Feature","geometry":{"type":"Point","coordinates":[6.177137,49.133309]},"properties":{"name":"Pont de CHAMBIERES","waterway":"Moselle","verclr_m":7.66,"horclr_m":41.78,"spans":1,"source":"VNF IENC (Licence Ouverte 2.0)"}},{"type":"Feature","geometry":{"type":"Point","coordinates":[6.19509,49.142124]},"properties":{"name":"Passerelle Porte de Garde Nouveau port de METZ","waterway":"Moselle","verclr_m":7.22,"horclr_m":12.07,"spans":1,"source":"VNF IENC (Licence Ouverte 2.0)"}},{"type":"Feature","geometry":{"type":"Point","coordinates":[6.184853,49.188064]},"properties":{"name":"Pont Porte de Garde d'ARGANCY","waterway":"Moselle","verclr_m":6.32,"horclr_m":18.08,"spans":1,"source":"VNF IENC (Licence Ouverte 2.0)"}},{"type":"Feature","geometry":{"type":"Point","coordinates":[6.181218,49.193964]},"properties":{"name":"Pont Rail de la Raffinerie","waterway":"Moselle","verclr_m":5.83,"horclr_m":42.74,"spans":1,"source":"VNF IENC (Licence Ouverte 2.0)"}},{"type":"Feature","geometry":{"type":"Point","coordinates":[6.180194,49.201178]},"properties":{"name":"Pont Autoroute A4","waterway":"Moselle","verclr_m":6.31,"horclr_m":42.72,"spans":1,"source":"VNF IENC (Licence Ouverte 2.0)"}},{"type":"Feature","geometry":{"type":"Point","coordinates":[6.182304,49.218082]},"properties":{"name":"Pont d'HAUCONCOURT","waterway":"Moselle","verclr_m":6.07,"horclr_m":43.65,"spans":1,"source":"VNF IENC (Licence Ouverte 2.0)"}},{"type":"Feature","geometry":{"type":"Point","coordinates":[6.151154,49.120314]},"properties":{"name":"Passerelle Porte de Garde Wadrineau","waterway":"Moselle","verclr_m":7.15,"horclr_m":18.08,"spans":1,"source":"VNF IENC (Licence Ouverte 2.0)"}},{"type":"Feature","geometry":{"type":"Point","coordinates":[6.159815,49.123551]},"properties":{"name":"Viaduc du CAMIFEMO METZ","waterway":"Moselle","verclr_m":6.78,"horclr_m":59.09,"spans":1,"source":"VNF IENC (Licence Ouverte 2.0)"}},{"type":"Feature","geometry":{"type":"Point","coordinates":[6.163522,49.125924]},"properties":{"name":"Pont de la RN 3","waterway":"Moselle","verclr_m":5.13,"horclr_m":25.1,"spans":1,"source":"VNF IENC (Licence Ouverte 2.0)"}},{"type":"Feature","geometry":{"type":"Point","coordinates":[6.181861,49.281485]},"properties":{"name":"Passerelle T\u00eate Aval Ecluse de l'ORNE","waterway":"Moselle","verclr_m":9.15,"horclr_m":12.57,"spans":1,"source":"VNF IENC (Licence Ouverte 2.0)"}},{"type":"Feature","geometry":{"type":"Point","coordinates":[6.182289,49.28132]},"properties":{"name":"Passerelle Aval Petite Ecluse de l'ORNE","waterway":"Moselle","verclr_m":5.72,"horclr_m":6.01,"spans":1,"source":"VNF IENC (Licence Ouverte 2.0)"}},{"type":"Feature","geometry":{"type":"Point","coordinates":[6.178927,49.293932]},"properties":{"name":"Pont A31 RICHEMONT","waterway":"Moselle","verclr_m":7.95,"horclr_m":55.97,"spans":1,"source":"VNF IENC (Licence Ouverte 2.0)"}},{"type":"Feature","geometry":{"type":"Point","coordinates":[6.16961,49.29881]},"properties":{"name":"Pont d'UCKANGE","waterway":"Moselle","verclr_m":6.22,"horclr_m":47.29,"spans":1,"source":"VNF IENC (Licence Ouverte 2.0)"}},{"type":"Feature","geometry":{"type":"Point","coordinates":[6.183199,49.22843]},"properties":{"name":"Passerelle T\u00eate Aval Ecluse de TALANGE","waterway":"Moselle","verclr_m":8.35,"horclr_m":12.35,"spans":1,"source":"VNF IENC (Licence Ouverte 2.0)"}},{"type":"Feature","geometry":{"type":"Point","coordinates":[6.183597,49.230166]},"properties":{"name":"Passerelle Aval Ecluse de TALANGE","waterway":"Moselle","verclr_m":6.17,"horclr_m":24.07,"spans":1,"source":"VNF IENC (Licence Ouverte 2.0)"}},{"type":"Feature","geometry":{"type":"Point","coordinates":[6.181898,49.242]},"properties":{"name":"Pont du CD 55","waterway":"Moselle","verclr_m":6.29,"horclr_m":38.63,"spans":1,"source":"VNF IENC (Licence Ouverte 2.0)"}},{"type":"Feature","geometry":{"type":"Point","coordinates":[6.180812,49.248971]},"properties":{"name":"Passerelle d'HAGONDANGE","waterway":"Moselle","verclr_m":6.24,"horclr_m":26.08,"spans":1,"source":"VNF IENC (Licence Ouverte 2.0)"}},{"type":"Feature","geometry":{"type":"Point","coordinates":[6.18092,49.262148]},"properties":{"name":"Pont de MONDELANGE","waterway":"Moselle","verclr_m":6.34,"horclr_m":28.17,"spans":1,"source":"VNF IENC (Licence Ouverte 2.0)"}},{"type":"Feature","geometry":{"type":"Point","coordinates":[6.181899,49.278834]},"properties":{"name":"Passerelle de BOUSSE","waterway":"Moselle","verclr_m":6.5,"horclr_m":23.94,"spans":1,"source":"VNF IENC (Licence Ouverte 2.0)"}},{"type":"Feature","geometry":{"type":"Point","coordinates":[6.179334,49.232119]},"properties":{"name":"Pont A31","waterway":"Moselle","verclr_m":6.07,"horclr_m":24.98,"spans":1,"source":"VNF IENC (Licence Ouverte 2.0)"}},{"type":"Feature","geometry":{"type":"Point","coordinates":[6.176641,49.231986]},"properties":{"name":"Pont Rue de la Lib\u00e9ration","waterway":"Moselle","verclr_m":5.97,"horclr_m":12.05,"spans":1,"source":"VNF IENC (Licence Ouverte 2.0)"}},{"type":"Feature","geometry":{"type":"Point","coordinates":[6.170949,49.231909]},"properties":{"name":"Passerelle Pi\u00e9tonne","waterway":"Moselle","verclr_m":7.25,"horclr_m":31.86,"spans":1,"source":"VNF IENC (Licence Ouverte 2.0)"}},{"type":"Feature","geometry":{"type":"Point","coordinates":[6.167782,49.231799]},"properties":{"name":"Pont RN 53","waterway":"Moselle","verclr_m":5.25,"horclr_m":11.88,"spans":2,"source":"VNF IENC (Licence Ouverte 2.0)"}},{"type":"Feature","geometry":{"type":"Point","coordinates":[6.160579,49.231622]},"properties":{"name":"Pont Rail 1","waterway":"Moselle","verclr_m":5.0,"horclr_m":11.87,"spans":1,"source":"VNF IENC (Licence Ouverte 2.0)"}},{"type":"Feature","geometry":{"type":"Point","coordinates":[6.159343,49.231628]},"properties":{"name":"Pont Rail 2","waterway":"Moselle","verclr_m":5.47,"horclr_m":11.97,"spans":1,"source":"VNF IENC (Licence Ouverte 2.0)"}},{"type":"Feature","geometry":{"type":"Point","coordinates":[6.183661,49.228713]},"properties":{"name":"Passerelle Petite Ecluse TALANGE","waterway":"Moselle","verclr_m":6.23,"horclr_m":6.0,"spans":1,"source":"VNF IENC (Licence Ouverte 2.0)"}},{"type":"Feature","geometry":{"type":"Point","coordinates":[2.509214,49.280282]},"properties":{"name":"Passerelle de Verneuil-en-Halatte","waterway":"Oise","verclr_m":6.34,"horclr_m":24.0,"spans":2,"source":"VNF IENC (Licence Ouverte 2.0)"}},{"type":"Feature","geometry":{"type":"Point","coordinates":[2.604382,49.302885]},"properties":{"name":"Pont de Pont-Sainte-Maxence (D1017)","waterway":"Oise","verclr_m":7.82,"horclr_m":50.0,"spans":2,"source":"VNF IENC (Licence Ouverte 2.0)"}},{"type":"Feature","geometry":{"type":"Point","coordinates":[2.6165,49.307281]},"properties":{"name":"Pont des \u00e9cluses de Sarron","waterway":"Oise","verclr_m":7.32,"horclr_m":12.0,"spans":2,"source":"VNF IENC (Licence Ouverte 2.0)"}},{"type":"Feature","geometry":{"type":"Point","coordinates":[7.679083,48.281618]},"properties":{"name":"Lock of Rhinau","waterway":"Rhine","verclr_m":7.0,"horclr_m":null,"spans":1,"source":"VNF IENC (Licence Ouverte 2.0)"}},{"type":"Feature","geometry":{"type":"Point","coordinates":[7.678186,48.297509]},"properties":{"name":"Roadbridge D 20","waterway":"Rhine","verclr_m":1.0,"horclr_m":null,"spans":1,"source":"VNF IENC (Licence Ouverte 2.0)"}},{"type":"Feature","geometry":{"type":"Point","coordinates":[7.507177,47.703512]},"properties":{"name":"Roadbridge D 468","waterway":"Canal du Rh\u00f4ne au Rhin","verclr_m":7.0,"horclr_m":null,"spans":1,"source":"VNF IENC (Licence Ouverte 2.0)"}},{"type":"Feature","geometry":{"type":"Point","coordinates":[7.508958,47.705412]},"properties":{"name":"Roadbridge D 468","waterway":"Canal du Rh\u00f4ne au Rhin","verclr_m":7.0,"horclr_m":null,"spans":1,"source":"VNF IENC (Licence Ouverte 2.0)"}},{"type":"Feature","geometry":{"type":"Point","coordinates":[7.501387,47.70943]},"properties":{"name":"Pedestrian bridge","waterway":"Canal du Rh\u00f4ne au Rhin","verclr_m":5.54,"horclr_m":null,"spans":1,"source":"VNF IENC (Licence Ouverte 2.0)"}},{"type":"Feature","geometry":{"type":"Point","coordinates":[7.492645,47.729542]},"properties":{"name":"Bridge of Petit-Landau","waterway":"Canal du Rh\u00f4ne au Rhin","verclr_m":7.11,"horclr_m":null,"spans":1,"source":"VNF IENC (Licence Ouverte 2.0)"}},{"type":"Feature","geometry":{"type":"Point","coordinates":[7.371308,47.758548]},"properties":{"name":"Bridge SNCF","waterway":"Canal du Rh\u00f4ne au Rhin","verclr_m":7.4,"horclr_m":null,"spans":1,"source":"VNF IENC (Licence Ouverte 2.0)"}},{"type":"Feature","geometry":{"type":"Point","coordinates":[7.44476,47.762984]},"properties":{"name":"Bridge of Bouc","waterway":"Canal du Rh\u00f4ne au Rhin","verclr_m":7.69,"horclr_m":null,"spans":1,"source":"VNF IENC (Licence Ouverte 2.0)"}},{"type":"Feature","geometry":{"type":"Point","coordinates":[7.415276,47.766323]},"properties":{"name":"Bridge A.35","waterway":"Canal du Rh\u00f4ne au Rhin","verclr_m":7.01,"horclr_m":null,"spans":1,"source":"VNF IENC (Licence Ouverte 2.0)"}},{"type":"Feature","geometry":{"type":"Point","coordinates":[7.39438,47.76877]},"properties":{"name":"Bridge SNCF France Germany","waterway":"Canal du Rh\u00f4ne au Rhin","verclr_m":7.02,"horclr_m":null,"spans":1,"source":"VNF IENC (Licence Ouverte 2.0)"}},{"type":"Feature","geometry":{"type":"Point","coordinates":[7.389979,47.768795]},"properties":{"name":"Bridge RD 201","waterway":"Canal du Rh\u00f4ne au Rhin","verclr_m":7.21,"horclr_m":null,"spans":1,"source":"VNF IENC (Licence Ouverte 2.0)"}},{"type":"Feature","geometry":{"type":"Point","coordinates":[3.261119,50.26013]},"properties":{"name":"Pont Rade","waterway":"Canal Dunkerque\u2013Escaut","verclr_m":5.61,"horclr_m":null,"spans":1,"source":"VNF IENC (Licence Ouverte 2.0)"}},{"type":"Feature","geometry":{"type":"Point","coordinates":[3.281221,50.256428]},"properties":{"name":"Pont des Marlettes","waterway":"Canal Dunkerque\u2013Escaut","verclr_m":5.56,"horclr_m":null,"spans":1,"source":"VNF IENC (Licence Ouverte 2.0)"}},{"type":"Feature","geometry":{"type":"Point","coordinates":[3.318403,50.283148]},"properties":{"name":"Pont de Bouchain dit Saint Laurent","waterway":"Canal Dunkerque\u2013Escaut","verclr_m":5.25,"horclr_m":null,"spans":1,"source":"VNF IENC (Licence Ouverte 2.0)"}},{"type":"Feature","geometry":{"type":"Point","coordinates":[3.343454,50.298137]},"properties":{"name":"Pont SNCF de Neuville","waterway":"Canal Dunkerque\u2013Escaut","verclr_m":5.56,"horclr_m":null,"spans":1,"source":"VNF IENC (Licence Ouverte 2.0)"}},{"type":"Feature","geometry":{"type":"Point","coordinates":[3.350128,50.301811]},"properties":{"name":"Pont de Neuville","waterway":"Canal Dunkerque\u2013Escaut","verclr_m":5.27,"horclr_m":null,"spans":1,"source":"VNF IENC (Licence Ouverte 2.0)"}},{"type":"Feature","geometry":{"type":"Point","coordinates":[3.367247,50.30991]},"properties":{"name":"Pont de Lourches","waterway":"Canal Dunkerque\u2013Escaut","verclr_m":5.26,"horclr_m":null,"spans":1,"source":"VNF IENC (Licence Ouverte 2.0)"}},{"type":"Feature","geometry":{"type":"Point","coordinates":[3.371547,50.310826]},"properties":{"name":"Pont de la RN45","waterway":"Canal Dunkerque\u2013Escaut","verclr_m":5.51,"horclr_m":null,"spans":1,"source":"VNF IENC (Licence Ouverte 2.0)"}},{"type":"Feature","geometry":{"type":"Point","coordinates":[1.907559,48.999907]},"properties":{"name":"Pont-route des Mureaux","waterway":"Seine","verclr_m":10.21,"horclr_m":40.0,"spans":2,"source":"VNF IENC (Licence Ouverte 2.0)"}},{"type":"Feature","geometry":{"type":"Point","coordinates":[2.001328,48.978455]},"properties":{"name":"Pont-route de Triel","waterway":"Seine","verclr_m":10.8,"horclr_m":40.0,"spans":2,"source":"VNF IENC (Licence Ouverte 2.0)"}},{"type":"Feature","geometry":{"type":"Point","coordinates":[1.999325,48.968071]},"properties":{"name":"Nouveau pont RD1 - Triel-sur-Seine - Bras de M\u00e9dan","waterway":"Seine","verclr_m":11.05,"horclr_m":90.0,"spans":2,"source":"VNF IENC (Licence Ouverte 2.0)"}},{"type":"Feature","geometry":{"type":"Point","coordinates":[2.002809,48.967777]},"properties":{"name":"Nouveau pont RD1 - Triel-sur-Seine - Bras des Mottes","waterway":"Seine","verclr_m":11.05,"horclr_m":90.0,"spans":2,"source":"VNF IENC (Licence Ouverte 2.0)"}},{"type":"Feature","geometry":{"type":"Point","coordinates":[2.192294,48.90735]},"properties":{"name":"Pont-route A14 Bras Droit","waterway":"Seine","verclr_m":11.9,"horclr_m":60.0,"spans":2,"source":"VNF IENC (Licence Ouverte 2.0)"}},{"type":"Feature","geometry":{"type":"Point","coordinates":[2.194628,48.905719]},"properties":{"name":"Pont-route A14 Bras Gauche","waterway":"Seine","verclr_m":12.08,"horclr_m":60.0,"spans":2,"source":"VNF IENC (Licence Ouverte 2.0)"}},{"type":"Feature","geometry":{"type":"Point","coordinates":[2.195746,48.90887]},"properties":{"name":"Pont SNCF Cergy a Carri\u00e8re-sur-Seine - Bras Droit","waterway":"Seine","verclr_m":10.2,"horclr_m":60.0,"spans":2,"source":"VNF IENC (Licence Ouverte 2.0)"}},{"type":"Feature","geometry":{"type":"Point","coordinates":[2.196418,48.906911]},"properties":{"name":"Pont SNCF Cergy \u00e0 Nanterre - Bras Gauche","waterway":"Seine","verclr_m":10.2,"horclr_m":60.0,"spans":2,"source":"VNF IENC (Licence Ouverte 2.0)"}},{"type":"Feature","geometry":{"type":"Point","coordinates":[2.20304,48.9118]},"properties":{"name":"Pont SNCF de Bezons - Bras Droit","waterway":"Seine","verclr_m":9.4,"horclr_m":25.0,"spans":2,"source":"VNF IENC (Licence Ouverte 2.0)"}},{"type":"Feature","geometry":{"type":"Point","coordinates":[2.204951,48.910867]},"properties":{"name":"Pont SNCF de Nanterre - Bras Gauche","waterway":"Seine","verclr_m":9.2,"horclr_m":25.0,"spans":4,"source":"VNF IENC (Licence Ouverte 2.0)"}},{"type":"Feature","geometry":{"type":"Point","coordinates":[2.220337,48.920673]},"properties":{"name":"Pont-route de Bezons","waterway":"Seine","verclr_m":10.59,"horclr_m":40.0,"spans":2,"source":"VNF IENC (Licence Ouverte 2.0)"}},{"type":"Feature","geometry":{"type":"Point","coordinates":[2.241796,48.932862]},"properties":{"name":"Pont aqueduc d'Argenteuil","waterway":"Seine","verclr_m":12.57,"horclr_m":40.0,"spans":2,"source":"VNF IENC (Licence Ouverte 2.0)"}},{"type":"Feature","geometry":{"type":"Point","coordinates":[2.25521,48.940144]},"properties":{"name":"Pont-route d'Argenteuil","waterway":"Seine","verclr_m":11.74,"horclr_m":36.0,"spans":2,"source":"VNF IENC (Licence Ouverte 2.0)"}},{"type":"Feature","geometry":{"type":"Point","coordinates":[2.260843,48.942893]},"properties":{"name":"Pont SNCF d'Argenteuil","waterway":"Seine","verclr_m":10.59,"horclr_m":39.0,"spans":6,"source":"VNF IENC (Licence Ouverte 2.0)"}},{"type":"Feature","geometry":{"type":"Point","coordinates":[2.280256,48.94948]},"properties":{"name":"Pont autoroute A15 aval","waterway":"Seine","verclr_m":24.0,"horclr_m":null,"spans":2,"source":"VNF IENC (Licence Ouverte 2.0)"}},{"type":"Feature","geometry":{"type":"Point","coordinates":[2.280589,48.949548]},"properties":{"name":"Pont autoroute A15 amont","waterway":"Seine","verclr_m":24.0,"horclr_m":null,"spans":2,"source":"VNF IENC (Licence Ouverte 2.0)"}},{"type":"Feature","geometry":{"type":"Point","coordinates":[2.30206,48.951935]},"properties":{"name":"Pont SNCF d'Epinay Bras Droit","waterway":"Seine","verclr_m":12.02,"horclr_m":20.0,"spans":6,"source":"VNF IENC (Licence Ouverte 2.0)"}},{"type":"Feature","geometry":{"type":"Point","coordinates":[2.301671,48.950215]},"properties":{"name":"Pont SNCF d'Epinay Bras Gauche","waterway":"Seine","verclr_m":11.76,"horclr_m":20.0,"spans":2,"source":"VNF IENC (Licence Ouverte 2.0)"}},{"type":"Feature","geometry":{"type":"Point","coordinates":[2.306991,48.951238]},"properties":{"name":"Pont-route d'Epinay Bras Droit","waterway":"Seine","verclr_m":10.55,"horclr_m":50.0,"spans":2,"source":"VNF IENC (Licence Ouverte 2.0)"}},{"type":"Feature","geometry":{"type":"Point","coordinates":[2.306213,48.949168]},"properties":{"name":"Pont-route d'Epinay Bras Gauche","waterway":"Seine","verclr_m":9.59,"horclr_m":30.0,"spans":2,"source":"VNF IENC (Licence Ouverte 2.0)"}},{"type":"Feature","geometry":{"type":"Point","coordinates":[2.336849,48.935654]},"properties":{"name":"Pont-route de Saint Denis Bras Gauche","waterway":"Seine","verclr_m":7.98,"horclr_m":30.0,"spans":2,"source":"VNF IENC (Licence Ouverte 2.0)"}},{"type":"Feature","geometry":{"type":"Point","coordinates":[2.342088,48.935871]},"properties":{"name":"Pont-route de Saint Denis Bras Droit","waterway":"Seine","verclr_m":9.21,"horclr_m":35.0,"spans":4,"source":"VNF IENC (Licence Ouverte 2.0)"}},{"type":"Feature","geometry":{"type":"Point","coordinates":[2.341123,48.935836]},"properties":{"name":"Pont-route de Saint Denis Bras Droit","waterway":"Seine","verclr_m":8.16,"horclr_m":20.0,"spans":2,"source":"VNF IENC (Licence Ouverte 2.0)"}},{"type":"Feature","geometry":{"type":"Point","coordinates":[2.336437,48.92659]},"properties":{"name":"Pont autoroute A86 Bras Droit","waterway":"Seine","verclr_m":13.23,"horclr_m":60.0,"spans":2,"source":"VNF IENC (Licence Ouverte 2.0)"}},{"type":"Feature","geometry":{"type":"Point","coordinates":[2.333421,48.92736]},"properties":{"name":"Pont autoroute A86 Bras Gauche","waterway":"Seine","verclr_m":13.23,"horclr_m":60.0,"spans":2,"source":"VNF IENC (Licence Ouverte 2.0)"}},{"type":"Feature","geometry":{"type":"Point","coordinates":[2.328755,48.91869]},"properties":{"name":"Pont-route de Saint Ouen Bras Droit","waterway":"Seine","verclr_m":8.54,"horclr_m":21.5,"spans":2,"source":"VNF IENC (Licence Ouverte 2.0)"}},{"type":"Feature","geometry":{"type":"Point","coordinates":[2.325839,48.920654]},"properties":{"name":"Pont-route de Saint Ouen Bras Gauche","waterway":"Seine","verclr_m":7.89,"horclr_m":25.0,"spans":2,"source":"VNF IENC (Licence Ouverte 2.0)"}},{"type":"Feature","geometry":{"type":"Point","coordinates":[2.317333,48.915104]},"properties":{"name":"Pont SNCF de Saint Ouen les Docks","waterway":"Seine","verclr_m":9.79,"horclr_m":35.0,"spans":2,"source":"VNF IENC (Licence Ouverte 2.0)"}},{"type":"Feature","geometry":{"type":"Point","coordinates":[2.310952,48.913103]},"properties":{"name":"Pont-route de Gennevilliers","waterway":"Seine","verclr_m":11.24,"horclr_m":40.0,"spans":2,"source":"VNF IENC (Licence Ouverte 2.0)"}},{"type":"Feature","geometry":{"type":"Point","coordinates":[2.299431,48.909609]},"properties":{"name":"Pont RATP de Clichy","waterway":"Seine","verclr_m":10.78,"horclr_m":70.0,"spans":2,"source":"VNF IENC (Licence Ouverte 2.0)"}},{"type":"Feature","geometry":{"type":"Point","coordinates":[2.288949,48.903997]},"properties":{"name":"Pont-route d'Asni\u00e8res","waterway":"Seine","verclr_m":10.14,"horclr_m":35.0,"spans":6,"source":"VNF IENC (Licence Ouverte 2.0)"}},{"type":"Feature","geometry":{"type":"Point","coordinates":[2.287455,48.903494]},"properties":{"name":"Pont SNCF d'Asni\u00e8res","waterway":"Seine","verclr_m":9.32,"horclr_m":25.0,"spans":2,"source":"VNF IENC (Licence Ouverte 2.0)"}},{"type":"Feature","geometry":{"type":"Point","coordinates":[2.277218,48.900417]},"properties":{"name":"Pont-route de Levallois Rive Gauche","waterway":"Seine","verclr_m":11.73,"horclr_m":35.0,"spans":2,"source":"VNF IENC (Licence Ouverte 2.0)"}},{"type":"Feature","geometry":{"type":"Point","coordinates":[2.265206,48.895967]},"properties":{"name":"Pont-route de Courbevoie Bras Gauche","waterway":"Seine","verclr_m":10.02,"horclr_m":55.0,"spans":2,"source":"VNF IENC (Licence Ouverte 2.0)"}},{"type":"Feature","geometry":{"type":"Point","coordinates":[2.253737,48.886923]},"properties":{"name":"Pont-route de Neuilly Bras Gauche","waterway":"Seine","verclr_m":10.33,"horclr_m":60.0,"spans":2,"source":"VNF IENC (Licence Ouverte 2.0)"}},{"type":"Feature","geometry":{"type":"Point","coordinates":[2.243163,48.877926]},"properties":{"name":"Pont-route de Puteaux Bras Gauche","waterway":"Seine","verclr_m":10.73,"horclr_m":50.0,"spans":2,"source":"VNF IENC (Licence Ouverte 2.0)"}},{"type":"Feature","geometry":{"type":"Point","coordinates":[2.229405,48.866927]},"properties":{"name":"Pont-route de Suresnes","waterway":"Seine","verclr_m":7.94,"horclr_m":60.0,"spans":2,"source":"VNF IENC (Licence Ouverte 2.0)"}},{"type":"Feature","geometry":{"type":"Point","coordinates":[7.012931,49.22357]},"properties":{"name":"Fu\u00dfg\u00e4ngerbr\u00fccke St. Arnual","waterway":"Saar","verclr_m":7.0,"horclr_m":null,"spans":2,"source":"VNF IENC (Licence Ouverte 2.0)"}},{"type":"Feature","geometry":{"type":"Point","coordinates":[7.001745,49.229012]},"properties":{"name":"Bismarckbr\u00fccke Saarbr\u00fccken","waterway":"Saar","verclr_m":5.4,"horclr_m":null,"spans":2,"source":"VNF IENC (Licence Ouverte 2.0)"}},{"type":"Feature","geometry":{"type":"Point","coordinates":[6.993503,49.231563]},"properties":{"name":"Alte Br\u00fccke Saarbr\u00fccken","waterway":"Saar","verclr_m":5.2,"horclr_m":null,"spans":2,"source":"VNF IENC (Licence Ouverte 2.0)"}},{"type":"Feature","geometry":{"type":"Point","coordinates":[6.991696,49.233739]},"properties":{"name":"Wilhelm-Heinrich-Br\u00fccke Saarbr\u00fccken","waterway":"Saar","verclr_m":5.2,"horclr_m":null,"spans":2,"source":"VNF IENC (Licence Ouverte 2.0)"}},{"type":"Feature","geometry":{"type":"Point","coordinates":[6.99009,49.236546]},"properties":{"name":"Luisenbr\u00fccke Saarbr\u00fccken","waterway":"Saar","verclr_m":5.2,"horclr_m":null,"spans":2,"source":"VNF IENC (Licence Ouverte 2.0)"}},{"type":"Feature","geometry":{"type":"Point","coordinates":[6.961665,49.23415]},"properties":{"name":"Eisenbahnbr\u00fccke Schanzenberg","waterway":"Saar","verclr_m":8.4,"horclr_m":null,"spans":4,"source":"VNF IENC (Licence Ouverte 2.0)"}},{"type":"Feature","geometry":{"type":"Point","coordinates":[6.98283,49.237639]},"properties":{"name":"Stra\u00dfenbr\u00fccke Westspange Saarbr\u00fccken","waterway":"Saar","verclr_m":9.9,"horclr_m":null,"spans":2,"source":"VNF IENC (Licence Ouverte 2.0)"}},{"type":"Feature","geometry":{"type":"Point","coordinates":[6.97143,49.236796]},"properties":{"name":"Stra\u00dfenbr\u00fccke Malstatt","waterway":"Saar","verclr_m":10.5,"horclr_m":null,"spans":2,"source":"VNF IENC (Licence Ouverte 2.0)"}},{"type":"Feature","geometry":{"type":"Point","coordinates":[6.943582,49.237639]},"properties":{"name":"Stra\u00dfenbr\u00fccke Gersweiler","waterway":"Saar","verclr_m":5.5,"horclr_m":null,"spans":2,"source":"VNF IENC (Licence Ouverte 2.0)"}},{"type":"Feature","geometry":{"type":"Point","coordinates":[6.929495,49.240423]},"properties":{"name":"Schleusen- und Wehrbr\u00fccke Saarbr\u00fccken","waterway":"Saar","verclr_m":6.0,"horclr_m":null,"spans":2,"source":"VNF IENC (Licence Ouverte 2.0)"}},{"type":"Feature","geometry":{"type":"Point","coordinates":[6.903064,49.246696]},"properties":{"name":"Stra\u00dfenbr\u00fccke Luisenthal","waterway":"Saar","verclr_m":7.9,"horclr_m":null,"spans":2,"source":"VNF IENC (Licence Ouverte 2.0)"}},{"type":"Feature","geometry":{"type":"Point","coordinates":[5.263084,47.100541]},"properties":{"name":"Voie port\u00e9e RD 968","waterway":"Sa\u00f4ne","verclr_m":6.4,"horclr_m":null,"spans":2,"source":"VNF IENC (Licence Ouverte 2.0)"}},{"type":"Feature","geometry":{"type":"Point","coordinates":[5.247967,47.095959]},"properties":{"name":"Viaduc de Saint-Usage","waterway":"Sa\u00f4ne","verclr_m":6.4,"horclr_m":null,"spans":2,"source":"VNF IENC (Licence Ouverte 2.0)"}},{"type":"Feature","geometry":{"type":"Point","coordinates":[2.270334,50.771198]},"properties":{"name":"Pont de Doulague","waterway":"Canal Dunkerque\u2013Escaut","verclr_m":5.48,"horclr_m":null,"spans":1,"source":"VNF IENC (Licence Ouverte 2.0)"}},{"type":"Feature","geometry":{"type":"Point","coordinates":[2.294853,50.744055]},"properties":{"name":"Passerelle pi\u00e9tonne des Flandres","waterway":"Canal Dunkerque\u2013Escaut","verclr_m":5.35,"horclr_m":null,"spans":1,"source":"VNF IENC (Licence Ouverte 2.0)"}},{"type":"Feature","geometry":{"type":"Point","coordinates":[2.331433,50.72445]},"properties":{"name":"Pont de la RN 42 et 43","waterway":"Canal Dunkerque\u2013Escaut","verclr_m":11.13,"horclr_m":null,"spans":1,"source":"VNF IENC (Licence Ouverte 2.0)"}},{"type":"Feature","geometry":{"type":"Point","coordinates":[2.29422,50.748605]},"properties":{"name":"Pont RFF de Malhove","waterway":"Canal Dunkerque\u2013Escaut","verclr_m":5.29,"horclr_m":null,"spans":1,"source":"VNF IENC (Licence Ouverte 2.0)"}},{"type":"Feature","geometry":{"type":"Point","coordinates":[2.297899,50.736082]},"properties":{"name":"Pont des Flandres","waterway":"Canal Dunkerque\u2013Escaut","verclr_m":5.47,"horclr_m":null,"spans":1,"source":"VNF IENC (Licence Ouverte 2.0)"}},{"type":"Feature","geometry":{"type":"Point","coordinates":[2.303615,50.730954]},"properties":{"name":"Pont RFF des Fontinettes","waterway":"Canal Dunkerque\u2013Escaut","verclr_m":5.25,"horclr_m":null,"spans":1,"source":"VNF IENC (Licence Ouverte 2.0)"}},{"type":"Feature","geometry":{"type":"Point","coordinates":[2.343584,50.722335]},"properties":{"name":"Pont de Campagne","waterway":"Canal Dunkerque\u2013Escaut","verclr_m":5.25,"horclr_m":null,"spans":1,"source":"VNF IENC (Licence Ouverte 2.0)"}},{"type":"Feature","geometry":{"type":"Point","coordinates":[2.288567,50.762546]},"properties":{"name":"Pont Neuf du RD 209 CLAIRMARAIS","waterway":"Canal Dunkerque\u2013Escaut","verclr_m":7.0,"horclr_m":null,"spans":1,"source":"VNF IENC (Licence Ouverte 2.0)"}},{"type":"Feature","geometry":{"type":"Point","coordinates":[4.931906,46.711115]},"properties":{"name":"Pont d'Ouroux","waterway":"Sa\u00f4ne","verclr_m":8.3,"horclr_m":null,"spans":2,"source":"VNF IENC (Licence Ouverte 2.0)"}},{"type":"Feature","geometry":{"type":"Point","coordinates":[4.949133,46.668169]},"properties":{"name":"Pont de Thorey","waterway":"Sa\u00f4ne","verclr_m":8.8,"horclr_m":null,"spans":2,"source":"VNF IENC (Licence Ouverte 2.0)"}},{"type":"Feature","geometry":{"type":"Point","coordinates":[4.896104,46.447776]},"properties":{"name":"Pont de Fleurville","waterway":"Sa\u00f4ne","verclr_m":9.6,"horclr_m":null,"spans":2,"source":"VNF IENC (Licence Ouverte 2.0)"}},{"type":"Feature","geometry":{"type":"Point","coordinates":[4.919661,46.492929]},"properties":{"name":"Pont d'Uchizy","waterway":"Sa\u00f4ne","verclr_m":9.0,"horclr_m":null,"spans":2,"source":"VNF IENC (Licence Ouverte 2.0)"}},{"type":"Feature","geometry":{"type":"Point","coordinates":[2.599915,51.073067]},"properties":{"name":"Voetgangersbrug Adinkerke","waterway":"Canal Nieuwpoort\u2013Dunkerque","verclr_m":4.74,"horclr_m":14.04,"spans":2,"source":"VNF IENC (Licence Ouverte 2.0)"}},{"type":"Feature","geometry":{"type":"Point","coordinates":[2.603482,51.072305]},"properties":{"name":"Adinkerkebrug","waterway":"Canal Nieuwpoort\u2013Dunkerque","verclr_m":5.36,"horclr_m":21.62,"spans":2,"source":"VNF IENC (Licence Ouverte 2.0)"}},{"type":"Feature","geometry":{"type":"Point","coordinates":[2.655544,51.07079]},"properties":{"name":"Brug - N8","waterway":"Canal Nieuwpoort\u2013Dunkerque","verclr_m":5.36,"horclr_m":24.26,"spans":2,"source":"VNF IENC (Licence Ouverte 2.0)"}},{"type":"Feature","geometry":{"type":"Point","coordinates":[2.658068,51.07019]},"properties":{"name":"Duinkerkebrug","waterway":"Canal Nieuwpoort\u2013Dunkerque","verclr_m":4.71,"horclr_m":11.14,"spans":2,"source":"VNF IENC (Licence Ouverte 2.0)"}},{"type":"Feature","geometry":{"type":"Point","coordinates":[2.664335,51.068201]},"properties":{"name":"Ieperbrug Veurne","waterway":"Canal Nieuwpoort\u2013Dunkerque","verclr_m":1.71,"horclr_m":7.3,"spans":6,"source":"VNF IENC (Licence Ouverte 2.0)"}},{"type":"Feature","geometry":{"type":"Point","coordinates":[2.667606,51.072952]},"properties":{"name":"Voetgangersbrug Veurne","waterway":"Canal Nieuwpoort\u2013Dunkerque","verclr_m":4.47,"horclr_m":7.49,"spans":2,"source":"VNF IENC (Licence Ouverte 2.0)"}},{"type":"Feature","geometry":{"type":"Point","coordinates":[2.668212,51.067884]},"properties":{"name":"Rozebrug","waterway":"Canal Nieuwpoort\u2013Dunkerque","verclr_m":3.99,"horclr_m":6.95,"spans":6,"source":"VNF IENC (Licence Ouverte 2.0)"}},{"type":"Feature","geometry":{"type":"Point","coordinates":[2.6681,51.070608]},"properties":{"name":"Dienstbrugje over sluis te Veurne","waterway":"Canal Nieuwpoort\u2013Dunkerque","verclr_m":5.33,"horclr_m":5.37,"spans":6,"source":"VNF IENC (Licence Ouverte 2.0)"}},{"type":"Feature","geometry":{"type":"Point","coordinates":[4.919104,46.556046]},"properties":{"name":"Pont de Tournus sud","waterway":"Sa\u00f4ne","verclr_m":8.8,"horclr_m":null,"spans":2,"source":"VNF IENC (Licence Ouverte 2.0)"}},{"type":"Feature","geometry":{"type":"Point","coordinates":[4.913177,46.564316]},"properties":{"name":"Passerelle de Tournus","waterway":"Sa\u00f4ne","verclr_m":10.6,"horclr_m":null,"spans":2,"source":"VNF IENC (Licence Ouverte 2.0)"}},{"type":"Feature","geometry":{"type":"Point","coordinates":[4.948538,46.620238]},"properties":{"name":"Passerelle \u00e9cluse d'Ormes","waterway":"Sa\u00f4ne","verclr_m":11.3,"horclr_m":null,"spans":2,"source":"VNF IENC (Licence Ouverte 2.0)"}},{"type":"Feature","geometry":{"type":"Point","coordinates":[2.993555,50.439461]},"properties":{"name":"Pont \u00e0 Sault","waterway":"Canal Dunkerque\u2013Escaut","verclr_m":5.29,"horclr_m":null,"spans":1,"source":"VNF IENC (Licence Ouverte 2.0)"}},{"type":"Feature","geometry":{"type":"Point","coordinates":[2.997249,50.436902]},"properties":{"name":"Pont SNCF de Dourges","waterway":"Canal Dunkerque\u2013Escaut","verclr_m":6.52,"horclr_m":null,"spans":1,"source":"VNF IENC (Licence Ouverte 2.0)"}},{"type":"Feature","geometry":{"type":"Point","coordinates":[3.022807,50.428846]},"properties":{"name":"Pont de Courcelles","waterway":"Canal Dunkerque\u2013Escaut","verclr_m":5.31,"horclr_m":null,"spans":1,"source":"VNF IENC (Licence Ouverte 2.0)"}},{"type":"Feature","geometry":{"type":"Point","coordinates":[3.053039,50.419983]},"properties":{"name":"Passerelle du Transvaal","waterway":"Canal Dunkerque\u2013Escaut","verclr_m":5.76,"horclr_m":null,"spans":1,"source":"VNF IENC (Licence Ouverte 2.0)"}},{"type":"Feature","geometry":{"type":"Point","coordinates":[3.066897,50.412638]},"properties":{"name":"Pont d'Auby","waterway":"Canal Dunkerque\u2013Escaut","verclr_m":5.25,"horclr_m":null,"spans":1,"source":"VNF IENC (Licence Ouverte 2.0)"}},{"type":"Feature","geometry":{"type":"Point","coordinates":[3.072301,50.408363]},"properties":{"name":"Passerelle des Asturies","waterway":"Canal Dunkerque\u2013Escaut","verclr_m":5.25,"horclr_m":null,"spans":1,"source":"VNF IENC (Licence Ouverte 2.0)"}},{"type":"Feature","geometry":{"type":"Point","coordinates":[3.078551,50.399102]},"properties":{"name":"Pont de la Rocade Nord de Douai (1/2)","waterway":"Canal Dunkerque\u2013Escaut","verclr_m":7.56,"horclr_m":null,"spans":1,"source":"VNF IENC (Licence Ouverte 2.0)"}},{"type":"Feature","geometry":{"type":"Point","coordinates":[3.078891,50.397904]},"properties":{"name":"Pont de Flers","waterway":"Canal Dunkerque\u2013Escaut","verclr_m":5.26,"horclr_m":null,"spans":1,"source":"VNF IENC (Licence Ouverte 2.0)"}},{"type":"Feature","geometry":{"type":"Point","coordinates":[3.080532,50.390623]},"properties":{"name":"Pont du polygone","waterway":"Canal Dunkerque\u2013Escaut","verclr_m":5.32,"horclr_m":null,"spans":1,"source":"VNF IENC (Licence Ouverte 2.0)"}},{"type":"Feature","geometry":{"type":"Point","coordinates":[3.076739,50.378947]},"properties":{"name":"Pont d'Ocre","waterway":"Canal Dunkerque\u2013Escaut","verclr_m":7.95,"horclr_m":null,"spans":1,"source":"VNF IENC (Licence Ouverte 2.0)"}},{"type":"Feature","geometry":{"type":"Point","coordinates":[3.075111,50.377981]},"properties":{"name":"Passerelle pi\u00e9tonne de Douai","waterway":"Canal Dunkerque\u2013Escaut","verclr_m":5.36,"horclr_m":null,"spans":1,"source":"VNF IENC (Licence Ouverte 2.0)"}},{"type":"Feature","geometry":{"type":"Point","coordinates":[3.068047,50.373494]},"properties":{"name":"Pont d'Esquerchin n\u00b02","waterway":"Canal Dunkerque\u2013Escaut","verclr_m":5.25,"horclr_m":null,"spans":1,"source":"VNF IENC (Licence Ouverte 2.0)"}},{"type":"Feature","geometry":{"type":"Point","coordinates":[3.067915,50.373413]},"properties":{"name":"Pont d'Esquerchin n\u00b01","waterway":"Canal Dunkerque\u2013Escaut","verclr_m":5.25,"horclr_m":null,"spans":1,"source":"VNF IENC (Licence Ouverte 2.0)"}},{"type":"Feature","geometry":{"type":"Point","coordinates":[3.078555,50.398992]},"properties":{"name":"Pont de la Rocade Nord de Douai (2/2)","waterway":"Canal Dunkerque\u2013Escaut","verclr_m":5.93,"horclr_m":null,"spans":1,"source":"VNF IENC (Licence Ouverte 2.0)"}},{"type":"Feature","geometry":{"type":"Point","coordinates":[7.526083,47.769585]},"properties":{"name":"Lock of Ottmarsheim","waterway":"Rhine","verclr_m":7.0,"horclr_m":null,"spans":1,"source":"VNF IENC (Licence Ouverte 2.0)"}},{"type":"Feature","geometry":{"type":"Point","coordinates":[7.523855,47.775716]},"properties":{"name":"Bridge A 36 Ottmarsheim","waterway":"Rhine","verclr_m":7.0,"horclr_m":null,"spans":1,"source":"VNF IENC (Licence Ouverte 2.0)"}},{"type":"Feature","geometry":{"type":"Point","coordinates":[7.542639,47.814987]},"properties":{"name":"Bridge Chalamp\u00e9","waterway":"Rhine","verclr_m":7.0,"horclr_m":null,"spans":1,"source":"VNF IENC (Licence Ouverte 2.0)"}},{"type":"Feature","geometry":{"type":"Point","coordinates":[3.115205,50.788883]},"properties":{"name":"Brug Halluin","waterway":"Leie","verclr_m":7.27,"horclr_m":null,"spans":2,"source":"VNF IENC (Licence Ouverte 2.0)"}},{"type":"Feature","geometry":{"type":"Point","coordinates":[3.024212,50.773853]},"properties":{"name":"Balokkenbrug","waterway":"Leie","verclr_m":8.39,"horclr_m":null,"spans":2,"source":"VNF IENC (Licence Ouverte 2.0)"}},{"type":"Feature","geometry":{"type":"Point","coordinates":[3.137285,50.794514]},"properties":{"name":"Brug Menen-Halluin","waterway":"Leie","verclr_m":8.69,"horclr_m":null,"spans":2,"source":"VNF IENC (Licence Ouverte 2.0)"}},{"type":"Feature","geometry":{"type":"Point","coordinates":[3.125086,50.790744]},"properties":{"name":"Brug N32b Rijselstraat","waterway":"Leie","verclr_m":5.79,"horclr_m":24.81,"spans":2,"source":"VNF IENC (Licence Ouverte 2.0)"}},{"type":"Feature","geometry":{"type":"Point","coordinates":[3.043055,50.776549]},"properties":{"name":"Brug Wervik","waterway":"Leie","verclr_m":7.36,"horclr_m":null,"spans":2,"source":"VNF IENC (Licence Ouverte 2.0)"}},{"type":"Feature","geometry":{"type":"Point","coordinates":[3.034213,50.774362]},"properties":{"name":"Molenbrug","waterway":"Leie","verclr_m":8.37,"horclr_m":null,"spans":2,"source":"VNF IENC (Licence Ouverte 2.0)"}},{"type":"Feature","geometry":{"type":"Point","coordinates":[3.188798,50.80115]},"properties":{"name":"Brug Wevelgem-Lauwe","waterway":"Leie","verclr_m":5.06,"horclr_m":23.28,"spans":2,"source":"VNF IENC (Licence Ouverte 2.0)"}},{"type":"Feature","geometry":{"type":"Point","coordinates":[4.81441,46.262747]},"properties":{"name":"Pont SNCF TGV M\u00e2con","waterway":"Sa\u00f4ne","verclr_m":8.9,"horclr_m":null,"spans":2,"source":"VNF IENC (Licence Ouverte 2.0)"}},{"type":"Feature","geometry":{"type":"Point","coordinates":[4.829561,46.286197]},"properties":{"name":"Viaduc SNCF M\u00e2con","waterway":"Sa\u00f4ne","verclr_m":9.3,"horclr_m":null,"spans":2,"source":"VNF IENC (Licence Ouverte 2.0)"}},{"type":"Feature","geometry":{"type":"Point","coordinates":[4.836065,46.29382]},"properties":{"name":"Pont Gri\u00e8ges d\u00e9rivation","waterway":"Sa\u00f4ne","verclr_m":9.4,"horclr_m":null,"spans":2,"source":"VNF IENC (Licence Ouverte 2.0)"}},{"type":"Feature","geometry":{"type":"Point","coordinates":[4.849977,46.303816]},"properties":{"name":"Pont Replonges sud d\u00e9rivation","waterway":"Sa\u00f4ne","verclr_m":9.5,"horclr_m":null,"spans":2,"source":"VNF IENC (Licence Ouverte 2.0)"}},{"type":"Feature","geometry":{"type":"Point","coordinates":[4.849416,46.30844]},"properties":{"name":"Pont Replonges nord d\u00e9rivation","waterway":"Sa\u00f4ne","verclr_m":9.5,"horclr_m":null,"spans":2,"source":"VNF IENC (Licence Ouverte 2.0)"}},{"type":"Feature","geometry":{"type":"Point","coordinates":[4.837172,46.304933]},"properties":{"name":"Pont Saint-Laurent de M\u00e2con","waterway":"Sa\u00f4ne","verclr_m":7.5,"horclr_m":null,"spans":2,"source":"VNF IENC (Licence Ouverte 2.0)"}},{"type":"Feature","geometry":{"type":"Point","coordinates":[4.85286,46.338501]},"properties":{"name":"Pont nord A40","waterway":"Sa\u00f4ne","verclr_m":10.1,"horclr_m":null,"spans":2,"source":"VNF IENC (Licence Ouverte 2.0)"}},{"type":"Feature","geometry":{"type":"Point","coordinates":[4.80971,46.241883]},"properties":{"name":"Nouveau Pont d'Arciat","waterway":"Sa\u00f4ne","verclr_m":10.2,"horclr_m":null,"spans":2,"source":"VNF IENC (Licence Ouverte 2.0)"}},{"type":"Feature","geometry":{"type":"Point","coordinates":[4.823602,46.271981]},"properties":{"name":"Pont A406","waterway":"Sa\u00f4ne","verclr_m":10.4,"horclr_m":null,"spans":2,"source":"VNF IENC (Licence Ouverte 2.0)"}},{"type":"Feature","geometry":{"type":"Point","coordinates":[4.83213,46.297384]},"properties":{"name":"Pont Fran\u00e7ois Mitterrand","waterway":"Sa\u00f4ne","verclr_m":8.89,"horclr_m":null,"spans":2,"source":"VNF IENC (Licence Ouverte 2.0)"}},{"type":"Feature","geometry":{"type":"Point","coordinates":[7.057469,49.111904]},"properties":{"name":"Eisenbahnbruecke Hanweiler","waterway":"Saar","verclr_m":7.5,"horclr_m":null,"spans":1,"source":"VNF IENC (Licence Ouverte 2.0)"}},{"type":"Feature","geometry":{"type":"Point","coordinates":[7.048543,49.113758]},"properties":{"name":"Wegebruecke Kraftwerk Woelferdingen","waterway":"Saar","verclr_m":3.9,"horclr_m":null,"spans":1,"source":"VNF IENC (Licence Ouverte 2.0)"}},{"type":"Feature","geometry":{"type":"Point","coordinates":[7.04231,49.146223]},"properties":{"name":"Strassenbruecke Kleinblittersdorf","waterway":"Saar","verclr_m":10.5,"horclr_m":null,"spans":1,"source":"VNF IENC (Licence Ouverte 2.0)"}},{"type":"Feature","geometry":{"type":"Point","coordinates":[7.031777,49.156881]},"properties":{"name":"Fussgaenger-Freundschaftsbruecke Kleinblittersdorf","waterway":"Saar","verclr_m":6.8,"horclr_m":null,"spans":1,"source":"VNF IENC (Licence Ouverte 2.0)"}},{"type":"Feature","geometry":{"type":"Point","coordinates":[7.029516,49.166296]},"properties":{"name":"Schleusenbruecke Grossblittersdorf No. 30","waterway":"Saar","verclr_m":4.1,"horclr_m":null,"spans":1,"source":"VNF IENC (Licence Ouverte 2.0)"}},{"type":"Feature","geometry":{"type":"Point","coordinates":[7.028402,49.196963]},"properties":{"name":"Strassenbruecke Guedingen","waterway":"Saar","verclr_m":5.6,"horclr_m":null,"spans":1,"source":"VNF IENC (Licence Ouverte 2.0)"}},{"type":"Feature","geometry":{"type":"Point","coordinates":[7.01997,49.203733]},"properties":{"name":"Eisenbahnbruecke Guedingen","waterway":"Saar","verclr_m":6.9,"horclr_m":null,"spans":1,"source":"VNF IENC (Licence Ouverte 2.0)"}},{"type":"Feature","geometry":{"type":"Point","coordinates":[7.022401,49.208172]},"properties":{"name":"Autobahnbruecke Saarbruecken A6","waterway":"Saar","verclr_m":17.8,"horclr_m":null,"spans":1,"source":"VNF IENC (Licence Ouverte 2.0)"}},{"type":"Feature","geometry":{"type":"Point","coordinates":[7.022517,49.208316]},"properties":{"name":"Autobahnbruecke Saarbruecken A6","waterway":"Saar","verclr_m":17.8,"horclr_m":null,"spans":1,"source":"VNF IENC (Licence Ouverte 2.0)"}},{"type":"Feature","geometry":{"type":"Point","coordinates":[7.022748,49.21014]},"properties":{"name":"Saartalbruecke A620","waterway":"Saar","verclr_m":11.2,"horclr_m":null,"spans":1,"source":"VNF IENC (Licence Ouverte 2.0)"}},{"type":"Feature","geometry":{"type":"Point","coordinates":[7.022537,49.214295]},"properties":{"name":"Strassenbruecke St. Arnual","waterway":"Saar","verclr_m":5.6,"horclr_m":null,"spans":1,"source":"VNF IENC (Licence Ouverte 2.0)"}},{"type":"Feature","geometry":{"type":"Point","coordinates":[7.01771,49.221456]},"properties":{"name":"Ostspange Saarbruecken","waterway":"Saar","verclr_m":7.3,"horclr_m":null,"spans":1,"source":"VNF IENC (Licence Ouverte 2.0)"}},{"type":"Feature","geometry":{"type":"Point","coordinates":[4.789367,46.165245]},"properties":{"name":"Pont de Thoissey","waterway":"Sa\u00f4ne","verclr_m":7.8,"horclr_m":null,"spans":2,"source":"VNF IENC (Licence Ouverte 2.0)"}},{"type":"Feature","geometry":{"type":"Point","coordinates":[4.780034,46.188239]},"properties":{"name":"Pont Saint-Romain des Iles","waterway":"Sa\u00f4ne","verclr_m":7.1,"horclr_m":null,"spans":2,"source":"VNF IENC (Licence Ouverte 2.0)"}},{"type":"Feature","geometry":{"type":"Point","coordinates":[3.39563,50.319906]},"properties":{"name":"Pont de l'Enclos","waterway":"Canal Dunkerque\u2013Escaut","verclr_m":5.76,"horclr_m":null,"spans":1,"source":"VNF IENC (Licence Ouverte 2.0)"}},{"type":"Feature","geometry":{"type":"Point","coordinates":[3.400186,50.320989]},"properties":{"name":"Passerelle pi\u00e9tonne de Denain","waterway":"Canal Dunkerque\u2013Escaut","verclr_m":5.35,"horclr_m":null,"spans":1,"source":"VNF IENC (Licence Ouverte 2.0)"}},{"type":"Feature","geometry":{"type":"Point","coordinates":[3.408973,50.322557]},"properties":{"name":"Pont de l'Abattoir","waterway":"Canal Dunkerque\u2013Escaut","verclr_m":5.29,"horclr_m":null,"spans":1,"source":"VNF IENC (Licence Ouverte 2.0)"}},{"type":"Feature","geometry":{"type":"Point","coordinates":[3.426156,50.323781]},"properties":{"name":"Pont SNCF d'Haulchin","waterway":"Canal Dunkerque\u2013Escaut","verclr_m":6.7,"horclr_m":null,"spans":1,"source":"VNF IENC (Licence Ouverte 2.0)"}},{"type":"Feature","geometry":{"type":"Point","coordinates":[3.429457,50.323617]},"properties":{"name":"Viaduc de Rouvignies","waterway":"Canal Dunkerque\u2013Escaut","verclr_m":8.73,"horclr_m":null,"spans":1,"source":"VNF IENC (Licence Ouverte 2.0)"}},{"type":"Feature","geometry":{"type":"Point","coordinates":[3.432831,50.323084]},"properties":{"name":"Pont de Rouvignies","waterway":"Canal Dunkerque\u2013Escaut","verclr_m":6.57,"horclr_m":null,"spans":1,"source":"VNF IENC (Licence Ouverte 2.0)"}},{"type":"Feature","geometry":{"type":"Point","coordinates":[3.450464,50.313275]},"properties":{"name":"Pont SNCF de Prouvy","waterway":"Canal Dunkerque\u2013Escaut","verclr_m":5.29,"horclr_m":null,"spans":1,"source":"VNF IENC (Licence Ouverte 2.0)"}},{"type":"Feature","geometry":{"type":"Point","coordinates":[3.451801,50.31294]},"properties":{"name":"Pont de Thiant","waterway":"Canal Dunkerque\u2013Escaut","verclr_m":5.3,"horclr_m":null,"spans":1,"source":"VNF IENC (Licence Ouverte 2.0)"}},{"type":"Feature","geometry":{"type":"Point","coordinates":[3.481257,50.318249]},"properties":{"name":"Passerelle pi\u00e9tonne de Trith","waterway":"Canal Dunkerque\u2013Escaut","verclr_m":5.7,"horclr_m":null,"spans":1,"source":"VNF IENC (Licence Ouverte 2.0)"}},{"type":"Feature","geometry":{"type":"Point","coordinates":[3.49274,50.324882]},"properties":{"name":"Pont de la Fontenelle","waterway":"Canal Dunkerque\u2013Escaut","verclr_m":5.25,"horclr_m":null,"spans":1,"source":"VNF IENC (Licence Ouverte 2.0)"}},{"type":"Feature","geometry":{"type":"Point","coordinates":[3.502791,50.339243]},"properties":{"name":"Pont SNCF du vert gazon 2/2","waterway":"Canal Dunkerque\u2013Escaut","verclr_m":5.85,"horclr_m":null,"spans":1,"source":"VNF IENC (Licence Ouverte 2.0)"}},{"type":"Feature","geometry":{"type":"Point","coordinates":[3.502342,50.338574]},"properties":{"name":"Viaduc de Trith 1/2","waterway":"Canal Dunkerque\u2013Escaut","verclr_m":17.23,"horclr_m":null,"spans":1,"source":"VNF IENC (Licence Ouverte 2.0)"}},{"type":"Feature","geometry":{"type":"Point","coordinates":[3.510191,50.353531]},"properties":{"name":"Pont de Notre-Dame","waterway":"Canal Dunkerque\u2013Escaut","verclr_m":5.27,"horclr_m":null,"spans":1,"source":"VNF IENC (Licence Ouverte 2.0)"}},{"type":"Feature","geometry":{"type":"Point","coordinates":[3.513619,50.359104]},"properties":{"name":"Pont St Waast ou Villars","waterway":"Canal Dunkerque\u2013Escaut","verclr_m":7.15,"horclr_m":null,"spans":1,"source":"VNF IENC (Licence Ouverte 2.0)"}},{"type":"Feature","geometry":{"type":"Point","coordinates":[3.516272,50.365249]},"properties":{"name":"Pont Jacob II","waterway":"Canal Dunkerque\u2013Escaut","verclr_m":5.26,"horclr_m":null,"spans":1,"source":"VNF IENC (Licence Ouverte 2.0)"}},{"type":"Feature","geometry":{"type":"Point","coordinates":[3.47695,50.316132]},"properties":{"name":"Passerelle Nitro","waterway":"Canal Dunkerque\u2013Escaut","verclr_m":9.53,"horclr_m":null,"spans":1,"source":"VNF IENC (Licence Ouverte 2.0)"}},{"type":"Feature","geometry":{"type":"Point","coordinates":[3.502397,50.338714]},"properties":{"name":"Viaduc de Trith 2/2","waterway":"Canal Dunkerque\u2013Escaut","verclr_m":17.25,"horclr_m":null,"spans":1,"source":"VNF IENC (Licence Ouverte 2.0)"}},{"type":"Feature","geometry":{"type":"Point","coordinates":[3.502862,50.339195]},"properties":{"name":"Pont SNCF du vert gazon 1/2","waterway":"Canal Dunkerque\u2013Escaut","verclr_m":5.85,"horclr_m":null,"spans":1,"source":"VNF IENC (Licence Ouverte 2.0)"}},{"type":"Feature","geometry":{"type":"Point","coordinates":[7.590247,48.150479]},"properties":{"name":"Lock of Marckolsheim","waterway":"Rhine","verclr_m":1.0,"horclr_m":null,"spans":1,"source":"VNF IENC (Licence Ouverte 2.0)"}},{"type":"Feature","geometry":{"type":"Point","coordinates":[2.404977,50.664614]},"properties":{"name":"Pont de Garlinghem","waterway":"Canal Dunkerque\u2013Escaut","verclr_m":5.38,"horclr_m":null,"spans":1,"source":"VNF IENC (Licence Ouverte 2.0)"}},{"type":"Feature","geometry":{"type":"Point","coordinates":[2.462624,50.629297]},"properties":{"name":"Pont RFF d'Isbergues","waterway":"Canal Dunkerque\u2013Escaut","verclr_m":5.29,"horclr_m":null,"spans":1,"source":"VNF IENC (Licence Ouverte 2.0)"}},{"type":"Feature","geometry":{"type":"Point","coordinates":[2.408185,50.650602]},"properties":{"name":"Passerelle des Eaux d' HAZEBROUCK","waterway":"Canal Dunkerque\u2013Escaut","verclr_m":5.43,"horclr_m":null,"spans":1,"source":"VNF IENC (Licence Ouverte 2.0)"}},{"type":"Feature","geometry":{"type":"Point","coordinates":[2.365866,50.708935]},"properties":{"name":"Pont d'Asquin","waterway":"Canal Dunkerque\u2013Escaut","verclr_m":5.31,"horclr_m":null,"spans":1,"source":"VNF IENC (Licence Ouverte 2.0)"}},{"type":"Feature","geometry":{"type":"Point","coordinates":[2.396163,50.690182]},"properties":{"name":"Pont de Blaringhem","waterway":"Canal Dunkerque\u2013Escaut","verclr_m":5.25,"horclr_m":null,"spans":1,"source":"VNF IENC (Licence Ouverte 2.0)"}},{"type":"Feature","geometry":{"type":"Point","coordinates":[2.410075,50.645845]},"properties":{"name":"Pont du RD 943 E","waterway":"Canal Dunkerque\u2013Escaut","verclr_m":5.44,"horclr_m":null,"spans":1,"source":"VNF IENC (Licence Ouverte 2.0)"}},{"type":"Feature","geometry":{"type":"Point","coordinates":[2.413374,50.64214]},"properties":{"name":"Pont d'Aire","waterway":"Canal Dunkerque\u2013Escaut","verclr_m":5.54,"horclr_m":null,"spans":1,"source":"VNF IENC (Licence Ouverte 2.0)"}},{"type":"Feature","geometry":{"type":"Point","coordinates":[2.438837,50.634841]},"properties":{"name":"Pont de Lacque","waterway":"Canal Dunkerque\u2013Escaut","verclr_m":5.68,"horclr_m":null,"spans":1,"source":"VNF IENC (Licence Ouverte 2.0)"}},{"type":"Feature","geometry":{"type":"Point","coordinates":[2.458191,50.630042]},"properties":{"name":"Pont d'Isbergues","waterway":"Canal Dunkerque\u2013Escaut","verclr_m":7.18,"horclr_m":null,"spans":1,"source":"VNF IENC (Licence Ouverte 2.0)"}},{"type":"Feature","geometry":{"type":"Point","coordinates":[2.434636,50.635978]},"properties":{"name":"Passerelle des Eaux de Lacque","waterway":"Canal Dunkerque\u2013Escaut","verclr_m":6.66,"horclr_m":null,"spans":1,"source":"VNF IENC (Licence Ouverte 2.0)"}},{"type":"Feature","geometry":{"type":"Point","coordinates":[1.101986,49.338637]},"properties":{"name":"Pont routier d'Oissel","waterway":"Seine","verclr_m":6.94,"horclr_m":null,"spans":2,"source":"VNF IENC (Licence Ouverte 2.0)"}},{"type":"Feature","geometry":{"type":"Point","coordinates":[1.102245,49.338765]},"properties":{"name":"Viaduc d'Oissel (SNCF)","waterway":"Seine","verclr_m":5.99,"horclr_m":48.0,"spans":2,"source":"VNF IENC (Licence Ouverte 2.0)"}},{"type":"Feature","geometry":{"type":"Point","coordinates":[1.080921,49.333019]},"properties":{"name":"Pont autoroutier d'Oissel","waterway":"Seine","verclr_m":7.0,"horclr_m":50.0,"spans":2,"source":"VNF IENC (Licence Ouverte 2.0)"}},{"type":"Feature","geometry":{"type":"Point","coordinates":[1.226911,49.230649]},"properties":{"name":"Pont route de Saint Pierre du Vauvray","waterway":"Seine","verclr_m":9.98,"horclr_m":40.0,"spans":2,"source":"VNF IENC (Licence Ouverte 2.0)"}},{"type":"Feature","geometry":{"type":"Point","coordinates":[2.26654,51.020633]},"properties":{"name":"Passerelle Gexpama SLEE","waterway":"Canal Dunkerque\u2013Escaut","verclr_m":5.36,"horclr_m":null,"spans":1,"source":"VNF IENC (Licence Ouverte 2.0)"}},{"type":"Feature","geometry":{"type":"Point","coordinates":[2.26399,51.004321]},"properties":{"name":"Pont \u00e0 Roseaux","waterway":"Canal Dunkerque\u2013Escaut","verclr_m":5.28,"horclr_m":null,"spans":1,"source":"VNF IENC (Licence Ouverte 2.0)"}},{"type":"Feature","geometry":{"type":"Point","coordinates":[2.266603,50.992966]},"properties":{"name":"Pont RFF du Puyt Houck","waterway":"Canal Dunkerque\u2013Escaut","verclr_m":5.25,"horclr_m":null,"spans":1,"source":"VNF IENC (Licence Ouverte 2.0)"}},{"type":"Feature","geometry":{"type":"Point","coordinates":[2.267652,50.99179]},"properties":{"name":"Pont rocade littorale (1/2)","waterway":"Canal Dunkerque\u2013Escaut","verclr_m":6.0,"horclr_m":null,"spans":1,"source":"VNF IENC (Licence Ouverte 2.0)"}},{"type":"Feature","geometry":{"type":"Point","coordinates":[2.267727,50.991695]},"properties":{"name":"Pont rocade littorale (2/2)","waterway":"Canal Dunkerque\u2013Escaut","verclr_m":6.09,"horclr_m":null,"spans":1,"source":"VNF IENC (Licence Ouverte 2.0)"}},{"type":"Feature","geometry":{"type":"Point","coordinates":[2.281535,50.975446]},"properties":{"name":"Pont des Basses Brouckes","waterway":"Canal Dunkerque\u2013Escaut","verclr_m":5.35,"horclr_m":null,"spans":1,"source":"VNF IENC (Licence Ouverte 2.0)"}},{"type":"Feature","geometry":{"type":"Point","coordinates":[2.262097,50.940169]},"properties":{"name":"Pont de Dieppe Straete","waterway":"Canal Dunkerque\u2013Escaut","verclr_m":5.26,"horclr_m":null,"spans":1,"source":"VNF IENC (Licence Ouverte 2.0)"}},{"type":"Feature","geometry":{"type":"Point","coordinates":[2.269671,50.955273]},"properties":{"name":"Pont de Coppenaxefort","waterway":"Canal Dunkerque\u2013Escaut","verclr_m":7.0,"horclr_m":null,"spans":1,"source":"VNF IENC (Licence Ouverte 2.0)"}},{"type":"Feature","geometry":{"type":"Point","coordinates":[2.266594,51.020908]},"properties":{"name":"Pont du Fortelet","waterway":"Canal Dunkerque\u2013Escaut","verclr_m":5.3,"horclr_m":null,"spans":1,"source":"VNF IENC (Licence Ouverte 2.0)"}},{"type":"Feature","geometry":{"type":"Point","coordinates":[7.729771,48.401572]},"properties":{"name":"Lock of Gerstheim","waterway":"Rhine","verclr_m":7.0,"horclr_m":null,"spans":1,"source":"VNF IENC (Licence Ouverte 2.0)"}},{"type":"Feature","geometry":{"type":"Point","coordinates":[7.729234,48.401683]},"properties":{"name":"Lock of Gerstheim","waterway":"Rhine","verclr_m":7.0,"horclr_m":null,"spans":1,"source":"VNF IENC (Licence Ouverte 2.0)"}},{"type":"Feature","geometry":{"type":"Point","coordinates":[1.158525,49.307644]},"properties":{"name":"Pont route de Pont-de-l'Arche","waterway":"Seine","verclr_m":12.65,"horclr_m":50.0,"spans":1,"source":"VNF IENC (Licence Ouverte 2.0)"}},{"type":"Feature","geometry":{"type":"Point","coordinates":[1.198174,49.309389]},"properties":{"name":"Pont SNCF du Manoir","waterway":"Seine","verclr_m":12.54,"horclr_m":27.0,"spans":2,"source":"VNF IENC (Licence Ouverte 2.0)"}},{"type":"Feature","geometry":{"type":"Point","coordinates":[1.236921,49.310852]},"properties":{"name":"Passerelle des \u00e9cluses d'Amfreville","waterway":"Seine","verclr_m":8.84,"horclr_m":null,"spans":2,"source":"VNF IENC (Licence Ouverte 2.0)"}},{"type":"Feature","geometry":{"type":"Point","coordinates":[1.198763,49.308633]},"properties":{"name":"Pont SNCF du Manoir","waterway":"Seine","verclr_m":12.55,"horclr_m":30.0,"spans":2,"source":"VNF IENC (Licence Ouverte 2.0)"}},{"type":"Feature","geometry":{"type":"Point","coordinates":[0.999089,49.310103]},"properties":{"name":"Pont SNCF d'Orival","waterway":"Seine","verclr_m":10.48,"horclr_m":46.0,"spans":2,"source":"VNF IENC (Licence Ouverte 2.0)"}},{"type":"Feature","geometry":{"type":"Point","coordinates":[1.112968,49.309408]},"properties":{"name":"Pont Autoroute de Criqueboeuf","waterway":"Seine","verclr_m":11.92,"horclr_m":50.0,"spans":2,"source":"VNF IENC (Licence Ouverte 2.0)"}},{"type":"Feature","geometry":{"type":"Point","coordinates":[1.004666,49.294154]},"properties":{"name":"Pont Route Guynemer \u00e0 Elbeuf","waterway":"Seine","verclr_m":10.85,"horclr_m":40.0,"spans":2,"source":"VNF IENC (Licence Ouverte 2.0)"}},{"type":"Feature","geometry":{"type":"Point","coordinates":[1.010378,49.293507]},"properties":{"name":"Pont route de Jean Jaur\u00e8s","waterway":"Seine","verclr_m":11.29,"horclr_m":50.0,"spans":1,"source":"VNF IENC (Licence Ouverte 2.0)"}},{"type":"Feature","geometry":{"type":"Point","coordinates":[2.467744,48.820162]},"properties":{"name":"Pont de Joinville Bras Droit","waterway":"Seine","verclr_m":6.49,"horclr_m":15.0,"spans":2,"source":"VNF IENC (Licence Ouverte 2.0)"}},{"type":"Feature","geometry":{"type":"Point","coordinates":[2.469061,48.820153]},"properties":{"name":"Pont de Joinville Bras Gauche","waterway":"Seine","verclr_m":6.49,"horclr_m":15.0,"spans":2,"source":"VNF IENC (Licence Ouverte 2.0)"}},{"type":"Feature","geometry":{"type":"Point","coordinates":[2.787062,49.398693]},"properties":{"name":"Pont de Compi\u00e8gne (rocade sud D1131)","waterway":"Oise","verclr_m":8.52,"horclr_m":32.0,"spans":2,"source":"VNF IENC (Licence Ouverte 2.0)"}},{"type":"Feature","geometry":{"type":"Point","coordinates":[2.787632,49.398091]},"properties":{"name":"Pont de Compi\u00e8gne (rocade sud D1131)","waterway":"Oise","verclr_m":8.52,"horclr_m":29.5,"spans":2,"source":"VNF IENC (Licence Ouverte 2.0)"}},{"type":"Feature","geometry":{"type":"Point","coordinates":[2.80629,49.414054]},"properties":{"name":"Pont de l'\u00e9cluse de 125 m de Venette","waterway":"Oise","verclr_m":4.52,"horclr_m":12.0,"spans":2,"source":"VNF IENC (Licence Ouverte 2.0)"}},{"type":"Feature","geometry":{"type":"Point","coordinates":[2.817507,49.41729]},"properties":{"name":"Pont Neuf de Compi\u00e8gne","waterway":"Oise","verclr_m":7.0,"horclr_m":48.0,"spans":2,"source":"VNF IENC (Licence Ouverte 2.0)"}},{"type":"Feature","geometry":{"type":"Point","coordinates":[2.823226,49.420098]},"properties":{"name":"Pont Solf\u00e9rino de Compi\u00e8gne (N31)","waterway":"Oise","verclr_m":5.76,"horclr_m":19.0,"spans":4,"source":"VNF IENC (Licence Ouverte 2.0)"}},{"type":"Feature","geometry":{"type":"Point","coordinates":[2.835117,49.427106]},"properties":{"name":"Pont de Compi\u00e8gne (SNCF)","waterway":"Oise","verclr_m":6.05,"horclr_m":18.5,"spans":2,"source":"VNF IENC (Licence Ouverte 2.0)"}},{"type":"Feature","geometry":{"type":"Point","coordinates":[2.834173,49.427063]},"properties":{"name":"Pont de Compi\u00e8gne (SNCF)","waterway":"Oise","verclr_m":6.05,"horclr_m":20.0,"spans":2,"source":"VNF IENC (Licence Ouverte 2.0)"}},{"type":"Feature","geometry":{"type":"Point","coordinates":[2.849928,49.436092]},"properties":{"name":"Viaduc de Clairoix","waterway":"Oise","verclr_m":12.65,"horclr_m":21.0,"spans":2,"source":"VNF IENC (Licence Ouverte 2.0)"}},{"type":"Feature","geometry":{"type":"Point","coordinates":[2.864611,49.442054]},"properties":{"name":"Pont de Clairoix (D81)","waterway":"Oise","verclr_m":6.29,"horclr_m":21.5,"spans":2,"source":"VNF IENC (Licence Ouverte 2.0)"}},{"type":"Feature","geometry":{"type":"Point","coordinates":[6.121387,48.789299]},"properties":{"name":"Passerelle Aval Ecluse de CUSTINES","waterway":"Moselle","verclr_m":8.83,"horclr_m":13.03,"spans":1,"source":"VNF IENC (Licence Ouverte 2.0)"}},{"type":"Feature","geometry":{"type":"Point","coordinates":[6.113244,48.803972]},"properties":{"name":"Viaduc de BELLEVILLE","waterway":"Moselle","verclr_m":8.29,"horclr_m":39.77,"spans":1,"source":"VNF IENC (Licence Ouverte 2.0)"}},{"type":"Feature","geometry":{"type":"Point","coordinates":[6.11725,48.808879]},"properties":{"name":"Pont de MARBACHE 40B","waterway":"Moselle","verclr_m":7.71,"horclr_m":50.06,"spans":1,"source":"VNF IENC (Licence Ouverte 2.0)"}},{"type":"Feature","geometry":{"type":"Point","coordinates":[6.101343,48.824261]},"properties":{"name":"Viaduc d'AUTREVILLE","waterway":"Moselle","verclr_m":6.97,"horclr_m":64.39,"spans":1,"source":"VNF IENC (Licence Ouverte 2.0)"}},{"type":"Feature","geometry":{"type":"Point","coordinates":[6.079861,48.831423]},"properties":{"name":"Passerelle Porte de Garde LIEGEOT","waterway":"Moselle","verclr_m":6.1,"horclr_m":17.99,"spans":1,"source":"VNF IENC (Licence Ouverte 2.0)"}},{"type":"Feature","geometry":{"type":"Point","coordinates":[6.077457,48.849012]},"properties":{"name":"Pont du CD 10 MOSELLE navigable","waterway":"Moselle","verclr_m":6.08,"horclr_m":42.67,"spans":1,"source":"VNF IENC (Licence Ouverte 2.0)"}},{"type":"Feature","geometry":{"type":"Point","coordinates":[6.117857,48.762513]},"properties":{"name":"Passerelle Ecluse POMPEY-FROUARD","waterway":"Moselle","verclr_m":7.82,"horclr_m":12.08,"spans":1,"source":"VNF IENC (Licence Ouverte 2.0)"}},{"type":"Feature","geometry":{"type":"Point","coordinates":[6.128549,48.765764]},"properties":{"name":"Pont Route de POMPEY","waterway":"Moselle","verclr_m":5.78,"horclr_m":51.4,"spans":1,"source":"VNF IENC (Licence Ouverte 2.0)"}},{"type":"Feature","geometry":{"type":"Point","coordinates":[6.131188,48.766634]},"properties":{"name":"Pont Rail de POMPEY","waterway":"Moselle","verclr_m":5.31,"horclr_m":29.59,"spans":1,"source":"VNF IENC (Licence Ouverte 2.0)"}},{"type":"Feature","geometry":{"type":"Point","coordinates":[6.135892,48.779291]},"properties":{"name":"Pont Route Aci\u00e9rie de POMPEY","waterway":"Moselle","verclr_m":6.21,"horclr_m":28.04,"spans":1,"source":"VNF IENC (Licence Ouverte 2.0)"}},{"type":"Feature","geometry":{"type":"Point","coordinates":[6.136296,48.775184]},"properties":{"name":"Pont Varois","waterway":"Moselle","verclr_m":6.25,"horclr_m":54.08,"spans":1,"source":"VNF IENC (Licence Ouverte 2.0)"}},{"type":"Feature","geometry":{"type":"Point","coordinates":[6.135892,48.779361]},"properties":{"name":"Pont Rail Aci\u00e9rie de POMPEY","waterway":"Moselle","verclr_m":6.2,"horclr_m":27.95,"spans":1,"source":"VNF IENC (Licence Ouverte 2.0)"}},{"type":"Feature","geometry":{"type":"Point","coordinates":[6.13424,48.782394]},"properties":{"name":"Pont Rail de NOMENY","waterway":"Moselle","verclr_m":6.11,"horclr_m":47.74,"spans":1,"source":"VNF IENC (Licence Ouverte 2.0)"}},{"type":"Feature","geometry":{"type":"Point","coordinates":[6.132552,48.784306]},"properties":{"name":"Pont du CD 90","waterway":"Moselle","verclr_m":9.44,"horclr_m":null,"spans":1,"source":"VNF IENC (Licence Ouverte 2.0)"}},{"type":"Feature","geometry":{"type":"Point","coordinates":[6.123872,48.788438]},"properties":{"name":"Passerelle Amont Ecluse de CUSTINES","waterway":"Moselle","verclr_m":5.92,"horclr_m":12.09,"spans":1,"source":"VNF IENC (Licence Ouverte 2.0)"}},{"type":"Feature","geometry":{"type":"Point","coordinates":[6.140281,48.761853]},"properties":{"name":"Pont Aval CLEVANT","waterway":"Moselle","verclr_m":7.04,"horclr_m":12.03,"spans":1,"source":"VNF IENC (Licence Ouverte 2.0)"}},{"type":"Feature","geometry":{"type":"Point","coordinates":[6.140535,48.76201]},"properties":{"name":"Pont Aval CLEVANT","waterway":"Moselle","verclr_m":6.15,"horclr_m":12.11,"spans":1,"source":"VNF IENC (Licence Ouverte 2.0)"}},{"type":"Feature","geometry":{"type":"Point","coordinates":[6.140387,48.76168]},"properties":{"name":"Pont T\u00eate Aval Petite Ecluse de FROUARD-CLEVANT","waterway":"Moselle","verclr_m":5.75,"horclr_m":6.0,"spans":1,"source":"VNF IENC (Licence Ouverte 2.0)"}},{"type":"Feature","geometry":{"type":"Point","coordinates":[6.066905,48.745874]},"properties":{"name":"Pont de LIVERDUN","waterway":"Moselle","verclr_m":5.71,"horclr_m":41.68,"spans":1,"source":"VNF IENC (Licence Ouverte 2.0)"}},{"type":"Feature","geometry":{"type":"Point","coordinates":[6.070487,48.74811]},"properties":{"name":"Pont SNCF Aval LIVERDUN","waterway":"Moselle","verclr_m":7.61,"horclr_m":23.01,"spans":1,"source":"VNF IENC (Licence Ouverte 2.0)"}},{"type":"Feature","geometry":{"type":"Point","coordinates":[3.053503,50.357506]},"properties":{"name":"Pont d'Arras n\u00b02","waterway":"Canal Dunkerque\u2013Escaut","verclr_m":5.28,"horclr_m":null,"spans":1,"source":"VNF IENC (Licence Ouverte 2.0)"}},{"type":"Feature","geometry":{"type":"Point","coordinates":[3.053303,50.357263]},"properties":{"name":"Pont d'Arras n\u00b01","waterway":"Canal Dunkerque\u2013Escaut","verclr_m":5.34,"horclr_m":null,"spans":1,"source":"VNF IENC (Licence Ouverte 2.0)"}},{"type":"Feature","geometry":{"type":"Point","coordinates":[3.051929,50.354255]},"properties":{"name":"Pont de la rocade sud de Douai","waterway":"Canal Dunkerque\u2013Escaut","verclr_m":5.53,"horclr_m":null,"spans":1,"source":"VNF IENC (Licence Ouverte 2.0)"}},{"type":"Feature","geometry":{"type":"Point","coordinates":[3.052405,50.345567]},"properties":{"name":"Pont SNCF de Courchelettes","waterway":"Canal Dunkerque\u2013Escaut","verclr_m":7.38,"horclr_m":null,"spans":1,"source":"VNF IENC (Licence Ouverte 2.0)"}},{"type":"Feature","geometry":{"type":"Point","coordinates":[3.052399,50.345458]},"properties":{"name":"Pont rail de la soci\u00e9t\u00e9 BP (pont Paix)","waterway":"Canal Dunkerque\u2013Escaut","verclr_m":6.05,"horclr_m":null,"spans":1,"source":"VNF IENC (Licence Ouverte 2.0)"}},{"type":"Feature","geometry":{"type":"Point","coordinates":[3.052844,50.341592]},"properties":{"name":"Pont du CVO 2 \u00e0 Courchelettes","waterway":"Canal Dunkerque\u2013Escaut","verclr_m":5.27,"horclr_m":null,"spans":1,"source":"VNF IENC (Licence Ouverte 2.0)"}},{"type":"Feature","geometry":{"type":"Point","coordinates":[3.055793,50.337176]},"properties":{"name":"Pont du CVO4 \u00e0 Corbehem","waterway":"Canal Dunkerque\u2013Escaut","verclr_m":5.25,"horclr_m":null,"spans":1,"source":"VNF IENC (Licence Ouverte 2.0)"}},{"type":"Feature","geometry":{"type":"Point","coordinates":[3.072252,50.322371]},"properties":{"name":"Pont de F\u00e9rin","waterway":"Canal Dunkerque\u2013Escaut","verclr_m":5.47,"horclr_m":null,"spans":1,"source":"VNF IENC (Licence Ouverte 2.0)"}},{"type":"Feature","geometry":{"type":"Point","coordinates":[3.098015,50.306031]},"properties":{"name":"Pont du Moulinet","waterway":"Canal Dunkerque\u2013Escaut","verclr_m":5.71,"horclr_m":null,"spans":1,"source":"VNF IENC (Licence Ouverte 2.0)"}},{"type":"Feature","geometry":{"type":"Point","coordinates":[2.98557,50.616199]},"properties":{"name":"Pont de l' Autoroute A25 (1/2)","waterway":"Canal Dunkerque\u2013Escaut","verclr_m":5.51,"horclr_m":null,"spans":1,"source":"VNF IENC (Licence Ouverte 2.0)"}},{"type":"Feature","geometry":{"type":"Point","coordinates":[2.985933,50.616505]},"properties":{"name":"Pont RFF du port de Lille","waterway":"Canal Dunkerque\u2013Escaut","verclr_m":5.66,"horclr_m":null,"spans":1,"source":"VNF IENC (Licence Ouverte 2.0)"}},{"type":"Feature","geometry":{"type":"Point","coordinates":[2.990981,50.6205]},"properties":{"name":"Pont du CD 207a \u00e0 Sequedin","waterway":"Canal Dunkerque\u2013Escaut","verclr_m":5.61,"horclr_m":null,"spans":1,"source":"VNF IENC (Licence Ouverte 2.0)"}},{"type":"Feature","geometry":{"type":"Point","coordinates":[3.013762,50.625593]},"properties":{"name":"Pont du CD 48 \u00e0 Loos","waterway":"Canal Dunkerque\u2013Escaut","verclr_m":5.47,"horclr_m":null,"spans":1,"source":"VNF IENC (Licence Ouverte 2.0)"}},{"type":"Feature","geometry":{"type":"Point","coordinates":[3.032917,50.631541]},"properties":{"name":"Pont de l'Avenue de Dunkerque","waterway":"Canal Dunkerque\u2013Escaut","verclr_m":5.31,"horclr_m":null,"spans":1,"source":"VNF IENC (Licence Ouverte 2.0)"}},{"type":"Feature","geometry":{"type":"Point","coordinates":[3.036805,50.636502]},"properties":{"name":"Pont L\u00e9on Jouhaux","waterway":"Canal Dunkerque\u2013Escaut","verclr_m":5.56,"horclr_m":null,"spans":1,"source":"VNF IENC (Licence Ouverte 2.0)"}},{"type":"Feature","geometry":{"type":"Point","coordinates":[3.03678,50.639797]},"properties":{"name":"Passerelle pi\u00e9tone du Colys\u00e9e","waterway":"Canal Dunkerque\u2013Escaut","verclr_m":5.57,"horclr_m":null,"spans":1,"source":"VNF IENC (Licence Ouverte 2.0)"}},{"type":"Feature","geometry":{"type":"Point","coordinates":[3.038676,50.644449]},"properties":{"name":"Passerelle pi\u00e9tone de la R\u00e9publique","waterway":"Canal Dunkerque\u2013Escaut","verclr_m":5.31,"horclr_m":null,"spans":1,"source":"VNF IENC (Licence Ouverte 2.0)"}},{"type":"Feature","geometry":{"type":"Point","coordinates":[3.046333,50.648359]},"properties":{"name":"Passerelle pi\u00e9tone du Grand carr\u00e9","waterway":"Canal Dunkerque\u2013Escaut","verclr_m":5.25,"horclr_m":null,"spans":1,"source":"VNF IENC (Licence Ouverte 2.0)"}},{"type":"Feature","geometry":{"type":"Point","coordinates":[3.047112,50.648703]},"properties":{"name":"Pont Royal","waterway":"Canal Dunkerque\u2013Escaut","verclr_m":6.0,"horclr_m":null,"spans":1,"source":"VNF IENC (Licence Ouverte 2.0)"}},{"type":"Feature","geometry":{"type":"Point","coordinates":[3.051999,50.651673]},"properties":{"name":"Pont TGV de Saint Andr\u00e9","waterway":"Canal Dunkerque\u2013Escaut","verclr_m":9.32,"horclr_m":null,"spans":1,"source":"VNF IENC (Licence Ouverte 2.0)"}},{"type":"Feature","geometry":{"type":"Point","coordinates":[3.055397,50.654305]},"properties":{"name":"Pont du CD 57 \u00e0 Saint Andr\u00e9","waterway":"Canal Dunkerque\u2013Escaut","verclr_m":5.25,"horclr_m":null,"spans":1,"source":"VNF IENC (Licence Ouverte 2.0)"}},{"type":"Feature","geometry":{"type":"Point","coordinates":[3.059853,50.660695]},"properties":{"name":"Pont RFF de la Madeleine","waterway":"Canal Dunkerque\u2013Escaut","verclr_m":5.4,"horclr_m":null,"spans":1,"source":"VNF IENC (Licence Ouverte 2.0)"}},{"type":"Feature","geometry":{"type":"Point","coordinates":[3.062201,50.665792]},"properties":{"name":"Pont de l'Abbaye de Marquette","waterway":"Canal Dunkerque\u2013Escaut","verclr_m":5.41,"horclr_m":null,"spans":1,"source":"VNF IENC (Licence Ouverte 2.0)"}},{"type":"Feature","geometry":{"type":"Point","coordinates":[3.060514,50.675186]},"properties":{"name":"Pont Mabile","waterway":"Canal Dunkerque\u2013Escaut","verclr_m":5.46,"horclr_m":null,"spans":1,"source":"VNF IENC (Licence Ouverte 2.0)"}},{"type":"Feature","geometry":{"type":"Point","coordinates":[3.059603,50.681606]},"properties":{"name":"Pont Rocade Nord Ouest (1/2)","waterway":"Canal Dunkerque\u2013Escaut","verclr_m":6.44,"horclr_m":null,"spans":1,"source":"VNF IENC (Licence Ouverte 2.0)"}},{"type":"Feature","geometry":{"type":"Point","coordinates":[3.053719,50.688276]},"properties":{"name":"Pont de Wambrechies","waterway":"Canal Dunkerque\u2013Escaut","verclr_m":5.25,"horclr_m":null,"spans":1,"source":"VNF IENC (Licence Ouverte 2.0)"}},{"type":"Feature","geometry":{"type":"Point","coordinates":[2.997695,50.710777]},"properties":{"name":"Pont de Quesnoy","waterway":"Canal Dunkerque\u2013Escaut","verclr_m":6.09,"horclr_m":null,"spans":1,"source":"VNF IENC (Licence Ouverte 2.0)"}},{"type":"Feature","geometry":{"type":"Point","coordinates":[2.991756,50.713556]},"properties":{"name":"Pont RFF de Quesnoy","waterway":"Canal Dunkerque\u2013Escaut","verclr_m":5.31,"horclr_m":null,"spans":1,"source":"VNF IENC (Licence Ouverte 2.0)"}},{"type":"Feature","geometry":{"type":"Point","coordinates":[3.012833,50.70479]},"properties":{"name":"Passerelle aval ecluse de Quesnoy","waterway":"Canal Dunkerque\u2013Escaut","verclr_m":7.54,"horclr_m":null,"spans":1,"source":"VNF IENC (Licence Ouverte 2.0)"}},{"type":"Feature","geometry":{"type":"Point","coordinates":[3.023723,50.697109]},"properties":{"name":"Pont du vert galant","waterway":"Canal Dunkerque\u2013Escaut","verclr_m":6.7,"horclr_m":null,"spans":1,"source":"VNF IENC (Licence Ouverte 2.0)"}},{"type":"Feature","geometry":{"type":"Point","coordinates":[2.985698,50.616325]},"properties":{"name":"Pont de l' Autoroute A25 (2/2)","waterway":"Canal Dunkerque\u2013Escaut","verclr_m":5.84,"horclr_m":null,"spans":1,"source":"VNF IENC (Licence Ouverte 2.0)"}},{"type":"Feature","geometry":{"type":"Point","coordinates":[3.059658,50.660473]},"properties":{"name":"Passerelle des eaux de la Madeleine","waterway":"Canal Dunkerque\u2013Escaut","verclr_m":5.59,"horclr_m":null,"spans":1,"source":"VNF IENC (Licence Ouverte 2.0)"}},{"type":"Feature","geometry":{"type":"Point","coordinates":[3.062578,50.666556]},"properties":{"name":"Passerelle d' Assainissement de Marquette","waterway":"Canal Dunkerque\u2013Escaut","verclr_m":5.56,"horclr_m":null,"spans":1,"source":"VNF IENC (Licence Ouverte 2.0)"}},{"type":"Feature","geometry":{"type":"Point","coordinates":[3.059511,50.681711]},"properties":{"name":"Pont de la Rocade Nord Ouest (2/2)","waterway":"Canal Dunkerque\u2013Escaut","verclr_m":6.44,"horclr_m":null,"spans":1,"source":"VNF IENC (Licence Ouverte 2.0)"}},{"type":"Feature","geometry":{"type":"Point","coordinates":[6.030876,48.984282]},"properties":{"name":"Pont T\u00eate Aval Ecluse PAGNY-SUR-MOSELLE","waterway":"Moselle","verclr_m":10.09,"horclr_m":13.38,"spans":1,"source":"VNF IENC (Licence Ouverte 2.0)"}},{"type":"Feature","geometry":{"type":"Point","coordinates":[6.05365,49.029933]},"properties":{"name":"Pont de Corny","waterway":"Moselle","verclr_m":8.54,"horclr_m":41.11,"spans":1,"source":"VNF IENC (Licence Ouverte 2.0)"}},{"type":"Feature","geometry":{"type":"Point","coordinates":[6.039035,48.955368]},"properties":{"name":"Pont de CHECOHEE","waterway":"Moselle","verclr_m":6.11,"horclr_m":39.83,"spans":1,"source":"VNF IENC (Licence Ouverte 2.0)"}},{"type":"Feature","geometry":{"type":"Point","coordinates":[6.03624,48.961705]},"properties":{"name":"Pont Rail TGV","waterway":"Moselle","verclr_m":7.32,"horclr_m":46.93,"spans":1,"source":"VNF IENC (Licence Ouverte 2.0)"}},{"type":"Feature","geometry":{"type":"Point","coordinates":[7.801973,48.573735]},"properties":{"name":"Europe-Bridge","waterway":"Rhine","verclr_m":7.0,"horclr_m":null,"spans":1,"source":"VNF IENC (Licence Ouverte 2.0)"}},{"type":"Feature","geometry":{"type":"Point","coordinates":[7.801076,48.575626]},"properties":{"name":"Railwaybridge","waterway":"Rhine","verclr_m":7.0,"horclr_m":null,"spans":1,"source":"VNF IENC (Licence Ouverte 2.0)"}},{"type":"Feature","geometry":{"type":"Point","coordinates":[7.803646,48.569134]},"properties":{"name":"Mimram-Bridge","waterway":"Rhine","verclr_m":7.0,"horclr_m":null,"spans":1,"source":"VNF IENC (Licence Ouverte 2.0)"}},{"type":"Feature","geometry":{"type":"Point","coordinates":[6.267002,49.399344]},"properties":{"name":"CD56 sur l'Ecluse de KOENIGSMACKER","waterway":"Moselle","verclr_m":9.67,"horclr_m":12.17,"spans":1,"source":"VNF IENC (Licence Ouverte 2.0)"}},{"type":"Feature","geometry":{"type":"Point","coordinates":[6.293673,49.422341]},"properties":{"name":"Pont de MALLING","waterway":"Moselle","verclr_m":8.75,"horclr_m":79.23,"spans":1,"source":"VNF IENC (Licence Ouverte 2.0)"}},{"type":"Feature","geometry":{"type":"Point","coordinates":[6.346643,49.448871]},"properties":{"name":"CD64 Pont de CONTZ","waterway":"Moselle","verclr_m":6.91,"horclr_m":29.78,"spans":1,"source":"VNF IENC (Licence Ouverte 2.0)"}},{"type":"Feature","geometry":{"type":"Point","coordinates":[3.523982,50.374105]},"properties":{"name":"Pont SNCF de Bleuse Borne","waterway":"Canal Dunkerque\u2013Escaut","verclr_m":5.21,"horclr_m":null,"spans":1,"source":"VNF IENC (Licence Ouverte 2.0)"}},{"type":"Feature","geometry":{"type":"Point","coordinates":[3.537219,50.385622]},"properties":{"name":"Pont SNCF St Guillaume 1/2","waterway":"Canal Dunkerque\u2013Escaut","verclr_m":5.78,"horclr_m":null,"spans":1,"source":"VNF IENC (Licence Ouverte 2.0)"}},{"type":"Feature","geometry":{"type":"Point","coordinates":[3.543654,50.390523]},"properties":{"name":"Pont des Vaches","waterway":"Canal Dunkerque\u2013Escaut","verclr_m":6.98,"horclr_m":null,"spans":1,"source":"VNF IENC (Licence Ouverte 2.0)"}},{"type":"Feature","geometry":{"type":"Point","coordinates":[3.571211,50.414247]},"properties":{"name":"Pont du Marais","waterway":"Canal Dunkerque\u2013Escaut","verclr_m":5.66,"horclr_m":null,"spans":1,"source":"VNF IENC (Licence Ouverte 2.0)"}},{"type":"Feature","geometry":{"type":"Point","coordinates":[3.580753,50.426081]},"properties":{"name":"Pont Bellevue","waterway":"Canal Dunkerque\u2013Escaut","verclr_m":6.95,"horclr_m":null,"spans":1,"source":"VNF IENC (Licence Ouverte 2.0)"}},{"type":"Feature","geometry":{"type":"Point","coordinates":[3.586857,50.440283]},"properties":{"name":"Pont de Masys","waterway":"Canal Dunkerque\u2013Escaut","verclr_m":5.25,"horclr_m":null,"spans":1,"source":"VNF IENC (Licence Ouverte 2.0)"}},{"type":"Feature","geometry":{"type":"Point","coordinates":[3.58652,50.440551]},"properties":{"name":"Pont SNCF du Moulin","waterway":"Canal Dunkerque\u2013Escaut","verclr_m":5.39,"horclr_m":null,"spans":1,"source":"VNF IENC (Licence Ouverte 2.0)"}},{"type":"Feature","geometry":{"type":"Point","coordinates":[3.564465,50.452952]},"properties":{"name":"Pont du Sarteau","waterway":"Canal Dunkerque\u2013Escaut","verclr_m":5.25,"horclr_m":null,"spans":1,"source":"VNF IENC (Licence Ouverte 2.0)"}},{"type":"Feature","geometry":{"type":"Point","coordinates":[3.537304,50.38567]},"properties":{"name":"Pont SNCF St Guillaume 2/2","waterway":"Canal Dunkerque\u2013Escaut","verclr_m":5.79,"horclr_m":null,"spans":1,"source":"VNF IENC (Licence Ouverte 2.0)"}},{"type":"Feature","geometry":{"type":"Point","coordinates":[4.820552,45.73337]},"properties":{"name":"Pont Pasteur","waterway":"Rh\u00f4ne","verclr_m":6.3,"horclr_m":null,"spans":3,"source":"VNF IENC (Licence Ouverte 2.0)"}},{"type":"Feature","geometry":{"type":"Point","coordinates":[4.8306,45.746503]},"properties":{"name":"Viaduc SNCF de perrache","waterway":"Rh\u00f4ne","verclr_m":8.39,"horclr_m":null,"spans":1,"source":"VNF IENC (Licence Ouverte 2.0)"}},{"type":"Feature","geometry":{"type":"Point","coordinates":[4.832086,45.748333]},"properties":{"name":"Pont Gali\u00e9ni","waterway":"Rh\u00f4ne","verclr_m":7.16,"horclr_m":null,"spans":1,"source":"VNF IENC (Licence Ouverte 2.0)"}},{"type":"Feature","geometry":{"type":"Point","coordinates":[4.835264,45.75258]},"properties":{"name":"Pont de l'universit\u00e9","waterway":"Rh\u00f4ne","verclr_m":7.14,"horclr_m":null,"spans":1,"source":"VNF IENC (Licence Ouverte 2.0)"}},{"type":"Feature","geometry":{"type":"Point","coordinates":[4.838292,45.756819]},"properties":{"name":"Pont de la Guilloti\u00e8re","waterway":"Rh\u00f4ne","verclr_m":7.51,"horclr_m":null,"spans":1,"source":"VNF IENC (Licence Ouverte 2.0)"}},{"type":"Feature","geometry":{"type":"Point","coordinates":[4.83949,45.768627]},"properties":{"name":"Pont Morand","waterway":"Rh\u00f4ne","verclr_m":8.46,"horclr_m":null,"spans":1,"source":"VNF IENC (Licence Ouverte 2.0)"}},{"type":"Feature","geometry":{"type":"Point","coordinates":[4.83927,45.760073]},"properties":{"name":"Pont Wilson","waterway":"Rh\u00f4ne","verclr_m":7.59,"horclr_m":null,"spans":1,"source":"VNF IENC (Licence Ouverte 2.0)"}},{"type":"Feature","geometry":{"type":"Point","coordinates":[4.839751,45.765583]},"properties":{"name":"Passerelle du Coll\u00e8ge","waterway":"Rh\u00f4ne","verclr_m":6.3,"horclr_m":null,"spans":3,"source":"VNF IENC (Licence Ouverte 2.0)"}},{"type":"Feature","geometry":{"type":"Point","coordinates":[4.84253,45.778666]},"properties":{"name":"Pont Winston Churchill","waterway":"Rh\u00f4ne","verclr_m":7.5,"horclr_m":null,"spans":1,"source":"VNF IENC (Licence Ouverte 2.0)"}},{"type":"Feature","geometry":{"type":"Point","coordinates":[4.839604,45.772444]},"properties":{"name":"Pont De Lattre de Tassigny","waterway":"Rh\u00f4ne","verclr_m":8.8,"horclr_m":null,"spans":1,"source":"VNF IENC (Licence Ouverte 2.0)"}},{"type":"Feature","geometry":{"type":"Point","coordinates":[4.839739,45.763565]},"properties":{"name":"Pont Lafayette","waterway":"Rh\u00f4ne","verclr_m":7.4,"horclr_m":null,"spans":1,"source":"VNF IENC (Licence Ouverte 2.0)"}},{"type":"Feature","geometry":{"type":"Point","coordinates":[2.23046,48.866584]},"properties":{"name":"Pont-route de Suresnes","waterway":"Seine","verclr_m":7.94,"horclr_m":60.0,"spans":2,"source":"VNF IENC (Licence Ouverte 2.0)"}},{"type":"Feature","geometry":{"type":"Point","coordinates":[2.225365,48.847847]},"properties":{"name":"Pont autoroute A13","waterway":"Seine","verclr_m":9.04,"horclr_m":80.0,"spans":2,"source":"VNF IENC (Licence Ouverte 2.0)"}},{"type":"Feature","geometry":{"type":"Point","coordinates":[2.227943,48.828779]},"properties":{"name":"Pont-route de S\u00e8vres","waterway":"Seine","verclr_m":8.63,"horclr_m":50.0,"spans":2,"source":"VNF IENC (Licence Ouverte 2.0)"}},{"type":"Feature","geometry":{"type":"Point","coordinates":[2.226321,48.828274]},"properties":{"name":"Pont-route de S\u00e8vres","waterway":"Seine","verclr_m":8.65,"horclr_m":50.0,"spans":2,"source":"VNF IENC (Licence Ouverte 2.0)"}},{"type":"Feature","geometry":{"type":"Point","coordinates":[2.232343,48.825587]},"properties":{"name":"Pont de l'\u00cele Seguin Bras Droit","waterway":"Seine","verclr_m":8.05,"horclr_m":60.0,"spans":2,"source":"VNF IENC (Licence Ouverte 2.0)"}},{"type":"Feature","geometry":{"type":"Point","coordinates":[2.236861,48.823495]},"properties":{"name":"Pont Renault RNUR Bras Droit","waterway":"Seine","verclr_m":8.85,"horclr_m":40.0,"spans":2,"source":"VNF IENC (Licence Ouverte 2.0)"}},{"type":"Feature","geometry":{"type":"Point","coordinates":[2.235361,48.821719]},"properties":{"name":"Pont Renault RNUR Bras Gauche","waterway":"Seine","verclr_m":8.62,"horclr_m":47.0,"spans":2,"source":"VNF IENC (Licence Ouverte 2.0)"}},{"type":"Feature","geometry":{"type":"Point","coordinates":[2.248825,48.824451]},"properties":{"name":"Pont-route de Boulogne Billancourt Bras Droit","waterway":"Seine","verclr_m":8.29,"horclr_m":70.0,"spans":2,"source":"VNF IENC (Licence Ouverte 2.0)"}},{"type":"Feature","geometry":{"type":"Point","coordinates":[2.25858,48.830697]},"properties":{"name":"Pont-route d'Issy-les-Moulineaux Bras Droit","waterway":"Seine","verclr_m":7.44,"horclr_m":50.0,"spans":1,"source":"VNF IENC (Licence Ouverte 2.0)"}},{"type":"Feature","geometry":{"type":"Point","coordinates":[2.263845,48.83492]},"properties":{"name":"Pont du P\u00e9riph\u00e9rique Aval","waterway":"Seine","verclr_m":10.1,"horclr_m":null,"spans":2,"source":"VNF IENC (Licence Ouverte 2.0)"}},{"type":"Feature","geometry":{"type":"Point","coordinates":[2.268385,48.839326]},"properties":{"name":"Pont du Garigliano","waterway":"Seine","verclr_m":12.6,"horclr_m":null,"spans":2,"source":"VNF IENC (Licence Ouverte 2.0)"}},{"type":"Feature","geometry":{"type":"Point","coordinates":[2.275587,48.846662]},"properties":{"name":"Pont Mirabeau","waterway":"Seine","verclr_m":7.57,"horclr_m":null,"spans":2,"source":"VNF IENC (Licence Ouverte 2.0)"}},{"type":"Feature","geometry":{"type":"Point","coordinates":[2.28059,48.84997]},"properties":{"name":"Pont de Grenelle RG","waterway":"Seine","verclr_m":7.7,"horclr_m":null,"spans":2,"source":"VNF IENC (Licence Ouverte 2.0)"}},{"type":"Feature","geometry":{"type":"Point","coordinates":[2.279579,48.850594]},"properties":{"name":"Pont de Grenelle RD","waterway":"Seine","verclr_m":7.7,"horclr_m":null,"spans":2,"source":"VNF IENC (Licence Ouverte 2.0)"}},{"type":"Feature","geometry":{"type":"Point","coordinates":[2.28391,48.852266]},"properties":{"name":"Pont de la Rouelle SNCF Bras de Grenelle RG","waterway":"Seine","verclr_m":7.44,"horclr_m":null,"spans":2,"source":"VNF IENC (Licence Ouverte 2.0)"}},{"type":"Feature","geometry":{"type":"Point","coordinates":[2.28214,48.85248]},"properties":{"name":"Pont de la Rouelle SNCF Bras de Passy RD","waterway":"Seine","verclr_m":7.44,"horclr_m":null,"spans":2,"source":"VNF IENC (Licence Ouverte 2.0)"}},{"type":"Feature","geometry":{"type":"Point","coordinates":[2.288043,48.855229]},"properties":{"name":"Pont de Bir Hakeim Bras de Grenelle RG","waterway":"Seine","verclr_m":6.93,"horclr_m":null,"spans":2,"source":"VNF IENC (Licence Ouverte 2.0)"}},{"type":"Feature","geometry":{"type":"Point","coordinates":[2.287186,48.856099]},"properties":{"name":"Pont de Bir Hakeim Bras de Passy RD","waterway":"Seine","verclr_m":6.93,"horclr_m":null,"spans":2,"source":"VNF IENC (Licence Ouverte 2.0)"}},{"type":"Feature","geometry":{"type":"Point","coordinates":[2.292055,48.859833]},"properties":{"name":"Pont d'I\u00e9na","waterway":"Seine","verclr_m":6.46,"horclr_m":null,"spans":2,"source":"VNF IENC (Licence Ouverte 2.0)"}},{"type":"Feature","geometry":{"type":"Point","coordinates":[2.296872,48.86264]},"properties":{"name":"Passerelle Debilly","waterway":"Seine","verclr_m":7.95,"horclr_m":null,"spans":2,"source":"VNF IENC (Licence Ouverte 2.0)"}},{"type":"Feature","geometry":{"type":"Point","coordinates":[2.301744,48.863466]},"properties":{"name":"Pont de l'Alma","waterway":"Seine","verclr_m":7.37,"horclr_m":null,"spans":2,"source":"VNF IENC (Licence Ouverte 2.0)"}},{"type":"Feature","geometry":{"type":"Point","coordinates":[2.310395,48.863576]},"properties":{"name":"Pont des Invalides","waterway":"Seine","verclr_m":6.36,"horclr_m":null,"spans":2,"source":"VNF IENC (Licence Ouverte 2.0)"}},{"type":"Feature","geometry":{"type":"Point","coordinates":[2.313544,48.863635]},"properties":{"name":"Pont Alexandre III","waterway":"Seine","verclr_m":7.94,"horclr_m":null,"spans":2,"source":"VNF IENC (Licence Ouverte 2.0)"}},{"type":"Feature","geometry":{"type":"Point","coordinates":[2.319589,48.86339]},"properties":{"name":"Pont de la Concorde","waterway":"Seine","verclr_m":7.14,"horclr_m":null,"spans":2,"source":"VNF IENC (Licence Ouverte 2.0)"}},{"type":"Feature","geometry":{"type":"Point","coordinates":[2.324691,48.861815]},"properties":{"name":"Passerelle de Solf\u00e9rino","waterway":"Seine","verclr_m":8.61,"horclr_m":null,"spans":2,"source":"VNF IENC (Licence Ouverte 2.0)"}},{"type":"Feature","geometry":{"type":"Point","coordinates":[2.329926,48.86013]},"properties":{"name":"Pont Royal","waterway":"Seine","verclr_m":8.08,"horclr_m":null,"spans":2,"source":"VNF IENC (Licence Ouverte 2.0)"}},{"type":"Feature","geometry":{"type":"Point","coordinates":[2.332916,48.859346]},"properties":{"name":"Pont du Carrousel","waterway":"Seine","verclr_m":8.06,"horclr_m":null,"spans":2,"source":"VNF IENC (Licence Ouverte 2.0)"}},{"type":"Feature","geometry":{"type":"Point","coordinates":[2.337569,48.858459]},"properties":{"name":"Pont des Arts","waterway":"Seine","verclr_m":7.3,"horclr_m":null,"spans":2,"source":"VNF IENC (Licence Ouverte 2.0)"}},{"type":"Feature","geometry":{"type":"Point","coordinates":[2.341905,48.857797]},"properties":{"name":"Pont Neuf Bras de la Cit\u00e9","waterway":"Seine","verclr_m":7.35,"horclr_m":null,"spans":2,"source":"VNF IENC (Licence Ouverte 2.0)"}},{"type":"Feature","geometry":{"type":"Point","coordinates":[2.340828,48.856528]},"properties":{"name":"Pont Neuf Bras de la Monnaie","waterway":"Seine","verclr_m":5.8,"horclr_m":null,"spans":2,"source":"VNF IENC (Licence Ouverte 2.0)"}},{"type":"Feature","geometry":{"type":"Point","coordinates":[2.346789,48.856689]},"properties":{"name":"Pont au Change Bras de la Cit\u00e9","waterway":"Seine","verclr_m":7.22,"horclr_m":null,"spans":2,"source":"VNF IENC (Licence Ouverte 2.0)"}},{"type":"Feature","geometry":{"type":"Point","coordinates":[2.344626,48.854081]},"properties":{"name":"Pont Saint Michel Bras de la Monnaie","waterway":"Seine","verclr_m":5.33,"horclr_m":null,"spans":2,"source":"VNF IENC (Licence Ouverte 2.0)"}},{"type":"Feature","geometry":{"type":"Point","coordinates":[2.348612,48.856163]},"properties":{"name":"Pont Notre Dame Bras de la Cit\u00e9","waterway":"Seine","verclr_m":8.91,"horclr_m":null,"spans":2,"source":"VNF IENC (Licence Ouverte 2.0)"}},{"type":"Feature","geometry":{"type":"Point","coordinates":[2.346963,48.85331]},"properties":{"name":"Petit Pont Bras de la Monnaie","waterway":"Seine","verclr_m":7.15,"horclr_m":null,"spans":2,"source":"VNF IENC (Licence Ouverte 2.0)"}},{"type":"Feature","geometry":{"type":"Point","coordinates":[2.350582,48.855504]},"properties":{"name":"Pont d'Arcole Bras de la Cit\u00e9","waterway":"Seine","verclr_m":7.54,"horclr_m":null,"spans":2,"source":"VNF IENC (Licence Ouverte 2.0)"}},{"type":"Feature","geometry":{"type":"Point","coordinates":[2.34846,48.852616]},"properties":{"name":"Pont au Double","waterway":"Seine","verclr_m":7.29,"horclr_m":null,"spans":2,"source":"VNF IENC (Licence Ouverte 2.0)"}},{"type":"Feature","geometry":{"type":"Point","coordinates":[2.351598,48.851586]},"properties":{"name":"Pont de l'Archev\u00each\u00e9 Bras de la Monnaie","waterway":"Seine","verclr_m":5.8,"horclr_m":null,"spans":2,"source":"VNF IENC (Licence Ouverte 2.0)"}},{"type":"Feature","geometry":{"type":"Point","coordinates":[2.352758,48.852762]},"properties":{"name":"Pont Saint-Louis Bras St-Louis","waterway":"Seine","verclr_m":8.0,"horclr_m":null,"spans":2,"source":"VNF IENC (Licence Ouverte 2.0)"}},{"type":"Feature","geometry":{"type":"Point","coordinates":[2.354415,48.853848]},"properties":{"name":"Pont Louis Philippe Bras Marie","waterway":"Seine","verclr_m":7.32,"horclr_m":null,"spans":2,"source":"VNF IENC (Licence Ouverte 2.0)"}},{"type":"Feature","geometry":{"type":"Point","coordinates":[2.355466,48.850635]},"properties":{"name":"Pont de la Tournelle Bras de la Tournelle","waterway":"Seine","verclr_m":8.93,"horclr_m":null,"spans":2,"source":"VNF IENC (Licence Ouverte 2.0)"}},{"type":"Feature","geometry":{"type":"Point","coordinates":[2.357397,48.852843]},"properties":{"name":"Pont Marie Bras Marie","waterway":"Seine","verclr_m":7.5,"horclr_m":null,"spans":2,"source":"VNF IENC (Licence Ouverte 2.0)"}},{"type":"Feature","geometry":{"type":"Point","coordinates":[2.358013,48.84979]},"properties":{"name":"Pont Sully Bras de la Tournelle","waterway":"Seine","verclr_m":8.93,"horclr_m":null,"spans":2,"source":"VNF IENC (Licence Ouverte 2.0)"}},{"type":"Feature","geometry":{"type":"Point","coordinates":[2.360635,48.850589]},"properties":{"name":"Pont de Sully Bras Marie","waterway":"Seine","verclr_m":7.87,"horclr_m":null,"spans":2,"source":"VNF IENC (Licence Ouverte 2.0)"}},{"type":"Feature","geometry":{"type":"Point","coordinates":[2.36602,48.844933]},"properties":{"name":"Pont d'Austerlitz","waterway":"Seine","verclr_m":8.6,"horclr_m":null,"spans":2,"source":"VNF IENC (Licence Ouverte 2.0)"}},{"type":"Feature","geometry":{"type":"Point","coordinates":[2.367814,48.843534]},"properties":{"name":"Pont du M\u00e9tropolitain","waterway":"Seine","verclr_m":10.8,"horclr_m":null,"spans":2,"source":"VNF IENC (Licence Ouverte 2.0)"}},{"type":"Feature","geometry":{"type":"Point","coordinates":[2.369107,48.842572]},"properties":{"name":"Pont Charles de Gaulle","waterway":"Seine","verclr_m":8.28,"horclr_m":null,"spans":2,"source":"VNF IENC (Licence Ouverte 2.0)"}},{"type":"Feature","geometry":{"type":"Point","coordinates":[2.374867,48.838047]},"properties":{"name":"Pont de Bercy","waterway":"Seine","verclr_m":7.7,"horclr_m":null,"spans":2,"source":"VNF IENC (Licence Ouverte 2.0)"}},{"type":"Feature","geometry":{"type":"Point","coordinates":[2.378162,48.835317]},"properties":{"name":"Passerelle Simone de Beauvoir","waterway":"Seine","verclr_m":8.36,"horclr_m":null,"spans":2,"source":"VNF IENC (Licence Ouverte 2.0)"}},{"type":"Feature","geometry":{"type":"Point","coordinates":[2.381003,48.832911]},"properties":{"name":"Pont de Tolbiac","waterway":"Seine","verclr_m":7.96,"horclr_m":null,"spans":2,"source":"VNF IENC (Licence Ouverte 2.0)"}},{"type":"Feature","geometry":{"type":"Point","coordinates":[2.387036,48.828009]},"properties":{"name":"Pont National","waterway":"Seine","verclr_m":9.67,"horclr_m":null,"spans":2,"source":"VNF IENC (Licence Ouverte 2.0)"}},{"type":"Feature","geometry":{"type":"Point","coordinates":[2.388813,48.82649]},"properties":{"name":"Pont du P\u00e9riph\u00e9rique amont","waterway":"Seine","verclr_m":13.2,"horclr_m":null,"spans":2,"source":"VNF IENC (Licence Ouverte 2.0)"}},{"type":"Feature","geometry":{"type":"Point","coordinates":[2.398601,48.820377]},"properties":{"name":"Pont aval Nelson Mandela \u00e0 Charenton","waterway":"Seine","verclr_m":11.63,"horclr_m":4.0,"spans":8,"source":"VNF IENC (Licence Ouverte 2.0)"}},{"type":"Feature","geometry":{"type":"Point","coordinates":[2.398821,48.820668]},"properties":{"name":"Pont aval Nelson Mandela \u00e0 Charenton","waterway":"Seine","verclr_m":11.63,"horclr_m":4.0,"spans":8,"source":"VNF IENC (Licence Ouverte 2.0)"}},{"type":"Feature","geometry":{"type":"Point","coordinates":[2.400157,48.819857]},"properties":{"name":"Pont amont Nelson Mandela \u00e0 Charenton","waterway":"Seine","verclr_m":11.29,"horclr_m":2.0,"spans":14,"source":"VNF IENC (Licence Ouverte 2.0)"}},{"type":"Feature","geometry":{"type":"Point","coordinates":[2.259351,48.830364]},"properties":{"name":"Pont-route d'Issy-les-Moulineaux Bras Droit","waterway":"Seine","verclr_m":8.51,"horclr_m":35.0,"spans":1,"source":"VNF IENC (Licence Ouverte 2.0)"}},{"type":"Feature","geometry":{"type":"Point","coordinates":[1.721882,48.991935]},"properties":{"name":"Pont-route de Mantes","waterway":"Seine","verclr_m":9.6,"horclr_m":40.0,"spans":2,"source":"VNF IENC (Licence Ouverte 2.0)"}},{"type":"Feature","geometry":{"type":"Point","coordinates":[1.727302,48.984819]},"properties":{"name":"Pont rocade de Limay","waterway":"Seine","verclr_m":10.73,"horclr_m":40.0,"spans":2,"source":"VNF IENC (Licence Ouverte 2.0)"}},{"type":"Feature","geometry":{"type":"Point","coordinates":[1.728156,48.982535]},"properties":{"name":"Pont SNCF de Mantes","waterway":"Seine","verclr_m":9.61,"horclr_m":25.0,"spans":1,"source":"VNF IENC (Licence Ouverte 2.0)"}},{"type":"Feature","geometry":{"type":"Point","coordinates":[1.728919,48.982675]},"properties":{"name":"Pont SNCF de Mantes","waterway":"Seine","verclr_m":9.63,"horclr_m":25.0,"spans":2,"source":"VNF IENC (Licence Ouverte 2.0)"}},{"type":"Feature","geometry":{"type":"Point","coordinates":[1.809108,48.971195]},"properties":{"name":"Pont route de Rangiport Epone Bras Gauche","waterway":"Seine","verclr_m":9.38,"horclr_m":25.0,"spans":1,"source":"VNF IENC (Licence Ouverte 2.0)"}},{"type":"Feature","geometry":{"type":"Point","coordinates":[1.80878,48.97179]},"properties":{"name":"Pont route de Rangiport Epone Bras Gauche","waterway":"Seine","verclr_m":9.37,"horclr_m":25.0,"spans":1,"source":"VNF IENC (Licence Ouverte 2.0)"}},{"type":"Feature","geometry":{"type":"Point","coordinates":[1.807487,48.974128]},"properties":{"name":"Pont route de Rangiport Epone Bras Droit","waterway":"Seine","verclr_m":9.45,"horclr_m":40.0,"spans":2,"source":"VNF IENC (Licence Ouverte 2.0)"}},{"type":"Feature","geometry":{"type":"Point","coordinates":[6.057335,48.904303]},"properties":{"name":"Pont de PONT-A-MOUSSON","waterway":"Moselle","verclr_m":5.4,"horclr_m":30.56,"spans":1,"source":"VNF IENC (Licence Ouverte 2.0)"}},{"type":"Feature","geometry":{"type":"Point","coordinates":[6.043882,48.917801]},"properties":{"name":"Viaduc de PONT-A-MOUSSON","waterway":"Moselle","verclr_m":8.22,"horclr_m":63.51,"spans":1,"source":"VNF IENC (Licence Ouverte 2.0)"}},{"type":"Feature","geometry":{"type":"Point","coordinates":[6.041492,48.920291]},"properties":{"name":"Pont Porte de Garde PONT-A-MOUSSON","waterway":"Moselle","verclr_m":6.09,"horclr_m":12.08,"spans":1,"source":"VNF IENC (Licence Ouverte 2.0)"}},{"type":"Feature","geometry":{"type":"Point","coordinates":[6.041764,48.935255]},"properties":{"name":"Pont de NORROY","waterway":"Moselle","verclr_m":6.01,"horclr_m":44.67,"spans":1,"source":"VNF IENC (Licence Ouverte 2.0)"}},{"type":"Feature","geometry":{"type":"Point","coordinates":[6.071105,48.872786]},"properties":{"name":"Pont T\u00eate Aval Ecluse BLENOD","waterway":"Moselle","verclr_m":9.25,"horclr_m":12.8,"spans":1,"source":"VNF IENC (Licence Ouverte 2.0)"}},{"type":"Feature","geometry":{"type":"Point","coordinates":[6.07363,48.865096]},"properties":{"name":"Pont Route Centrale EDF de BLENOD","waterway":"Moselle","verclr_m":6.22,"horclr_m":37.84,"spans":1,"source":"VNF IENC (Licence Ouverte 2.0)"}},{"type":"Feature","geometry":{"type":"Point","coordinates":[6.073579,48.86517]},"properties":{"name":"Pont Rail Centrale EDF de BLENOD","waterway":"Moselle","verclr_m":6.18,"horclr_m":37.81,"spans":1,"source":"VNF IENC (Licence Ouverte 2.0)"}},{"type":"Feature","geometry":{"type":"Point","coordinates":[2.10195,49.048205]},"properties":{"name":"Pont de Pontoise (D14)","waterway":"Oise","verclr_m":5.6,"horclr_m":2.0,"spans":20,"source":"VNF IENC (Licence Ouverte 2.0)"}},{"type":"Feature","geometry":{"type":"Point","coordinates":[2.100492,49.045795]},"properties":{"name":"Pont triple de Pontoise/St-Ouen-l'Aumone (SNCF)","waterway":"Oise","verclr_m":8.5,"horclr_m":47.0,"spans":2,"source":"VNF IENC (Licence Ouverte 2.0)"}},{"type":"Feature","geometry":{"type":"Point","coordinates":[2.096263,49.03584]},"properties":{"name":"Pont autoroute A15","waterway":"Oise","verclr_m":9.2,"horclr_m":12.0,"spans":2,"source":"VNF IENC (Licence Ouverte 2.0)"}},{"type":"Feature","geometry":{"type":"Point","coordinates":[2.092686,49.029523]},"properties":{"name":"Pont d'Eragny (Pont voie 3)","waterway":"Oise","verclr_m":8.56,"horclr_m":46.5,"spans":2,"source":"VNF IENC (Licence Ouverte 2.0)"}},{"type":"Feature","geometry":{"type":"Point","coordinates":[2.083372,49.019445]},"properties":{"name":"Pont de Cergy (SNCF)","waterway":"Oise","verclr_m":8.62,"horclr_m":35.0,"spans":2,"source":"VNF IENC (Licence Ouverte 2.0)"}},{"type":"Feature","geometry":{"type":"Point","coordinates":[2.063819,49.027112]},"properties":{"name":"Pont de Cergy (D203)","waterway":"Oise","verclr_m":7.25,"horclr_m":2.0,"spans":12,"source":"VNF IENC (Licence Ouverte 2.0)"}},{"type":"Feature","geometry":{"type":"Point","coordinates":[2.056861,49.013802]},"properties":{"name":"Pont de Neuville (D48E)","waterway":"Oise","verclr_m":8.39,"horclr_m":2.0,"spans":12,"source":"VNF IENC (Licence Ouverte 2.0)"}},{"type":"Feature","geometry":{"type":"Point","coordinates":[2.041947,49.038631]},"properties":{"name":"Passerelle de l'Axe Majeur","waterway":"Oise","verclr_m":10.3,"horclr_m":45.0,"spans":1,"source":"VNF IENC (Licence Ouverte 2.0)"}},{"type":"Feature","geometry":{"type":"Point","coordinates":[2.685314,49.313983]},"properties":{"name":"Pont autoroute A1","waterway":"Oise","verclr_m":6.79,"horclr_m":53.5,"spans":2,"source":"VNF IENC (Licence Ouverte 2.0)"}},{"type":"Feature","geometry":{"type":"Point","coordinates":[2.71101,49.312576]},"properties":{"name":"Viaduc TGV Nord","waterway":"Oise","verclr_m":20.0,"horclr_m":30.0,"spans":2,"source":"VNF IENC (Licence Ouverte 2.0)"}},{"type":"Feature","geometry":{"type":"Point","coordinates":[2.724795,49.311937]},"properties":{"name":"Pont de Verberie (D26)","waterway":"Oise","verclr_m":7.12,"horclr_m":40.5,"spans":2,"source":"VNF IENC (Licence Ouverte 2.0)"}},{"type":"Feature","geometry":{"type":"Point","coordinates":[2.734221,49.328585]},"properties":{"name":"Pont de Longueuil-Sainte-Marie (SNCF)","waterway":"Oise","verclr_m":6.15,"horclr_m":17.5,"spans":2,"source":"VNF IENC (Licence Ouverte 2.0)"}},{"type":"Feature","geometry":{"type":"Point","coordinates":[2.766957,49.352912]},"properties":{"name":"Pont de Lacroix-Saint-Ouen (D98)","waterway":"Oise","verclr_m":6.32,"horclr_m":34.0,"spans":2,"source":"VNF IENC (Licence Ouverte 2.0)"}},{"type":"Feature","geometry":{"type":"Point","coordinates":[2.76495,49.359722]},"properties":{"name":"Pont de Meux (voie industrielle D200)","waterway":"Oise","verclr_m":8.5,"horclr_m":70.0,"spans":2,"source":"VNF IENC (Licence Ouverte 2.0)"}},{"type":"Feature","geometry":{"type":"Point","coordinates":[2.778727,49.385941]},"properties":{"name":"Passerelle de Jaux","waterway":"Oise","verclr_m":8.0,"horclr_m":47.0,"spans":2,"source":"VNF IENC (Licence Ouverte 2.0)"}},{"type":"Feature","geometry":{"type":"Point","coordinates":[6.03596,48.756556]},"properties":{"name":"Pont T\u00eate Aval Ecluse d'AINGERAY","waterway":"Moselle","verclr_m":8.66,"horclr_m":13.23,"spans":1,"source":"VNF IENC (Licence Ouverte 2.0)"}},{"type":"Feature","geometry":{"type":"Point","coordinates":[6.05731,48.751616]},"properties":{"name":"Pont SNCF Amont LIVERDUN","waterway":"Moselle","verclr_m":7.52,"horclr_m":22.74,"spans":1,"source":"VNF IENC (Licence Ouverte 2.0)"}},{"type":"Feature","geometry":{"type":"Point","coordinates":[5.971667,48.712343]},"properties":{"name":"Viaduc de FONTENOY D191A","waterway":"Moselle","verclr_m":15.8,"horclr_m":null,"spans":1,"source":"VNF IENC (Licence Ouverte 2.0)"}},{"type":"Feature","geometry":{"type":"Point","coordinates":[4.869895,46.784518]},"properties":{"name":"Pont de Bourgogne","waterway":"Sa\u00f4ne","verclr_m":9.6,"horclr_m":null,"spans":2,"source":"VNF IENC (Licence Ouverte 2.0)"}},{"type":"Feature","geometry":{"type":"Point","coordinates":[4.863545,46.758824]},"properties":{"name":"Pont de Bresse","waterway":"Sa\u00f4ne","verclr_m":9.4,"horclr_m":null,"spans":2,"source":"VNF IENC (Licence Ouverte 2.0)"}},{"type":"Feature","geometry":{"type":"Point","coordinates":[4.878479,46.76148]},"properties":{"name":"Pont de la Darse","waterway":"Sa\u00f4ne","verclr_m":7.14,"horclr_m":null,"spans":2,"source":"VNF IENC (Licence Ouverte 2.0)"}},{"type":"Feature","geometry":{"type":"Point","coordinates":[4.84634,46.773447]},"properties":{"name":"Pont des Dombes","waterway":"Sa\u00f4ne","verclr_m":8.3,"horclr_m":null,"spans":2,"source":"VNF IENC (Licence Ouverte 2.0)"}},{"type":"Feature","geometry":{"type":"Point","coordinates":[4.85225,46.777666]},"properties":{"name":"Pont Jean Richard","waterway":"Sa\u00f4ne","verclr_m":8.4,"horclr_m":null,"spans":2,"source":"VNF IENC (Licence Ouverte 2.0)"}},{"type":"Feature","geometry":{"type":"Point","coordinates":[4.858785,46.780504]},"properties":{"name":"Pont Saint Laurent","waterway":"Sa\u00f4ne","verclr_m":8.9,"horclr_m":null,"spans":2,"source":"VNF IENC (Licence Ouverte 2.0)"}},{"type":"Feature","geometry":{"type":"Point","coordinates":[4.863103,46.779185]},"properties":{"name":"Pont Genise 2 - RD19","waterway":"Sa\u00f4ne","verclr_m":6.65,"horclr_m":null,"spans":2,"source":"VNF IENC (Licence Ouverte 2.0)"}},{"type":"Feature","geometry":{"type":"Point","coordinates":[4.859911,46.777257]},"properties":{"name":"Pont Genise 1","waterway":"Sa\u00f4ne","verclr_m":8.18,"horclr_m":null,"spans":2,"source":"VNF IENC (Licence Ouverte 2.0)"}},{"type":"Feature","geometry":{"type":"Point","coordinates":[5.168111,47.039832]},"properties":{"name":"Pont de Labruy\u00e8re","waterway":"Sa\u00f4ne","verclr_m":6.7,"horclr_m":null,"spans":2,"source":"VNF IENC (Licence Ouverte 2.0)"}},{"type":"Feature","geometry":{"type":"Point","coordinates":[5.144863,47.023989]},"properties":{"name":"Pont de Chamblanc","waterway":"Sa\u00f4ne","verclr_m":6.7,"horclr_m":null,"spans":2,"source":"VNF IENC (Licence Ouverte 2.0)"}},{"type":"Feature","geometry":{"type":"Point","coordinates":[5.156869,47.032165]},"properties":{"name":"Pont de l'A36","waterway":"Sa\u00f4ne","verclr_m":6.7,"horclr_m":null,"spans":2,"source":"VNF IENC (Licence Ouverte 2.0)"}},{"type":"Feature","geometry":{"type":"Point","coordinates":[5.186355,47.054468]},"properties":{"name":"Pont de Pagny","waterway":"Sa\u00f4ne","verclr_m":6.7,"horclr_m":null,"spans":2,"source":"VNF IENC (Licence Ouverte 2.0)"}},{"type":"Feature","geometry":{"type":"Point","coordinates":[5.140587,47.004551]},"properties":{"name":"Pont Ecluse Seurre","waterway":"Sa\u00f4ne","verclr_m":9.5,"horclr_m":null,"spans":2,"source":"VNF IENC (Licence Ouverte 2.0)"}},{"type":"Feature","geometry":{"type":"Point","coordinates":[2.522779,50.602136]},"properties":{"name":"Pont de l'Epinette","waterway":"Canal Dunkerque\u2013Escaut","verclr_m":5.52,"horclr_m":null,"spans":1,"source":"VNF IENC (Licence Ouverte 2.0)"}},{"type":"Feature","geometry":{"type":"Point","coordinates":[2.539828,50.594036]},"properties":{"name":"Pont de la Biette","waterway":"Canal Dunkerque\u2013Escaut","verclr_m":5.26,"horclr_m":null,"spans":1,"source":"VNF IENC (Licence Ouverte 2.0)"}},{"type":"Feature","geometry":{"type":"Point","coordinates":[2.594725,50.585634]},"properties":{"name":"Pont de Suppli","waterway":"Canal Dunkerque\u2013Escaut","verclr_m":5.28,"horclr_m":null,"spans":1,"source":"VNF IENC (Licence Ouverte 2.0)"}},{"type":"Feature","geometry":{"type":"Point","coordinates":[2.49253,50.616371]},"properties":{"name":"Pont de Guarbecque","waterway":"Canal Dunkerque\u2013Escaut","verclr_m":5.46,"horclr_m":null,"spans":1,"source":"VNF IENC (Licence Ouverte 2.0)"}},{"type":"Feature","geometry":{"type":"Point","coordinates":[2.560582,50.589767]},"properties":{"name":"Pont de l'Eclemme","waterway":"Canal Dunkerque\u2013Escaut","verclr_m":5.28,"horclr_m":null,"spans":1,"source":"VNF IENC (Licence Ouverte 2.0)"}},{"type":"Feature","geometry":{"type":"Point","coordinates":[2.577686,50.587358]},"properties":{"name":"Pont de Saint-Venant","waterway":"Canal Dunkerque\u2013Escaut","verclr_m":5.29,"horclr_m":null,"spans":1,"source":"VNF IENC (Licence Ouverte 2.0)"}},{"type":"Feature","geometry":{"type":"Point","coordinates":[5.118609,46.968836]},"properties":{"name":"Pont de Chivres","waterway":"Sa\u00f4ne","verclr_m":8.1,"horclr_m":null,"spans":2,"source":"VNF IENC (Licence Ouverte 2.0)"}},{"type":"Feature","geometry":{"type":"Point","coordinates":[5.143843,46.996811]},"properties":{"name":"Pont de Seurre","waterway":"Sa\u00f4ne","verclr_m":9.0,"horclr_m":null,"spans":2,"source":"VNF IENC (Licence Ouverte 2.0)"}},{"type":"Feature","geometry":{"type":"Point","coordinates":[5.074105,46.943163]},"properties":{"name":"Pont t\u00eate aval Ecuelle","waterway":"Sa\u00f4ne","verclr_m":11.1,"horclr_m":null,"spans":2,"source":"VNF IENC (Licence Ouverte 2.0)"}},{"type":"Feature","geometry":{"type":"Point","coordinates":[5.022452,46.902304]},"properties":{"name":"Pont de Bragny","waterway":"Sa\u00f4ne","verclr_m":10.1,"horclr_m":null,"spans":2,"source":"VNF IENC (Licence Ouverte 2.0)"}},{"type":"Feature","geometry":{"type":"Point","coordinates":[4.999469,46.902581]},"properties":{"name":"Pont de Chauvort","waterway":"Sa\u00f4ne","verclr_m":10.4,"horclr_m":null,"spans":2,"source":"VNF IENC (Licence Ouverte 2.0)"}},{"type":"Feature","geometry":{"type":"Point","coordinates":[4.955391,46.87905]},"properties":{"name":"Pont de Verjux Gergy","waterway":"Sa\u00f4ne","verclr_m":10.5,"horclr_m":null,"spans":2,"source":"VNF IENC (Licence Ouverte 2.0)"}},{"type":"Feature","geometry":{"type":"Point","coordinates":[5.026069,46.894536]},"properties":{"name":"Pont des Bordes","waterway":"Sa\u00f4ne","verclr_m":8.14,"horclr_m":null,"spans":2,"source":"VNF IENC (Licence Ouverte 2.0)"}},{"type":"Feature","geometry":{"type":"Point","coordinates":[2.255716,50.918845]},"properties":{"name":"Pont du CD 11","waterway":"Canal Dunkerque\u2013Escaut","verclr_m":5.32,"horclr_m":null,"spans":1,"source":"VNF IENC (Licence Ouverte 2.0)"}},{"type":"Feature","geometry":{"type":"Point","coordinates":[2.242611,50.882245]},"properties":{"name":"Pont de l'Abbesse","waterway":"Canal Dunkerque\u2013Escaut","verclr_m":5.43,"horclr_m":null,"spans":1,"source":"VNF IENC (Licence Ouverte 2.0)"}},{"type":"Feature","geometry":{"type":"Point","coordinates":[2.249066,50.896744]},"properties":{"name":"Pont du CD 3 \u00e0 Lynck","waterway":"Canal Dunkerque\u2013Escaut","verclr_m":5.26,"horclr_m":null,"spans":1,"source":"VNF IENC (Licence Ouverte 2.0)"}},{"type":"Feature","geometry":{"type":"Point","coordinates":[2.792715,50.52278]},"properties":{"name":"Pont RFF de Haisnes (1/2)","waterway":"Canal Dunkerque\u2013Escaut","verclr_m":5.52,"horclr_m":null,"spans":1,"source":"VNF IENC (Licence Ouverte 2.0)"}},{"type":"Feature","geometry":{"type":"Point","coordinates":[2.79296,50.522805]},"properties":{"name":"Pont RFF d'Haisnes (2/2)","waterway":"Canal Dunkerque\u2013Escaut","verclr_m":7.33,"horclr_m":null,"spans":1,"source":"VNF IENC (Licence Ouverte 2.0)"}},{"type":"Feature","geometry":{"type":"Point","coordinates":[2.771413,50.521338]},"properties":{"name":"Pont des Cr\u00eates","waterway":"Canal Dunkerque\u2013Escaut","verclr_m":5.45,"horclr_m":null,"spans":1,"source":"VNF IENC (Licence Ouverte 2.0)"}},{"type":"Feature","geometry":{"type":"Point","coordinates":[2.802286,50.523559]},"properties":{"name":"Pont d'Haisnes","waterway":"Canal Dunkerque\u2013Escaut","verclr_m":5.64,"horclr_m":null,"spans":1,"source":"VNF IENC (Licence Ouverte 2.0)"}},{"type":"Feature","geometry":{"type":"Point","coordinates":[2.815149,50.524611]},"properties":{"name":"Pont de Douvrin","waterway":"Canal Dunkerque\u2013Escaut","verclr_m":5.49,"horclr_m":null,"spans":1,"source":"VNF IENC (Licence Ouverte 2.0)"}},{"type":"Feature","geometry":{"type":"Point","coordinates":[2.8355,50.526647]},"properties":{"name":"Passerelle de Blanc Ballot","waterway":"Canal Dunkerque\u2013Escaut","verclr_m":5.25,"horclr_m":null,"spans":1,"source":"VNF IENC (Licence Ouverte 2.0)"}},{"type":"Feature","geometry":{"type":"Point","coordinates":[2.836696,50.526768]},"properties":{"name":"Pont de la RN 47 b (1/2)","waterway":"Canal Dunkerque\u2013Escaut","verclr_m":6.14,"horclr_m":null,"spans":1,"source":"VNF IENC (Licence Ouverte 2.0)"}},{"type":"Feature","geometry":{"type":"Point","coordinates":[2.83692,50.526814]},"properties":{"name":"Pont de la RN 47 b (2/2)","waterway":"Canal Dunkerque\u2013Escaut","verclr_m":7.54,"horclr_m":null,"spans":1,"source":"VNF IENC (Licence Ouverte 2.0)"}},{"type":"Feature","geometry":{"type":"Point","coordinates":[2.87816,50.526354]},"properties":{"name":"Pont de Billy-Bercleau","waterway":"Canal Dunkerque\u2013Escaut","verclr_m":5.35,"horclr_m":null,"spans":1,"source":"VNF IENC (Licence Ouverte 2.0)"}},{"type":"Feature","geometry":{"type":"Point","coordinates":[2.885587,50.522019]},"properties":{"name":"Pont de Bauvin n\u00b01 vers Dunkerque","waterway":"Canal Dunkerque\u2013Escaut","verclr_m":5.45,"horclr_m":null,"spans":1,"source":"VNF IENC (Licence Ouverte 2.0)"}},{"type":"Feature","geometry":{"type":"Point","coordinates":[2.886887,50.52194]},"properties":{"name":"Pont de Bauvin n\u00b02 vers Lille","waterway":"Canal Dunkerque\u2013Escaut","verclr_m":5.49,"horclr_m":null,"spans":1,"source":"VNF IENC (Licence Ouverte 2.0)"}},{"type":"Feature","geometry":{"type":"Point","coordinates":[2.879829,50.497266]},"properties":{"name":"Pont de Meurchin","waterway":"Canal Dunkerque\u2013Escaut","verclr_m":5.28,"horclr_m":null,"spans":1,"source":"VNF IENC (Licence Ouverte 2.0)"}},{"type":"Feature","geometry":{"type":"Point","coordinates":[2.880062,50.490566]},"properties":{"name":"Pont neuf de Meurchin","waterway":"Canal Dunkerque\u2013Escaut","verclr_m":7.32,"horclr_m":null,"spans":1,"source":"VNF IENC (Licence Ouverte 2.0)"}},{"type":"Feature","geometry":{"type":"Point","coordinates":[7.590048,47.591541]},"properties":{"name":"Pedestrian bridge H\u00fcningen","waterway":"Rhine","verclr_m":7.0,"horclr_m":null,"spans":1,"source":"VNF IENC (Licence Ouverte 2.0)"}},{"type":"Feature","geometry":{"type":"Point","coordinates":[7.593307,47.600997]},"properties":{"name":"Palmrainbridge Weil","waterway":"Rhine","verclr_m":7.0,"horclr_m":null,"spans":1,"source":"VNF IENC (Licence Ouverte 2.0)"}},{"type":"Feature","geometry":{"type":"Point","coordinates":[7.525287,47.653235]},"properties":{"name":"Lock of Kembs","waterway":"Rhine","verclr_m":7.0,"horclr_m":null,"spans":1,"source":"VNF IENC (Licence Ouverte 2.0)"}},{"type":"Feature","geometry":{"type":"Point","coordinates":[4.785492,45.340303]},"properties":{"name":"Pont de la RD4","waterway":"Rh\u00f4ne","verclr_m":6.3,"horclr_m":null,"spans":1,"source":"VNF IENC (Licence Ouverte 2.0)"}},{"type":"Feature","geometry":{"type":"Point","coordinates":[4.742845,45.412862]},"properties":{"name":"C.D. N127 7","waterway":"Rh\u00f4ne","verclr_m":6.3,"horclr_m":null,"spans":1,"source":"VNF IENC (Licence Ouverte 2.0)"}},{"type":"Feature","geometry":{"type":"Point","coordinates":[4.842605,45.778649]},"properties":{"name":"P. W. Churchill","waterway":"Rh\u00f4ne","verclr_m":6.3,"horclr_m":null,"spans":2,"source":"VNF IENC (Licence Ouverte 2.0)"}},{"type":"Feature","geometry":{"type":"Point","coordinates":[4.839564,45.772455]},"properties":{"name":"P. de Lattre de Tassigny","waterway":"Rh\u00f4ne","verclr_m":6.3,"horclr_m":null,"spans":2,"source":"VNF IENC (Licence Ouverte 2.0)"}},{"type":"Feature","geometry":{"type":"Point","coordinates":[4.839563,45.768618]},"properties":{"name":"Pont Morand","waterway":"Rh\u00f4ne","verclr_m":6.3,"horclr_m":null,"spans":2,"source":"VNF IENC (Licence Ouverte 2.0)"}},{"type":"Feature","geometry":{"type":"Point","coordinates":[4.839783,45.763562]},"properties":{"name":"P. Lafayette","waterway":"Rh\u00f4ne","verclr_m":6.3,"horclr_m":null,"spans":2,"source":"VNF IENC (Licence Ouverte 2.0)"}},{"type":"Feature","geometry":{"type":"Point","coordinates":[4.839287,45.760075]},"properties":{"name":"P. Wilson","waterway":"Rh\u00f4ne","verclr_m":6.3,"horclr_m":null,"spans":2,"source":"VNF IENC (Licence Ouverte 2.0)"}},{"type":"Feature","geometry":{"type":"Point","coordinates":[4.838331,45.756803]},"properties":{"name":"P. de la Guilloti\u00e8re","waterway":"Rh\u00f4ne","verclr_m":6.3,"horclr_m":null,"spans":2,"source":"VNF IENC (Licence Ouverte 2.0)"}},{"type":"Feature","geometry":{"type":"Point","coordinates":[4.835337,45.752555]},"properties":{"name":"P. de l'Universit\u00e9","waterway":"Rh\u00f4ne","verclr_m":6.3,"horclr_m":null,"spans":2,"source":"VNF IENC (Licence Ouverte 2.0)"}},{"type":"Feature","geometry":{"type":"Point","coordinates":[4.832182,45.7483]},"properties":{"name":"P. Galli\u00e9ni","waterway":"Rh\u00f4ne","verclr_m":6.3,"horclr_m":null,"spans":2,"source":"VNF IENC (Licence Ouverte 2.0)"}},{"type":"Feature","geometry":{"type":"Point","coordinates":[4.830659,45.746476]},"properties":{"name":"Pont de SNCF","waterway":"Rh\u00f4ne","verclr_m":6.3,"horclr_m":null,"spans":2,"source":"VNF IENC (Licence Ouverte 2.0)"}},{"type":"Feature","geometry":{"type":"Point","coordinates":[4.815483,45.731411]},"properties":{"name":"Viaduc de la Mul\u00e2ti\u00e8re","waterway":"Rh\u00f4ne","verclr_m":6.3,"horclr_m":null,"spans":2,"source":"VNF IENC (Licence Ouverte 2.0)"}},{"type":"Feature","geometry":{"type":"Point","coordinates":[4.815882,45.731255]},"properties":{"name":"Viaduct de la Mul\u00e2ti\u00e8re","waterway":"Rh\u00f4ne","verclr_m":6.3,"horclr_m":null,"spans":2,"source":"VNF IENC (Licence Ouverte 2.0)"}},{"type":"Feature","geometry":{"type":"Point","coordinates":[4.8425,45.694288]},"properties":{"name":"Pont de l'autoroute A 7","waterway":"Rh\u00f4ne","verclr_m":6.3,"horclr_m":null,"spans":2,"source":"VNF IENC (Licence Ouverte 2.0)"}},{"type":"Feature","geometry":{"type":"Point","coordinates":[4.722275,44.095662]},"properties":{"name":"R.D. 238","waterway":"Rh\u00f4ne","verclr_m":6.3,"horclr_m":null,"spans":1,"source":"VNF IENC (Licence Ouverte 2.0)"}},{"type":"Feature","geometry":{"type":"Point","coordinates":[4.765341,44.072647]},"properties":{"name":"pont TGV","waterway":"Rh\u00f4ne","verclr_m":6.3,"horclr_m":null,"spans":1,"source":"VNF IENC (Licence Ouverte 2.0)"}},{"type":"Feature","geometry":{"type":"Point","coordinates":[4.768705,44.071513]},"properties":{"name":"pont de Roquemaure","waterway":"Rh\u00f4ne","verclr_m":6.3,"horclr_m":null,"spans":1,"source":"VNF IENC (Licence Ouverte 2.0)"}},{"type":"Feature","geometry":{"type":"Point","coordinates":[4.767738,44.071914]},"properties":{"name":"pont de l'autoroute A9","waterway":"Rh\u00f4ne","verclr_m":6.3,"horclr_m":null,"spans":1,"source":"VNF IENC (Licence Ouverte 2.0)"}},{"type":"Feature","geometry":{"type":"Point","coordinates":[4.882986,44.93199]},"properties":{"name":"Pont F. Mistral","waterway":"Rh\u00f4ne","verclr_m":6.3,"horclr_m":60.0,"spans":1,"source":"VNF IENC (Licence Ouverte 2.0)"}},{"type":"Feature","geometry":{"type":"Point","coordinates":[4.752673,44.756106]},"properties":{"name":"pont du Pouzin","waterway":"Rh\u00f4ne","verclr_m":6.3,"horclr_m":null,"spans":1,"source":"VNF IENC (Licence Ouverte 2.0)"}},{"type":"Feature","geometry":{"type":"Point","coordinates":[4.780079,44.795051]},"properties":{"name":"Viaduct SNCF DE LA VOULTE","waterway":"Rh\u00f4ne","verclr_m":6.3,"horclr_m":null,"spans":1,"source":"VNF IENC (Licence Ouverte 2.0)"}},{"type":"Feature","geometry":{"type":"Point","coordinates":[4.784558,44.799966]},"properties":{"name":"PONT DE LA VOULTE","waterway":"Rh\u00f4ne","verclr_m":6.3,"horclr_m":null,"spans":1,"source":"VNF IENC (Licence Ouverte 2.0)"}},{"type":"Feature","geometry":{"type":"Point","coordinates":[4.839744,44.853931]},"properties":{"name":"Pont de Charmes","waterway":"Rh\u00f4ne","verclr_m":6.3,"horclr_m":60.0,"spans":1,"source":"VNF IENC (Licence Ouverte 2.0)"}},{"type":"Feature","geometry":{"type":"Point","coordinates":[4.867112,44.907985]},"properties":{"name":"Pont","waterway":"Rh\u00f4ne","verclr_m":6.3,"horclr_m":null,"spans":1,"source":"VNF IENC (Licence Ouverte 2.0)"}},{"type":"Feature","geometry":{"type":"Point","coordinates":[4.82027,43.995157]},"properties":{"name":"Pont sur derivation de Barthelasse","waterway":"Rh\u00f4ne","verclr_m":6.3,"horclr_m":null,"spans":1,"source":"VNF IENC (Licence Ouverte 2.0)"}},{"type":"Feature","geometry":{"type":"Point","coordinates":[4.793328,43.95364]},"properties":{"name":"Pont Du Royaume","waterway":"Rh\u00f4ne","verclr_m":6.3,"horclr_m":null,"spans":1,"source":"VNF IENC (Licence Ouverte 2.0)"}},{"type":"Feature","geometry":{"type":"Point","coordinates":[4.800146,43.951429]},"properties":{"name":"Pont Daladier","waterway":"Rh\u00f4ne","verclr_m":6.3,"horclr_m":null,"spans":1,"source":"VNF IENC (Licence Ouverte 2.0)"}},{"type":"Feature","geometry":{"type":"Point","coordinates":[4.781383,43.940334]},"properties":{"name":"Viaduc SNCF d'Avignon","waterway":"Rh\u00f4ne","verclr_m":6.3,"horclr_m":null,"spans":1,"source":"VNF IENC (Licence Ouverte 2.0)"}},{"type":"Feature","geometry":{"type":"Point","coordinates":[4.754544,43.936399]},"properties":{"name":"pont TGV","waterway":"Rh\u00f4ne","verclr_m":6.3,"horclr_m":null,"spans":1,"source":"VNF IENC (Licence Ouverte 2.0)"}},{"type":"Feature","geometry":{"type":"Point","coordinates":[4.78893,43.947439]},"properties":{"name":"Pont De L'Europe - Bras de Villeneuve","waterway":"Rh\u00f4ne","verclr_m":6.3,"horclr_m":null,"spans":1,"source":"VNF IENC (Licence Ouverte 2.0)"}},{"type":"Feature","geometry":{"type":"Point","coordinates":[4.794918,43.944472]},"properties":{"name":"Pont De L'Europe - Bras de Villeneuve","waterway":"Rh\u00f4ne","verclr_m":6.3,"horclr_m":null,"spans":1,"source":"VNF IENC (Licence Ouverte 2.0)"}},{"type":"Feature","geometry":{"type":"Point","coordinates":[4.855773,45.539518]},"properties":{"name":"Pont de l'A7 Vienne Nord","waterway":"Rh\u00f4ne","verclr_m":6.3,"horclr_m":null,"spans":1,"source":"VNF IENC (Licence Ouverte 2.0)"}},{"type":"Feature","geometry":{"type":"Point","coordinates":[4.872455,45.528351]},"properties":{"name":"nouveau pont de Vienne","waterway":"Rh\u00f4ne","verclr_m":6.3,"horclr_m":null,"spans":1,"source":"VNF IENC (Licence Ouverte 2.0)"}},{"type":"Feature","geometry":{"type":"Point","coordinates":[4.870641,45.524853]},"properties":{"name":"passerelle de Vienne","waterway":"Rh\u00f4ne","verclr_m":6.3,"horclr_m":null,"spans":1,"source":"VNF IENC (Licence Ouverte 2.0)"}},{"type":"Feature","geometry":{"type":"Point","coordinates":[4.784762,45.593165]},"properties":{"name":"Pont de la M\u00e9diterran\u00e9e","waterway":"Rh\u00f4ne","verclr_m":6.3,"horclr_m":null,"spans":1,"source":"VNF IENC (Licence Ouverte 2.0)"}},{"type":"Feature","geometry":{"type":"Point","coordinates":[4.779906,45.58156]},"properties":{"name":"passerelle de Givors","waterway":"Rh\u00f4ne","verclr_m":6.3,"horclr_m":null,"spans":1,"source":"VNF IENC (Licence Ouverte 2.0)"}},{"type":"Feature","geometry":{"type":"Point","coordinates":[4.768669,45.457036]},"properties":{"name":"Pont de Condrieu","waterway":"Rh\u00f4ne","verclr_m":6.3,"horclr_m":null,"spans":1,"source":"VNF IENC (Licence Ouverte 2.0)"}},{"type":"Feature","geometry":{"type":"Point","coordinates":[4.839148,45.500016]},"properties":{"name":"Pont aval de l'autoroute A7","waterway":"Rh\u00f4ne","verclr_m":6.3,"horclr_m":45.0,"spans":1,"source":"VNF IENC (Licence Ouverte 2.0)"}},{"type":"Feature","geometry":{"type":"Point","coordinates":[4.65321,43.804691]},"properties":{"name":"pont de beaucaire","waterway":"Rh\u00f4ne","verclr_m":6.3,"horclr_m":null,"spans":1,"source":"VNF IENC (Licence Ouverte 2.0)"}},{"type":"Feature","geometry":{"type":"Point","coordinates":[4.652831,43.801545]},"properties":{"name":"Viaduc SNCF","waterway":"Rh\u00f4ne","verclr_m":6.3,"horclr_m":null,"spans":1,"source":"VNF IENC (Licence Ouverte 2.0)"}},{"type":"Feature","geometry":{"type":"Point","coordinates":[4.650244,43.787231]},"properties":{"name":"pont de Beaucaire - Tarascon","waterway":"Rh\u00f4ne","verclr_m":6.3,"horclr_m":null,"spans":1,"source":"VNF IENC (Licence Ouverte 2.0)"}},{"type":"Feature","geometry":{"type":"Point","coordinates":[4.717714,44.576191]},"properties":{"name":"pont de Rochemaure","waterway":"Rh\u00f4ne","verclr_m":6.3,"horclr_m":null,"spans":1,"source":"VNF IENC (Licence Ouverte 2.0)"}},{"type":"Feature","geometry":{"type":"Point","coordinates":[4.71576,44.554984]},"properties":{"name":"pont du Teil","waterway":"Rh\u00f4ne","verclr_m":6.3,"horclr_m":null,"spans":1,"source":"VNF IENC (Licence Ouverte 2.0)"}},{"type":"Feature","geometry":{"type":"Point","coordinates":[4.730457,44.554552]},"properties":{"name":"pont Rhin et Danube","waterway":"Rh\u00f4ne","verclr_m":6.3,"horclr_m":null,"spans":1,"source":"VNF IENC (Licence Ouverte 2.0)"}},{"type":"Feature","geometry":{"type":"Point","coordinates":[4.726001,44.534753]},"properties":{"name":"pont de Gournier","waterway":"Rh\u00f4ne","verclr_m":6.3,"horclr_m":null,"spans":1,"source":"VNF IENC (Licence Ouverte 2.0)"}},{"type":"Feature","geometry":{"type":"Point","coordinates":[4.699152,44.481584]},"properties":{"name":"pont de Viviers","waterway":"Rh\u00f4ne","verclr_m":6.3,"horclr_m":null,"spans":1,"source":"VNF IENC (Licence Ouverte 2.0)"}},{"type":"Feature","geometry":{"type":"Point","coordinates":[4.729918,44.374123]},"properties":{"name":"pont TGV","waterway":"Rh\u00f4ne","verclr_m":6.3,"horclr_m":45.0,"spans":1,"source":"VNF IENC (Licence Ouverte 2.0)"}},{"type":"Feature","geometry":{"type":"Point","coordinates":[4.730835,44.364954]},"properties":{"name":"pont de St-Paul","waterway":"Rh\u00f4ne","verclr_m":6.3,"horclr_m":null,"spans":1,"source":"VNF IENC (Licence Ouverte 2.0)"}},{"type":"Feature","geometry":{"type":"Point","coordinates":[4.73756,44.323253]},"properties":{"name":"pont du Tricastin","waterway":"Rh\u00f4ne","verclr_m":6.3,"horclr_m":60.0,"spans":1,"source":"VNF IENC (Licence Ouverte 2.0)"}},{"type":"Feature","geometry":{"type":"Point","coordinates":[4.731156,44.284856]},"properties":{"name":"pont du CD 994","waterway":"Rh\u00f4ne","verclr_m":6.3,"horclr_m":60.0,"spans":1,"source":"VNF IENC (Licence Ouverte 2.0)"}},{"type":"Feature","geometry":{"type":"Point","coordinates":[4.623103,43.678899]},"properties":{"name":"pont de Trinquetaille RD 35A","waterway":"Rh\u00f4ne","verclr_m":6.3,"horclr_m":null,"spans":1,"source":"VNF IENC (Licence Ouverte 2.0)"}},{"type":"Feature","geometry":{"type":"Point","coordinates":[4.61778,43.676014]},"properties":{"name":"pont RN 113","waterway":"Rh\u00f4ne","verclr_m":6.3,"horclr_m":null,"spans":1,"source":"VNF IENC (Licence Ouverte 2.0)"}},{"type":"Feature","geometry":{"type":"Point","coordinates":[4.853669,45.014557]},"properties":{"name":"pont de La Roche de Glun","waterway":"Rh\u00f4ne","verclr_m":6.3,"horclr_m":80.0,"spans":1,"source":"VNF IENC (Licence Ouverte 2.0)"}},{"type":"Feature","geometry":{"type":"Point","coordinates":[4.834897,45.068262]},"properties":{"name":"Pont Marc Seguin","waterway":"Rh\u00f4ne","verclr_m":6.3,"horclr_m":null,"spans":1,"source":"VNF IENC (Licence Ouverte 2.0)"}},{"type":"Feature","geometry":{"type":"Point","coordinates":[4.840754,45.066728]},"properties":{"name":"pont Gustave Toursier","waterway":"Rh\u00f4ne","verclr_m":6.3,"horclr_m":null,"spans":1,"source":"VNF IENC (Licence Ouverte 2.0)"}},{"type":"Feature","geometry":{"type":"Point","coordinates":[4.712489,44.25988]},"properties":{"name":"pont de SNCF Paris Marseille","waterway":"Rh\u00f4ne","verclr_m":6.3,"horclr_m":60.0,"spans":1,"source":"VNF IENC (Licence Ouverte 2.0)"}},{"type":"Feature","geometry":{"type":"Point","coordinates":[4.708141,44.253963]},"properties":{"name":"pont de la RN7","waterway":"Rh\u00f4ne","verclr_m":6.3,"horclr_m":60.0,"spans":1,"source":"VNF IENC (Licence Ouverte 2.0)"}},{"type":"Feature","geometry":{"type":"Point","coordinates":[4.701695,44.245157]},"properties":{"name":"Pont du CD44","waterway":"Rh\u00f4ne","verclr_m":6.3,"horclr_m":null,"spans":1,"source":"VNF IENC (Licence Ouverte 2.0)"}},{"type":"Feature","geometry":{"type":"Point","coordinates":[4.706618,44.202766]},"properties":{"name":"Pont TGV","waterway":"Rh\u00f4ne","verclr_m":6.3,"horclr_m":null,"spans":1,"source":"VNF IENC (Licence Ouverte 2.0)"}},{"type":"Feature","geometry":{"type":"Point","coordinates":[4.757187,43.934393]},"properties":{"name":"pont TGV","waterway":"Rh\u00f4ne","verclr_m":6.3,"horclr_m":null,"spans":1,"source":"VNF IENC (Licence Ouverte 2.0)"}},{"type":"Feature","geometry":{"type":"Point","coordinates":[4.702206,43.898024]},"properties":{"name":"pont d'Aramon","waterway":"Rh\u00f4ne","verclr_m":6.3,"horclr_m":null,"spans":1,"source":"VNF IENC (Licence Ouverte 2.0)"}},{"type":"Feature","geometry":{"type":"Point","coordinates":[4.709331,44.412195]},"properties":{"name":"Pont SNCF","waterway":"Rh\u00f4ne","verclr_m":6.3,"horclr_m":null,"spans":1,"source":"VNF IENC (Licence Ouverte 2.0)"}},{"type":"Feature","geometry":{"type":"Point","coordinates":[4.711153,44.412042]},"properties":{"name":"Pont de La RN7","waterway":"Rh\u00f4ne","verclr_m":6.3,"horclr_m":null,"spans":1,"source":"VNF IENC (Licence Ouverte 2.0)"}},{"type":"Feature","geometry":{"type":"Point","coordinates":[4.728336,44.382321]},"properties":{"name":"Pont Suspendu La Gare","waterway":"Rh\u00f4ne","verclr_m":6.3,"horclr_m":null,"spans":1,"source":"VNF IENC (Licence Ouverte 2.0)"}},{"type":"Feature","geometry":{"type":"Point","coordinates":[1.158657,49.306936]},"properties":{"name":"Passe n\u00b01 - Pont route de Pont-de-l'Arche","waterway":"Seine","verclr_m":12.65,"horclr_m":50.0,"spans":1,"source":"VNF IENC (Licence Ouverte 2.0)"}},{"type":"Feature","geometry":{"type":"Point","coordinates":[1.158536,49.307583]},"properties":{"name":"Passe n\u00b02 - Pont route de Pont-de-l'Arche","waterway":"Seine","verclr_m":12.65,"horclr_m":50.0,"spans":1,"source":"VNF IENC (Licence Ouverte 2.0)"}},{"type":"Feature","geometry":{"type":"Point","coordinates":[1.158406,49.308283]},"properties":{"name":"Passe n\u00b03 - Pont route de Pont-de-l'Arche","waterway":"Seine","verclr_m":12.65,"horclr_m":50.0,"spans":1,"source":"VNF IENC (Licence Ouverte 2.0)"}},{"type":"Feature","geometry":{"type":"Point","coordinates":[1.721543,48.991818]},"properties":{"name":"Passe n\u00b02 - Pont de Mantes","waterway":"Seine","verclr_m":9.6,"horclr_m":40.0,"spans":1,"source":"VNF IENC (Licence Ouverte 2.0)"}},{"type":"Feature","geometry":{"type":"Point","coordinates":[1.728156,48.982535]},"properties":{"name":"Passe n\u00b02 - Pont SNCF de Mantes","waterway":"Seine","verclr_m":9.61,"horclr_m":25.0,"spans":1,"source":"VNF IENC (Licence Ouverte 2.0)"}},{"type":"Feature","geometry":{"type":"Point","coordinates":[1.728653,48.982626]},"properties":{"name":"Passe n\u00b03 - Pont SNCF de Mantes","waterway":"Seine","verclr_m":9.63,"horclr_m":25.0,"spans":1,"source":"VNF IENC (Licence Ouverte 2.0)"}},{"type":"Feature","geometry":{"type":"Point","coordinates":[1.809108,48.971195]},"properties":{"name":"Passe n\u00b01 - Pont route de Rangiport Bras Gauche","waterway":"Seine","verclr_m":9.38,"horclr_m":25.0,"spans":1,"source":"VNF IENC (Licence Ouverte 2.0)"}},{"type":"Feature","geometry":{"type":"Point","coordinates":[1.80878,48.97179]},"properties":{"name":"Passe n\u00b02 - Pont route de Rangiport Bras Gauche","waterway":"Seine","verclr_m":9.37,"horclr_m":25.0,"spans":1,"source":"VNF IENC (Licence Ouverte 2.0)"}},{"type":"Feature","geometry":{"type":"Point","coordinates":[2.25858,48.830697]},"properties":{"name":"Passe n\u00b03 - Pont-route d'Issy-les-Moulineaux Bras Droit","waterway":"Seine","verclr_m":7.44,"horclr_m":50.0,"spans":1,"source":"VNF IENC (Licence Ouverte 2.0)"}},{"type":"Feature","geometry":{"type":"Point","coordinates":[2.259351,48.830364]},"properties":{"name":"Passe n\u00b02 - Pont-route d'Issy-les-Moulineaux","waterway":"Seine","verclr_m":8.51,"horclr_m":35.0,"spans":1,"source":"VNF IENC (Licence Ouverte 2.0)"}},{"type":"Feature","geometry":{"type":"Point","coordinates":[1.010389,49.293559]},"properties":{"name":"Passe n\u00b02 - Pont Jean Jaures d'Elbeuf","waterway":"Seine","verclr_m":11.29,"horclr_m":50.0,"spans":1,"source":"VNF IENC (Licence Ouverte 2.0)"}},{"type":"Feature","geometry":{"type":"Point","coordinates":[1.010235,49.292842]},"properties":{"name":"Passe n\u00b01 - Pont Jean Jaures d'Elbeuf","waterway":"Seine","verclr_m":11.29,"horclr_m":50.0,"spans":1,"source":"VNF IENC (Licence Ouverte 2.0)"}},{"type":"Feature","geometry":{"type":"Point","coordinates":[1.010531,49.29422]},"properties":{"name":"Passe n\u00b03 - Pont Jean Jaures d'Elbeuf","waterway":"Seine","verclr_m":11.29,"horclr_m":50.0,"spans":1,"source":"VNF IENC (Licence Ouverte 2.0)"}},{"type":"Feature","geometry":{"type":"Point","coordinates":[2.203221,48.911712]},"properties":{"name":"Passe n\u00b02 - Pont SNCF de Bezons - Bras Droit","waterway":"Seine","verclr_m":9.4,"horclr_m":25.0,"spans":1,"source":"VNF IENC (Licence Ouverte 2.0)"}},{"type":"Feature","geometry":{"type":"Point","coordinates":[2.202859,48.911888]},"properties":{"name":"Passe n\u00b03 - Pont SNCF de Bezons - Bras Droit","waterway":"Seine","verclr_m":9.42,"horclr_m":25.0,"spans":1,"source":"VNF IENC (Licence Ouverte 2.0)"}},{"type":"Feature","geometry":{"type":"Point","coordinates":[2.205064,48.910811]},"properties":{"name":"Passe n\u00b03 - Pont SNCF de Nanterre - Bras Gauche","waterway":"Seine","verclr_m":9.2,"horclr_m":25.0,"spans":1,"source":"VNF IENC (Licence Ouverte 2.0)"}},{"type":"Feature","geometry":{"type":"Point","coordinates":[2.205424,48.910635]},"properties":{"name":"Passe n\u00b02 - Pont SNCF de Nanterre - Bras Gauche","waterway":"Seine","verclr_m":9.31,"horclr_m":25.0,"spans":1,"source":"VNF IENC (Licence Ouverte 2.0)"}},{"type":"Feature","geometry":{"type":"Point","coordinates":[2.328918,48.91858]},"properties":{"name":"Passe n\u00b03 - Pont-route de Saint Ouen Bras Droit","waterway":"Seine","verclr_m":8.58,"horclr_m":22.0,"spans":1,"source":"VNF IENC (Licence Ouverte 2.0)"}},{"type":"Feature","geometry":{"type":"Point","coordinates":[2.328593,48.918801]},"properties":{"name":"Passe n\u00b02 - Pont-route de Saint Ouen Bras Droit","waterway":"Seine","verclr_m":8.54,"horclr_m":21.5,"spans":1,"source":"VNF IENC (Licence Ouverte 2.0)"}},{"type":"Feature","geometry":{"type":"Point","coordinates":[2.326035,48.920522]},"properties":{"name":"Passe n\u00b02 - Pont-route de Saint Ouen Bras Gauche","waterway":"Seine","verclr_m":7.96,"horclr_m":25.0,"spans":1,"source":"VNF IENC (Licence Ouverte 2.0)"}},{"type":"Feature","geometry":{"type":"Point","coordinates":[2.325642,48.920786]},"properties":{"name":"Passe n\u00b01 - Pont-route de Saint Ouen Bras Gauche","waterway":"Seine","verclr_m":7.89,"horclr_m":25.0,"spans":1,"source":"VNF IENC (Licence Ouverte 2.0)"}},{"type":"Feature","geometry":{"type":"Point","coordinates":[1.088161,49.437983]},"properties":{"name":"Passe centrale - Pont Jeanne d'Arc de Rouen","waterway":"Seine","verclr_m":7.01,"horclr_m":40.0,"spans":1,"source":"VNF IENC (Licence Ouverte 2.0)"}},{"type":"Feature","geometry":{"type":"Point","coordinates":[1.108187,49.425937]},"properties":{"name":"Viaduc d'Eauplet Rive Gauche (SNCF)","waterway":"Seine","verclr_m":6.11,"horclr_m":65.0,"spans":1,"source":"VNF IENC (Licence Ouverte 2.0)"}},{"type":"Feature","geometry":{"type":"Point","coordinates":[1.110279,49.427268]},"properties":{"name":"Viaduc d'Eauplet Rive Droite (SNCF)","waterway":"Seine","verclr_m":6.63,"horclr_m":60.0,"spans":1,"source":"VNF IENC (Licence Ouverte 2.0)"}},{"type":"Feature","geometry":{"type":"Point","coordinates":[2.158708,48.944639]},"properties":{"name":"Passe n\u00b04 - Pont-route de Maisons Laffitte","waterway":"Seine","verclr_m":10.35,"horclr_m":23.0,"spans":1,"source":"VNF IENC (Licence Ouverte 2.0)"}},{"type":"Feature","geometry":{"type":"Point","coordinates":[2.158369,48.944817]},"properties":{"name":"Passe n\u00b03 - Pont-route de Maisons Laffitte","waterway":"Seine","verclr_m":10.4,"horclr_m":23.0,"spans":1,"source":"VNF IENC (Licence Ouverte 2.0)"}},{"type":"Feature","geometry":{"type":"Point","coordinates":[2.158029,48.944998]},"properties":{"name":"Passe n\u00b02 - Pont-route de Maisons Laffitte","waterway":"Seine","verclr_m":10.39,"horclr_m":23.0,"spans":1,"source":"VNF IENC (Licence Ouverte 2.0)"}},{"type":"Feature","geometry":{"type":"Point","coordinates":[1.487796,49.095808]},"properties":{"name":"Passe n\u00b02 - Pont Clemenceau de Vernon","waterway":"Seine","verclr_m":9.62,"horclr_m":50.0,"spans":1,"source":"VNF IENC (Licence Ouverte 2.0)"}},{"type":"Feature","geometry":{"type":"Point","coordinates":[1.488581,49.096337]},"properties":{"name":"Passe n\u00b03 - Pont Clemenceau de Vernon","waterway":"Seine","verclr_m":9.62,"horclr_m":50.0,"spans":1,"source":"VNF IENC (Licence Ouverte 2.0)"}},{"type":"Feature","geometry":{"type":"Point","coordinates":[2.415966,48.660994]},"properties":{"name":"Pont-route de Ris-Orangis","waterway":"Seine (Amont)","verclr_m":7.97,"horclr_m":2.0,"spans":7,"source":"VNF IENC (Licence Ouverte 2.0)"}},{"type":"Feature","geometry":{"type":"Point","coordinates":[2.456263,48.635815]},"properties":{"name":"Pont d'Evry","waterway":"Seine (Amont)","verclr_m":6.87,"horclr_m":2.0,"spans":6,"source":"VNF IENC (Licence Ouverte 2.0)"}},{"type":"Feature","geometry":{"type":"Point","coordinates":[2.455602,48.635375]},"properties":{"name":"Pont d'Evry","waterway":"Seine (Amont)","verclr_m":9.26,"horclr_m":8.0,"spans":1,"source":"VNF IENC (Licence Ouverte 2.0)"}},{"type":"Feature","geometry":{"type":"Point","coordinates":[2.456816,48.636185]},"properties":{"name":"Pont d'Evry","waterway":"Seine (Amont)","verclr_m":6.87,"horclr_m":8.0,"spans":2,"source":"VNF IENC (Licence Ouverte 2.0)"}},{"type":"Feature","geometry":{"type":"Point","coordinates":[2.471057,48.624928]},"properties":{"name":"Pont de la Francilienne N104","waterway":"Seine (Amont)","verclr_m":7.67,"horclr_m":2.0,"spans":7,"source":"VNF IENC (Licence Ouverte 2.0)"}},{"type":"Feature","geometry":{"type":"Point","coordinates":[2.470178,48.624602]},"properties":{"name":"Pont de la Francilienne N104","waterway":"Seine (Amont)","verclr_m":9.89,"horclr_m":8.0,"spans":1,"source":"VNF IENC (Licence Ouverte 2.0)"}},{"type":"Feature","geometry":{"type":"Point","coordinates":[2.471965,48.625262]},"properties":{"name":"Pont de la Francilienne N104","waterway":"Seine (Amont)","verclr_m":9.89,"horclr_m":8.0,"spans":1,"source":"VNF IENC (Licence Ouverte 2.0)"}},{"type":"Feature","geometry":{"type":"Point","coordinates":[2.484132,48.61339]},"properties":{"name":"Passe n\u00b02 - Pont de Corbeil-Essonnes","waterway":"Seine (Amont)","verclr_m":6.07,"horclr_m":2.0,"spans":5,"source":"VNF IENC (Licence Ouverte 2.0)"}},{"type":"Feature","geometry":{"type":"Point","coordinates":[2.483752,48.613192]},"properties":{"name":"Passe n\u00b01 - Pont de Corbeil-Essonnes","waterway":"Seine (Amont)","verclr_m":8.18,"horclr_m":8.0,"spans":1,"source":"VNF IENC (Licence Ouverte 2.0)"}},{"type":"Feature","geometry":{"type":"Point","coordinates":[2.484563,48.613614]},"properties":{"name":"Passe n\u00b03 - Pont de Corbeil-Essonnes","waterway":"Seine (Amont)","verclr_m":8.18,"horclr_m":8.0,"spans":1,"source":"VNF IENC (Licence Ouverte 2.0)"}},{"type":"Feature","geometry":{"type":"Point","coordinates":[2.411276,48.774798]},"properties":{"name":"Pont Autoroute A86","waterway":"Seine (Amont)","verclr_m":14.05,"horclr_m":43.0,"spans":1,"source":"VNF IENC (Licence Ouverte 2.0)"}},{"type":"Feature","geometry":{"type":"Point","coordinates":[2.412308,48.766362]},"properties":{"name":"Pont route de Choisy-le-Roi","waterway":"Seine (Amont)","verclr_m":8.02,"horclr_m":52.0,"spans":1,"source":"VNF IENC (Licence Ouverte 2.0)"}},{"type":"Feature","geometry":{"type":"Point","coordinates":[2.424799,48.752824]},"properties":{"name":"Pont SNCF de Massy Palaiseau","waterway":"Seine (Amont)","verclr_m":6.88,"horclr_m":8.0,"spans":3,"source":"VNF IENC (Licence Ouverte 2.0)"}},{"type":"Feature","geometry":{"type":"Point","coordinates":[2.424447,48.752607]},"properties":{"name":"Pont SNCF de Massy Palaiseau","waterway":"Seine (Amont)","verclr_m":6.88,"horclr_m":18.5,"spans":1,"source":"VNF IENC (Licence Ouverte 2.0)"}},{"type":"Feature","geometry":{"type":"Point","coordinates":[2.443856,48.728073]},"properties":{"name":"Pont de Villeneuve-Saint-Georges","waterway":"Seine (Amont)","verclr_m":7.2,"horclr_m":2.0,"spans":7,"source":"VNF IENC (Licence Ouverte 2.0)"}},{"type":"Feature","geometry":{"type":"Point","coordinates":[2.416702,48.719039]},"properties":{"name":"Passerelle Barrage Ablon/Vigneux","waterway":"Seine (Amont)","verclr_m":6.7,"horclr_m":null,"spans":1,"source":"VNF IENC (Licence Ouverte 2.0)"}},{"type":"Feature","geometry":{"type":"Point","coordinates":[2.401828,48.704544]},"properties":{"name":"Pont SNCF d'Athis-Mons","waterway":"Seine (Amont)","verclr_m":6.99,"horclr_m":20.0,"spans":2,"source":"VNF IENC (Licence Ouverte 2.0)"}},{"type":"Feature","geometry":{"type":"Point","coordinates":[2.40283,48.704628]},"properties":{"name":"Pont SNCF d'Athis-Mons","waterway":"Seine (Amont)","verclr_m":6.99,"horclr_m":20.0,"spans":2,"source":"VNF IENC (Licence Ouverte 2.0)"}},{"type":"Feature","geometry":{"type":"Point","coordinates":[2.388052,48.689052]},"properties":{"name":"Pont-route de Juvisy","waterway":"Seine (Amont)","verclr_m":6.56,"horclr_m":2.0,"spans":7,"source":"VNF IENC (Licence Ouverte 2.0)"}},{"type":"Feature","geometry":{"type":"Point","coordinates":[2.927099,48.382057]},"properties":{"name":"Pont SNCF de Varennes","waterway":"Seine (Amont)","verclr_m":5.69,"horclr_m":46.0,"spans":1,"source":"VNF IENC (Licence Ouverte 2.0)"}},{"type":"Feature","geometry":{"type":"Point","coordinates":[2.7522,48.485904]},"properties":{"name":"Pont-route de Fontaine le Port","waterway":"Seine (Amont)","verclr_m":6.59,"horclr_m":18.0,"spans":3,"source":"VNF IENC (Licence Ouverte 2.0)"}},{"type":"Feature","geometry":{"type":"Point","coordinates":[2.745783,48.429606]},"properties":{"name":"Pont-route de Valvins","waterway":"Seine (Amont)","verclr_m":6.7,"horclr_m":2.0,"spans":4,"source":"VNF IENC (Licence Ouverte 2.0)"}},{"type":"Feature","geometry":{"type":"Point","coordinates":[2.745198,48.429578]},"properties":{"name":"Pont-route de Valvins","waterway":"Seine (Amont)","verclr_m":6.7,"horclr_m":2.0,"spans":3,"source":"VNF IENC (Licence Ouverte 2.0)"}},{"type":"Feature","geometry":{"type":"Point","coordinates":[2.796264,48.40598]},"properties":{"name":"Pont-route de Champagne","waterway":"Seine (Amont)","verclr_m":8.8,"horclr_m":34.0,"spans":2,"source":"VNF IENC (Licence Ouverte 2.0)"}},{"type":"Feature","geometry":{"type":"Point","coordinates":[2.796972,48.405961]},"properties":{"name":"Pont-route de Champagne","waterway":"Seine (Amont)","verclr_m":8.8,"horclr_m":2.0,"spans":5,"source":"VNF IENC (Licence Ouverte 2.0)"}},{"type":"Feature","geometry":{"type":"Point","coordinates":[2.789561,48.391297]},"properties":{"name":"Pont aqueduc de Champagne","waterway":"Seine (Amont)","verclr_m":6.08,"horclr_m":86.5,"spans":1,"source":"VNF IENC (Licence Ouverte 2.0)"}},{"type":"Feature","geometry":{"type":"Point","coordinates":[2.806968,48.390052]},"properties":{"name":"Pont-route de Saint-Mamm\u00e8s","waterway":"Seine (Amont)","verclr_m":6.58,"horclr_m":2.0,"spans":6,"source":"VNF IENC (Licence Ouverte 2.0)"}},{"type":"Feature","geometry":{"type":"Point","coordinates":[2.547822,48.537366]},"properties":{"name":"Pont de Sainte-Assise","waterway":"Seine (Amont)","verclr_m":6.93,"horclr_m":2.0,"spans":5,"source":"VNF IENC (Licence Ouverte 2.0)"}},{"type":"Feature","geometry":{"type":"Point","coordinates":[2.54798,48.53768]},"properties":{"name":"Pont de Sainte-Assise","waterway":"Seine (Amont)","verclr_m":6.93,"horclr_m":13.0,"spans":2,"source":"VNF IENC (Licence Ouverte 2.0)"}},{"type":"Feature","geometry":{"type":"Point","coordinates":[2.639679,48.531856]},"properties":{"name":"Pont SNCF du M\u00e9e","waterway":"Seine (Amont)","verclr_m":13.5,"horclr_m":2.0,"spans":5,"source":"VNF IENC (Licence Ouverte 2.0)"}},{"type":"Feature","geometry":{"type":"Point","coordinates":[2.63921,48.532079]},"properties":{"name":"Pont SNCF du M\u00e9e","waterway":"Seine (Amont)","verclr_m":13.5,"horclr_m":9.0,"spans":2,"source":"VNF IENC (Licence Ouverte 2.0)"}},{"type":"Feature","geometry":{"type":"Point","coordinates":[2.652964,48.536378]},"properties":{"name":"Pont de la P\u00e9n\u00e9trante","waterway":"Seine (Amont)","verclr_m":7.69,"horclr_m":2.0,"spans":6,"source":"VNF IENC (Licence Ouverte 2.0)"}},{"type":"Feature","geometry":{"type":"Point","coordinates":[2.65294,48.536752]},"properties":{"name":"Pont de la P\u00e9n\u00e9trante","waterway":"Seine (Amont)","verclr_m":7.69,"horclr_m":2.0,"spans":11,"source":"VNF IENC (Licence Ouverte 2.0)"}},{"type":"Feature","geometry":{"type":"Point","coordinates":[2.657638,48.535391]},"properties":{"name":"Pont du General Leclerc de Melun","waterway":"Seine (Amont)","verclr_m":5.45,"horclr_m":2.0,"spans":5,"source":"VNF IENC (Licence Ouverte 2.0)"}},{"type":"Feature","geometry":{"type":"Point","coordinates":[2.657756,48.535595]},"properties":{"name":"Pont du General Leclerc de Melun","waterway":"Seine (Amont)","verclr_m":5.45,"horclr_m":5.0,"spans":2,"source":"VNF IENC (Licence Ouverte 2.0)"}},{"type":"Feature","geometry":{"type":"Point","coordinates":[2.65943,48.534782]},"properties":{"name":"Pont de Melun - Notre-Dame","waterway":"Seine (Amont)","verclr_m":6.45,"horclr_m":2.0,"spans":6,"source":"VNF IENC (Licence Ouverte 2.0)"}},{"type":"Feature","geometry":{"type":"Point","coordinates":[2.669933,48.518699]},"properties":{"name":"Pont SNCF du Pet au Diable","waterway":"Seine (Amont)","verclr_m":7.2,"horclr_m":43.0,"spans":2,"source":"VNF IENC (Licence Ouverte 2.0)"}},{"type":"Feature","geometry":{"type":"Point","coordinates":[2.69527,48.481265]},"properties":{"name":"Pont de Chartrettes","waterway":"Seine (Amont)","verclr_m":7.15,"horclr_m":2.0,"spans":6,"source":"VNF IENC (Licence Ouverte 2.0)"}},{"type":"Feature","geometry":{"type":"Point","coordinates":[-0.251746,44.55855]},"properties":{"name":"Pont SNCF de Langon","waterway":"Garonne (tidal)","verclr_m":16.0,"horclr_m":null,"spans":1,"source":"VNF IENC (Licence Ouverte 2.0)"}},{"type":"Feature","geometry":{"type":"Point","coordinates":[-0.251446,44.558384]},"properties":{"name":"Pont routier de Langon","waterway":"Garonne (tidal)","verclr_m":16.4,"horclr_m":null,"spans":1,"source":"VNF IENC (Licence Ouverte 2.0)"}},{"type":"Feature","geometry":{"type":"Point","coordinates":[-0.158587,44.563958]},"properties":{"name":"Pont de Castets-en-Dorthe","waterway":"Garonne (tidal)","verclr_m":16.4,"horclr_m":null,"spans":2,"source":"VNF IENC (Licence Ouverte 2.0)"}},{"type":"Feature","geometry":{"type":"Point","coordinates":[-0.55461,44.831807]},"properties":{"name":"Pont St Jean","waterway":"Garonne (tidal)","verclr_m":11.7,"horclr_m":77.0,"spans":1,"source":"VNF IENC (Licence Ouverte 2.0)"}},{"type":"Feature","geometry":{"type":"Point","coordinates":[-0.553043,44.83089]},"properties":{"name":"Passerelle SNCF-Bordeaux","waterway":"Garonne (tidal)","verclr_m":11.2,"horclr_m":77.0,"spans":1,"source":"VNF IENC (Licence Ouverte 2.0)"}},{"type":"Feature","geometry":{"type":"Point","coordinates":[-0.551038,44.832914]},"properties":{"name":"Passerelle SNCF-Bordeaux","waterway":"Garonne (tidal)","verclr_m":11.6,"horclr_m":77.0,"spans":2,"source":"VNF IENC (Licence Ouverte 2.0)"}},{"type":"Feature","geometry":{"type":"Point","coordinates":[-0.55335,44.830996]},"properties":{"name":"Nouvelle Passerelle SNCF-Bordeaux","waterway":"Garonne (tidal)","verclr_m":11.2,"horclr_m":77.0,"spans":1,"source":"VNF IENC (Licence Ouverte 2.0)"}},{"type":"Feature","geometry":{"type":"Point","coordinates":[-0.552266,44.832091]},"properties":{"name":"Nouvelle Passerelle SNCF-Bordeaux","waterway":"Garonne (tidal)","verclr_m":11.8,"horclr_m":77.0,"spans":1,"source":"VNF IENC (Licence Ouverte 2.0)"}},{"type":"Feature","geometry":{"type":"Point","coordinates":[-0.551706,44.832657]},"properties":{"name":"Nouvelle Passerelle SNCF-Bordeaux","waterway":"Garonne (tidal)","verclr_m":11.6,"horclr_m":77.0,"spans":1,"source":"VNF IENC (Licence Ouverte 2.0)"}},{"type":"Feature","geometry":{"type":"Point","coordinates":[-0.562829,44.838435]},"properties":{"name":"Pont de Pierre","waterway":"Garonne (tidal)","verclr_m":11.9,"horclr_m":19.2,"spans":2,"source":"VNF IENC (Licence Ouverte 2.0)"}},{"type":"Feature","geometry":{"type":"Point","coordinates":[-0.562241,44.838796]},"properties":{"name":"Pont de Pierre","waterway":"Garonne (tidal)","verclr_m":12.0,"horclr_m":26.6,"spans":2,"source":"VNF IENC (Licence Ouverte 2.0)"}},{"type":"Feature","geometry":{"type":"Point","coordinates":[-0.553645,44.832782]},"properties":{"name":"Pont St Jean","waterway":"Garonne (tidal)","verclr_m":12.0,"horclr_m":77.0,"spans":1,"source":"VNF IENC (Licence Ouverte 2.0)"}},{"type":"Feature","geometry":{"type":"Point","coordinates":[-0.553085,44.833348]},"properties":{"name":"Pont St Jean","waterway":"Garonne (tidal)","verclr_m":12.0,"horclr_m":77.0,"spans":1,"source":"VNF IENC (Licence Ouverte 2.0)"}},{"type":"Feature","geometry":{"type":"Point","coordinates":[-0.551991,44.831952]},"properties":{"name":"Passerelle SNCF-Bordeaux","waterway":"Garonne (tidal)","verclr_m":11.8,"horclr_m":77.0,"spans":1,"source":"VNF IENC (Licence Ouverte 2.0)"}},{"type":"Feature","geometry":{"type":"Point","coordinates":[2.042116,49.038479]},"properties":{"name":"Passerelle de l'Axe Majeur","waterway":"Oise","verclr_m":10.3,"horclr_m":45.0,"spans":1,"source":"VNF IENC (Licence Ouverte 2.0)"}},{"type":"Feature","geometry":{"type":"Point","coordinates":[6.600102,49.552548]},"properties":{"name":"Stra\u00dfenbr\u00fccke Taben-Rodt L133","waterway":"Saar","verclr_m":8.5,"horclr_m":null,"spans":1,"source":"VNF IENC (Licence Ouverte 2.0)"}},{"type":"Feature","geometry":{"type":"Point","coordinates":[6.603809,49.515757]},"properties":{"name":"Fu\u00dfg\u00e4ngerbr\u00fccke Saarh\u00f6lzbach","waterway":"Saar","verclr_m":6.7,"horclr_m":null,"spans":1,"source":"VNF IENC (Licence Ouverte 2.0)"}},{"type":"Feature","geometry":{"type":"Point","coordinates":[6.597077,49.477295]},"properties":{"name":"Stra\u00dfenbr\u00fccke Besseringen B406","waterway":"Saar","verclr_m":7.0,"horclr_m":null,"spans":1,"source":"VNF IENC (Licence Ouverte 2.0)"}},{"type":"Feature","geometry":{"type":"Point","coordinates":[6.580837,49.490818]},"properties":{"name":"Schleusen- und Wehrbr\u00fccke Mettlach","waterway":"Saar","verclr_m":5.9,"horclr_m":null,"spans":1,"source":"VNF IENC (Licence Ouverte 2.0)"}},{"type":"Feature","geometry":{"type":"Point","coordinates":[6.58849,49.492785]},"properties":{"name":"Stra\u00dfenbr\u00fccke Mettlach","waterway":"Saar","verclr_m":5.7,"horclr_m":null,"spans":1,"source":"VNF IENC (Licence Ouverte 2.0)"}},{"type":"Feature","geometry":{"type":"Point","coordinates":[6.647098,49.408592]},"properties":{"name":"Fu\u00dfg\u00e4ngerbr\u00fccke Fremersdorf","waterway":"Saar","verclr_m":10.2,"horclr_m":null,"spans":1,"source":"VNF IENC (Licence Ouverte 2.0)"}},{"type":"Feature","geometry":{"type":"Point","coordinates":[6.629966,49.441305]},"properties":{"name":"Stra\u00dfenbr\u00fccke Merzig-Hilbringen","waterway":"Saar","verclr_m":6.8,"horclr_m":null,"spans":1,"source":"VNF IENC (Licence Ouverte 2.0)"}},{"type":"Feature","geometry":{"type":"Point","coordinates":[6.613466,49.463415]},"properties":{"name":"Stra\u00dfenbr\u00fccke Querspange Besseringen","waterway":"Saar","verclr_m":6.8,"horclr_m":null,"spans":1,"source":"VNF IENC (Licence Ouverte 2.0)"}},{"type":"Feature","geometry":{"type":"Point","coordinates":[6.606824,49.468322]},"properties":{"name":"Wirtschaftswegebr\u00fccke Besseringen","waterway":"Saar","verclr_m":6.6,"horclr_m":null,"spans":1,"source":"VNF IENC (Licence Ouverte 2.0)"}},{"type":"Feature","geometry":{"type":"Point","coordinates":[6.728752,49.334554]},"properties":{"name":"Autobahnbr\u00fccke Saarlouis A8","waterway":"Saar","verclr_m":6.0,"horclr_m":null,"spans":1,"source":"VNF IENC (Licence Ouverte 2.0)"}},{"type":"Feature","geometry":{"type":"Point","coordinates":[6.715675,49.339851]},"properties":{"name":"Stra\u00dfenbr\u00fccke Dillingen-Wallerfangen","waterway":"Saar","verclr_m":6.7,"horclr_m":null,"spans":1,"source":"VNF IENC (Licence Ouverte 2.0)"}},{"type":"Feature","geometry":{"type":"Point","coordinates":[6.70422,49.345635]},"properties":{"name":"Konrad-Adenauer-Br\u00fccke Dillingen","waterway":"Saar","verclr_m":7.4,"horclr_m":null,"spans":1,"source":"VNF IENC (Licence Ouverte 2.0)"}},{"type":"Feature","geometry":{"type":"Point","coordinates":[6.697976,49.364205]},"properties":{"name":"Stra\u00dfenbr\u00fccke Rehlingen-Dillingen","waterway":"Saar","verclr_m":7.4,"horclr_m":null,"spans":1,"source":"VNF IENC (Licence Ouverte 2.0)"}},{"type":"Feature","geometry":{"type":"Point","coordinates":[6.698118,49.364903]},"properties":{"name":"Eisenbahnbr\u00fccke Dillingen-Niedaltdorf","waterway":"Saar","verclr_m":7.9,"horclr_m":null,"spans":1,"source":"VNF IENC (Licence Ouverte 2.0)"}},{"type":"Feature","geometry":{"type":"Point","coordinates":[6.698546,49.373813]},"properties":{"name":"Wehrbr\u00fccke Rehlingen","waterway":"Saar","verclr_m":5.9,"horclr_m":null,"spans":1,"source":"VNF IENC (Licence Ouverte 2.0)"}},{"type":"Feature","geometry":{"type":"Point","coordinates":[6.688716,49.383681]},"properties":{"name":"Stra\u00dfenbr\u00fccke Rehlingen L156","waterway":"Saar","verclr_m":10.2,"horclr_m":null,"spans":1,"source":"VNF IENC (Licence Ouverte 2.0)"}},{"type":"Feature","geometry":{"type":"Point","coordinates":[7.057468,49.111904]},"properties":{"name":"Eisenbahnbr\u00fccke Hanweiler","waterway":"Saar","verclr_m":7.5,"horclr_m":null,"spans":1,"source":"VNF IENC (Licence Ouverte 2.0)"}},{"type":"Feature","geometry":{"type":"Point","coordinates":[7.048543,49.113758]},"properties":{"name":"Wegebr\u00fccke Kraftwerk W\u00f6lferdingen","waterway":"Saar","verclr_m":3.9,"horclr_m":null,"spans":1,"source":"VNF IENC (Licence Ouverte 2.0)"}},{"type":"Feature","geometry":{"type":"Point","coordinates":[7.04231,49.146223]},"properties":{"name":"Stra\u00dfenbr\u00fccke Kleinblittersdorf","waterway":"Saar","verclr_m":10.5,"horclr_m":null,"spans":1,"source":"VNF IENC (Licence Ouverte 2.0)"}},{"type":"Feature","geometry":{"type":"Point","coordinates":[7.031777,49.156881]},"properties":{"name":"Fu\u00dfg\u00e4nger-Freundschaftsbr\u00fccke Kleinblittersdorf","waterway":"Saar","verclr_m":6.8,"horclr_m":null,"spans":1,"source":"VNF IENC (Licence Ouverte 2.0)"}},{"type":"Feature","geometry":{"type":"Point","coordinates":[7.029516,49.166296]},"properties":{"name":"Schleusenbr\u00fccke Gro\u00dfblittersdorf No. 30","waterway":"Saar","verclr_m":4.1,"horclr_m":null,"spans":1,"source":"VNF IENC (Licence Ouverte 2.0)"}},{"type":"Feature","geometry":{"type":"Point","coordinates":[7.028402,49.196963]},"properties":{"name":"Stra\u00dfenbr\u00fccke G\u00fcdingen","waterway":"Saar","verclr_m":5.6,"horclr_m":null,"spans":1,"source":"VNF IENC (Licence Ouverte 2.0)"}},{"type":"Feature","geometry":{"type":"Point","coordinates":[7.01997,49.203733]},"properties":{"name":"Eisenbahnbr\u00fccke G\u00fcdingen","waterway":"Saar","verclr_m":6.9,"horclr_m":null,"spans":1,"source":"VNF IENC (Licence Ouverte 2.0)"}},{"type":"Feature","geometry":{"type":"Point","coordinates":[7.022401,49.208172]},"properties":{"name":"Autobahnbr\u00fccke Saarbr\u00fccken A6","waterway":"Saar","verclr_m":17.8,"horclr_m":null,"spans":1,"source":"VNF IENC (Licence Ouverte 2.0)"}},{"type":"Feature","geometry":{"type":"Point","coordinates":[7.022517,49.208316]},"properties":{"name":"Autobahnbr\u00fccke Saarbr\u00fccken A6","waterway":"Saar","verclr_m":17.8,"horclr_m":null,"spans":1,"source":"VNF IENC (Licence Ouverte 2.0)"}},{"type":"Feature","geometry":{"type":"Point","coordinates":[7.022748,49.21014]},"properties":{"name":"Saartalbr\u00fccke A620","waterway":"Saar","verclr_m":11.2,"horclr_m":null,"spans":1,"source":"VNF IENC (Licence Ouverte 2.0)"}},{"type":"Feature","geometry":{"type":"Point","coordinates":[7.022538,49.214295]},"properties":{"name":"Stra\u00dfenbr\u00fccke St. Arnual","waterway":"Saar","verclr_m":5.6,"horclr_m":null,"spans":1,"source":"VNF IENC (Licence Ouverte 2.0)"}},{"type":"Feature","geometry":{"type":"Point","coordinates":[7.01771,49.221456]},"properties":{"name":"Ostspange Saarbr\u00fccken","waterway":"Saar","verclr_m":7.3,"horclr_m":null,"spans":1,"source":"VNF IENC (Licence Ouverte 2.0)"}},{"type":"Feature","geometry":{"type":"Point","coordinates":[6.79385,49.273297]},"properties":{"name":"Stra\u00dfenbr\u00fccke Bous","waterway":"Saar","verclr_m":5.5,"horclr_m":null,"spans":1,"source":"VNF IENC (Licence Ouverte 2.0)"}},{"type":"Feature","geometry":{"type":"Point","coordinates":[6.767443,49.284772]},"properties":{"name":"Franz-Josef R\u00f6der Br\u00fccke B269","waterway":"Saar","verclr_m":7.7,"horclr_m":null,"spans":1,"source":"VNF IENC (Licence Ouverte 2.0)"}},{"type":"Feature","geometry":{"type":"Point","coordinates":[6.765025,49.295727]},"properties":{"name":"Fu\u00dfg\u00e4ngerbr\u00fccke Wehr Lisdorf","waterway":"Saar","verclr_m":5.0,"horclr_m":null,"spans":1,"source":"VNF IENC (Licence Ouverte 2.0)"}},{"type":"Feature","geometry":{"type":"Point","coordinates":[6.767114,49.305709]},"properties":{"name":"Stra\u00dfenbr\u00fccke Lisdorf-Ensdorf","waterway":"Saar","verclr_m":7.4,"horclr_m":null,"spans":1,"source":"VNF IENC (Licence Ouverte 2.0)"}},{"type":"Feature","geometry":{"type":"Point","coordinates":[6.771877,49.311749]},"properties":{"name":"Stra\u00dfenbr\u00fccke \u00fcber den Altarm Ensdorf","waterway":"Saar","verclr_m":5.0,"horclr_m":null,"spans":1,"source":"VNF IENC (Licence Ouverte 2.0)"}},{"type":"Feature","geometry":{"type":"Point","coordinates":[6.755086,49.320947]},"properties":{"name":"Peter-Neis-Br\u00fccke Saarlouis","waterway":"Saar","verclr_m":8.0,"horclr_m":null,"spans":1,"source":"VNF IENC (Licence Ouverte 2.0)"}},{"type":"Feature","geometry":{"type":"Point","coordinates":[6.747444,49.323231]},"properties":{"name":"Gustav-Heinemann-Br\u00fccke Saarlouis","waterway":"Saar","verclr_m":6.9,"horclr_m":null,"spans":1,"source":"VNF IENC (Licence Ouverte 2.0)"}},{"type":"Feature","geometry":{"type":"Point","coordinates":[6.883129,49.250934]},"properties":{"name":"Rohrleitungsbr\u00fccke V\u00f6lklingen-Fenne","waterway":"Saar","verclr_m":8.9,"horclr_m":null,"spans":1,"source":"VNF IENC (Licence Ouverte 2.0)"}},{"type":"Feature","geometry":{"type":"Point","coordinates":[6.860882,49.245866]},"properties":{"name":"Karolinger Br\u00fccke","waterway":"Saar","verclr_m":7.7,"horclr_m":null,"spans":1,"source":"VNF IENC (Licence Ouverte 2.0)"}},{"type":"Feature","geometry":{"type":"Point","coordinates":[6.860912,49.245541]},"properties":{"name":"Rohrbr\u00fccke f\u00fcr Fernw\u00e4rme Karolinger Br\u00fccke","waterway":"Saar","verclr_m":7.9,"horclr_m":null,"spans":1,"source":"VNF IENC (Licence Ouverte 2.0)"}},{"type":"Feature","geometry":{"type":"Point","coordinates":[6.840115,49.246325]},"properties":{"name":"Stra\u00dfenbr\u00fccke Wehrden","waterway":"Saar","verclr_m":5.8,"horclr_m":null,"spans":1,"source":"VNF IENC (Licence Ouverte 2.0)"}},{"type":"Feature","geometry":{"type":"Point","coordinates":[6.839824,49.251041]},"properties":{"name":"Schlackentransportbr\u00fccke","waterway":"Saar","verclr_m":8.0,"horclr_m":null,"spans":1,"source":"VNF IENC (Licence Ouverte 2.0)"}},{"type":"Feature","geometry":{"type":"Point","coordinates":[6.840035,49.251912]},"properties":{"name":"Schr\u00e4gseilbr\u00fccke V\u00f6lklingen","waterway":"Saar","verclr_m":7.2,"horclr_m":null,"spans":1,"source":"VNF IENC (Licence Ouverte 2.0)"}},{"type":"Feature","geometry":{"type":"Point","coordinates":[6.840926,49.253084]},"properties":{"name":"Eisenbahnbr\u00fccke V\u00f6lklingen","waterway":"Saar","verclr_m":6.3,"horclr_m":null,"spans":1,"source":"VNF IENC (Licence Ouverte 2.0)"}},{"type":"Feature","geometry":{"type":"Point","coordinates":[6.840372,49.253371]},"properties":{"name":"Eisenbahnbr\u00fccke V\u00f6lklingen","waterway":"Saar","verclr_m":6.3,"horclr_m":null,"spans":1,"source":"VNF IENC (Licence Ouverte 2.0)"}},{"type":"Feature","geometry":{"type":"Point","coordinates":[6.833142,49.261284]},"properties":{"name":"Rohrleitungsbr\u00fccke V\u00f6lklingen","waterway":"Saar","verclr_m":6.9,"horclr_m":null,"spans":1,"source":"VNF IENC (Licence Ouverte 2.0)"}},{"type":"Feature","geometry":{"type":"Point","coordinates":[6.840432,49.246816]},"properties":{"name":"Fu\u00dfg\u00e4ngersteg V\u00f6lklingen","waterway":"Saar","verclr_m":1.0,"horclr_m":null,"spans":1,"source":"VNF IENC (Licence Ouverte 2.0)"}},{"type":"Feature","geometry":{"type":"Point","coordinates":[6.569844,49.701049]},"properties":{"name":"Stra\u00dfenbr\u00fccke bei Konz B51 / B419","waterway":"Saar","verclr_m":7.6,"horclr_m":null,"spans":1,"source":"VNF IENC (Licence Ouverte 2.0)"}},{"type":"Feature","geometry":{"type":"Point","coordinates":[6.569663,49.699091]},"properties":{"name":"Eisenbahnbr\u00fccke Konz","waterway":"Saar","verclr_m":6.8,"horclr_m":null,"spans":1,"source":"VNF IENC (Licence Ouverte 2.0)"}},{"type":"Feature","geometry":{"type":"Point","coordinates":[6.569606,49.698092]},"properties":{"name":"Stra\u00dfenbr\u00fccke Konz B51","waterway":"Saar","verclr_m":5.7,"horclr_m":null,"spans":1,"source":"VNF IENC (Licence Ouverte 2.0)"}},{"type":"Feature","geometry":{"type":"Point","coordinates":[6.560222,49.659069]},"properties":{"name":"Betriebswegbr\u00fccke Kanzem","waterway":"Saar","verclr_m":9.0,"horclr_m":null,"spans":1,"source":"VNF IENC (Licence Ouverte 2.0)"}},{"type":"Feature","geometry":{"type":"Point","coordinates":[6.563155,49.656712]},"properties":{"name":"Stra\u00dfenbr\u00fccke Wawern-Kanzem L137","waterway":"Saar","verclr_m":14.2,"horclr_m":null,"spans":1,"source":"VNF IENC (Licence Ouverte 2.0)"}},{"type":"Feature","geometry":{"type":"Point","coordinates":[6.572536,49.639999]},"properties":{"name":"Stra\u00dfenbr\u00fccke Biebelhausen K130","waterway":"Saar","verclr_m":6.1,"horclr_m":null,"spans":1,"source":"VNF IENC (Licence Ouverte 2.0)"}},{"type":"Feature","geometry":{"type":"Point","coordinates":[6.572016,49.623162]},"properties":{"name":"Lambertusbr\u00fccke Saarburg B51","waterway":"Saar","verclr_m":13.1,"horclr_m":null,"spans":1,"source":"VNF IENC (Licence Ouverte 2.0)"}},{"type":"Feature","geometry":{"type":"Point","coordinates":[6.574657,49.668217]},"properties":{"name":"Stra\u00dfenbr\u00fccke Kanzem","waterway":"Saar","verclr_m":5.0,"horclr_m":null,"spans":1,"source":"VNF IENC (Licence Ouverte 2.0)"}},{"type":"Feature","geometry":{"type":"Point","coordinates":[6.589064,49.652067]},"properties":{"name":"Stra\u00dfenbr\u00fccke Wiltingen","waterway":"Saar","verclr_m":5.0,"horclr_m":null,"spans":1,"source":"VNF IENC (Licence Ouverte 2.0)"}},{"type":"Feature","geometry":{"type":"Point","coordinates":[6.574027,49.638141]},"properties":{"name":"Betriebswegbr\u00fccke Wehr Schoden","waterway":"Saar","verclr_m":5.0,"horclr_m":null,"spans":1,"source":"VNF IENC (Licence Ouverte 2.0)"}},{"type":"Feature","geometry":{"type":"Point","coordinates":[6.554255,49.608015]},"properties":{"name":"Altstadtbr\u00fccke Saarburg B407","waterway":"Saar","verclr_m":6.3,"horclr_m":null,"spans":1,"source":"VNF IENC (Licence Ouverte 2.0)"}},{"type":"Feature","geometry":{"type":"Point","coordinates":[6.551274,49.60478]},"properties":{"name":"Laurentiusbr\u00fccke Saarburg B51","waterway":"Saar","verclr_m":9.0,"horclr_m":null,"spans":1,"source":"VNF IENC (Licence Ouverte 2.0)"}},{"type":"Feature","geometry":{"type":"Point","coordinates":[6.592576,49.566594]},"properties":{"name":"Stra\u00dfenbr\u00fccke Serrig","waterway":"Saar","verclr_m":9.0,"horclr_m":null,"spans":1,"source":"VNF IENC (Licence Ouverte 2.0)"}},{"type":"Feature","geometry":{"type":"Point","coordinates":[4.143978,51.106198]},"properties":{"name":"Nieuwe Hammebru","waterway":"Belgium waterway","verclr_m":10.46,"horclr_m":30.61,"spans":1,"source":"VNF IENC (Licence Ouverte 2.0)"}},{"type":"Feature","geometry":{"type":"Point","coordinates":[4.141215,51.104953]},"properties":{"name":"Hammebrug (Mirabrug)","waterway":"Belgium waterway","verclr_m":8.47,"horclr_m":12.26,"spans":2,"source":"VNF IENC (Licence Ouverte 2.0)"}},{"type":"Feature","geometry":{"type":"Point","coordinates":[4.386885,51.246887]},"properties":{"name":"Noordkasteelbruggen","waterway":"Belgium waterway","verclr_m":6.5,"horclr_m":49.3,"spans":2,"source":"VNF IENC (Licence Ouverte 2.0)"}},{"type":"Feature","geometry":{"type":"Point","coordinates":[4.387087,51.247642]},"properties":{"name":"Noordkasteelbruggen","waterway":"Belgium waterway","verclr_m":6.5,"horclr_m":49.3,"spans":1,"source":"VNF IENC (Licence Ouverte 2.0)"}},{"type":"Feature","geometry":{"type":"Point","coordinates":[4.420401,51.24016]},"properties":{"name":"Noorderlaanbrug","waterway":"Belgium waterway","verclr_m":9.1,"horclr_m":null,"spans":1,"source":"VNF IENC (Licence Ouverte 2.0)"}},{"type":"Feature","geometry":{"type":"Point","coordinates":[4.412228,51.241726]},"properties":{"name":"Straatsburgbrug","waterway":"Belgium waterway","verclr_m":9.1,"horclr_m":null,"spans":1,"source":"VNF IENC (Licence Ouverte 2.0)"}},{"type":"Feature","geometry":{"type":"Point","coordinates":[4.563063,51.116775]},"properties":{"name":"Brug 4 Waversteenweg","waterway":"Belgium waterway","verclr_m":7.03,"horclr_m":15.8,"spans":1,"source":"VNF IENC (Licence Ouverte 2.0)"}},{"type":"Feature","geometry":{"type":"Point","coordinates":[4.507202,51.09418]},"properties":{"name":"Baanbrug Duffel","waterway":"Belgium waterway","verclr_m":8.89,"horclr_m":19.88,"spans":1,"source":"VNF IENC (Licence Ouverte 2.0)"}},{"type":"Feature","geometry":{"type":"Point","coordinates":[4.489217,51.083316]},"properties":{"name":"Hangbrug Aleris","waterway":"Belgium waterway","verclr_m":11.81,"horclr_m":75.53,"spans":2,"source":"VNF IENC (Licence Ouverte 2.0)"}},{"type":"Feature","geometry":{"type":"Point","coordinates":[4.494562,51.085783]},"properties":{"name":"Spoorbrug Duffel","waterway":"Belgium waterway","verclr_m":12.83,"horclr_m":64.68,"spans":1,"source":"VNF IENC (Licence Ouverte 2.0)"}},{"type":"Feature","geometry":{"type":"Point","coordinates":[4.452554,51.071712]},"properties":{"name":"Baanbrug Walem","waterway":"Belgium waterway","verclr_m":4.11,"horclr_m":null,"spans":1,"source":"VNF IENC (Licence Ouverte 2.0)"}},{"type":"Feature","geometry":{"type":"Point","coordinates":[4.425542,51.238714]},"properties":{"name":"Spoorbrug Antwerpen-Dam","waterway":"Albertkanaal","verclr_m":9.1,"horclr_m":60.0,"spans":1,"source":"VNF IENC (Licence Ouverte 2.0)"}},{"type":"Feature","geometry":{"type":"Point","coordinates":[4.500787,51.23931]},"properties":{"name":"Brug 15 Schoten","waterway":"Albertkanaal","verclr_m":6.33,"horclr_m":39.7,"spans":1,"source":"VNF IENC (Licence Ouverte 2.0)"}},{"type":"Feature","geometry":{"type":"Point","coordinates":[4.534146,51.228088]},"properties":{"name":"Brug Wijnegem Turnhoutse baan opening 1","waterway":"Albertkanaal","verclr_m":8.24,"horclr_m":59.48,"spans":1,"source":"VNF IENC (Licence Ouverte 2.0)"}},{"type":"Feature","geometry":{"type":"Point","coordinates":[4.534754,51.227328]},"properties":{"name":"Brug Wijnegem Duwvaartsluis","waterway":"Albertkanaal","verclr_m":7.0,"horclr_m":null,"spans":1,"source":"VNF IENC (Licence Ouverte 2.0)"}},{"type":"Feature","geometry":{"type":"Point","coordinates":[4.537234,51.226921]},"properties":{"name":"Brug Wijnegem Middensluis","waterway":"Albertkanaal","verclr_m":7.0,"horclr_m":24.0,"spans":1,"source":"VNF IENC (Licence Ouverte 2.0)"}},{"type":"Feature","geometry":{"type":"Point","coordinates":[4.537409,51.227139]},"properties":{"name":"Brug Wijnegem Noordersluis","waterway":"Albertkanaal","verclr_m":7.0,"horclr_m":24.0,"spans":1,"source":"VNF IENC (Licence Ouverte 2.0)"}},{"type":"Feature","geometry":{"type":"Point","coordinates":[4.435663,51.23355]},"properties":{"name":"Brug Merksem","waterway":"Albertkanaal","verclr_m":7.13,"horclr_m":1500.0,"spans":1,"source":"VNF IENC (Licence Ouverte 2.0)"}},{"type":"Feature","geometry":{"type":"Point","coordinates":[5.367603,50.941116]},"properties":{"name":"Brug Hasselt Sluis opening 1","waterway":"Albertkanaal","verclr_m":9.1,"horclr_m":24.0,"spans":1,"source":"VNF IENC (Licence Ouverte 2.0)"}},{"type":"Feature","geometry":{"type":"Point","coordinates":[5.367592,50.94083]},"properties":{"name":"Brug Hasselt Sluis opening 2","waterway":"Albertkanaal","verclr_m":9.1,"horclr_m":24.0,"spans":1,"source":"VNF IENC (Licence Ouverte 2.0)"}},{"type":"Feature","geometry":{"type":"Point","coordinates":[5.36761,50.940295]},"properties":{"name":"Brug Hasselt Sluis opening 3","waterway":"Albertkanaal","verclr_m":9.1,"horclr_m":24.0,"spans":1,"source":"VNF IENC (Licence Ouverte 2.0)"}},{"type":"Feature","geometry":{"type":"Point","coordinates":[3.977856,51.175443]},"properties":{"name":"Coudenbornbrug","waterway":"Belgium waterway","verclr_m":0.39,"horclr_m":6.0,"spans":1,"source":"VNF IENC (Licence Ouverte 2.0)"}},{"type":"Feature","geometry":{"type":"Point","coordinates":[3.977259,51.135787]},"properties":{"name":"Spoorbrug Spletteren","waterway":"Belgium waterway","verclr_m":4.5,"horclr_m":14.3,"spans":1,"source":"VNF IENC (Licence Ouverte 2.0)"}},{"type":"Feature","geometry":{"type":"Point","coordinates":[3.980633,51.106437]},"properties":{"name":"Brug Ter Beuken","waterway":"Belgium waterway","verclr_m":3.95,"horclr_m":19.8,"spans":1,"source":"VNF IENC (Licence Ouverte 2.0)"}},{"type":"Feature","geometry":{"type":"Point","coordinates":[3.976336,51.109818]},"properties":{"name":"Heirbaanbrug","waterway":"Belgium waterway","verclr_m":4.5,"horclr_m":20.11,"spans":1,"source":"VNF IENC (Licence Ouverte 2.0)"}},{"type":"Feature","geometry":{"type":"Point","coordinates":[3.982112,51.105647]},"properties":{"name":"Spoorbrug Dendermonde-Lokeren","waterway":"Belgium waterway","verclr_m":4.62,"horclr_m":8.96,"spans":1,"source":"VNF IENC (Licence Ouverte 2.0)"}},{"type":"Feature","geometry":{"type":"Point","coordinates":[5.10682,51.098498]},"properties":{"name":"Brug Kwaadmechelen Noordersluis","waterway":"Albertkanaal","verclr_m":9.1,"horclr_m":24.0,"spans":1,"source":"VNF IENC (Licence Ouverte 2.0)"}},{"type":"Feature","geometry":{"type":"Point","coordinates":[5.194311,51.06739]},"properties":{"name":"PijpBrug Beringen Kolenhaven","waterway":"Albertkanaal","verclr_m":6.62,"horclr_m":1250.0,"spans":1,"source":"VNF IENC (Licence Ouverte 2.0)"}},{"type":"Feature","geometry":{"type":"Point","coordinates":[5.106707,51.098217]},"properties":{"name":"Brug Kwaadmechelen Middensluis","waterway":"Albertkanaal","verclr_m":9.1,"horclr_m":24.0,"spans":1,"source":"VNF IENC (Licence Ouverte 2.0)"}},{"type":"Feature","geometry":{"type":"Point","coordinates":[5.106534,51.097698]},"properties":{"name":"Brug Kwaadmechelen Duwvaartsluis","waterway":"Albertkanaal","verclr_m":9.1,"horclr_m":24.0,"spans":1,"source":"VNF IENC (Licence Ouverte 2.0)"}},{"type":"Feature","geometry":{"type":"Point","coordinates":[3.550224,51.179094]},"properties":{"name":"Voetgangersbrug Eeklo","waterway":"Belgium waterway","verclr_m":4.58,"horclr_m":null,"spans":1,"source":"VNF IENC (Licence Ouverte 2.0)"}},{"type":"Feature","geometry":{"type":"Point","coordinates":[5.49048,50.935132]},"properties":{"name":"Spoorbrug Genk Langerlo","waterway":"Albertkanaal","verclr_m":6.9,"horclr_m":24.0,"spans":1,"source":"VNF IENC (Licence Ouverte 2.0)"}},{"type":"Feature","geometry":{"type":"Point","coordinates":[5.490383,50.935314]},"properties":{"name":"Spoorbrug Genk Langerlo opening 3","waterway":"Albertkanaal","verclr_m":6.9,"horclr_m":24.0,"spans":1,"source":"VNF IENC (Licence Ouverte 2.0)"}},{"type":"Feature","geometry":{"type":"Point","coordinates":[5.490069,50.935891]},"properties":{"name":"Spoorbrug Genk Langerlo","waterway":"Albertkanaal","verclr_m":6.9,"horclr_m":24.0,"spans":2,"source":"VNF IENC (Licence Ouverte 2.0)"}},{"type":"Feature","geometry":{"type":"Point","coordinates":[5.490037,50.93595]},"properties":{"name":"Spoorbrug Genk Langerlo opening 2","waterway":"Albertkanaal","verclr_m":6.9,"horclr_m":24.0,"spans":1,"source":"VNF IENC (Licence Ouverte 2.0)"}},{"type":"Feature","geometry":{"type":"Point","coordinates":[5.48979,50.936408]},"properties":{"name":"Spoorbrug Genk Langerlo opening 1","waterway":"Albertkanaal","verclr_m":6.9,"horclr_m":24.0,"spans":2,"source":"VNF IENC (Licence Ouverte 2.0)"}},{"type":"Feature","geometry":{"type":"Point","coordinates":[5.490752,50.935305]},"properties":{"name":"Brug Genk Duwvaartsluis","waterway":"Albertkanaal","verclr_m":9.1,"horclr_m":24.0,"spans":1,"source":"VNF IENC (Licence Ouverte 2.0)"}},{"type":"Feature","geometry":{"type":"Point","coordinates":[5.490771,50.936314]},"properties":{"name":"Brug Genk Noordersluis","waterway":"Albertkanaal","verclr_m":9.1,"horclr_m":24.0,"spans":1,"source":"VNF IENC (Licence Ouverte 2.0)"}},{"type":"Feature","geometry":{"type":"Point","coordinates":[5.490752,50.935936]},"properties":{"name":"Brug Genk Middensluis","waterway":"Albertkanaal","verclr_m":9.1,"horclr_m":24.0,"spans":1,"source":"VNF IENC (Licence Ouverte 2.0)"}},{"type":"Feature","geometry":{"type":"Point","coordinates":[5.430846,50.938526]},"properties":{"name":"Brug Diepenbeek Sluis opening 2","waterway":"Albertkanaal","verclr_m":9.1,"horclr_m":24.0,"spans":1,"source":"VNF IENC (Licence Ouverte 2.0)"}},{"type":"Feature","geometry":{"type":"Point","coordinates":[5.430887,50.938811]},"properties":{"name":"Brug Diepenbeek Sluis opening 1","waterway":"Albertkanaal","verclr_m":9.1,"horclr_m":24.0,"spans":1,"source":"VNF IENC (Licence Ouverte 2.0)"}},{"type":"Feature","geometry":{"type":"Point","coordinates":[5.430805,50.937994]},"properties":{"name":"Brug Diepenbeek Sluis opening 3","waterway":"Albertkanaal","verclr_m":9.1,"horclr_m":24.0,"spans":1,"source":"VNF IENC (Licence Ouverte 2.0)"}},{"type":"Feature","geometry":{"type":"Point","coordinates":[3.803771,51.005661]},"properties":{"name":"Mellebrug","waterway":"Belgium waterway","verclr_m":12.4,"horclr_m":30.0,"spans":1,"source":"VNF IENC (Licence Ouverte 2.0)"}},{"type":"Feature","geometry":{"type":"Point","coordinates":[3.794404,51.007584]},"properties":{"name":"Spijkerbrug W15","waterway":"Belgium waterway","verclr_m":10.78,"horclr_m":28.31,"spans":1,"source":"VNF IENC (Licence Ouverte 2.0)"}},{"type":"Feature","geometry":{"type":"Point","coordinates":[3.551029,51.032516]},"properties":{"name":"Voetgangersbrug Nevele","waterway":"Belgium waterway","verclr_m":8.62,"horclr_m":27.88,"spans":1,"source":"VNF IENC (Licence Ouverte 2.0)"}},{"type":"Feature","geometry":{"type":"Point","coordinates":[4.474867,51.027159]},"properties":{"name":"Kraanbrug","waterway":"Belgium waterway","verclr_m":5.38,"horclr_m":null,"spans":3,"source":"VNF IENC (Licence Ouverte 2.0)"}},{"type":"Feature","geometry":{"type":"Point","coordinates":[4.472042,51.020963]},"properties":{"name":"Plaisancebruggen","waterway":"Belgium waterway","verclr_m":0.59,"horclr_m":11.63,"spans":3,"source":"VNF IENC (Licence Ouverte 2.0)"}},{"type":"Feature","geometry":{"type":"Point","coordinates":[4.480414,51.015994]},"properties":{"name":"Brug Postzegellaan","waterway":"Belgium waterway","verclr_m":6.83,"horclr_m":22.0,"spans":1,"source":"VNF IENC (Licence Ouverte 2.0)"}},{"type":"Feature","geometry":{"type":"Point","coordinates":[4.48091,51.0157]},"properties":{"name":"Spoorbrug Mechelen 2","waterway":"Belgium waterway","verclr_m":6.73,"horclr_m":null,"spans":1,"source":"VNF IENC (Licence Ouverte 2.0)"}},{"type":"Feature","geometry":{"type":"Point","coordinates":[4.480785,51.015776]},"properties":{"name":"Spoorbrug Mechelen 1","waterway":"Belgium waterway","verclr_m":6.73,"horclr_m":null,"spans":1,"source":"VNF IENC (Licence Ouverte 2.0)"}},{"type":"Feature","geometry":{"type":"Point","coordinates":[4.481134,51.015564]},"properties":{"name":"Spoorbrug Mechelen 3","waterway":"Belgium waterway","verclr_m":6.73,"horclr_m":22.85,"spans":1,"source":"VNF IENC (Licence Ouverte 2.0)"}},{"type":"Feature","geometry":{"type":"Point","coordinates":[4.452556,51.041723]},"properties":{"name":"Brug 036-bis","waterway":"Belgium waterway","verclr_m":5.06,"horclr_m":9.5,"spans":1,"source":"VNF IENC (Licence Ouverte 2.0)"}},{"type":"Feature","geometry":{"type":"Point","coordinates":[4.453318,51.040838]},"properties":{"name":"Brug 036-1","waterway":"Belgium waterway","verclr_m":5.06,"horclr_m":9.5,"spans":1,"source":"VNF IENC (Licence Ouverte 2.0)"}},{"type":"Feature","geometry":{"type":"Point","coordinates":[4.452293,51.042142]},"properties":{"name":"Brug 036-bis","waterway":"Belgium waterway","verclr_m":5.06,"horclr_m":9.5,"spans":1,"source":"VNF IENC (Licence Ouverte 2.0)"}},{"type":"Feature","geometry":{"type":"Point","coordinates":[4.451747,51.042913]},"properties":{"name":"Brug 037A","waterway":"Belgium waterway","verclr_m":5.06,"horclr_m":9.5,"spans":1,"source":"VNF IENC (Licence Ouverte 2.0)"}},{"type":"Feature","geometry":{"type":"Point","coordinates":[4.449875,51.035987]},"properties":{"name":"Brug 033","waterway":"Belgium waterway","verclr_m":6.04,"horclr_m":26.6,"spans":1,"source":"VNF IENC (Licence Ouverte 2.0)"}},{"type":"Feature","geometry":{"type":"Point","coordinates":[4.452888,51.041276]},"properties":{"name":"Brug 036-2","waterway":"Belgium waterway","verclr_m":5.45,"horclr_m":null,"spans":1,"source":"VNF IENC (Licence Ouverte 2.0)"}},{"type":"Feature","geometry":{"type":"Point","coordinates":[4.444627,51.039585]},"properties":{"name":"Battelbrug","waterway":"Belgium waterway","verclr_m":0.69,"horclr_m":null,"spans":1,"source":"VNF IENC (Licence Ouverte 2.0)"}},{"type":"Feature","geometry":{"type":"Point","coordinates":[4.444082,51.03989]},"properties":{"name":"Brug 037F","waterway":"Belgium waterway","verclr_m":5.49,"horclr_m":null,"spans":1,"source":"VNF IENC (Licence Ouverte 2.0)"}},{"type":"Feature","geometry":{"type":"Point","coordinates":[4.859416,51.159534]},"properties":{"name":"Brug Olen Sluis opening 2","waterway":"Albertkanaal","verclr_m":9.1,"horclr_m":24.0,"spans":1,"source":"VNF IENC (Licence Ouverte 2.0)"}},{"type":"Feature","geometry":{"type":"Point","coordinates":[4.859116,51.159038]},"properties":{"name":"Brug Olen Sluis opening 3","waterway":"Albertkanaal","verclr_m":9.1,"horclr_m":24.0,"spans":1,"source":"VNF IENC (Licence Ouverte 2.0)"}},{"type":"Feature","geometry":{"type":"Point","coordinates":[4.859598,51.159797]},"properties":{"name":"Brug Olen Sluis opening 1","waterway":"Albertkanaal","verclr_m":9.1,"horclr_m":24.0,"spans":1,"source":"VNF IENC (Licence Ouverte 2.0)"}},{"type":"Feature","geometry":{"type":"Point","coordinates":[4.21911,51.120831]},"properties":{"name":"Scheldebrug Bornem-Temse opening2","waterway":"Belgium waterway","verclr_m":5.11,"horclr_m":45.0,"spans":2,"source":"VNF IENC (Licence Ouverte 2.0)"}},{"type":"Feature","geometry":{"type":"Point","coordinates":[4.21986,51.122131]},"properties":{"name":"Spoorbrug Temse opening 1","waterway":"Belgium waterway","verclr_m":5.11,"horclr_m":45.0,"spans":1,"source":"VNF IENC (Licence Ouverte 2.0)"}},{"type":"Feature","geometry":{"type":"Point","coordinates":[4.219463,51.120791]},"properties":{"name":"Spoorbrug Temse opening 2","waterway":"Belgium waterway","verclr_m":5.11,"horclr_m":45.0,"spans":1,"source":"VNF IENC (Licence Ouverte 2.0)"}},{"type":"Feature","geometry":{"type":"Point","coordinates":[4.219687,51.122149]},"properties":{"name":"Scheldebrug Bornem-Temse opening 1","waterway":"Belgium waterway","verclr_m":5.11,"horclr_m":45.0,"spans":1,"source":"VNF IENC (Licence Ouverte 2.0)"}},{"type":"Feature","geometry":{"type":"Point","coordinates":[4.219332,51.122186]},"properties":{"name":"Scheldebrug Temse-Bornem opening 1","waterway":"Belgium waterway","verclr_m":5.2,"horclr_m":44.78,"spans":1,"source":"VNF IENC (Licence Ouverte 2.0)"}},{"type":"Feature","geometry":{"type":"Point","coordinates":[3.724314,51.001813]},"properties":{"name":"Zwijnaardekasteelbrug","waterway":"Belgium waterway","verclr_m":8.07,"horclr_m":13.0,"spans":1,"source":"VNF IENC (Licence Ouverte 2.0)"}},{"type":"Feature","geometry":{"type":"Point","coordinates":[3.653704,50.955207]},"properties":{"name":"Grenadiersbrug","waterway":"Belgium waterway","verclr_m":8.38,"horclr_m":17.3,"spans":1,"source":"VNF IENC (Licence Ouverte 2.0)"}},{"type":"Feature","geometry":{"type":"Point","coordinates":[3.733871,51.008859]},"properties":{"name":"Zwijnaardekanaalbrug E17","waterway":"Belgium waterway","verclr_m":7.45,"horclr_m":12.9,"spans":1,"source":"VNF IENC (Licence Ouverte 2.0)"}},{"type":"Feature","geometry":{"type":"Point","coordinates":[3.73508,51.010499]},"properties":{"name":"Melkhambrug","waterway":"Belgium waterway","verclr_m":7.45,"horclr_m":12.5,"spans":1,"source":"VNF IENC (Licence Ouverte 2.0)"}},{"type":"Feature","geometry":{"type":"Point","coordinates":[3.388239,50.728578]},"properties":{"name":"Brug Pottes-Helkijn","waterway":"Belgium waterway","verclr_m":7.57,"horclr_m":19.0,"spans":1,"source":"VNF IENC (Licence Ouverte 2.0)"}},{"type":"Feature","geometry":{"type":"Point","coordinates":[3.444838,50.75708]},"properties":{"name":"Brug Escanaffles","waterway":"Belgium waterway","verclr_m":8.29,"horclr_m":18.4,"spans":1,"source":"VNF IENC (Licence Ouverte 2.0)"}},{"type":"Feature","geometry":{"type":"Point","coordinates":[3.41194,50.748927]},"properties":{"name":"Brug over sluis Avelgem-Bossuit","waterway":"Belgium waterway","verclr_m":8.07,"horclr_m":19.5,"spans":1,"source":"VNF IENC (Licence Ouverte 2.0)"}},{"type":"Feature","geometry":{"type":"Point","coordinates":[3.355966,50.716056]},"properties":{"name":"Brug te Spiere","waterway":"Belgium waterway","verclr_m":7.22,"horclr_m":20.7,"spans":1,"source":"VNF IENC (Licence Ouverte 2.0)"}},{"type":"Feature","geometry":{"type":"Point","coordinates":[3.959374,51.012857]},"properties":{"name":"Brug Uitbergen","waterway":"Belgium waterway","verclr_m":11.23,"horclr_m":26.14,"spans":1,"source":"VNF IENC (Licence Ouverte 2.0)"}},{"type":"Feature","geometry":{"type":"Point","coordinates":[4.012077,51.005497]},"properties":{"name":"Brug Schoonaarde","waterway":"Belgium waterway","verclr_m":11.25,"horclr_m":26.14,"spans":1,"source":"VNF IENC (Licence Ouverte 2.0)"}},{"type":"Feature","geometry":{"type":"Point","coordinates":[4.084332,50.883749]},"properties":{"name":"Schiptrekkersbrug","waterway":"Belgium waterway","verclr_m":5.51,"horclr_m":21.16,"spans":1,"source":"VNF IENC (Licence Ouverte 2.0)"}},{"type":"Feature","geometry":{"type":"Point","coordinates":[4.085147,50.884456]},"properties":{"name":"Spoorbrug Brussel-Oostende","waterway":"Belgium waterway","verclr_m":5.16,"horclr_m":12.27,"spans":1,"source":"VNF IENC (Licence Ouverte 2.0)"}},{"type":"Feature","geometry":{"type":"Point","coordinates":[4.086825,50.886386]},"properties":{"name":"Brug - N208","waterway":"Belgium waterway","verclr_m":7.09,"horclr_m":26.65,"spans":1,"source":"VNF IENC (Licence Ouverte 2.0)"}},{"type":"Feature","geometry":{"type":"Point","coordinates":[4.079613,50.894162]},"properties":{"name":"Spoorbrug Brussel-Gent","waterway":"Belgium waterway","verclr_m":8.12,"horclr_m":16.73,"spans":1,"source":"VNF IENC (Licence Ouverte 2.0)"}},{"type":"Feature","geometry":{"type":"Point","coordinates":[4.065451,50.91037]},"properties":{"name":"Brug - E40","waterway":"Belgium waterway","verclr_m":6.51,"horclr_m":27.35,"spans":1,"source":"VNF IENC (Licence Ouverte 2.0)"}},{"type":"Feature","geometry":{"type":"Point","coordinates":[4.053155,50.927559]},"properties":{"name":"Spoorbrug Brussel-Oostende","waterway":"Belgium waterway","verclr_m":3.97,"horclr_m":7.78,"spans":1,"source":"VNF IENC (Licence Ouverte 2.0)"}},{"type":"Feature","geometry":{"type":"Point","coordinates":[4.045667,50.938256]},"properties":{"name":"Voetgangersbrug over sluis Aalst","waterway":"Belgium waterway","verclr_m":7.17,"horclr_m":5.27,"spans":1,"source":"VNF IENC (Licence Ouverte 2.0)"}},{"type":"Feature","geometry":{"type":"Point","coordinates":[4.042602,50.941509]},"properties":{"name":"Spoorbrug Brussel-Oostende","waterway":"Belgium waterway","verclr_m":5.96,"horclr_m":16.35,"spans":1,"source":"VNF IENC (Licence Ouverte 2.0)"}},{"type":"Feature","geometry":{"type":"Point","coordinates":[4.036926,50.94935]},"properties":{"name":"Brug - R41","waterway":"Belgium waterway","verclr_m":8.42,"horclr_m":28.59,"spans":1,"source":"VNF IENC (Licence Ouverte 2.0)"}},{"type":"Feature","geometry":{"type":"Point","coordinates":[3.679909,50.893264]},"properties":{"name":"Brug 3de Jagers te voet","waterway":"Belgium waterway","verclr_m":8.7,"horclr_m":16.4,"spans":1,"source":"VNF IENC (Licence Ouverte 2.0)"}},{"type":"Feature","geometry":{"type":"Point","coordinates":[3.881517,51.008601]},"properties":{"name":"Voetbrug Wetteren","waterway":"Belgium waterway","verclr_m":11.64,"horclr_m":25.88,"spans":1,"source":"VNF IENC (Licence Ouverte 2.0)"}},{"type":"Feature","geometry":{"type":"Point","coordinates":[3.876431,51.007211]},"properties":{"name":"Brug Wetteren","waterway":"Belgium waterway","verclr_m":10.98,"horclr_m":25.2,"spans":1,"source":"VNF IENC (Licence Ouverte 2.0)"}},{"type":"Feature","geometry":{"type":"Point","coordinates":[4.066235,50.981698]},"properties":{"name":"Wiezebrug","waterway":"Belgium waterway","verclr_m":8.1,"horclr_m":29.24,"spans":1,"source":"VNF IENC (Licence Ouverte 2.0)"}},{"type":"Feature","geometry":{"type":"Point","coordinates":[4.071816,51.016844]},"properties":{"name":"Spoorbrug Oudegem","waterway":"Belgium waterway","verclr_m":5.19,"horclr_m":20.35,"spans":1,"source":"VNF IENC (Licence Ouverte 2.0)"}},{"type":"Feature","geometry":{"type":"Point","coordinates":[4.076961,51.031228]},"properties":{"name":"Ooiebrug","waterway":"Belgium waterway","verclr_m":8.11,"horclr_m":42.59,"spans":1,"source":"VNF IENC (Licence Ouverte 2.0)"}},{"type":"Feature","geometry":{"type":"Point","coordinates":[4.083526,51.043079]},"properties":{"name":"Voetgangersbrug Tijsluis Dendermonde","waterway":"Belgium waterway","verclr_m":9.77,"horclr_m":16.06,"spans":1,"source":"VNF IENC (Licence Ouverte 2.0)"}},{"type":"Feature","geometry":{"type":"Point","coordinates":[4.30068,50.817577]},"properties":{"name":"Pont-Rails Ligne Bruxelles-Gand / Spoorwegbrug Brussel-Gent","waterway":"Belgium waterway","verclr_m":8.0,"horclr_m":null,"spans":1,"source":"VNF IENC (Licence Ouverte 2.0)"}},{"type":"Feature","geometry":{"type":"Point","coordinates":[4.306814,50.824806]},"properties":{"name":"Pont de Paepsem / Paepsembrug","waterway":"Belgium waterway","verclr_m":6.2,"horclr_m":null,"spans":1,"source":"VNF IENC (Licence Ouverte 2.0)"}},{"type":"Feature","geometry":{"type":"Point","coordinates":[4.318194,50.838203]},"properties":{"name":"Pont-Rails - Petite ceinture de Bruxelles / Spoorweg kleine Ring","waterway":"Belgium waterway","verclr_m":5.0,"horclr_m":null,"spans":1,"source":"VNF IENC (Licence Ouverte 2.0)"}},{"type":"Feature","geometry":{"type":"Point","coordinates":[4.325146,50.844676]},"properties":{"name":"Pont-Rails M\u00e9tro Delacroix / Spoorbrug Metro Delacroix","waterway":"Belgium waterway","verclr_m":5.0,"horclr_m":null,"spans":1,"source":"VNF IENC (Licence Ouverte 2.0)"}},{"type":"Feature","geometry":{"type":"Point","coordinates":[4.325634,50.844979]},"properties":{"name":"Pont Ropsy-Chaudron / Brug Ropsy-Chaudron","waterway":"Belgium waterway","verclr_m":6.6,"horclr_m":null,"spans":1,"source":"VNF IENC (Licence Ouverte 2.0)"}},{"type":"Feature","geometry":{"type":"Point","coordinates":[4.331303,50.848191]},"properties":{"name":"Passerelle Gosselies / Voetgangersbrug Gosselies","waterway":"Belgium waterway","verclr_m":4.7,"horclr_m":null,"spans":1,"source":"VNF IENC (Licence Ouverte 2.0)"}},{"type":"Feature","geometry":{"type":"Point","coordinates":[4.346246,50.858727]},"properties":{"name":"Pont Place Sainctelette / Sainctelettebrug","waterway":"Belgium waterway","verclr_m":5.8,"horclr_m":null,"spans":2,"source":"VNF IENC (Licence Ouverte 2.0)"}},{"type":"Feature","geometry":{"type":"Point","coordinates":[4.352033,50.864874]},"properties":{"name":"Pont des Armateurs / Redersbrug","waterway":"Belgium waterway","verclr_m":5.0,"horclr_m":null,"spans":1,"source":"VNF IENC (Licence Ouverte 2.0)"}},{"type":"Feature","geometry":{"type":"Point","coordinates":[4.3623,50.875003]},"properties":{"name":"Pont-Rails de Laeken / Spoorbrug Laken","waterway":"Belgium waterway","verclr_m":6.8,"horclr_m":null,"spans":1,"source":"VNF IENC (Licence Ouverte 2.0)"}},{"type":"Feature","geometry":{"type":"Point","coordinates":[4.352161,50.865014]},"properties":{"name":"Pont-Rails fixe Place des Armateurs","waterway":"Belgium waterway","verclr_m":5.0,"horclr_m":null,"spans":1,"source":"VNF IENC (Licence Ouverte 2.0)"}},{"type":"Feature","geometry":{"type":"Point","coordinates":[4.302063,50.820049]},"properties":{"name":"Pont de l'\u00e9cluse d'Anderlecht / Brug Sluis van Anderlecht","waterway":"Belgium waterway","verclr_m":4.5,"horclr_m":null,"spans":1,"source":"VNF IENC (Licence Ouverte 2.0)"}},{"type":"Feature","geometry":{"type":"Point","coordinates":[4.343085,50.855258]},"properties":{"name":"Pont du Petit Ch\u00e2teau / Brug Klein Kasteeltje","waterway":"Belgium waterway","verclr_m":4.2,"horclr_m":null,"spans":1,"source":"VNF IENC (Licence Ouverte 2.0)"}},{"type":"Feature","geometry":{"type":"Point","coordinates":[4.341131,50.853205]},"properties":{"name":"Pont Porte de Flandre / Brug Vlaamse Poort","waterway":"Belgium waterway","verclr_m":4.3,"horclr_m":null,"spans":1,"source":"VNF IENC (Licence Ouverte 2.0)"}},{"type":"Feature","geometry":{"type":"Point","coordinates":[4.359893,50.872912]},"properties":{"name":"Pont Jules de Trooz / Jules De Troozbrug","waterway":"Belgium waterway","verclr_m":6.1,"horclr_m":null,"spans":3,"source":"VNF IENC (Licence Ouverte 2.0)"}},{"type":"Feature","geometry":{"type":"Point","coordinates":[4.335889,50.849969]},"properties":{"name":"Pont de la Chauss\u00e9e de Ninove / Brug Ninoofse Steenweg","waterway":"Belgium waterway","verclr_m":5.8,"horclr_m":null,"spans":1,"source":"VNF IENC (Licence Ouverte 2.0)"}},{"type":"Feature","geometry":{"type":"Point","coordinates":[4.37394,50.881181]},"properties":{"name":"Pont Van Praet / Van Praetbrug","waterway":"Belgium waterway","verclr_m":6.2,"horclr_m":null,"spans":1,"source":"VNF IENC (Licence Ouverte 2.0)"}},{"type":"Feature","geometry":{"type":"Point","coordinates":[4.317847,50.836703]},"properties":{"name":"Pont de Cureghem / Curembrug","waterway":"Belgium waterway","verclr_m":4.4,"horclr_m":null,"spans":1,"source":"VNF IENC (Licence Ouverte 2.0)"}},{"type":"Feature","geometry":{"type":"Point","coordinates":[4.314981,50.831839]},"properties":{"name":"Pont de la petite Ile / Brug Klein Eiland","waterway":"Belgium waterway","verclr_m":5.4,"horclr_m":null,"spans":1,"source":"VNF IENC (Licence Ouverte 2.0)"}},{"type":"Feature","geometry":{"type":"Point","coordinates":[3.614134,50.846805]},"properties":{"name":"Voetgangersbrug Oudenaarde","waterway":"Belgium waterway","verclr_m":8.68,"horclr_m":12.43,"spans":1,"source":"VNF IENC (Licence Ouverte 2.0)"}},{"type":"Feature","geometry":{"type":"Point","coordinates":[3.625669,50.85852]},"properties":{"name":"Lotharingenbrug","waterway":"Belgium waterway","verclr_m":7.75,"horclr_m":15.9,"spans":1,"source":"VNF IENC (Licence Ouverte 2.0)"}},{"type":"Feature","geometry":{"type":"Point","coordinates":[3.625674,50.858733]},"properties":{"name":"Spoorbrug lijn 89 (Denderleeuw-Kortrijk)","waterway":"Belgium waterway","verclr_m":8.48,"horclr_m":16.6,"spans":1,"source":"VNF IENC (Licence Ouverte 2.0)"}},{"type":"Feature","geometry":{"type":"Point","coordinates":[3.627977,50.870494]},"properties":{"name":"Ohiobrug","waterway":"Belgium waterway","verclr_m":10.02,"horclr_m":17.8,"spans":1,"source":"VNF IENC (Licence Ouverte 2.0)"}},{"type":"Feature","geometry":{"type":"Point","coordinates":[3.603246,50.839097]},"properties":{"name":"Spoorbrug lijn 86 (Ronse-Gent)","waterway":"Belgium waterway","verclr_m":7.14,"horclr_m":17.1,"spans":1,"source":"VNF IENC (Licence Ouverte 2.0)"}},{"type":"Feature","geometry":{"type":"Point","coordinates":[3.603394,50.839163]},"properties":{"name":"Brug in de Kleine ring","waterway":"Belgium waterway","verclr_m":7.28,"horclr_m":17.1,"spans":1,"source":"VNF IENC (Licence Ouverte 2.0)"}},{"type":"Feature","geometry":{"type":"Point","coordinates":[3.609078,50.842376]},"properties":{"name":"Hefbrug Oudenaarde","waterway":"Belgium waterway","verclr_m":7.9,"horclr_m":13.0,"spans":1,"source":"VNF IENC (Licence Ouverte 2.0)"}},{"type":"Feature","geometry":{"type":"Point","coordinates":[3.866856,50.761683]},"properties":{"name":"Majoor Van Lierdebrug","waterway":"Belgium waterway","verclr_m":4.3,"horclr_m":10.29,"spans":1,"source":"VNF IENC (Licence Ouverte 2.0)"}},{"type":"Feature","geometry":{"type":"Point","coordinates":[3.870132,50.764236]},"properties":{"name":"Spoorbrug Gent-Charleroi","waterway":"Belgium waterway","verclr_m":4.4,"horclr_m":16.38,"spans":1,"source":"VNF IENC (Licence Ouverte 2.0)"}},{"type":"Feature","geometry":{"type":"Point","coordinates":[3.879894,50.765981]},"properties":{"name":"Guilleminbrug","waterway":"Belgium waterway","verclr_m":5.95,"horclr_m":18.42,"spans":1,"source":"VNF IENC (Licence Ouverte 2.0)"}},{"type":"Feature","geometry":{"type":"Point","coordinates":[3.879992,50.777788]},"properties":{"name":"Zonnebloembrug","waterway":"Belgium waterway","verclr_m":7.02,"horclr_m":19.49,"spans":1,"source":"VNF IENC (Licence Ouverte 2.0)"}},{"type":"Feature","geometry":{"type":"Point","coordinates":[3.901202,50.793311]},"properties":{"name":"Brug Schendelbeke","waterway":"Belgium waterway","verclr_m":5.7,"horclr_m":19.98,"spans":1,"source":"VNF IENC (Licence Ouverte 2.0)"}},{"type":"Feature","geometry":{"type":"Point","coordinates":[3.902715,50.794531]},"properties":{"name":"Schipkensbrug","waterway":"Belgium waterway","verclr_m":4.37,"horclr_m":13.48,"spans":1,"source":"VNF IENC (Licence Ouverte 2.0)"}},{"type":"Feature","geometry":{"type":"Point","coordinates":[3.994397,50.818465]},"properties":{"name":"Voetgangersbrug Zwarte Fles","waterway":"Belgium waterway","verclr_m":4.52,"horclr_m":21.88,"spans":1,"source":"VNF IENC (Licence Ouverte 2.0)"}},{"type":"Feature","geometry":{"type":"Point","coordinates":[4.01387,50.829886]},"properties":{"name":"Elisabethbrug","waterway":"Belgium waterway","verclr_m":4.92,"horclr_m":19.5,"spans":1,"source":"VNF IENC (Licence Ouverte 2.0)"}},{"type":"Feature","geometry":{"type":"Point","coordinates":[4.019981,50.831241]},"properties":{"name":"'t Oversteekske","waterway":"Belgium waterway","verclr_m":5.57,"horclr_m":15.6,"spans":1,"source":"VNF IENC (Licence Ouverte 2.0)"}},{"type":"Feature","geometry":{"type":"Point","coordinates":[4.038272,50.835781]},"properties":{"name":"Brug - N28","waterway":"Belgium waterway","verclr_m":4.6,"horclr_m":34.39,"spans":1,"source":"VNF IENC (Licence Ouverte 2.0)"}},{"type":"Feature","geometry":{"type":"Point","coordinates":[4.058292,50.854208]},"properties":{"name":"Brug Okegem","waterway":"Belgium waterway","verclr_m":4.37,"horclr_m":18.41,"spans":1,"source":"VNF IENC (Licence Ouverte 2.0)"}},{"type":"Feature","geometry":{"type":"Point","coordinates":[4.10664,51.035304]},"properties":{"name":"Spoorbrug Dendermonde","waterway":"Belgium waterway","verclr_m":11.89,"horclr_m":39.96,"spans":1,"source":"VNF IENC (Licence Ouverte 2.0)"}},{"type":"Feature","geometry":{"type":"Point","coordinates":[4.106455,51.035209]},"properties":{"name":"Spoorbrug Dendermonde","waterway":"Belgium waterway","verclr_m":11.89,"horclr_m":39.96,"spans":1,"source":"VNF IENC (Licence Ouverte 2.0)"}},{"type":"Feature","geometry":{"type":"Point","coordinates":[4.123761,51.040724]},"properties":{"name":"Vlassenbroekbrug","waterway":"Belgium waterway","verclr_m":11.61,"horclr_m":49.75,"spans":1,"source":"VNF IENC (Licence Ouverte 2.0)"}},{"type":"Feature","geometry":{"type":"Point","coordinates":[3.47238,50.774211]},"properties":{"name":"Brug van de Waterhoek","waterway":"Belgium waterway","verclr_m":7.11,"horclr_m":18.5,"spans":1,"source":"VNF IENC (Licence Ouverte 2.0)"}},{"type":"Feature","geometry":{"type":"Point","coordinates":[4.846928,51.170141]},"properties":{"name":"Fiets-en voetbrug Herentals","waterway":"Belgium waterway","verclr_m":7.0,"horclr_m":38.0,"spans":1,"source":"VNF IENC (Licence Ouverte 2.0)"}},{"type":"Feature","geometry":{"type":"Point","coordinates":[4.847255,51.170284]},"properties":{"name":"Brug Herentals oost","waterway":"Belgium waterway","verclr_m":6.58,"horclr_m":38.0,"spans":1,"source":"VNF IENC (Licence Ouverte 2.0)"}},{"type":"Feature","geometry":{"type":"Point","coordinates":[4.865258,51.179907]},"properties":{"name":"Spoorwegbrug Herentals","waterway":"Belgium waterway","verclr_m":5.25,"horclr_m":32.0,"spans":2,"source":"VNF IENC (Licence Ouverte 2.0)"}},{"type":"Feature","geometry":{"type":"Point","coordinates":[4.86695,51.180283]},"properties":{"name":"Herentals Gerheze","waterway":"Belgium waterway","verclr_m":6.28,"horclr_m":44.0,"spans":1,"source":"VNF IENC (Licence Ouverte 2.0)"}},{"type":"Feature","geometry":{"type":"Point","coordinates":[4.903144,51.186902]},"properties":{"name":"Brug Olen St Jozef","waterway":"Belgium waterway","verclr_m":6.6,"horclr_m":44.0,"spans":1,"source":"VNF IENC (Licence Ouverte 2.0)"}},{"type":"Feature","geometry":{"type":"Point","coordinates":[4.933609,51.185955]},"properties":{"name":"Brug Geel Larum","waterway":"Belgium waterway","verclr_m":5.49,"horclr_m":34.0,"spans":1,"source":"VNF IENC (Licence Ouverte 2.0)"}},{"type":"Feature","geometry":{"type":"Point","coordinates":[4.955285,51.190024]},"properties":{"name":"Ophaalbrug Geel sluis 9","waterway":"Belgium waterway","verclr_m":7.3,"horclr_m":7.05,"spans":1,"source":"VNF IENC (Licence Ouverte 2.0)"}},{"type":"Feature","geometry":{"type":"Point","coordinates":[4.831489,51.169461]},"properties":{"name":"Brug Herentals sluis 10","waterway":"Belgium waterway","verclr_m":7.48,"horclr_m":7.5,"spans":1,"source":"VNF IENC (Licence Ouverte 2.0)"}},{"type":"Feature","geometry":{"type":"Point","coordinates":[4.847091,51.170222]},"properties":{"name":"Brug Herentals west","waterway":"Belgium waterway","verclr_m":6.58,"horclr_m":38.0,"spans":1,"source":"VNF IENC (Licence Ouverte 2.0)"}},{"type":"Feature","geometry":{"type":"Point","coordinates":[4.783764,51.327629]},"properties":{"name":"Voetgangersbrug Rijkevorsel St. Jozef","waterway":"Belgium waterway","verclr_m":5.32,"horclr_m":19.4,"spans":1,"source":"VNF IENC (Licence Ouverte 2.0)"}},{"type":"Feature","geometry":{"type":"Point","coordinates":[2.780069,50.959442]},"properties":{"name":"Reningebrug","waterway":"Belgium waterway","verclr_m":4.48,"horclr_m":15.81,"spans":1,"source":"VNF IENC (Licence Ouverte 2.0)"}},{"type":"Feature","geometry":{"type":"Point","coordinates":[5.104712,51.338968]},"properties":{"name":"Brug 5 Arendonk","waterway":"Belgium waterway","verclr_m":5.95,"horclr_m":22.0,"spans":1,"source":"VNF IENC (Licence Ouverte 2.0)"}},{"type":"Feature","geometry":{"type":"Point","coordinates":[5.161473,51.218142]},"properties":{"name":"Brug 2 Mol Sluis","waterway":"Belgium waterway","verclr_m":5.25,"horclr_m":28.0,"spans":1,"source":"VNF IENC (Licence Ouverte 2.0)"}},{"type":"Feature","geometry":{"type":"Point","coordinates":[5.156511,51.19578]},"properties":{"name":"Spoorbrug Mol Gompel","waterway":"Belgium waterway","verclr_m":5.33,"horclr_m":29.4,"spans":1,"source":"VNF IENC (Licence Ouverte 2.0)"}},{"type":"Feature","geometry":{"type":"Point","coordinates":[5.162628,51.223356]},"properties":{"name":"Leidingbrug Mol N.V. SCR","waterway":"Belgium waterway","verclr_m":6.3,"horclr_m":55.0,"spans":1,"source":"VNF IENC (Licence Ouverte 2.0)"}},{"type":"Feature","geometry":{"type":"Point","coordinates":[5.158673,51.205528]},"properties":{"name":"Brug 3 Mol Rauw","waterway":"Belgium waterway","verclr_m":7.1,"horclr_m":42.0,"spans":1,"source":"VNF IENC (Licence Ouverte 2.0)"}},{"type":"Feature","geometry":{"type":"Point","coordinates":[5.152001,51.175421]},"properties":{"name":"Spoorbrug Balen Neet","waterway":"Belgium waterway","verclr_m":5.2,"horclr_m":35.0,"spans":1,"source":"VNF IENC (Licence Ouverte 2.0)"}},{"type":"Feature","geometry":{"type":"Point","coordinates":[5.151445,51.172901]},"properties":{"name":"Brug 5 Balen Neet","waterway":"Belgium waterway","verclr_m":6.3,"horclr_m":41.7,"spans":1,"source":"VNF IENC (Licence Ouverte 2.0)"}},{"type":"Feature","geometry":{"type":"Point","coordinates":[2.622911,50.920132]},"properties":{"name":"Roesbruggebrug","waterway":"Belgium waterway","verclr_m":2.41,"horclr_m":14.55,"spans":1,"source":"VNF IENC (Licence Ouverte 2.0)"}},{"type":"Feature","geometry":{"type":"Point","coordinates":[2.719819,50.949666]},"properties":{"name":"Elzendammebrug","waterway":"Belgium waterway","verclr_m":4.91,"horclr_m":21.49,"spans":1,"source":"VNF IENC (Licence Ouverte 2.0)"}},{"type":"Feature","geometry":{"type":"Point","coordinates":[2.721089,50.950395]},"properties":{"name":"Voetgangersbrug Elzendamme","waterway":"Belgium waterway","verclr_m":2.26,"horclr_m":5.9,"spans":3,"source":"VNF IENC (Licence Ouverte 2.0)"}},{"type":"Feature","geometry":{"type":"Point","coordinates":[2.698453,50.951221]},"properties":{"name":"Eversambrug","waterway":"Belgium waterway","verclr_m":5.3,"horclr_m":16.16,"spans":1,"source":"VNF IENC (Licence Ouverte 2.0)"}},{"type":"Feature","geometry":{"type":"Point","coordinates":[2.649988,50.937279]},"properties":{"name":"Kallebrug","waterway":"Belgium waterway","verclr_m":5.26,"horclr_m":12.22,"spans":1,"source":"VNF IENC (Licence Ouverte 2.0)"}},{"type":"Feature","geometry":{"type":"Point","coordinates":[4.97039,51.199157]},"properties":{"name":"Geel Gooreind","waterway":"Belgium waterway","verclr_m":7.0,"horclr_m":34.38,"spans":1,"source":"VNF IENC (Licence Ouverte 2.0)"}},{"type":"Feature","geometry":{"type":"Point","coordinates":[4.982372,51.201286]},"properties":{"name":"Brug Geel ten Aert","waterway":"Belgium waterway","verclr_m":7.0,"horclr_m":35.0,"spans":1,"source":"VNF IENC (Licence Ouverte 2.0)"}},{"type":"Feature","geometry":{"type":"Point","coordinates":[5.039191,51.211561]},"properties":{"name":"Ophaalbrug Geel sluis 7","waterway":"Belgium waterway","verclr_m":7.3,"horclr_m":7.0,"spans":1,"source":"VNF IENC (Licence Ouverte 2.0)"}},{"type":"Feature","geometry":{"type":"Point","coordinates":[5.044301,51.212595]},"properties":{"name":"Brug Mol","waterway":"Belgium waterway","verclr_m":6.0,"horclr_m":41.5,"spans":1,"source":"VNF IENC (Licence Ouverte 2.0)"}},{"type":"Feature","geometry":{"type":"Point","coordinates":[5.07565,51.217799]},"properties":{"name":"Priv\u00e9 brug SCK","waterway":"Belgium waterway","verclr_m":6.4,"horclr_m":33.54,"spans":1,"source":"VNF IENC (Licence Ouverte 2.0)"}},{"type":"Feature","geometry":{"type":"Point","coordinates":[5.094235,51.223486]},"properties":{"name":"Priv\u00e9 brug SCK","waterway":"Belgium waterway","verclr_m":6.0,"horclr_m":37.79,"spans":1,"source":"VNF IENC (Licence Ouverte 2.0)"}},{"type":"Feature","geometry":{"type":"Point","coordinates":[4.913232,51.327567]},"properties":{"name":"Brug 3 Turnhout Ring","waterway":"Belgium waterway","verclr_m":5.7,"horclr_m":28.8,"spans":1,"source":"VNF IENC (Licence Ouverte 2.0)"}},{"type":"Feature","geometry":{"type":"Point","coordinates":[4.989192,51.360709]},"properties":{"name":"Brug 7 Ravels","waterway":"Belgium waterway","verclr_m":6.17,"horclr_m":21.0,"spans":1,"source":"VNF IENC (Licence Ouverte 2.0)"}},{"type":"Feature","geometry":{"type":"Point","coordinates":[4.941732,51.331119]},"properties":{"name":"Fietsbrug Thurnhout","waterway":"Belgium waterway","verclr_m":5.03,"horclr_m":8.0,"spans":1,"source":"VNF IENC (Licence Ouverte 2.0)"}},{"type":"Feature","geometry":{"type":"Point","coordinates":[4.952502,51.344478]},"properties":{"name":"Voetgangersbrug Turnhout","waterway":"Belgium waterway","verclr_m":5.33,"horclr_m":21.0,"spans":1,"source":"VNF IENC (Licence Ouverte 2.0)"}},{"type":"Feature","geometry":{"type":"Point","coordinates":[4.949693,51.337534]},"properties":{"name":"Brug Turnhout ring","waterway":"Belgium waterway","verclr_m":5.5,"horclr_m":26.0,"spans":1,"source":"VNF IENC (Licence Ouverte 2.0)"}},{"type":"Feature","geometry":{"type":"Point","coordinates":[2.854485,51.030155]},"properties":{"name":"Spoorwegbrug Diksmuide","waterway":"Belgium waterway","verclr_m":5.5,"horclr_m":18.81,"spans":1,"source":"VNF IENC (Licence Ouverte 2.0)"}},{"type":"Feature","geometry":{"type":"Point","coordinates":[2.854645,51.033403]},"properties":{"name":"Hogebrug Diksmuide","waterway":"Belgium waterway","verclr_m":5.01,"horclr_m":15.06,"spans":1,"source":"VNF IENC (Licence Ouverte 2.0)"}},{"type":"Feature","geometry":{"type":"Point","coordinates":[5.141436,51.128409]},"properties":{"name":"Brug 8 Olmen Gervoort","waterway":"Belgium waterway","verclr_m":6.3,"horclr_m":41.8,"spans":1,"source":"VNF IENC (Licence Ouverte 2.0)"}},{"type":"Feature","geometry":{"type":"Point","coordinates":[5.147389,51.154555]},"properties":{"name":"Brug 6 Balen Hoolst","waterway":"Belgium waterway","verclr_m":6.15,"horclr_m":41.9,"spans":1,"source":"VNF IENC (Licence Ouverte 2.0)"}},{"type":"Feature","geometry":{"type":"Point","coordinates":[5.143877,51.138643]},"properties":{"name":"Brug 7 Olmen Dorp","waterway":"Belgium waterway","verclr_m":6.3,"horclr_m":41.85,"spans":1,"source":"VNF IENC (Licence Ouverte 2.0)"}},{"type":"Feature","geometry":{"type":"Point","coordinates":[5.137118,51.108824]},"properties":{"name":"Brug 9 Kwaadmechelen Gerhoeven","waterway":"Belgium waterway","verclr_m":6.3,"horclr_m":41.7,"spans":1,"source":"VNF IENC (Licence Ouverte 2.0)"}},{"type":"Feature","geometry":{"type":"Point","coordinates":[5.136384,51.099215]},"properties":{"name":"Brug 10 Kwaadmechelen Veldhoven","waterway":"Belgium waterway","verclr_m":5.5,"horclr_m":41.95,"spans":1,"source":"VNF IENC (Licence Ouverte 2.0)"}},{"type":"Feature","geometry":{"type":"Point","coordinates":[4.50162,51.240964]},"properties":{"name":"Brug Schoten sluis 10","waterway":"Belgium waterway","verclr_m":9.56,"horclr_m":7.49,"spans":1,"source":"VNF IENC (Licence Ouverte 2.0)"}},{"type":"Feature","geometry":{"type":"Point","coordinates":[5.107253,51.224712]},"properties":{"name":"Leidingbrug Mol  N.V. SCK","waterway":"Belgium waterway","verclr_m":6.0,"horclr_m":37.8,"spans":1,"source":"VNF IENC (Licence Ouverte 2.0)"}},{"type":"Feature","geometry":{"type":"Point","coordinates":[5.186543,51.238633]},"properties":{"name":"Brug Mol Maat Noord","waterway":"Belgium waterway","verclr_m":5.01,"horclr_m":null,"spans":1,"source":"VNF IENC (Licence Ouverte 2.0)"}},{"type":"Feature","geometry":{"type":"Point","coordinates":[5.186632,51.238134]},"properties":{"name":"Brug Mol Maat Zuid","waterway":"Belgium waterway","verclr_m":4.93,"horclr_m":null,"spans":1,"source":"VNF IENC (Licence Ouverte 2.0)"}},{"type":"Feature","geometry":{"type":"Point","coordinates":[5.228177,51.239659]},"properties":{"name":"Brug 4 Lommel","waterway":"Belgium waterway","verclr_m":5.95,"horclr_m":35.0,"spans":1,"source":"VNF IENC (Licence Ouverte 2.0)"}},{"type":"Feature","geometry":{"type":"Point","coordinates":[5.164333,51.23512]},"properties":{"name":"Brug 0 Dessel","waterway":"Belgium waterway","verclr_m":5.26,"horclr_m":22.0,"spans":1,"source":"VNF IENC (Licence Ouverte 2.0)"}},{"type":"Feature","geometry":{"type":"Point","coordinates":[5.143441,51.230434]},"properties":{"name":"Leidingbrug Dessel SCR Sibelco","waterway":"Belgium waterway","verclr_m":7.08,"horclr_m":null,"spans":1,"source":"VNF IENC (Licence Ouverte 2.0)"}},{"type":"Feature","geometry":{"type":"Point","coordinates":[5.11524,51.225365]},"properties":{"name":"Brug Mol Donk","waterway":"Belgium waterway","verclr_m":6.58,"horclr_m":42.5,"spans":1,"source":"VNF IENC (Licence Ouverte 2.0)"}},{"type":"Feature","geometry":{"type":"Point","coordinates":[5.408558,51.235973]},"properties":{"name":"Brug Neerpelt N74","waterway":"Belgium waterway","verclr_m":7.0,"horclr_m":33.25,"spans":1,"source":"VNF IENC (Licence Ouverte 2.0)"}},{"type":"Feature","geometry":{"type":"Point","coordinates":[5.42879,51.234232]},"properties":{"name":"Brug 2 Neerpelt","waterway":"Belgium waterway","verclr_m":6.4,"horclr_m":28.4,"spans":1,"source":"VNF IENC (Licence Ouverte 2.0)"}},{"type":"Feature","geometry":{"type":"Point","coordinates":[5.43945,51.233204]},"properties":{"name":"Spoorbrug Neerpelt","waterway":"Belgium waterway","verclr_m":5.55,"horclr_m":41.1,"spans":1,"source":"VNF IENC (Licence Ouverte 2.0)"}},{"type":"Feature","geometry":{"type":"Point","coordinates":[5.439559,51.233195]},"properties":{"name":"Spoorbrug Neerpelt","waterway":"Belgium waterway","verclr_m":5.55,"horclr_m":41.1,"spans":1,"source":"VNF IENC (Licence Ouverte 2.0)"}},{"type":"Feature","geometry":{"type":"Point","coordinates":[5.565484,51.186685]},"properties":{"name":"Brug Bocholt - Veldhoven","waterway":"Belgium waterway","verclr_m":5.5,"horclr_m":38.8,"spans":1,"source":"VNF IENC (Licence Ouverte 2.0)"}},{"type":"Feature","geometry":{"type":"Point","coordinates":[5.540459,51.202396]},"properties":{"name":"Brug Kaulille","waterway":"Belgium waterway","verclr_m":6.3,"horclr_m":34.0,"spans":1,"source":"VNF IENC (Licence Ouverte 2.0)"}},{"type":"Feature","geometry":{"type":"Point","coordinates":[5.524733,51.214734]},"properties":{"name":"Brug 1 St. Huibrechts Lille","waterway":"Belgium waterway","verclr_m":6.5,"horclr_m":32.4,"spans":1,"source":"VNF IENC (Licence Ouverte 2.0)"}},{"type":"Feature","geometry":{"type":"Point","coordinates":[5.483349,51.229323]},"properties":{"name":"Brug 2 St. Huibrechts Lille","waterway":"Belgium waterway","verclr_m":6.2,"horclr_m":26.6,"spans":1,"source":"VNF IENC (Licence Ouverte 2.0)"}},{"type":"Feature","geometry":{"type":"Point","coordinates":[5.445342,51.232659]},"properties":{"name":"Brug 1 Neerpelt","waterway":"Belgium waterway","verclr_m":5.6,"horclr_m":33.2,"spans":1,"source":"VNF IENC (Licence Ouverte 2.0)"}},{"type":"Feature","geometry":{"type":"Point","coordinates":[2.822327,51.099113]},"properties":{"name":"Schoorbakkebrug","waterway":"Belgium waterway","verclr_m":4.46,"horclr_m":13.09,"spans":1,"source":"VNF IENC (Licence Ouverte 2.0)"}},{"type":"Feature","geometry":{"type":"Point","coordinates":[2.801836,51.126987]},"properties":{"name":"Uniebrug","waterway":"Belgium waterway","verclr_m":4.41,"horclr_m":13.1,"spans":1,"source":"VNF IENC (Licence Ouverte 2.0)"}},{"type":"Feature","geometry":{"type":"Point","coordinates":[2.800359,51.12896]},"properties":{"name":"Brug - E40 kmp 40.7","waterway":"Belgium waterway","verclr_m":8.27,"horclr_m":47.78,"spans":1,"source":"VNF IENC (Licence Ouverte 2.0)"}},{"type":"Feature","geometry":{"type":"Point","coordinates":[3.286237,50.830925]},"properties":{"name":"Spoorbrug over sluis 9","waterway":"Belgium waterway","verclr_m":6.66,"horclr_m":null,"spans":1,"source":"VNF IENC (Licence Ouverte 2.0)"}},{"type":"Feature","geometry":{"type":"Point","coordinates":[3.270439,50.834634]},"properties":{"name":"Voetbrug over sluis 11","waterway":"Belgium waterway","verclr_m":4.49,"horclr_m":5.18,"spans":1,"source":"VNF IENC (Licence Ouverte 2.0)"}},{"type":"Feature","geometry":{"type":"Point","coordinates":[3.277043,50.833001]},"properties":{"name":"Brug over sluis 10","waterway":"Belgium waterway","verclr_m":4.58,"horclr_m":5.18,"spans":1,"source":"VNF IENC (Licence Ouverte 2.0)"}},{"type":"Feature","geometry":{"type":"Point","coordinates":[3.286244,50.830914]},"properties":{"name":"voetbrug over sluis 9","waterway":"Belgium waterway","verclr_m":3.91,"horclr_m":5.18,"spans":1,"source":"VNF IENC (Licence Ouverte 2.0)"}},{"type":"Feature","geometry":{"type":"Point","coordinates":[3.293937,50.829054]},"properties":{"name":"Brug - R8","waterway":"Belgium waterway","verclr_m":5.27,"horclr_m":26.4,"spans":1,"source":"VNF IENC (Licence Ouverte 2.0)"}},{"type":"Feature","geometry":{"type":"Point","coordinates":[3.294863,50.828881]},"properties":{"name":"Stasegembrug","waterway":"Belgium waterway","verclr_m":6.91,"horclr_m":53.3,"spans":1,"source":"VNF IENC (Licence Ouverte 2.0)"}},{"type":"Feature","geometry":{"type":"Point","coordinates":[3.303629,50.828235]},"properties":{"name":"Luipaardbrug","waterway":"Belgium waterway","verclr_m":6.11,"horclr_m":42.55,"spans":1,"source":"VNF IENC (Licence Ouverte 2.0)"}},{"type":"Feature","geometry":{"type":"Point","coordinates":[3.319943,50.827906]},"properties":{"name":"Brug - E17","waterway":"Belgium waterway","verclr_m":7.67,"horclr_m":27.81,"spans":1,"source":"VNF IENC (Licence Ouverte 2.0)"}},{"type":"Feature","geometry":{"type":"Point","coordinates":[3.323566,50.827855]},"properties":{"name":"Beneluxbrug","waterway":"Belgium waterway","verclr_m":5.26,"horclr_m":27.84,"spans":1,"source":"VNF IENC (Licence Ouverte 2.0)"}},{"type":"Feature","geometry":{"type":"Point","coordinates":[3.34435,50.823615]},"properties":{"name":"Brug Deerlijkstraat","waterway":"Belgium waterway","verclr_m":7.67,"horclr_m":12.37,"spans":1,"source":"VNF IENC (Licence Ouverte 2.0)"}},{"type":"Feature","geometry":{"type":"Point","coordinates":[3.352564,50.816395]},"properties":{"name":"La Flandre brug","waterway":"Belgium waterway","verclr_m":6.67,"horclr_m":27.22,"spans":1,"source":"VNF IENC (Licence Ouverte 2.0)"}},{"type":"Feature","geometry":{"type":"Point","coordinates":[5.260634,51.24813]},"properties":{"name":"Leidingbrug Lommel VMW+Fluxys","waterway":"Belgium waterway","verclr_m":6.7,"horclr_m":56.0,"spans":1,"source":"VNF IENC (Licence Ouverte 2.0)"}},{"type":"Feature","geometry":{"type":"Point","coordinates":[5.311685,51.253203]},"properties":{"name":"Brug 3 Lommel","waterway":"Belgium waterway","verclr_m":6.25,"horclr_m":26.4,"spans":1,"source":"VNF IENC (Licence Ouverte 2.0)"}},{"type":"Feature","geometry":{"type":"Point","coordinates":[5.336231,51.248148]},"properties":{"name":"Brug 2 Lommel","waterway":"Belgium waterway","verclr_m":6.3,"horclr_m":27.7,"spans":1,"source":"VNF IENC (Licence Ouverte 2.0)"}},{"type":"Feature","geometry":{"type":"Point","coordinates":[5.367497,51.242082]},"properties":{"name":"Brug trekweg Lommel RO","waterway":"Belgium waterway","verclr_m":5.0,"horclr_m":10.0,"spans":1,"source":"VNF IENC (Licence Ouverte 2.0)"}},{"type":"Feature","geometry":{"type":"Point","coordinates":[5.378539,51.239465]},"properties":{"name":"Brug 1 Lommel","waterway":"Belgium waterway","verclr_m":5.7,"horclr_m":35.2,"spans":1,"source":"VNF IENC (Licence Ouverte 2.0)"}},{"type":"Feature","geometry":{"type":"Point","coordinates":[5.395747,51.237082]},"properties":{"name":"Leidingbrug Overpelt Umicore","waterway":"Belgium waterway","verclr_m":7.1,"horclr_m":18.7,"spans":1,"source":"VNF IENC (Licence Ouverte 2.0)"}},{"type":"Feature","geometry":{"type":"Point","coordinates":[5.297574,51.25481]},"properties":{"name":"Voet-,fietsbrug Lommel","waterway":"Belgium waterway","verclr_m":7.83,"horclr_m":32.6,"spans":1,"source":"VNF IENC (Licence Ouverte 2.0)"}},{"type":"Feature","geometry":{"type":"Point","coordinates":[5.129134,51.316465]},"properties":{"name":"brug 4 Arendonk","waterway":"Belgium waterway","verclr_m":5.32,"horclr_m":22.0,"spans":1,"source":"VNF IENC (Licence Ouverte 2.0)"}},{"type":"Feature","geometry":{"type":"Point","coordinates":[5.153748,51.267455]},"properties":{"name":"Voet-, fietsbrug 1 Dessel","waterway":"Belgium waterway","verclr_m":5.32,"horclr_m":24.0,"spans":1,"source":"VNF IENC (Licence Ouverte 2.0)"}},{"type":"Feature","geometry":{"type":"Point","coordinates":[5.162364,51.241196]},"properties":{"name":"Brug Obis Dessel","waterway":"Belgium waterway","verclr_m":6.3,"horclr_m":22.0,"spans":1,"source":"VNF IENC (Licence Ouverte 2.0)"}},{"type":"Feature","geometry":{"type":"Point","coordinates":[5.14192,51.300457]},"properties":{"name":"Brug 17 Mol Postel E34","waterway":"Belgium waterway","verclr_m":5.4,"horclr_m":24.0,"spans":1,"source":"VNF IENC (Licence Ouverte 2.0)"}},{"type":"Feature","geometry":{"type":"Point","coordinates":[3.366183,50.79854]},"properties":{"name":"Knokkebrug","waterway":"Belgium waterway","verclr_m":6.48,"horclr_m":28.05,"spans":1,"source":"VNF IENC (Licence Ouverte 2.0)"}},{"type":"Feature","geometry":{"type":"Point","coordinates":[3.370717,50.792534]},"properties":{"name":"Smalspoorbrug","waterway":"Belgium waterway","verclr_m":8.92,"horclr_m":28.68,"spans":1,"source":"VNF IENC (Licence Ouverte 2.0)"}},{"type":"Feature","geometry":{"type":"Point","coordinates":[3.380466,50.778808]},"properties":{"name":"Brug over sluis Moen","waterway":"Belgium waterway","verclr_m":6.93,"horclr_m":18.88,"spans":1,"source":"VNF IENC (Licence Ouverte 2.0)"}},{"type":"Feature","geometry":{"type":"Point","coordinates":[3.396655,50.76591]},"properties":{"name":"Sint-Denijsbrug","waterway":"Belgium waterway","verclr_m":9.11,"horclr_m":27.75,"spans":1,"source":"VNF IENC (Licence Ouverte 2.0)"}},{"type":"Feature","geometry":{"type":"Point","coordinates":[2.674424,51.088029]},"properties":{"name":"Voetgangersbrug grens","waterway":"Canal Nieuwpoort\u2013Dunkerque","verclr_m":5.2,"horclr_m":6.91,"spans":1,"source":"VNF IENC (Licence Ouverte 2.0)"}},{"type":"Feature","geometry":{"type":"Point","coordinates":[2.691499,51.102708]},"properties":{"name":"Wulpenbrug - N330","waterway":"Canal Nieuwpoort\u2013Dunkerque","verclr_m":7.22,"horclr_m":19.58,"spans":1,"source":"VNF IENC (Licence Ouverte 2.0)"}},{"type":"Feature","geometry":{"type":"Point","coordinates":[2.746012,51.120636]},"properties":{"name":"Zeltebrug - N355","waterway":"Canal Nieuwpoort\u2013Dunkerque","verclr_m":7.19,"horclr_m":16.84,"spans":3,"source":"VNF IENC (Licence Ouverte 2.0)"}},{"type":"Feature","geometry":{"type":"Point","coordinates":[2.747993,51.121385]},"properties":{"name":"Pelikaanbrug","waterway":"Canal Nieuwpoort\u2013Dunkerque","verclr_m":4.56,"horclr_m":14.53,"spans":1,"source":"VNF IENC (Licence Ouverte 2.0)"}},{"type":"Feature","geometry":{"type":"Point","coordinates":[2.754599,51.125007]},"properties":{"name":"Oude Spoorwegbrug","waterway":"Canal Nieuwpoort\u2013Dunkerque","verclr_m":4.81,"horclr_m":6.64,"spans":1,"source":"VNF IENC (Licence Ouverte 2.0)"}},{"type":"Feature","geometry":{"type":"Point","coordinates":[2.758619,51.134591]},"properties":{"name":"Ieperbrug Nieuwpoort","waterway":"Canal Nieuwpoort\u2013Dunkerque","verclr_m":5.56,"horclr_m":32.74,"spans":1,"source":"VNF IENC (Licence Ouverte 2.0)"}},{"type":"Feature","geometry":{"type":"Point","coordinates":[2.756799,51.133273]},"properties":{"name":"Brug over Veurnesluis","waterway":"Canal Nieuwpoort\u2013Dunkerque","verclr_m":4.48,"horclr_m":4.91,"spans":8,"source":"VNF IENC (Licence Ouverte 2.0)"}},{"type":"Feature","geometry":{"type":"Point","coordinates":[3.333085,51.136495]},"properties":{"name":"Zuidleiebrug","waterway":"Belgium waterway","verclr_m":7.56,"horclr_m":24.99,"spans":1,"source":"VNF IENC (Licence Ouverte 2.0)"}},{"type":"Feature","geometry":{"type":"Point","coordinates":[3.329248,51.139123]},"properties":{"name":"Louisabrug","waterway":"Belgium waterway","verclr_m":9.82,"horclr_m":28.08,"spans":1,"source":"VNF IENC (Licence Ouverte 2.0)"}},{"type":"Feature","geometry":{"type":"Point","coordinates":[3.374603,51.126194]},"properties":{"name":"Sint-Jorisbrug","waterway":"Belgium waterway","verclr_m":8.45,"horclr_m":27.82,"spans":1,"source":"VNF IENC (Licence Ouverte 2.0)"}},{"type":"Feature","geometry":{"type":"Point","coordinates":[3.39246,51.116938]},"properties":{"name":"Knesselarebrug","waterway":"Belgium waterway","verclr_m":7.44,"horclr_m":27.94,"spans":1,"source":"VNF IENC (Licence Ouverte 2.0)"}},{"type":"Feature","geometry":{"type":"Point","coordinates":[3.434832,51.107095]},"properties":{"name":"Aalterbrug","waterway":"Belgium waterway","verclr_m":7.8,"horclr_m":27.8,"spans":1,"source":"VNF IENC (Licence Ouverte 2.0)"}},{"type":"Feature","geometry":{"type":"Point","coordinates":[4.706772,50.901395]},"properties":{"name":"Spoorbrug Wilsele","waterway":"Belgium waterway","verclr_m":5.81,"horclr_m":16.13,"spans":5,"source":"VNF IENC (Licence Ouverte 2.0)"}},{"type":"Feature","geometry":{"type":"Point","coordinates":[4.518988,50.996693]},"properties":{"name":"Spoorbrug Hofstade","waterway":"Belgium waterway","verclr_m":6.32,"horclr_m":12.43,"spans":3,"source":"VNF IENC (Licence Ouverte 2.0)"}},{"type":"Feature","geometry":{"type":"Point","coordinates":[4.592818,50.955709]},"properties":{"name":"Wegbrug Oost Kampenhout","waterway":"Belgium waterway","verclr_m":6.35,"horclr_m":23.79,"spans":12,"source":"VNF IENC (Licence Ouverte 2.0)"}},{"type":"Feature","geometry":{"type":"Point","coordinates":[4.706766,50.901478]},"properties":{"name":"HST brug","waterway":"Belgium waterway","verclr_m":5.81,"horclr_m":15.75,"spans":1,"source":"VNF IENC (Licence Ouverte 2.0)"}},{"type":"Feature","geometry":{"type":"Point","coordinates":[4.706678,50.900295]},"properties":{"name":"Spoorbrug Leuven","waterway":"Belgium waterway","verclr_m":6.59,"horclr_m":25.47,"spans":1,"source":"VNF IENC (Licence Ouverte 2.0)"}},{"type":"Feature","geometry":{"type":"Point","coordinates":[4.706418,50.887719]},"properties":{"name":"Viaduct ring Leuven","waterway":"Belgium waterway","verclr_m":8.1,"horclr_m":15.35,"spans":1,"source":"VNF IENC (Licence Ouverte 2.0)"}},{"type":"Feature","geometry":{"type":"Point","coordinates":[3.637473,51.092104]},"properties":{"name":"Bierstalbrug","waterway":"Belgium waterway","verclr_m":9.19,"horclr_m":27.86,"spans":1,"source":"VNF IENC (Licence Ouverte 2.0)"}},{"type":"Feature","geometry":{"type":"Point","coordinates":[3.603445,51.090972]},"properties":{"name":"Lovendegembrug","waterway":"Belgium waterway","verclr_m":9.05,"horclr_m":26.9,"spans":1,"source":"VNF IENC (Licence Ouverte 2.0)"}},{"type":"Feature","geometry":{"type":"Point","coordinates":[3.093878,51.203194]},"properties":{"name":"Stalhillebrug - N377","waterway":"Belgium waterway","verclr_m":8.67,"horclr_m":41.98,"spans":1,"source":"VNF IENC (Licence Ouverte 2.0)"}},{"type":"Feature","geometry":{"type":"Point","coordinates":[3.20097,51.21724]},"properties":{"name":"Brug in N339","waterway":"Belgium waterway","verclr_m":8.84,"horclr_m":52.87,"spans":1,"source":"VNF IENC (Licence Ouverte 2.0)"}},{"type":"Feature","geometry":{"type":"Point","coordinates":[3.20133,51.217272]},"properties":{"name":"Waggelwaterbrug","waterway":"Belgium waterway","verclr_m":8.84,"horclr_m":49.5,"spans":1,"source":"VNF IENC (Licence Ouverte 2.0)"}},{"type":"Feature","geometry":{"type":"Point","coordinates":[3.201509,51.217335]},"properties":{"name":"Oude spoorbrug Waggelwater","waterway":"Belgium waterway","verclr_m":5.5,"horclr_m":19.42,"spans":1,"source":"VNF IENC (Licence Ouverte 2.0)"}},{"type":"Feature","geometry":{"type":"Point","coordinates":[3.188665,51.217334]},"properties":{"name":"Brug van Mylle","waterway":"Belgium waterway","verclr_m":8.46,"horclr_m":36.09,"spans":1,"source":"VNF IENC (Licence Ouverte 2.0)"}},{"type":"Feature","geometry":{"type":"Point","coordinates":[5.229317,51.203264]},"properties":{"name":"Spoorbrug Balen Wezel","waterway":"Belgium waterway","verclr_m":5.6,"horclr_m":20.7,"spans":1,"source":"VNF IENC (Licence Ouverte 2.0)"}},{"type":"Feature","geometry":{"type":"Point","coordinates":[5.237265,51.212623]},"properties":{"name":"Brug Lommel N 71","waterway":"Belgium waterway","verclr_m":6.05,"horclr_m":21.2,"spans":1,"source":"VNF IENC (Licence Ouverte 2.0)"}},{"type":"Feature","geometry":{"type":"Point","coordinates":[5.264789,51.183221]},"properties":{"name":"Brug 3 Lommel Gelderhorsten","waterway":"Belgium waterway","verclr_m":5.55,"horclr_m":19.3,"spans":1,"source":"VNF IENC (Licence Ouverte 2.0)"}},{"type":"Feature","geometry":{"type":"Point","coordinates":[3.801952,51.20055]},"properties":{"name":"Bridge Zelzate","waterway":"Belgium waterway","verclr_m":7.4,"horclr_m":19.7,"spans":4,"source":"VNF IENC (Licence Ouverte 2.0)"}},{"type":"Feature","geometry":{"type":"Point","coordinates":[3.722853,51.104368]},"properties":{"name":"Eversteinspoorbrug S6","waterway":"Belgium waterway","verclr_m":7.0,"horclr_m":null,"spans":2,"source":"VNF IENC (Licence Ouverte 2.0)"}},{"type":"Feature","geometry":{"type":"Point","coordinates":[3.800812,51.200534]},"properties":{"name":"Zelzatebrug","waterway":"Belgium waterway","verclr_m":7.5,"horclr_m":19.9,"spans":2,"source":"VNF IENC (Licence Ouverte 2.0)"}},{"type":"Feature","geometry":{"type":"Point","coordinates":[3.730636,51.102066]},"properties":{"name":"Eversteinbrug","waterway":"Belgium waterway","verclr_m":6.0,"horclr_m":null,"spans":10,"source":"VNF IENC (Licence Ouverte 2.0)"}},{"type":"Feature","geometry":{"type":"Point","coordinates":[3.792347,51.136603]},"properties":{"name":"John Kennedy Brug","waterway":"Belgium waterway","verclr_m":7.2,"horclr_m":3.0,"spans":6,"source":"VNF IENC (Licence Ouverte 2.0)"}},{"type":"Feature","geometry":{"type":"Point","coordinates":[3.792063,51.136341]},"properties":{"name":"John Kennedy Brug","waterway":"Belgium waterway","verclr_m":7.2,"horclr_m":3.0,"spans":8,"source":"VNF IENC (Licence Ouverte 2.0)"}},{"type":"Feature","geometry":{"type":"Point","coordinates":[3.791718,51.136574]},"properties":{"name":"John Kennedy spoorbrug","waterway":"Belgium waterway","verclr_m":7.7,"horclr_m":null,"spans":2,"source":"VNF IENC (Licence Ouverte 2.0)"}},{"type":"Feature","geometry":{"type":"Point","coordinates":[3.720252,51.104879]},"properties":{"name":"Bridge R4","waterway":"Belgium waterway","verclr_m":6.8,"horclr_m":null,"spans":2,"source":"VNF IENC (Licence Ouverte 2.0)"}},{"type":"Feature","geometry":{"type":"Point","coordinates":[4.270445,50.766696]},"properties":{"name":"Brug Sluis 8","waterway":"Belgium waterway","verclr_m":4.43,"horclr_m":10.46,"spans":1,"source":"VNF IENC (Licence Ouverte 2.0)"}},{"type":"Feature","geometry":{"type":"Point","coordinates":[4.288648,50.784468]},"properties":{"name":"Voetbrug Ruisbroek","waterway":"Belgium waterway","verclr_m":5.19,"horclr_m":36.68,"spans":1,"source":"VNF IENC (Licence Ouverte 2.0)"}},{"type":"Feature","geometry":{"type":"Point","coordinates":[4.293158,50.79023]},"properties":{"name":"Brug Sluis 9","waterway":"Belgium waterway","verclr_m":4.6,"horclr_m":10.45,"spans":1,"source":"VNF IENC (Licence Ouverte 2.0)"}},{"type":"Feature","geometry":{"type":"Point","coordinates":[4.296953,50.804665]},"properties":{"name":"Loopbrug Electrabel","waterway":"Belgium waterway","verclr_m":6.9,"horclr_m":36.46,"spans":1,"source":"VNF IENC (Licence Ouverte 2.0)"}},{"type":"Feature","geometry":{"type":"Point","coordinates":[4.298347,50.810732]},"properties":{"name":"Brug - R0","waterway":"Belgium waterway","verclr_m":4.8,"horclr_m":37.92,"spans":1,"source":"VNF IENC (Licence Ouverte 2.0)"}},{"type":"Feature","geometry":{"type":"Point","coordinates":[4.672781,51.343749]},"properties":{"name":"Brug St. Lenaarts 10N","waterway":"Belgium waterway","verclr_m":5.15,"horclr_m":18.5,"spans":1,"source":"VNF IENC (Licence Ouverte 2.0)"}},{"type":"Feature","geometry":{"type":"Point","coordinates":[3.230835,51.192199]},"properties":{"name":"Fiets - en voetgangersbrug Brugeoise","waterway":"Belgium waterway","verclr_m":7.29,"horclr_m":19.79,"spans":1,"source":"VNF IENC (Licence Ouverte 2.0)"}},{"type":"Feature","geometry":{"type":"Point","coordinates":[3.228124,51.1976]},"properties":{"name":"Brug - R30","waterway":"Belgium waterway","verclr_m":7.55,"horclr_m":66.31,"spans":1,"source":"VNF IENC (Licence Ouverte 2.0)"}},{"type":"Feature","geometry":{"type":"Point","coordinates":[5.261473,51.165628]},"properties":{"name":"Brug 4 Lommel Kerkhoven","waterway":"Belgium waterway","verclr_m":4.4,"horclr_m":10.0,"spans":1,"source":"VNF IENC (Licence Ouverte 2.0)"}},{"type":"Feature","geometry":{"type":"Point","coordinates":[5.251938,51.154314]},"properties":{"name":"Brug 5 Balen Zwaling","waterway":"Belgium waterway","verclr_m":5.55,"horclr_m":9.95,"spans":1,"source":"VNF IENC (Licence Ouverte 2.0)"}},{"type":"Feature","geometry":{"type":"Point","coordinates":[2.865631,50.894289]},"properties":{"name":"Voetgangersbrug Boezinge","waterway":"Belgium waterway","verclr_m":4.84,"horclr_m":12.06,"spans":1,"source":"VNF IENC (Licence Ouverte 2.0)"}},{"type":"Feature","geometry":{"type":"Point","coordinates":[2.862772,50.896093]},"properties":{"name":"Boezingebrug","waterway":"Belgium waterway","verclr_m":4.42,"horclr_m":12.26,"spans":1,"source":"VNF IENC (Licence Ouverte 2.0)"}},{"type":"Feature","geometry":{"type":"Point","coordinates":[2.84422,50.92011]},"properties":{"name":"Steenstratebrug","waterway":"Belgium waterway","verclr_m":4.39,"horclr_m":14.93,"spans":1,"source":"VNF IENC (Licence Ouverte 2.0)"}},{"type":"Feature","geometry":{"type":"Point","coordinates":[2.823319,50.959536]},"properties":{"name":"Driegrachtenbrug","waterway":"Belgium waterway","verclr_m":4.4,"horclr_m":15.99,"spans":1,"source":"VNF IENC (Licence Ouverte 2.0)"}},{"type":"Feature","geometry":{"type":"Point","coordinates":[2.875508,50.870131]},"properties":{"name":"Brug - N38","waterway":"Belgium waterway","verclr_m":7.99,"horclr_m":44.42,"spans":1,"source":"VNF IENC (Licence Ouverte 2.0)"}},{"type":"Feature","geometry":{"type":"Point","coordinates":[2.849812,50.910247]},"properties":{"name":"brugje over sluis Boezinge-Sas (Ieper-IJzer)","waterway":"Belgium waterway","verclr_m":4.63,"horclr_m":5.48,"spans":1,"source":"VNF IENC (Licence Ouverte 2.0)"}},{"type":"Feature","geometry":{"type":"Point","coordinates":[4.222429,50.709427]},"properties":{"name":"Brug afwaarts sluis Lembeek","waterway":"Belgium waterway","verclr_m":6.7,"horclr_m":10.46,"spans":1,"source":"VNF IENC (Licence Ouverte 2.0)"}},{"type":"Feature","geometry":{"type":"Point","coordinates":[4.230818,50.713681]},"properties":{"name":"Malheydebrug (voetgangersbrug)","waterway":"Belgium waterway","verclr_m":5.26,"horclr_m":28.48,"spans":1,"source":"VNF IENC (Licence Ouverte 2.0)"}},{"type":"Feature","geometry":{"type":"Point","coordinates":[4.23231,50.724213]},"properties":{"name":"Viadukt A7 - E429 Halle","waterway":"Belgium waterway","verclr_m":11.78,"horclr_m":28.57,"spans":1,"source":"VNF IENC (Licence Ouverte 2.0)"}},{"type":"Feature","geometry":{"type":"Point","coordinates":[4.23269,50.726562]},"properties":{"name":"Spoorwegbrug Lijn 96","waterway":"Belgium waterway","verclr_m":6.3,"horclr_m":21.83,"spans":1,"source":"VNF IENC (Licence Ouverte 2.0)"}},{"type":"Feature","geometry":{"type":"Point","coordinates":[4.232975,50.728163]},"properties":{"name":"Spoorwegbrug Lijn 94","waterway":"Belgium waterway","verclr_m":6.27,"horclr_m":17.12,"spans":1,"source":"VNF IENC (Licence Ouverte 2.0)"}},{"type":"Feature","geometry":{"type":"Point","coordinates":[4.238059,50.732269]},"properties":{"name":"Bospoortbrug","waterway":"Belgium waterway","verclr_m":4.63,"horclr_m":18.25,"spans":3,"source":"VNF IENC (Licence Ouverte 2.0)"}},{"type":"Feature","geometry":{"type":"Point","coordinates":[4.23811,50.732316]},"properties":{"name":"Bospoortbrug voetbrug","waterway":"Belgium waterway","verclr_m":4.3,"horclr_m":19.14,"spans":1,"source":"VNF IENC (Licence Ouverte 2.0)"}},{"type":"Feature","geometry":{"type":"Point","coordinates":[4.241514,50.738791]},"properties":{"name":"Brug afwaarts sluis Halle","waterway":"Belgium waterway","verclr_m":5.2,"horclr_m":10.45,"spans":1,"source":"VNF IENC (Licence Ouverte 2.0)"}},{"type":"Feature","geometry":{"type":"Point","coordinates":[4.254931,50.752437]},"properties":{"name":"Waterloobrug","waterway":"Belgium waterway","verclr_m":5.37,"horclr_m":42.85,"spans":1,"source":"VNF IENC (Licence Ouverte 2.0)"}},{"type":"Feature","geometry":{"type":"Point","coordinates":[3.710656,51.104151]},"properties":{"name":"Waalbrug W17","waterway":"Belgium waterway","verclr_m":7.17,"horclr_m":27.65,"spans":1,"source":"VNF IENC (Licence Ouverte 2.0)"}},{"type":"Feature","geometry":{"type":"Point","coordinates":[3.672443,51.053173]},"properties":{"name":"Drongenbrug W4","waterway":"Belgium waterway","verclr_m":7.63,"horclr_m":28.63,"spans":1,"source":"VNF IENC (Licence Ouverte 2.0)"}},{"type":"Feature","geometry":{"type":"Point","coordinates":[3.679378,51.041753]},"properties":{"name":"Blaarmeersenbrug (kant Merelbeke) afw.","waterway":"Belgium waterway","verclr_m":7.05,"horclr_m":38.15,"spans":1,"source":"VNF IENC (Licence Ouverte 2.0)"}},{"type":"Feature","geometry":{"type":"Point","coordinates":[3.679302,51.042031]},"properties":{"name":"Blaarmeersenbrug (kant Evergem) opw.","waterway":"Belgium waterway","verclr_m":7.05,"horclr_m":38.17,"spans":1,"source":"VNF IENC (Licence Ouverte 2.0)"}},{"type":"Feature","geometry":{"type":"Point","coordinates":[3.67934,51.041893]},"properties":{"name":"Blaarmeersenspoorbrug S1 (midden)","waterway":"Belgium waterway","verclr_m":7.01,"horclr_m":38.16,"spans":1,"source":"VNF IENC (Licence Ouverte 2.0)"}},{"type":"Feature","geometry":{"type":"Point","coordinates":[3.658383,51.08264]},"properties":{"name":"Brug - R4","waterway":"Belgium waterway","verclr_m":7.67,"horclr_m":28.3,"spans":1,"source":"VNF IENC (Licence Ouverte 2.0)"}},{"type":"Feature","geometry":{"type":"Point","coordinates":[3.658635,51.085401]},"properties":{"name":"Speybrug W2","waterway":"Belgium waterway","verclr_m":7.1,"horclr_m":27.78,"spans":1,"source":"VNF IENC (Licence Ouverte 2.0)"}},{"type":"Feature","geometry":{"type":"Point","coordinates":[3.657636,51.071314]},"properties":{"name":"Beekstraatbrug W3","waterway":"Belgium waterway","verclr_m":7.42,"horclr_m":28.72,"spans":1,"source":"VNF IENC (Licence Ouverte 2.0)"}},{"type":"Feature","geometry":{"type":"Point","coordinates":[3.70854,51.103332]},"properties":{"name":"Heinakkerspoorbrug S5","waterway":"Belgium waterway","verclr_m":7.1,"horclr_m":28.04,"spans":1,"source":"VNF IENC (Licence Ouverte 2.0)"}},{"type":"Feature","geometry":{"type":"Point","coordinates":[3.65977,51.087397]},"properties":{"name":"Nieuwe Kalebrug W16","waterway":"Belgium waterway","verclr_m":7.03,"horclr_m":53.62,"spans":1,"source":"VNF IENC (Licence Ouverte 2.0)"}},{"type":"Feature","geometry":{"type":"Point","coordinates":[3.664491,51.084483]},"properties":{"name":"Brugsevaartbrug","waterway":"Belgium waterway","verclr_m":6.47,"horclr_m":28.41,"spans":1,"source":"VNF IENC (Licence Ouverte 2.0)"}},{"type":"Feature","geometry":{"type":"Point","coordinates":[2.736001,50.96552]},"properties":{"name":"Hullebrug","waterway":"Belgium waterway","verclr_m":4.85,"horclr_m":7.07,"spans":2,"source":"VNF IENC (Licence Ouverte 2.0)"}},{"type":"Feature","geometry":{"type":"Point","coordinates":[2.72792,51.015941]},"properties":{"name":"Fortembrug","waterway":"Belgium waterway","verclr_m":4.25,"horclr_m":9.54,"spans":3,"source":"VNF IENC (Licence Ouverte 2.0)"}},{"type":"Feature","geometry":{"type":"Point","coordinates":[2.720697,51.02054]},"properties":{"name":"voetgangersbrug opwaarts Oerenbrug","waterway":"Belgium waterway","verclr_m":4.85,"horclr_m":10.75,"spans":2,"source":"VNF IENC (Licence Ouverte 2.0)"}},{"type":"Feature","geometry":{"type":"Point","coordinates":[2.71618,51.024579]},"properties":{"name":"Oerenbrug","waterway":"Belgium waterway","verclr_m":7.28,"horclr_m":7.11,"spans":3,"source":"VNF IENC (Licence Ouverte 2.0)"}},{"type":"Feature","geometry":{"type":"Point","coordinates":[2.672809,51.060841]},"properties":{"name":"Brug Ring Veurne (Albert I laan)","waterway":"Belgium waterway","verclr_m":4.43,"horclr_m":14.38,"spans":2,"source":"VNF IENC (Licence Ouverte 2.0)"}},{"type":"Feature","geometry":{"type":"Point","coordinates":[2.91332,51.174435]},"properties":{"name":"Snaaskerkebrug (Kalsijdebrug)","waterway":"Canal Nieuwpoort\u2013Dunkerque","verclr_m":5.17,"horclr_m":null,"spans":1,"source":"VNF IENC (Licence Ouverte 2.0)"}},{"type":"Feature","geometry":{"type":"Point","coordinates":[2.938857,51.178659]},"properties":{"name":"Voetgangersbrug Snaaskerke","waterway":"Canal Nieuwpoort\u2013Dunkerque","verclr_m":6.62,"horclr_m":null,"spans":1,"source":"VNF IENC (Licence Ouverte 2.0)"}},{"type":"Feature","geometry":{"type":"Point","coordinates":[3.00598,51.201617]},"properties":{"name":"Brug - E40 kmp 1.1","waterway":"Canal Nieuwpoort\u2013Dunkerque","verclr_m":5.28,"horclr_m":null,"spans":1,"source":"VNF IENC (Licence Ouverte 2.0)"}},{"type":"Feature","geometry":{"type":"Point","coordinates":[3.002848,51.206347]},"properties":{"name":"Spoorwegbrug Oudenburg","waterway":"Canal Nieuwpoort\u2013Dunkerque","verclr_m":5.38,"horclr_m":null,"spans":1,"source":"VNF IENC (Licence Ouverte 2.0)"}},{"type":"Feature","geometry":{"type":"Point","coordinates":[2.939085,51.178688]},"properties":{"name":"Leidingbrug (pijpleiding)","waterway":"Canal Nieuwpoort\u2013Dunkerque","verclr_m":7.13,"horclr_m":null,"spans":1,"source":"VNF IENC (Licence Ouverte 2.0)"}},{"type":"Feature","geometry":{"type":"Point","coordinates":[3.253939,50.916924]},"properties":{"name":"Brigandsbrug","waterway":"Belgium waterway","verclr_m":7.0,"horclr_m":12.04,"spans":1,"source":"VNF IENC (Licence Ouverte 2.0)"}},{"type":"Feature","geometry":{"type":"Point","coordinates":[3.861274,51.165445]},"properties":{"name":"Nieuwe Overledebrug","waterway":"Belgium waterway","verclr_m":5.6,"horclr_m":5.9,"spans":3,"source":"VNF IENC (Licence Ouverte 2.0)"}},{"type":"Feature","geometry":{"type":"Point","coordinates":[3.814581,51.144659]},"properties":{"name":"Spanjeveerbrug","waterway":"Belgium waterway","verclr_m":5.47,"horclr_m":37.3,"spans":1,"source":"VNF IENC (Licence Ouverte 2.0)"}},{"type":"Feature","geometry":{"type":"Point","coordinates":[3.791714,51.136578]},"properties":{"name":"Kennedyspoorbrug","waterway":"Belgium waterway","verclr_m":7.6,"horclr_m":59.0,"spans":1,"source":"VNF IENC (Licence Ouverte 2.0)"}},{"type":"Feature","geometry":{"type":"Point","coordinates":[3.792143,51.136367]},"properties":{"name":"Kennedybaanbrug","waterway":"Belgium waterway","verclr_m":7.0,"horclr_m":58.57,"spans":3,"source":"VNF IENC (Licence Ouverte 2.0)"}},{"type":"Feature","geometry":{"type":"Point","coordinates":[3.935918,51.171754]},"properties":{"name":"Spoorbrug Moerbeke","waterway":"Belgium waterway","verclr_m":4.35,"horclr_m":6.2,"spans":1,"source":"VNF IENC (Licence Ouverte 2.0)"}},{"type":"Feature","geometry":{"type":"Point","coordinates":[3.917438,51.170448]},"properties":{"name":"Terwestbrug","waterway":"Belgium waterway","verclr_m":9.4,"horclr_m":6.05,"spans":1,"source":"VNF IENC (Licence Ouverte 2.0)"}},{"type":"Feature","geometry":{"type":"Point","coordinates":[3.20866,50.807064]},"properties":{"name":"Brug - A17","waterway":"Leie","verclr_m":8.28,"horclr_m":null,"spans":1,"source":"VNF IENC (Licence Ouverte 2.0)"}},{"type":"Feature","geometry":{"type":"Point","coordinates":[3.267187,50.833423]},"properties":{"name":"Collegebrug","waterway":"Leie","verclr_m":7.44,"horclr_m":37.47,"spans":1,"source":"VNF IENC (Licence Ouverte 2.0)"}},{"type":"Feature","geometry":{"type":"Point","coordinates":[3.269338,50.83456]},"properties":{"name":"Groeningebrug","waterway":"Leie","verclr_m":7.37,"horclr_m":43.4,"spans":1,"source":"VNF IENC (Licence Ouverte 2.0)"}},{"type":"Feature","geometry":{"type":"Point","coordinates":[3.283615,50.840558]},"properties":{"name":"Brug - R8 (oprit)","waterway":"Leie","verclr_m":7.85,"horclr_m":null,"spans":1,"source":"VNF IENC (Licence Ouverte 2.0)"}},{"type":"Feature","geometry":{"type":"Point","coordinates":[3.300214,50.850601]},"properties":{"name":"Kuurnebrug","waterway":"Leie","verclr_m":6.83,"horclr_m":27.58,"spans":1,"source":"VNF IENC (Licence Ouverte 2.0)"}},{"type":"Feature","geometry":{"type":"Point","coordinates":[3.309079,50.857719]},"properties":{"name":"Hogebrug","waterway":"Leie","verclr_m":6.34,"horclr_m":29.8,"spans":1,"source":"VNF IENC (Licence Ouverte 2.0)"}},{"type":"Feature","geometry":{"type":"Point","coordinates":[3.231968,50.816102]},"properties":{"name":"Brug - R8","waterway":"Leie","verclr_m":8.28,"horclr_m":null,"spans":1,"source":"VNF IENC (Licence Ouverte 2.0)"}},{"type":"Feature","geometry":{"type":"Point","coordinates":[3.232911,50.817351]},"properties":{"name":"Brug Bissegem","waterway":"Leie","verclr_m":5.39,"horclr_m":null,"spans":1,"source":"VNF IENC (Licence Ouverte 2.0)"}},{"type":"Feature","geometry":{"type":"Point","coordinates":[3.250521,50.827463]},"properties":{"name":"Spoorbrug Drie duikers","waterway":"Leie","verclr_m":5.98,"horclr_m":24.18,"spans":1,"source":"VNF IENC (Licence Ouverte 2.0)"}},{"type":"Feature","geometry":{"type":"Point","coordinates":[3.256243,50.829447]},"properties":{"name":"Noordbrug","waterway":"Leie","verclr_m":7.38,"horclr_m":42.6,"spans":1,"source":"VNF IENC (Licence Ouverte 2.0)"}},{"type":"Feature","geometry":{"type":"Point","coordinates":[3.253279,50.828687]},"properties":{"name":"Ronde van Vlaanderenbrug","waterway":"Leie","verclr_m":7.18,"horclr_m":42.1,"spans":1,"source":"VNF IENC (Licence Ouverte 2.0)"}},{"type":"Feature","geometry":{"type":"Point","coordinates":[3.315063,50.866739]},"properties":{"name":"Brug - N36","waterway":"Leie","verclr_m":7.35,"horclr_m":26.8,"spans":1,"source":"VNF IENC (Licence Ouverte 2.0)"}},{"type":"Feature","geometry":{"type":"Point","coordinates":[3.283489,50.84043]},"properties":{"name":"Leieviaduct- R8 (middenstuk)","waterway":"Leie","verclr_m":7.85,"horclr_m":null,"spans":1,"source":"VNF IENC (Licence Ouverte 2.0)"}},{"type":"Feature","geometry":{"type":"Point","coordinates":[3.28337,50.840287]},"properties":{"name":"Leieviaduct- R8 (afrit)","waterway":"Leie","verclr_m":7.85,"horclr_m":null,"spans":1,"source":"VNF IENC (Licence Ouverte 2.0)"}},{"type":"Feature","geometry":{"type":"Point","coordinates":[4.350888,51.084852]},"properties":{"name":"Nijverheidsbrug","waterway":"Belgium waterway","verclr_m":8.91,"horclr_m":2.84,"spans":5,"source":"VNF IENC (Licence Ouverte 2.0)"}},{"type":"Feature","geometry":{"type":"Point","coordinates":[4.3637,51.059841]},"properties":{"name":"Vredesbrug","waterway":"Belgium waterway","verclr_m":10.1,"horclr_m":35.0,"spans":2,"source":"VNF IENC (Licence Ouverte 2.0)"}},{"type":"Feature","geometry":{"type":"Point","coordinates":[4.365963,51.074269]},"properties":{"name":"Victor Dumonbrug","waterway":"Belgium waterway","verclr_m":6.66,"horclr_m":8.79,"spans":7,"source":"VNF IENC (Licence Ouverte 2.0)"}},{"type":"Feature","geometry":{"type":"Point","coordinates":[2.772657,51.13773]},"properties":{"name":"Brug over St-Jorissluis","waterway":"Canal Nieuwpoort\u2013Dunkerque","verclr_m":9.54,"horclr_m":12.38,"spans":1,"source":"VNF IENC (Licence Ouverte 2.0)"}},{"type":"Feature","geometry":{"type":"Point","coordinates":[4.607054,51.159648]},"properties":{"name":"Emblembrug Netekanaal","waterway":"Belgium waterway","verclr_m":7.23,"horclr_m":15.8,"spans":1,"source":"VNF IENC (Licence Ouverte 2.0)"}},{"type":"Feature","geometry":{"type":"Point","coordinates":[4.635765,51.174931]},"properties":{"name":"Brug Mol-ter-Nete","waterway":"Belgium waterway","verclr_m":5.61,"horclr_m":40.93,"spans":1,"source":"VNF IENC (Licence Ouverte 2.0)"}},{"type":"Feature","geometry":{"type":"Point","coordinates":[4.667027,51.186796]},"properties":{"name":"Brug 15 - Pullebrug - E313","waterway":"Belgium waterway","verclr_m":7.38,"horclr_m":42.59,"spans":1,"source":"VNF IENC (Licence Ouverte 2.0)"}},{"type":"Feature","geometry":{"type":"Point","coordinates":[4.667627,51.187978]},"properties":{"name":"Brug afwaarts Vierselsluis","waterway":"Belgium waterway","verclr_m":5.81,"horclr_m":5.81,"spans":1,"source":"VNF IENC (Licence Ouverte 2.0)"}},{"type":"Feature","geometry":{"type":"Point","coordinates":[4.59224,51.127958]},"properties":{"name":"Brug 2 Berlaarsesteenweg","waterway":"Belgium waterway","verclr_m":6.94,"horclr_m":36.9,"spans":1,"source":"VNF IENC (Licence Ouverte 2.0)"}},{"type":"Feature","geometry":{"type":"Point","coordinates":[4.591385,51.133609]},"properties":{"name":"Brug 1 Kesselsesteenweg","waterway":"Belgium waterway","verclr_m":7.04,"horclr_m":36.55,"spans":1,"source":"VNF IENC (Licence Ouverte 2.0)"}},{"type":"Feature","geometry":{"type":"Point","coordinates":[4.584372,51.143391]},"properties":{"name":"Spoorbrug - Voetbrug Nazareth","waterway":"Belgium waterway","verclr_m":7.1,"horclr_m":29.06,"spans":1,"source":"VNF IENC (Licence Ouverte 2.0)"}},{"type":"Feature","geometry":{"type":"Point","coordinates":[4.579644,51.120442]},"properties":{"name":"Brug 3 Aarschotsesteenweg","waterway":"Belgium waterway","verclr_m":6.98,"horclr_m":36.95,"spans":1,"source":"VNF IENC (Licence Ouverte 2.0)"}},{"type":"Feature","geometry":{"type":"Point","coordinates":[4.300416,51.368584]},"properties":{"name":"Brug Zandvliet Noordlandbrug","waterway":"Belgium waterway","verclr_m":9.1,"horclr_m":12.0,"spans":1,"source":"VNF IENC (Licence Ouverte 2.0)"}},{"type":"Feature","geometry":{"type":"Point","coordinates":[4.30042,51.368425]},"properties":{"name":"Spoorbrug Zandvliet Noordlandbrug","waterway":"Belgium waterway","verclr_m":9.1,"horclr_m":12.0,"spans":1,"source":"VNF IENC (Licence Ouverte 2.0)"}},{"type":"Feature","geometry":{"type":"Point","coordinates":[3.503239,50.976313]},"properties":{"name":"Spoorbrug Deinze","waterway":"Leie","verclr_m":8.2,"horclr_m":26.85,"spans":1,"source":"VNF IENC (Licence Ouverte 2.0)"}},{"type":"Feature","geometry":{"type":"Point","coordinates":[3.478805,50.964725]},"properties":{"name":"Machelenbrug","waterway":"Leie","verclr_m":9.24,"horclr_m":27.88,"spans":1,"source":"VNF IENC (Licence Ouverte 2.0)"}},{"type":"Feature","geometry":{"type":"Point","coordinates":[3.437817,50.929364]},"properties":{"name":"Zultebrug","waterway":"Leie","verclr_m":9.69,"horclr_m":28.35,"spans":1,"source":"VNF IENC (Licence Ouverte 2.0)"}},{"type":"Feature","geometry":{"type":"Point","coordinates":[4.415706,50.914093]},"properties":{"name":"Brug - R0 (Viaduct Ring Brussel)","waterway":"Belgium waterway","verclr_m":32.0,"horclr_m":53.11,"spans":1,"source":"VNF IENC (Licence Ouverte 2.0)"}},{"type":"Feature","geometry":{"type":"Point","coordinates":[3.206339,51.310093]},"properties":{"name":"Zwankendamme Brug: brug Z","waterway":"Belgium waterway","verclr_m":1.5,"horclr_m":null,"spans":1,"source":"VNF IENC (Licence Ouverte 2.0)"}},{"type":"Feature","geometry":{"type":"Point","coordinates":[3.205258,51.312096]},"properties":{"name":"Zwankendamme Brug: brug N","waterway":"Belgium waterway","verclr_m":1.5,"horclr_m":null,"spans":1,"source":"VNF IENC (Licence Ouverte 2.0)"}},{"type":"Feature","geometry":{"type":"Point","coordinates":[3.211761,51.274375]},"properties":{"name":"Spoorwegbrug","waterway":"Belgium waterway","verclr_m":8.5,"horclr_m":32.0,"spans":2,"source":"VNF IENC (Licence Ouverte 2.0)"}},{"type":"Feature","geometry":{"type":"Point","coordinates":[3.682547,51.035932]},"properties":{"name":"Krommehambrug","waterway":"Belgium waterway","verclr_m":5.52,"horclr_m":27.86,"spans":1,"source":"VNF IENC (Licence Ouverte 2.0)"}},{"type":"Feature","geometry":{"type":"Point","coordinates":[3.683859,51.036643]},"properties":{"name":"Snepdijkbrug","waterway":"Belgium waterway","verclr_m":4.22,"horclr_m":30.39,"spans":1,"source":"VNF IENC (Licence Ouverte 2.0)"}},{"type":"Feature","geometry":{"type":"Point","coordinates":[3.733643,51.012765]},"properties":{"name":"Ottergembrug W21","waterway":"Belgium waterway","verclr_m":7.64,"horclr_m":52.37,"spans":1,"source":"VNF IENC (Licence Ouverte 2.0)"}},{"type":"Feature","geometry":{"type":"Point","coordinates":[3.738699,51.012036]},"properties":{"name":"Nieuwescheldebrug","waterway":"Belgium waterway","verclr_m":6.26,"horclr_m":36.88,"spans":1,"source":"VNF IENC (Licence Ouverte 2.0)"}},{"type":"Feature","geometry":{"type":"Point","coordinates":[3.751441,51.00778]},"properties":{"name":"Vandepittebrug W12","waterway":"Belgium waterway","verclr_m":8.15,"horclr_m":39.91,"spans":2,"source":"VNF IENC (Licence Ouverte 2.0)"}},{"type":"Feature","geometry":{"type":"Point","coordinates":[3.695748,51.032359]},"properties":{"name":"Sint-Denijsbrug","waterway":"Belgium waterway","verclr_m":7.85,"horclr_m":29.93,"spans":1,"source":"VNF IENC (Licence Ouverte 2.0)"}},{"type":"Feature","geometry":{"type":"Point","coordinates":[3.687275,51.033971]},"properties":{"name":"Buchtenbrug W6","waterway":"Belgium waterway","verclr_m":6.98,"horclr_m":27.46,"spans":1,"source":"VNF IENC (Licence Ouverte 2.0)"}},{"type":"Feature","geometry":{"type":"Point","coordinates":[3.687421,51.033923]},"properties":{"name":"Buchtenspoorbrug S2","waterway":"Belgium waterway","verclr_m":7.08,"horclr_m":26.67,"spans":1,"source":"VNF IENC (Licence Ouverte 2.0)"}},{"type":"Feature","geometry":{"type":"Point","coordinates":[3.703794,51.023847]},"properties":{"name":"Maaltebrug W7","waterway":"Belgium waterway","verclr_m":7.41,"horclr_m":27.69,"spans":1,"source":"VNF IENC (Licence Ouverte 2.0)"}},{"type":"Feature","geometry":{"type":"Point","coordinates":[3.703738,51.023998]},"properties":{"name":"Maaltebrug trambrug","waterway":"Belgium waterway","verclr_m":7.45,"horclr_m":27.75,"spans":1,"source":"VNF IENC (Licence Ouverte 2.0)"}},{"type":"Feature","geometry":{"type":"Point","coordinates":[3.708788,51.016991]},"properties":{"name":"Hutsepotbrug W9","waterway":"Belgium waterway","verclr_m":7.38,"horclr_m":28.21,"spans":1,"source":"VNF IENC (Licence Ouverte 2.0)"}},{"type":"Feature","geometry":{"type":"Point","coordinates":[3.720419,51.013888]},"properties":{"name":"Zwijnaardebrug W10","waterway":"Belgium waterway","verclr_m":7.37,"horclr_m":27.81,"spans":1,"source":"VNF IENC (Licence Ouverte 2.0)"}},{"type":"Feature","geometry":{"type":"Point","coordinates":[3.760868,51.005216]},"properties":{"name":"Bergwijkbrug W13","waterway":"Belgium waterway","verclr_m":6.59,"horclr_m":27.59,"spans":1,"source":"VNF IENC (Licence Ouverte 2.0)"}},{"type":"Feature","geometry":{"type":"Point","coordinates":[3.778046,51.006773]},"properties":{"name":"Varensbrug W14","waterway":"Belgium waterway","verclr_m":10.62,"horclr_m":27.13,"spans":1,"source":"VNF IENC (Licence Ouverte 2.0)"}},{"type":"Feature","geometry":{"type":"Point","coordinates":[3.776546,51.006525]},"properties":{"name":"Spoorbrug S3","waterway":"Belgium waterway","verclr_m":15.0,"horclr_m":29.65,"spans":1,"source":"VNF IENC (Licence Ouverte 2.0)"}},{"type":"Feature","geometry":{"type":"Point","coordinates":[3.769128,51.005019]},"properties":{"name":"Ringvaartbrug - R4","waterway":"Belgium waterway","verclr_m":13.78,"horclr_m":27.76,"spans":1,"source":"VNF IENC (Licence Ouverte 2.0)"}},{"type":"Feature","geometry":{"type":"Point","coordinates":[4.42445,51.073539]},"properties":{"name":"Voetbrug Walem - Rumst","waterway":"Belgium waterway","verclr_m":8.06,"horclr_m":41.74,"spans":1,"source":"VNF IENC (Licence Ouverte 2.0)"}},{"type":"Feature","geometry":{"type":"Point","coordinates":[4.443967,51.074576]},"properties":{"name":"Brug 041","waterway":"Belgium waterway","verclr_m":6.43,"horclr_m":24.93,"spans":1,"source":"VNF IENC (Licence Ouverte 2.0)"}},{"type":"Feature","geometry":{"type":"Point","coordinates":[4.360596,51.0848]},"properties":{"name":"Baanbrug Boom","waterway":"Belgium waterway","verclr_m":10.17,"horclr_m":42.26,"spans":1,"source":"VNF IENC (Licence Ouverte 2.0)"}},{"type":"Feature","geometry":{"type":"Point","coordinates":[4.360176,51.084312]},"properties":{"name":"Baanbrug Boom","waterway":"Belgium waterway","verclr_m":10.17,"horclr_m":25.0,"spans":2,"source":"VNF IENC (Licence Ouverte 2.0)"}},{"type":"Feature","geometry":{"type":"Point","coordinates":[4.354866,51.087187]},"properties":{"name":"Spoorbrug Boom","waterway":"Belgium waterway","verclr_m":8.28,"horclr_m":21.91,"spans":3,"source":"VNF IENC (Licence Ouverte 2.0)"}},{"type":"Feature","geometry":{"type":"Point","coordinates":[3.38659,50.902716]},"properties":{"name":"Brug Wielsbeke -N382","waterway":"Leie","verclr_m":7.85,"horclr_m":null,"spans":1,"source":"VNF IENC (Licence Ouverte 2.0)"}},{"type":"Feature","geometry":{"type":"Point","coordinates":[3.403699,50.909008]},"properties":{"name":"Hogebrug Sint-Eloois-Vijve","waterway":"Leie","verclr_m":7.64,"horclr_m":23.5,"spans":1,"source":"VNF IENC (Licence Ouverte 2.0)"}},{"type":"Feature","geometry":{"type":"Point","coordinates":[3.28341,50.912857]},"properties":{"name":"Wantebrug","waterway":"Leie","verclr_m":6.45,"horclr_m":28.38,"spans":1,"source":"VNF IENC (Licence Ouverte 2.0)"}},{"type":"Feature","geometry":{"type":"Point","coordinates":[3.344489,50.896854]},"properties":{"name":"Brug over nieuwe sluis van Ooigem","waterway":"Leie","verclr_m":7.86,"horclr_m":null,"spans":1,"source":"VNF IENC (Licence Ouverte 2.0)"}},{"type":"Feature","geometry":{"type":"Point","coordinates":[5.713804,51.007107]},"properties":{"name":"Leidingbrug Lanklaar Corenox","waterway":"Belgium waterway","verclr_m":6.9,"horclr_m":3170.0,"spans":2,"source":"VNF IENC (Licence Ouverte 2.0)"}},{"type":"Feature","geometry":{"type":"Point","coordinates":[5.716157,51.012767]},"properties":{"name":"Voetgangersbrug Lanklaar","waterway":"Belgium waterway","verclr_m":7.0,"horclr_m":31.7,"spans":2,"source":"VNF IENC (Licence Ouverte 2.0)"}},{"type":"Feature","geometry":{"type":"Point","coordinates":[5.713361,51.021368]},"properties":{"name":"Brug Lanklaar","waterway":"Belgium waterway","verclr_m":6.7,"horclr_m":31.2,"spans":2,"source":"VNF IENC (Licence Ouverte 2.0)"}},{"type":"Feature","geometry":{"type":"Point","coordinates":[5.704541,51.038642]},"properties":{"name":"Brug Dilsen","waterway":"Belgium waterway","verclr_m":5.95,"horclr_m":31.7,"spans":2,"source":"VNF IENC (Licence Ouverte 2.0)"}},{"type":"Feature","geometry":{"type":"Point","coordinates":[5.706559,50.981753]},"properties":{"name":"Leidingbrug 2 Eisden VMW","waterway":"Belgium waterway","verclr_m":8.07,"horclr_m":34.6,"spans":2,"source":"VNF IENC (Licence Ouverte 2.0)"}},{"type":"Feature","geometry":{"type":"Point","coordinates":[5.706465,50.990159]},"properties":{"name":"Brug 2 Eisden","waterway":"Belgium waterway","verclr_m":7.2,"horclr_m":35.5,"spans":2,"source":"VNF IENC (Licence Ouverte 2.0)"}},{"type":"Feature","geometry":{"type":"Point","coordinates":[5.706409,50.990042]},"properties":{"name":"Leidingbrug 1 Eisden VMW","waterway":"Belgium waterway","verclr_m":6.22,"horclr_m":34.6,"spans":2,"source":"VNF IENC (Licence Ouverte 2.0)"}},{"type":"Feature","geometry":{"type":"Point","coordinates":[5.70658,50.981618]},"properties":{"name":"Brug 1 Eisden","waterway":"Belgium waterway","verclr_m":6.12,"horclr_m":38.2,"spans":2,"source":"VNF IENC (Licence Ouverte 2.0)"}},{"type":"Feature","geometry":{"type":"Point","coordinates":[5.707625,50.972498]},"properties":{"name":"Voetgangersbrug Maasmechelen","waterway":"Belgium waterway","verclr_m":7.05,"horclr_m":36.55,"spans":2,"source":"VNF IENC (Licence Ouverte 2.0)"}},{"type":"Feature","geometry":{"type":"Point","coordinates":[5.701447,51.053078]},"properties":{"name":"Spoorbrug Rotem","waterway":"Belgium waterway","verclr_m":6.65,"horclr_m":31.2,"spans":2,"source":"VNF IENC (Licence Ouverte 2.0)"}},{"type":"Feature","geometry":{"type":"Point","coordinates":[5.675747,50.881756]},"properties":{"name":"Brug Lanaken Smeermaas","waterway":"Belgium waterway","verclr_m":5.98,"horclr_m":23.5,"spans":6,"source":"VNF IENC (Licence Ouverte 2.0)"}},{"type":"Feature","geometry":{"type":"Point","coordinates":[5.693061,50.910097]},"properties":{"name":"Brug Neerharen","waterway":"Belgium waterway","verclr_m":5.9,"horclr_m":42.5,"spans":2,"source":"VNF IENC (Licence Ouverte 2.0)"}},{"type":"Feature","geometry":{"type":"Point","coordinates":[5.658325,50.887097]},"properties":{"name":"Voetgangersbrug Lanaken","waterway":"Belgium waterway","verclr_m":9.38,"horclr_m":31.8,"spans":2,"source":"VNF IENC (Licence Ouverte 2.0)"}},{"type":"Feature","geometry":{"type":"Point","coordinates":[5.683361,50.902011]},"properties":{"name":"Brug Neerharen Sluis","waterway":"Belgium waterway","verclr_m":8.0,"horclr_m":7.5,"spans":2,"source":"VNF IENC (Licence Ouverte 2.0)"}},{"type":"Feature","geometry":{"type":"Point","coordinates":[5.67473,50.896444]},"properties":{"name":"Brug Tournebride","waterway":"Belgium waterway","verclr_m":6.05,"horclr_m":14.0,"spans":2,"source":"VNF IENC (Licence Ouverte 2.0)"}},{"type":"Feature","geometry":{"type":"Point","coordinates":[5.662088,50.889249]},"properties":{"name":"Brug Lanaken","waterway":"Belgium waterway","verclr_m":6.85,"horclr_m":32.4,"spans":2,"source":"VNF IENC (Licence Ouverte 2.0)"}},{"type":"Feature","geometry":{"type":"Point","coordinates":[5.655279,50.885303]},"properties":{"name":"Spoorbrug Lanaken","waterway":"Belgium waterway","verclr_m":11.82,"horclr_m":9.96,"spans":2,"source":"VNF IENC (Licence Ouverte 2.0)"}},{"type":"Feature","geometry":{"type":"Point","coordinates":[5.705103,50.921308]},"properties":{"name":"Brug Rekem","waterway":"Belgium waterway","verclr_m":6.28,"horclr_m":48.0,"spans":2,"source":"VNF IENC (Licence Ouverte 2.0)"}},{"type":"Feature","geometry":{"type":"Point","coordinates":[5.711212,50.940773]},"properties":{"name":"Brug Boorsem","waterway":"Belgium waterway","verclr_m":5.85,"horclr_m":26.5,"spans":2,"source":"VNF IENC (Licence Ouverte 2.0)"}},{"type":"Feature","geometry":{"type":"Point","coordinates":[5.709909,50.952151]},"properties":{"name":"Brug  Boorsem E314","waterway":"Belgium waterway","verclr_m":7.05,"horclr_m":28.2,"spans":2,"source":"VNF IENC (Licence Ouverte 2.0)"}},{"type":"Feature","geometry":{"type":"Point","coordinates":[5.709113,50.959448]},"properties":{"name":"Leidingbrug Maasmechelen VMW","waterway":"Belgium waterway","verclr_m":6.0,"horclr_m":30.0,"spans":2,"source":"VNF IENC (Licence Ouverte 2.0)"}},{"type":"Feature","geometry":{"type":"Point","coordinates":[5.709109,50.959072]},"properties":{"name":"Brug Maasmechelen","waterway":"Belgium waterway","verclr_m":6.0,"horclr_m":30.0,"spans":2,"source":"VNF IENC (Licence Ouverte 2.0)"}},{"type":"Feature","geometry":{"type":"Point","coordinates":[5.621941,51.141382]},"properties":{"name":"Brug Bree","waterway":"Belgium waterway","verclr_m":7.35,"horclr_m":34.0,"spans":4,"source":"VNF IENC (Licence Ouverte 2.0)"}},{"type":"Feature","geometry":{"type":"Point","coordinates":[5.591691,51.176146]},"properties":{"name":"Brug Bocholt Dorp","waterway":"Belgium waterway","verclr_m":6.4,"horclr_m":44.6,"spans":4,"source":"VNF IENC (Licence Ouverte 2.0)"}},{"type":"Feature","geometry":{"type":"Point","coordinates":[5.583814,51.17815]},"properties":{"name":"Voet,- Fietsbrug Bocholt","waterway":"Belgium waterway","verclr_m":7.1,"horclr_m":43.5,"spans":2,"source":"VNF IENC (Licence Ouverte 2.0)"}},{"type":"Feature","geometry":{"type":"Point","coordinates":[5.609856,51.163115]},"properties":{"name":"Brug Bocholt Dorp","waterway":"Belgium waterway","verclr_m":7.0,"horclr_m":44.6,"spans":4,"source":"VNF IENC (Licence Ouverte 2.0)"}},{"type":"Feature","geometry":{"type":"Point","coordinates":[5.678148,51.110698]},"properties":{"name":"Brug Maaseiker Solt","waterway":"Belgium waterway","verclr_m":7.0,"horclr_m":30.3,"spans":2,"source":"VNF IENC (Licence Ouverte 2.0)"}},{"type":"Feature","geometry":{"type":"Point","coordinates":[5.693845,51.090086]},"properties":{"name":"Brug Neeroeteren","waterway":"Belgium waterway","verclr_m":6.05,"horclr_m":31.7,"spans":4,"source":"VNF IENC (Licence Ouverte 2.0)"}},{"type":"Feature","geometry":{"type":"Point","coordinates":[5.668004,51.116239]},"properties":{"name":"Voetgangersbrug Gruitrode Solt","waterway":"Belgium waterway","verclr_m":5.6,"horclr_m":34.85,"spans":2,"source":"VNF IENC (Licence Ouverte 2.0)"}},{"type":"Feature","geometry":{"type":"Point","coordinates":[5.651992,51.124963]},"properties":{"name":"Brug Tongerlo","waterway":"Belgium waterway","verclr_m":7.0,"horclr_m":14.45,"spans":2,"source":"VNF IENC (Licence Ouverte 2.0)"}},{"type":"Feature","geometry":{"type":"Point","coordinates":[5.687841,51.10185]},"properties":{"name":"Brug Neeroeteren Geisteren","waterway":"Belgium waterway","verclr_m":6.25,"horclr_m":36.0,"spans":2,"source":"VNF IENC (Licence Ouverte 2.0)"}},{"type":"Feature","geometry":{"type":"Point","coordinates":[5.700573,51.079396]},"properties":{"name":"Jaagbrug Neeroeteren (oude arm)","waterway":"Belgium waterway","verclr_m":4.41,"horclr_m":8.65,"spans":2,"source":"VNF IENC (Licence Ouverte 2.0)"}},{"type":"Feature","geometry":{"type":"Point","coordinates":[5.700297,51.057587]},"properties":{"name":"Brug Rotem","waterway":"Belgium waterway","verclr_m":5.95,"horclr_m":32.0,"spans":4,"source":"VNF IENC (Licence Ouverte 2.0)"}},{"type":"Feature","geometry":{"type":"Point","coordinates":[8.094,48.804714]},"properties":{"name":null,"waterway":"Rhine","verclr_m":1.0,"horclr_m":null,"spans":1,"source":"VNF IENC (Licence Ouverte 2.0)"}},{"type":"Feature","geometry":{"type":"Point","coordinates":[8.101141,48.806365]},"properties":{"name":null,"waterway":"Rhine","verclr_m":1.0,"horclr_m":null,"spans":1,"source":"VNF IENC (Licence Ouverte 2.0)"}},{"type":"Feature","geometry":{"type":"Point","coordinates":[8.100325,48.806893]},"properties":{"name":null,"waterway":"Rhine","verclr_m":1.0,"horclr_m":null,"spans":1,"source":"VNF IENC (Licence Ouverte 2.0)"}},{"type":"Feature","geometry":{"type":"Point","coordinates":[8.096438,48.806906]},"properties":{"name":null,"waterway":"Rhine","verclr_m":1.0,"horclr_m":null,"spans":1,"source":"VNF IENC (Licence Ouverte 2.0)"}},{"type":"Feature","geometry":{"type":"Point","coordinates":[8.110846,48.807244]},"properties":{"name":null,"waterway":"Rhine","verclr_m":1.0,"horclr_m":null,"spans":1,"source":"VNF IENC (Licence Ouverte 2.0)"}},{"type":"Feature","geometry":{"type":"Point","coordinates":[8.090225,48.807541]},"properties":{"name":null,"waterway":"Rhine","verclr_m":1.0,"horclr_m":null,"spans":1,"source":"VNF IENC (Licence Ouverte 2.0)"}},{"type":"Feature","geometry":{"type":"Point","coordinates":[8.096416,48.813818]},"properties":{"name":null,"waterway":"Rhine","verclr_m":1.0,"horclr_m":null,"spans":1,"source":"VNF IENC (Licence Ouverte 2.0)"}},{"type":"Feature","geometry":{"type":"Point","coordinates":[8.098287,48.816105]},"properties":{"name":null,"waterway":"Rhine","verclr_m":1.0,"horclr_m":null,"spans":1,"source":"VNF IENC (Licence Ouverte 2.0)"}},{"type":"Feature","geometry":{"type":"Point","coordinates":[8.119336,48.817403]},"properties":{"name":null,"waterway":"Rhine","verclr_m":1.0,"horclr_m":null,"spans":1,"source":"VNF IENC (Licence Ouverte 2.0)"}},{"type":"Feature","geometry":{"type":"Point","coordinates":[8.109245,48.818125]},"properties":{"name":null,"waterway":"Rhine","verclr_m":1.0,"horclr_m":null,"spans":1,"source":"VNF IENC (Licence Ouverte 2.0)"}},{"type":"Feature","geometry":{"type":"Point","coordinates":[8.125211,48.818292]},"properties":{"name":null,"waterway":"Rhine","verclr_m":1.0,"horclr_m":null,"spans":1,"source":"VNF IENC (Licence Ouverte 2.0)"}},{"type":"Feature","geometry":{"type":"Point","coordinates":[8.120497,48.82552]},"properties":{"name":null,"waterway":"Rhine","verclr_m":1.0,"horclr_m":null,"spans":1,"source":"VNF IENC (Licence Ouverte 2.0)"}},{"type":"Feature","geometry":{"type":"Point","coordinates":[8.121007,48.83088]},"properties":{"name":null,"waterway":"Rhine","verclr_m":1.0,"horclr_m":null,"spans":1,"source":"VNF IENC (Licence Ouverte 2.0)"}},{"type":"Feature","geometry":{"type":"Point","coordinates":[8.116392,48.832193]},"properties":{"name":null,"waterway":"Rhine","verclr_m":1.0,"horclr_m":null,"spans":1,"source":"VNF IENC (Licence Ouverte 2.0)"}},{"type":"Feature","geometry":{"type":"Point","coordinates":[8.110684,48.832908]},"properties":{"name":null,"waterway":"Rhine","verclr_m":1.0,"horclr_m":null,"spans":1,"source":"VNF IENC (Licence Ouverte 2.0)"}},{"type":"Feature","geometry":{"type":"Point","coordinates":[8.110281,48.833031]},"properties":{"name":null,"waterway":"Rhine","verclr_m":1.0,"horclr_m":null,"spans":1,"source":"VNF IENC (Licence Ouverte 2.0)"}},{"type":"Feature","geometry":{"type":"Point","coordinates":[8.1091,48.833255]},"properties":{"name":null,"waterway":"Rhine","verclr_m":1.0,"horclr_m":null,"spans":1,"source":"VNF IENC (Licence Ouverte 2.0)"}},{"type":"Feature","geometry":{"type":"Point","coordinates":[8.104115,48.833505]},"properties":{"name":null,"waterway":"Rhine","verclr_m":1.0,"horclr_m":null,"spans":1,"source":"VNF IENC (Licence Ouverte 2.0)"}},{"type":"Feature","geometry":{"type":"Point","coordinates":[8.101793,48.833974]},"properties":{"name":null,"waterway":"Rhine","verclr_m":1.0,"horclr_m":null,"spans":1,"source":"VNF IENC (Licence Ouverte 2.0)"}},{"type":"Feature","geometry":{"type":"Point","coordinates":[8.129402,48.861651]},"properties":{"name":null,"waterway":"Rhine","verclr_m":1.0,"horclr_m":null,"spans":1,"source":"VNF IENC (Licence Ouverte 2.0)"}},{"type":"Feature","geometry":{"type":"Point","coordinates":[8.132221,48.869978]},"properties":{"name":null,"waterway":"Rhine","verclr_m":1.0,"horclr_m":null,"spans":1,"source":"VNF IENC (Licence Ouverte 2.0)"}},{"type":"Feature","geometry":{"type":"Point","coordinates":[8.134504,48.87392]},"properties":{"name":null,"waterway":"Rhine","verclr_m":1.0,"horclr_m":null,"spans":1,"source":"VNF IENC (Licence Ouverte 2.0)"}},{"type":"Feature","geometry":{"type":"Point","coordinates":[8.135835,48.874149]},"properties":{"name":null,"waterway":"Rhine","verclr_m":1.0,"horclr_m":null,"spans":1,"source":"VNF IENC (Licence Ouverte 2.0)"}},{"type":"Feature","geometry":{"type":"Point","coordinates":[7.587258,47.582715]},"properties":{"name":null,"waterway":"Rhine","verclr_m":1.0,"horclr_m":null,"spans":1,"source":"VNF IENC (Licence Ouverte 2.0)"}},{"type":"Feature","geometry":{"type":"Point","coordinates":[7.58544,47.587974]},"properties":{"name":null,"waterway":"Rhine","verclr_m":1.0,"horclr_m":null,"spans":1,"source":"VNF IENC (Licence Ouverte 2.0)"}},{"type":"Feature","geometry":{"type":"Point","coordinates":[7.820482,48.633664]},"properties":{"name":null,"waterway":"Rhine","verclr_m":1.0,"horclr_m":null,"spans":1,"source":"VNF IENC (Licence Ouverte 2.0)"}},{"type":"Feature","geometry":{"type":"Point","coordinates":[7.824111,48.635087]},"properties":{"name":null,"waterway":"Rhine","verclr_m":1.0,"horclr_m":null,"spans":1,"source":"VNF IENC (Licence Ouverte 2.0)"}},{"type":"Feature","geometry":{"type":"Point","coordinates":[7.82118,48.635688]},"properties":{"name":null,"waterway":"Rhine","verclr_m":1.0,"horclr_m":null,"spans":1,"source":"VNF IENC (Licence Ouverte 2.0)"}},{"type":"Feature","geometry":{"type":"Point","coordinates":[7.872862,48.638028]},"properties":{"name":null,"waterway":"Rhine","verclr_m":1.0,"horclr_m":null,"spans":1,"source":"VNF IENC (Licence Ouverte 2.0)"}},{"type":"Feature","geometry":{"type":"Point","coordinates":[7.863192,48.638138]},"properties":{"name":null,"waterway":"Rhine","verclr_m":1.0,"horclr_m":null,"spans":1,"source":"VNF IENC (Licence Ouverte 2.0)"}},{"type":"Feature","geometry":{"type":"Point","coordinates":[7.846967,48.638175]},"properties":{"name":null,"waterway":"Rhine","verclr_m":1.0,"horclr_m":null,"spans":1,"source":"VNF IENC (Licence Ouverte 2.0)"}},{"type":"Feature","geometry":{"type":"Point","coordinates":[7.856549,48.638841]},"properties":{"name":null,"waterway":"Rhine","verclr_m":1.0,"horclr_m":null,"spans":1,"source":"VNF IENC (Licence Ouverte 2.0)"}},{"type":"Feature","geometry":{"type":"Point","coordinates":[7.864828,48.639162]},"properties":{"name":null,"waterway":"Rhine","verclr_m":1.0,"horclr_m":null,"spans":1,"source":"VNF IENC (Licence Ouverte 2.0)"}},{"type":"Feature","geometry":{"type":"Point","coordinates":[7.863094,48.639208]},"properties":{"name":null,"waterway":"Rhine","verclr_m":1.0,"horclr_m":null,"spans":1,"source":"VNF IENC (Licence Ouverte 2.0)"}},{"type":"Feature","geometry":{"type":"Point","coordinates":[7.878485,48.642182]},"properties":{"name":null,"waterway":"Rhine","verclr_m":1.0,"horclr_m":null,"spans":1,"source":"VNF IENC (Licence Ouverte 2.0)"}},{"type":"Feature","geometry":{"type":"Point","coordinates":[7.865209,48.643483]},"properties":{"name":null,"waterway":"Rhine","verclr_m":1.0,"horclr_m":null,"spans":1,"source":"VNF IENC (Licence Ouverte 2.0)"}},{"type":"Feature","geometry":{"type":"Point","coordinates":[7.859673,48.645104]},"properties":{"name":null,"waterway":"Rhine","verclr_m":1.0,"horclr_m":null,"spans":1,"source":"VNF IENC (Licence Ouverte 2.0)"}},{"type":"Feature","geometry":{"type":"Point","coordinates":[7.849462,48.645622]},"properties":{"name":null,"waterway":"Rhine","verclr_m":1.0,"horclr_m":null,"spans":1,"source":"VNF IENC (Licence Ouverte 2.0)"}},{"type":"Feature","geometry":{"type":"Point","coordinates":[7.842459,48.646391]},"properties":{"name":null,"waterway":"Rhine","verclr_m":1.0,"horclr_m":null,"spans":1,"source":"VNF IENC (Licence Ouverte 2.0)"}},{"type":"Feature","geometry":{"type":"Point","coordinates":[7.871904,48.647308]},"properties":{"name":null,"waterway":"Rhine","verclr_m":1.0,"horclr_m":null,"spans":1,"source":"VNF IENC (Licence Ouverte 2.0)"}},{"type":"Feature","geometry":{"type":"Point","coordinates":[7.881859,48.64946]},"properties":{"name":null,"waterway":"Rhine","verclr_m":1.0,"horclr_m":null,"spans":1,"source":"VNF IENC (Licence Ouverte 2.0)"}},{"type":"Feature","geometry":{"type":"Point","coordinates":[7.879157,48.651198]},"properties":{"name":null,"waterway":"Rhine","verclr_m":1.0,"horclr_m":null,"spans":1,"source":"VNF IENC (Licence Ouverte 2.0)"}},{"type":"Feature","geometry":{"type":"Point","coordinates":[7.853873,48.652276]},"properties":{"name":null,"waterway":"Rhine","verclr_m":1.0,"horclr_m":null,"spans":1,"source":"VNF IENC (Licence Ouverte 2.0)"}},{"type":"Feature","geometry":{"type":"Point","coordinates":[7.881998,48.654501]},"properties":{"name":null,"waterway":"Rhine","verclr_m":1.0,"horclr_m":null,"spans":1,"source":"VNF IENC (Licence Ouverte 2.0)"}},{"type":"Feature","geometry":{"type":"Point","coordinates":[7.890489,48.655714]},"properties":{"name":null,"waterway":"Rhine","verclr_m":1.0,"horclr_m":null,"spans":1,"source":"VNF IENC (Licence Ouverte 2.0)"}},{"type":"Feature","geometry":{"type":"Point","coordinates":[7.906289,48.662517]},"properties":{"name":null,"waterway":"Rhine","verclr_m":1.0,"horclr_m":null,"spans":1,"source":"VNF IENC (Licence Ouverte 2.0)"}},{"type":"Feature","geometry":{"type":"Point","coordinates":[7.897908,48.665959]},"properties":{"name":null,"waterway":"Rhine","verclr_m":1.0,"horclr_m":null,"spans":1,"source":"VNF IENC (Licence Ouverte 2.0)"}},{"type":"Feature","geometry":{"type":"Point","coordinates":[7.890295,48.673628]},"properties":{"name":null,"waterway":"Rhine","verclr_m":1.0,"horclr_m":null,"spans":1,"source":"VNF IENC (Licence Ouverte 2.0)"}},{"type":"Feature","geometry":{"type":"Point","coordinates":[7.913061,48.674871]},"properties":{"name":null,"waterway":"Rhine","verclr_m":1.0,"horclr_m":null,"spans":1,"source":"VNF IENC (Licence Ouverte 2.0)"}},{"type":"Feature","geometry":{"type":"Point","coordinates":[7.891499,48.674896]},"properties":{"name":null,"waterway":"Rhine","verclr_m":1.0,"horclr_m":null,"spans":1,"source":"VNF IENC (Licence Ouverte 2.0)"}},{"type":"Feature","geometry":{"type":"Point","coordinates":[7.89733,48.677558]},"properties":{"name":null,"waterway":"Rhine","verclr_m":1.0,"horclr_m":null,"spans":1,"source":"VNF IENC (Licence Ouverte 2.0)"}},{"type":"Feature","geometry":{"type":"Point","coordinates":[7.927266,48.681121]},"properties":{"name":null,"waterway":"Rhine","verclr_m":1.0,"horclr_m":null,"spans":1,"source":"VNF IENC (Licence Ouverte 2.0)"}},{"type":"Feature","geometry":{"type":"Point","coordinates":[7.927581,48.681252]},"properties":{"name":null,"waterway":"Rhine","verclr_m":1.0,"horclr_m":null,"spans":1,"source":"VNF IENC (Licence Ouverte 2.0)"}},{"type":"Feature","geometry":{"type":"Point","coordinates":[7.919279,48.682274]},"properties":{"name":null,"waterway":"Rhine","verclr_m":1.0,"horclr_m":null,"spans":1,"source":"VNF IENC (Licence Ouverte 2.0)"}},{"type":"Feature","geometry":{"type":"Point","coordinates":[7.934554,48.684064]},"properties":{"name":null,"waterway":"Rhine","verclr_m":1.0,"horclr_m":null,"spans":1,"source":"VNF IENC (Licence Ouverte 2.0)"}},{"type":"Feature","geometry":{"type":"Point","coordinates":[7.914715,48.684286]},"properties":{"name":null,"waterway":"Rhine","verclr_m":1.0,"horclr_m":null,"spans":1,"source":"VNF IENC (Licence Ouverte 2.0)"}},{"type":"Feature","geometry":{"type":"Point","coordinates":[7.915516,48.684538]},"properties":{"name":null,"waterway":"Rhine","verclr_m":1.0,"horclr_m":null,"spans":1,"source":"VNF IENC (Licence Ouverte 2.0)"}},{"type":"Feature","geometry":{"type":"Point","coordinates":[7.908883,48.687902]},"properties":{"name":null,"waterway":"Rhine","verclr_m":1.0,"horclr_m":null,"spans":1,"source":"VNF IENC (Licence Ouverte 2.0)"}},{"type":"Feature","geometry":{"type":"Point","coordinates":[7.582454,47.908137]},"properties":{"name":null,"waterway":"Rhine","verclr_m":1.0,"horclr_m":null,"spans":1,"source":"VNF IENC (Licence Ouverte 2.0)"}},{"type":"Feature","geometry":{"type":"Point","coordinates":[7.575837,47.914103]},"properties":{"name":null,"waterway":"Rhine","verclr_m":1.0,"horclr_m":null,"spans":1,"source":"VNF IENC (Licence Ouverte 2.0)"}},{"type":"Feature","geometry":{"type":"Point","coordinates":[7.600674,48.010216]},"properties":{"name":null,"waterway":"Rhine","verclr_m":1.0,"horclr_m":null,"spans":1,"source":"VNF IENC (Licence Ouverte 2.0)"}},{"type":"Feature","geometry":{"type":"Point","coordinates":[7.575573,48.018992]},"properties":{"name":null,"waterway":"Rhine","verclr_m":1.0,"horclr_m":null,"spans":1,"source":"VNF IENC (Licence Ouverte 2.0)"}},{"type":"Feature","geometry":{"type":"Point","coordinates":[7.59679,48.02038]},"properties":{"name":null,"waterway":"Rhine","verclr_m":1.0,"horclr_m":null,"spans":1,"source":"VNF IENC (Licence Ouverte 2.0)"}},{"type":"Feature","geometry":{"type":"Point","coordinates":[7.581987,48.022735]},"properties":{"name":null,"waterway":"Rhine","verclr_m":1.0,"horclr_m":null,"spans":1,"source":"VNF IENC (Licence Ouverte 2.0)"}},{"type":"Feature","geometry":{"type":"Point","coordinates":[7.588265,48.023591]},"properties":{"name":null,"waterway":"Rhine","verclr_m":1.0,"horclr_m":null,"spans":1,"source":"VNF IENC (Licence Ouverte 2.0)"}},{"type":"Feature","geometry":{"type":"Point","coordinates":[7.580108,48.025353]},"properties":{"name":null,"waterway":"Rhine","verclr_m":1.0,"horclr_m":null,"spans":1,"source":"VNF IENC (Licence Ouverte 2.0)"}},{"type":"Feature","geometry":{"type":"Point","coordinates":[7.564482,48.034022]},"properties":{"name":null,"waterway":"Rhine","verclr_m":1.0,"horclr_m":null,"spans":1,"source":"VNF IENC (Licence Ouverte 2.0)"}},{"type":"Feature","geometry":{"type":"Point","coordinates":[7.575578,48.051499]},"properties":{"name":null,"waterway":"Rhine","verclr_m":1.0,"horclr_m":null,"spans":1,"source":"VNF IENC (Licence Ouverte 2.0)"}},{"type":"Feature","geometry":{"type":"Point","coordinates":[7.574365,48.063862]},"properties":{"name":null,"waterway":"Rhine","verclr_m":1.0,"horclr_m":null,"spans":1,"source":"VNF IENC (Licence Ouverte 2.0)"}},{"type":"Feature","geometry":{"type":"Point","coordinates":[7.773222,48.466934]},"properties":{"name":null,"waterway":"Rhine","verclr_m":1.0,"horclr_m":null,"spans":1,"source":"VNF IENC (Licence Ouverte 2.0)"}},{"type":"Feature","geometry":{"type":"Point","coordinates":[7.773387,48.470372]},"properties":{"name":null,"waterway":"Rhine","verclr_m":1.0,"horclr_m":null,"spans":1,"source":"VNF IENC (Licence Ouverte 2.0)"}},{"type":"Feature","geometry":{"type":"Point","coordinates":[7.77394,48.472308]},"properties":{"name":null,"waterway":"Rhine","verclr_m":1.0,"horclr_m":null,"spans":1,"source":"VNF IENC (Licence Ouverte 2.0)"}},{"type":"Feature","geometry":{"type":"Point","coordinates":[7.769856,48.475421]},"properties":{"name":null,"waterway":"Rhine","verclr_m":1.0,"horclr_m":null,"spans":1,"source":"VNF IENC (Licence Ouverte 2.0)"}},{"type":"Feature","geometry":{"type":"Point","coordinates":[7.77383,48.475538]},"properties":{"name":null,"waterway":"Rhine","verclr_m":1.0,"horclr_m":null,"spans":1,"source":"VNF IENC (Licence Ouverte 2.0)"}},{"type":"Feature","geometry":{"type":"Point","coordinates":[7.750499,48.477575]},"properties":{"name":null,"waterway":"Rhine","verclr_m":1.0,"horclr_m":null,"spans":1,"source":"VNF IENC (Licence Ouverte 2.0)"}},{"type":"Feature","geometry":{"type":"Point","coordinates":[7.779131,48.481532]},"properties":{"name":null,"waterway":"Rhine","verclr_m":1.0,"horclr_m":null,"spans":1,"source":"VNF IENC (Licence Ouverte 2.0)"}},{"type":"Feature","geometry":{"type":"Point","coordinates":[7.785209,48.486902]},"properties":{"name":null,"waterway":"Rhine","verclr_m":1.0,"horclr_m":null,"spans":1,"source":"VNF IENC (Licence Ouverte 2.0)"}},{"type":"Feature","geometry":{"type":"Point","coordinates":[7.781055,48.488289]},"properties":{"name":null,"waterway":"Rhine","verclr_m":1.0,"horclr_m":null,"spans":1,"source":"VNF IENC (Licence Ouverte 2.0)"}},{"type":"Feature","geometry":{"type":"Point","coordinates":[7.779822,48.488699]},"properties":{"name":null,"waterway":"Rhine","verclr_m":1.0,"horclr_m":null,"spans":1,"source":"VNF IENC (Licence Ouverte 2.0)"}},{"type":"Feature","geometry":{"type":"Point","coordinates":[7.763711,48.488925]},"properties":{"name":null,"waterway":"Rhine","verclr_m":1.0,"horclr_m":null,"spans":1,"source":"VNF IENC (Licence Ouverte 2.0)"}},{"type":"Feature","geometry":{"type":"Point","coordinates":[7.772305,48.490491]},"properties":{"name":null,"waterway":"Rhine","verclr_m":1.0,"horclr_m":null,"spans":1,"source":"VNF IENC (Licence Ouverte 2.0)"}},{"type":"Feature","geometry":{"type":"Point","coordinates":[7.776849,48.492663]},"properties":{"name":null,"waterway":"Rhine","verclr_m":1.0,"horclr_m":null,"spans":1,"source":"VNF IENC (Licence Ouverte 2.0)"}},{"type":"Feature","geometry":{"type":"Point","coordinates":[7.783067,48.494968]},"properties":{"name":null,"waterway":"Rhine","verclr_m":1.0,"horclr_m":null,"spans":1,"source":"VNF IENC (Licence Ouverte 2.0)"}},{"type":"Feature","geometry":{"type":"Point","coordinates":[7.773621,48.497074]},"properties":{"name":null,"waterway":"Rhine","verclr_m":2.0,"horclr_m":null,"spans":1,"source":"VNF IENC (Licence Ouverte 2.0)"}},{"type":"Feature","geometry":{"type":"Point","coordinates":[7.794758,48.499554]},"properties":{"name":null,"waterway":"Rhine","verclr_m":1.0,"horclr_m":null,"spans":1,"source":"VNF IENC (Licence Ouverte 2.0)"}},{"type":"Feature","geometry":{"type":"Point","coordinates":[7.781787,48.499172]},"properties":{"name":null,"waterway":"Rhine","verclr_m":1.0,"horclr_m":null,"spans":1,"source":"VNF IENC (Licence Ouverte 2.0)"}},{"type":"Feature","geometry":{"type":"Point","coordinates":[7.808275,48.501861]},"properties":{"name":null,"waterway":"Rhine","verclr_m":1.0,"horclr_m":null,"spans":1,"source":"VNF IENC (Licence Ouverte 2.0)"}},{"type":"Feature","geometry":{"type":"Point","coordinates":[7.804794,48.504716]},"properties":{"name":null,"waterway":"Rhine","verclr_m":1.0,"horclr_m":null,"spans":1,"source":"VNF IENC (Licence Ouverte 2.0)"}},{"type":"Feature","geometry":{"type":"Point","coordinates":[7.803933,48.50519]},"properties":{"name":null,"waterway":"Rhine","verclr_m":1.0,"horclr_m":null,"spans":1,"source":"VNF IENC (Licence Ouverte 2.0)"}},{"type":"Feature","geometry":{"type":"Point","coordinates":[7.808006,48.508263]},"properties":{"name":null,"waterway":"Rhine","verclr_m":1.0,"horclr_m":null,"spans":1,"source":"VNF IENC (Licence Ouverte 2.0)"}},{"type":"Feature","geometry":{"type":"Point","coordinates":[7.808714,48.510506]},"properties":{"name":null,"waterway":"Rhine","verclr_m":1.0,"horclr_m":null,"spans":1,"source":"VNF IENC (Licence Ouverte 2.0)"}},{"type":"Feature","geometry":{"type":"Point","coordinates":[7.80107,48.515978]},"properties":{"name":null,"waterway":"Rhine","verclr_m":1.0,"horclr_m":null,"spans":1,"source":"VNF IENC (Licence Ouverte 2.0)"}},{"type":"Feature","geometry":{"type":"Point","coordinates":[7.804269,48.517289]},"properties":{"name":null,"waterway":"Rhine","verclr_m":1.0,"horclr_m":null,"spans":1,"source":"VNF IENC (Licence Ouverte 2.0)"}},{"type":"Feature","geometry":{"type":"Point","coordinates":[7.788689,48.523316]},"properties":{"name":null,"waterway":"Rhine","verclr_m":1.0,"horclr_m":null,"spans":1,"source":"VNF IENC (Licence Ouverte 2.0)"}},{"type":"Feature","geometry":{"type":"Point","coordinates":[7.804126,48.523815]},"properties":{"name":null,"waterway":"Rhine","verclr_m":1.0,"horclr_m":null,"spans":1,"source":"VNF IENC (Licence Ouverte 2.0)"}},{"type":"Feature","geometry":{"type":"Point","coordinates":[7.716228,48.309053]},"properties":{"name":null,"waterway":"Rhine","verclr_m":1.0,"horclr_m":null,"spans":1,"source":"VNF IENC (Licence Ouverte 2.0)"}},{"type":"Feature","geometry":{"type":"Point","coordinates":[7.712079,48.313589]},"properties":{"name":null,"waterway":"Rhine","verclr_m":1.0,"horclr_m":null,"spans":1,"source":"VNF IENC (Licence Ouverte 2.0)"}},{"type":"Feature","geometry":{"type":"Point","coordinates":[7.745699,48.348997]},"properties":{"name":null,"waterway":"Rhine","verclr_m":1.0,"horclr_m":null,"spans":1,"source":"VNF IENC (Licence Ouverte 2.0)"}},{"type":"Feature","geometry":{"type":"Point","coordinates":[7.745665,48.350608]},"properties":{"name":null,"waterway":"Rhine","verclr_m":1.0,"horclr_m":null,"spans":1,"source":"VNF IENC (Licence Ouverte 2.0)"}},{"type":"Feature","geometry":{"type":"Point","coordinates":[7.742487,48.351828]},"properties":{"name":null,"waterway":"Rhine","verclr_m":1.0,"horclr_m":null,"spans":1,"source":"VNF IENC (Licence Ouverte 2.0)"}},{"type":"Feature","geometry":{"type":"Point","coordinates":[7.742794,48.355105]},"properties":{"name":null,"waterway":"Rhine","verclr_m":1.0,"horclr_m":null,"spans":1,"source":"VNF IENC (Licence Ouverte 2.0)"}},{"type":"Feature","geometry":{"type":"Point","coordinates":[7.733999,48.356874]},"properties":{"name":null,"waterway":"Rhine","verclr_m":1.0,"horclr_m":null,"spans":1,"source":"VNF IENC (Licence Ouverte 2.0)"}},{"type":"Feature","geometry":{"type":"Point","coordinates":[7.731291,48.366425]},"properties":{"name":null,"waterway":"Rhine","verclr_m":1.0,"horclr_m":null,"spans":1,"source":"VNF IENC (Licence Ouverte 2.0)"}},{"type":"Feature","geometry":{"type":"Point","coordinates":[7.73902,48.366829]},"properties":{"name":null,"waterway":"Rhine","verclr_m":1.0,"horclr_m":null,"spans":1,"source":"VNF IENC (Licence Ouverte 2.0)"}},{"type":"Feature","geometry":{"type":"Point","coordinates":[7.733075,48.379099]},"properties":{"name":null,"waterway":"Rhine","verclr_m":1.0,"horclr_m":null,"spans":1,"source":"VNF IENC (Licence Ouverte 2.0)"}},{"type":"Feature","geometry":{"type":"Point","coordinates":[7.74877,48.332061]},"properties":{"name":null,"waterway":"Rhine","verclr_m":1.0,"horclr_m":null,"spans":1,"source":"VNF IENC (Licence Ouverte 2.0)"}},{"type":"Feature","geometry":{"type":"Point","coordinates":[7.730273,48.366419]},"properties":{"name":null,"waterway":"Rhine","verclr_m":1.0,"horclr_m":null,"spans":1,"source":"VNF IENC (Licence Ouverte 2.0)"}},{"type":"Feature","geometry":{"type":"Point","coordinates":[7.676337,48.249341]},"properties":{"name":null,"waterway":"Rhine","verclr_m":1.0,"horclr_m":null,"spans":1,"source":"VNF IENC (Licence Ouverte 2.0)"}},{"type":"Feature","geometry":{"type":"Point","coordinates":[7.683359,48.275037]},"properties":{"name":null,"waterway":"Rhine","verclr_m":1.0,"horclr_m":null,"spans":1,"source":"VNF IENC (Licence Ouverte 2.0)"}},{"type":"Feature","geometry":{"type":"Point","coordinates":[7.682813,48.281484]},"properties":{"name":null,"waterway":"Rhine","verclr_m":1.0,"horclr_m":null,"spans":1,"source":"VNF IENC (Licence Ouverte 2.0)"}},{"type":"Feature","geometry":{"type":"Point","coordinates":[7.695661,48.305613]},"properties":{"name":null,"waterway":"Rhine","verclr_m":1.0,"horclr_m":null,"spans":1,"source":"VNF IENC (Licence Ouverte 2.0)"}},{"type":"Feature","geometry":{"type":"Point","coordinates":[7.678039,48.29819]},"properties":{"name":null,"waterway":"Rhine","verclr_m":1.0,"horclr_m":null,"spans":1,"source":"VNF IENC (Licence Ouverte 2.0)"}},{"type":"Feature","geometry":{"type":"Point","coordinates":[7.505175,47.703974]},"properties":{"name":null,"waterway":"Canal du Rh\u00f4ne au Rhin","verclr_m":1.0,"horclr_m":null,"spans":1,"source":"VNF IENC (Licence Ouverte 2.0)"}},{"type":"Feature","geometry":{"type":"Point","coordinates":[7.50552,47.703841]},"properties":{"name":null,"waterway":"Canal du Rh\u00f4ne au Rhin","verclr_m":1.0,"horclr_m":null,"spans":1,"source":"VNF IENC (Licence Ouverte 2.0)"}},{"type":"Feature","geometry":{"type":"Point","coordinates":[7.502969,47.70973]},"properties":{"name":null,"waterway":"Canal du Rh\u00f4ne au Rhin","verclr_m":1.0,"horclr_m":null,"spans":1,"source":"VNF IENC (Licence Ouverte 2.0)"}},{"type":"Feature","geometry":{"type":"Point","coordinates":[6.983344,49.23752]},"properties":{"name":null,"waterway":"Saar","verclr_m":1.0,"horclr_m":null,"spans":1,"source":"VNF IENC (Licence Ouverte 2.0)"}},{"type":"Feature","geometry":{"type":"Point","coordinates":[6.944198,49.238028]},"properties":{"name":null,"waterway":"Saar","verclr_m":1.0,"horclr_m":null,"spans":1,"source":"VNF IENC (Licence Ouverte 2.0)"}},{"type":"Feature","geometry":{"type":"Point","coordinates":[6.900499,49.246788]},"properties":{"name":null,"waterway":"Saar","verclr_m":1.0,"horclr_m":null,"spans":1,"source":"VNF IENC (Licence Ouverte 2.0)"}},{"type":"Feature","geometry":{"type":"Point","coordinates":[8.149966,48.884171]},"properties":{"name":null,"waterway":"Rhine","verclr_m":1.0,"horclr_m":null,"spans":1,"source":"VNF IENC (Licence Ouverte 2.0)"}},{"type":"Feature","geometry":{"type":"Point","coordinates":[8.170183,48.914766]},"properties":{"name":null,"waterway":"Rhine","verclr_m":1.0,"horclr_m":null,"spans":1,"source":"VNF IENC (Licence Ouverte 2.0)"}},{"type":"Feature","geometry":{"type":"Point","coordinates":[8.155581,48.91696]},"properties":{"name":null,"waterway":"Rhine","verclr_m":1.0,"horclr_m":null,"spans":1,"source":"VNF IENC (Licence Ouverte 2.0)"}},{"type":"Feature","geometry":{"type":"Point","coordinates":[8.159032,48.918951]},"properties":{"name":null,"waterway":"Rhine","verclr_m":1.0,"horclr_m":null,"spans":1,"source":"VNF IENC (Licence Ouverte 2.0)"}},{"type":"Feature","geometry":{"type":"Point","coordinates":[8.201657,48.932368]},"properties":{"name":null,"waterway":"Rhine","verclr_m":1.0,"horclr_m":null,"spans":1,"source":"VNF IENC (Licence Ouverte 2.0)"}},{"type":"Feature","geometry":{"type":"Point","coordinates":[8.195555,48.935424]},"properties":{"name":null,"waterway":"Rhine","verclr_m":1.0,"horclr_m":null,"spans":1,"source":"VNF IENC (Licence Ouverte 2.0)"}},{"type":"Feature","geometry":{"type":"Point","coordinates":[8.208099,48.953837]},"properties":{"name":null,"waterway":"Rhine","verclr_m":1.0,"horclr_m":null,"spans":1,"source":"VNF IENC (Licence Ouverte 2.0)"}},{"type":"Feature","geometry":{"type":"Point","coordinates":[8.20087,48.955086]},"properties":{"name":null,"waterway":"Rhine","verclr_m":1.0,"horclr_m":null,"spans":1,"source":"VNF IENC (Licence Ouverte 2.0)"}},{"type":"Feature","geometry":{"type":"Point","coordinates":[8.184158,48.947469]},"properties":{"name":null,"waterway":"Rhine","verclr_m":1.0,"horclr_m":null,"spans":1,"source":"VNF IENC (Licence Ouverte 2.0)"}},{"type":"Feature","geometry":{"type":"Point","coordinates":[2.658163,51.068953]},"properties":{"name":null,"waterway":"Canal Nieuwpoort\u2013Dunkerque","verclr_m":6.52,"horclr_m":8.14,"spans":1,"source":"VNF IENC (Licence Ouverte 2.0)"}},{"type":"Feature","geometry":{"type":"Point","coordinates":[2.559886,51.070101]},"properties":{"name":null,"waterway":"Canal Nieuwpoort\u2013Dunkerque","verclr_m":6.91,"horclr_m":21.46,"spans":1,"source":"VNF IENC (Licence Ouverte 2.0)"}},{"type":"Feature","geometry":{"type":"Point","coordinates":[7.51258,47.678471]},"properties":{"name":null,"waterway":"Rhine","verclr_m":1.0,"horclr_m":null,"spans":1,"source":"VNF IENC (Licence Ouverte 2.0)"}},{"type":"Feature","geometry":{"type":"Point","coordinates":[7.529927,47.775607]},"properties":{"name":null,"waterway":"Rhine","verclr_m":1.0,"horclr_m":null,"spans":1,"source":"VNF IENC (Licence Ouverte 2.0)"}},{"type":"Feature","geometry":{"type":"Point","coordinates":[7.546435,47.814372]},"properties":{"name":null,"waterway":"Rhine","verclr_m":1.0,"horclr_m":null,"spans":1,"source":"VNF IENC (Licence Ouverte 2.0)"}},{"type":"Feature","geometry":{"type":"Point","coordinates":[8.220247,48.957989]},"properties":{"name":null,"waterway":"Rhine","verclr_m":1.0,"horclr_m":null,"spans":1,"source":"VNF IENC (Licence Ouverte 2.0)"}},{"type":"Feature","geometry":{"type":"Point","coordinates":[8.219267,48.958942]},"properties":{"name":null,"waterway":"Rhine","verclr_m":1.0,"horclr_m":null,"spans":1,"source":"VNF IENC (Licence Ouverte 2.0)"}},{"type":"Feature","geometry":{"type":"Point","coordinates":[8.231274,48.961499]},"properties":{"name":null,"waterway":"Rhine","verclr_m":1.0,"horclr_m":null,"spans":1,"source":"VNF IENC (Licence Ouverte 2.0)"}},{"type":"Feature","geometry":{"type":"Point","coordinates":[8.227022,48.96366]},"properties":{"name":null,"waterway":"Rhine","verclr_m":1.0,"horclr_m":null,"spans":1,"source":"VNF IENC (Licence Ouverte 2.0)"}},{"type":"Feature","geometry":{"type":"Point","coordinates":[8.249394,48.966233]},"properties":{"name":null,"waterway":"Rhine","verclr_m":1.0,"horclr_m":null,"spans":1,"source":"VNF IENC (Licence Ouverte 2.0)"}},{"type":"Feature","geometry":{"type":"Point","coordinates":[8.248497,48.966541]},"properties":{"name":null,"waterway":"Rhine","verclr_m":1.0,"horclr_m":null,"spans":1,"source":"VNF IENC (Licence Ouverte 2.0)"}},{"type":"Feature","geometry":{"type":"Point","coordinates":[8.254504,48.97424]},"properties":{"name":null,"waterway":"Rhine","verclr_m":1.0,"horclr_m":null,"spans":1,"source":"VNF IENC (Licence Ouverte 2.0)"}},{"type":"Feature","geometry":{"type":"Point","coordinates":[8.249067,48.98086]},"properties":{"name":null,"waterway":"Rhine","verclr_m":1.0,"horclr_m":null,"spans":1,"source":"VNF IENC (Licence Ouverte 2.0)"}},{"type":"Feature","geometry":{"type":"Point","coordinates":[8.274418,48.986605]},"properties":{"name":null,"waterway":"Rhine","verclr_m":1.0,"horclr_m":null,"spans":1,"source":"VNF IENC (Licence Ouverte 2.0)"}},{"type":"Feature","geometry":{"type":"Point","coordinates":[8.292526,49.001623]},"properties":{"name":null,"waterway":"Rhine","verclr_m":1.0,"horclr_m":null,"spans":1,"source":"VNF IENC (Licence Ouverte 2.0)"}},{"type":"Feature","geometry":{"type":"Point","coordinates":[8.292439,49.001727]},"properties":{"name":null,"waterway":"Rhine","verclr_m":1.0,"horclr_m":null,"spans":1,"source":"VNF IENC (Licence Ouverte 2.0)"}},{"type":"Feature","geometry":{"type":"Point","coordinates":[8.308312,49.016101]},"properties":{"name":null,"waterway":"Rhine","verclr_m":1.0,"horclr_m":null,"spans":1,"source":"VNF IENC (Licence Ouverte 2.0)"}},{"type":"Feature","geometry":{"type":"Point","coordinates":[7.072605,49.110212]},"properties":{"name":null,"waterway":"Saar","verclr_m":1.0,"horclr_m":null,"spans":1,"source":"VNF IENC (Licence Ouverte 2.0)"}},{"type":"Feature","geometry":{"type":"Point","coordinates":[7.070874,49.111942]},"properties":{"name":null,"waterway":"Saar","verclr_m":1.0,"horclr_m":null,"spans":1,"source":"VNF IENC (Licence Ouverte 2.0)"}},{"type":"Feature","geometry":{"type":"Point","coordinates":[7.068673,49.112863]},"properties":{"name":null,"waterway":"Saar","verclr_m":1.0,"horclr_m":null,"spans":1,"source":"VNF IENC (Licence Ouverte 2.0)"}},{"type":"Feature","geometry":{"type":"Point","coordinates":[7.043729,49.114352]},"properties":{"name":null,"waterway":"Saar","verclr_m":1.0,"horclr_m":null,"spans":1,"source":"VNF IENC (Licence Ouverte 2.0)"}},{"type":"Feature","geometry":{"type":"Point","coordinates":[7.045405,49.115123]},"properties":{"name":null,"waterway":"Saar","verclr_m":1.0,"horclr_m":null,"spans":1,"source":"VNF IENC (Licence Ouverte 2.0)"}},{"type":"Feature","geometry":{"type":"Point","coordinates":[7.068495,49.116567]},"properties":{"name":null,"waterway":"Saar","verclr_m":1.0,"horclr_m":null,"spans":1,"source":"VNF IENC (Licence Ouverte 2.0)"}},{"type":"Feature","geometry":{"type":"Point","coordinates":[7.045102,49.117326]},"properties":{"name":null,"waterway":"Saar","verclr_m":1.0,"horclr_m":null,"spans":1,"source":"VNF IENC (Licence Ouverte 2.0)"}},{"type":"Feature","geometry":{"type":"Point","coordinates":[7.044553,49.118607]},"properties":{"name":null,"waterway":"Saar","verclr_m":1.0,"horclr_m":null,"spans":1,"source":"VNF IENC (Licence Ouverte 2.0)"}},{"type":"Feature","geometry":{"type":"Point","coordinates":[7.034765,49.152818]},"properties":{"name":null,"waterway":"Saar","verclr_m":1.0,"horclr_m":null,"spans":1,"source":"VNF IENC (Licence Ouverte 2.0)"}},{"type":"Feature","geometry":{"type":"Point","coordinates":[7.031563,49.15561]},"properties":{"name":null,"waterway":"Saar","verclr_m":1.0,"horclr_m":null,"spans":1,"source":"VNF IENC (Licence Ouverte 2.0)"}},{"type":"Feature","geometry":{"type":"Point","coordinates":[7.032943,49.156085]},"properties":{"name":null,"waterway":"Saar","verclr_m":1.0,"horclr_m":null,"spans":1,"source":"VNF IENC (Licence Ouverte 2.0)"}},{"type":"Feature","geometry":{"type":"Point","coordinates":[7.033198,49.181933]},"properties":{"name":null,"waterway":"Saar","verclr_m":1.0,"horclr_m":null,"spans":1,"source":"VNF IENC (Licence Ouverte 2.0)"}},{"type":"Feature","geometry":{"type":"Point","coordinates":[7.033162,49.188726]},"properties":{"name":null,"waterway":"Saar","verclr_m":1.0,"horclr_m":null,"spans":1,"source":"VNF IENC (Licence Ouverte 2.0)"}},{"type":"Feature","geometry":{"type":"Point","coordinates":[7.026542,49.198515]},"properties":{"name":null,"waterway":"Saar","verclr_m":1.0,"horclr_m":null,"spans":1,"source":"VNF IENC (Licence Ouverte 2.0)"}},{"type":"Feature","geometry":{"type":"Point","coordinates":[7.024817,49.210991]},"properties":{"name":null,"waterway":"Saar","verclr_m":1.0,"horclr_m":null,"spans":1,"source":"VNF IENC (Licence Ouverte 2.0)"}},{"type":"Feature","geometry":{"type":"Point","coordinates":[7.026575,49.21341]},"properties":{"name":null,"waterway":"Saar","verclr_m":1.0,"horclr_m":null,"spans":1,"source":"VNF IENC (Licence Ouverte 2.0)"}},{"type":"Feature","geometry":{"type":"Point","coordinates":[7.599113,48.153913]},"properties":{"name":null,"waterway":"Rhine","verclr_m":1.0,"horclr_m":null,"spans":1,"source":"VNF IENC (Licence Ouverte 2.0)"}},{"type":"Feature","geometry":{"type":"Point","coordinates":[7.58991,48.156246]},"properties":{"name":null,"waterway":"Rhine","verclr_m":1.0,"horclr_m":null,"spans":1,"source":"VNF IENC (Licence Ouverte 2.0)"}},{"type":"Feature","geometry":{"type":"Point","coordinates":[7.614766,48.167707]},"properties":{"name":null,"waterway":"Rhine","verclr_m":1.0,"horclr_m":null,"spans":1,"source":"VNF IENC (Licence Ouverte 2.0)"}},{"type":"Feature","geometry":{"type":"Point","coordinates":[7.620662,48.173443]},"properties":{"name":null,"waterway":"Rhine","verclr_m":1.0,"horclr_m":null,"spans":1,"source":"VNF IENC (Licence Ouverte 2.0)"}},{"type":"Feature","geometry":{"type":"Point","coordinates":[7.660304,48.204239]},"properties":{"name":null,"waterway":"Rhine","verclr_m":1.0,"horclr_m":null,"spans":1,"source":"VNF IENC (Licence Ouverte 2.0)"}},{"type":"Feature","geometry":{"type":"Point","coordinates":[7.663162,48.215718]},"properties":{"name":null,"waterway":"Rhine","verclr_m":1.0,"horclr_m":null,"spans":1,"source":"VNF IENC (Licence Ouverte 2.0)"}},{"type":"Feature","geometry":{"type":"Point","coordinates":[7.658639,48.218111]},"properties":{"name":null,"waterway":"Rhine","verclr_m":1.0,"horclr_m":null,"spans":1,"source":"VNF IENC (Licence Ouverte 2.0)"}},{"type":"Feature","geometry":{"type":"Point","coordinates":[7.72024,48.389465]},"properties":{"name":null,"waterway":"Rhine","verclr_m":1.0,"horclr_m":null,"spans":1,"source":"VNF IENC (Licence Ouverte 2.0)"}},{"type":"Feature","geometry":{"type":"Point","coordinates":[7.729958,48.390828]},"properties":{"name":null,"waterway":"Rhine","verclr_m":1.0,"horclr_m":null,"spans":1,"source":"VNF IENC (Licence Ouverte 2.0)"}},{"type":"Feature","geometry":{"type":"Point","coordinates":[7.730278,48.392705]},"properties":{"name":null,"waterway":"Rhine","verclr_m":1.0,"horclr_m":null,"spans":1,"source":"VNF IENC (Licence Ouverte 2.0)"}},{"type":"Feature","geometry":{"type":"Point","coordinates":[7.737031,48.399811]},"properties":{"name":null,"waterway":"Rhine","verclr_m":1.0,"horclr_m":null,"spans":1,"source":"VNF IENC (Licence Ouverte 2.0)"}},{"type":"Feature","geometry":{"type":"Point","coordinates":[7.729667,48.401495]},"properties":{"name":null,"waterway":"Rhine","verclr_m":7.0,"horclr_m":null,"spans":1,"source":"VNF IENC (Licence Ouverte 2.0)"}},{"type":"Feature","geometry":{"type":"Point","coordinates":[7.72924,48.401583]},"properties":{"name":null,"waterway":"Rhine","verclr_m":7.0,"horclr_m":null,"spans":1,"source":"VNF IENC (Licence Ouverte 2.0)"}},{"type":"Feature","geometry":{"type":"Point","coordinates":[7.72721,48.402098]},"properties":{"name":null,"waterway":"Rhine","verclr_m":7.0,"horclr_m":null,"spans":1,"source":"VNF IENC (Licence Ouverte 2.0)"}},{"type":"Feature","geometry":{"type":"Point","coordinates":[7.73765,48.402973]},"properties":{"name":null,"waterway":"Rhine","verclr_m":1.0,"horclr_m":null,"spans":1,"source":"VNF IENC (Licence Ouverte 2.0)"}},{"type":"Feature","geometry":{"type":"Point","coordinates":[7.741372,48.409955]},"properties":{"name":null,"waterway":"Rhine","verclr_m":1.0,"horclr_m":null,"spans":1,"source":"VNF IENC (Licence Ouverte 2.0)"}},{"type":"Feature","geometry":{"type":"Point","coordinates":[7.749106,48.422922]},"properties":{"name":null,"waterway":"Rhine","verclr_m":1.0,"horclr_m":null,"spans":1,"source":"VNF IENC (Licence Ouverte 2.0)"}},{"type":"Feature","geometry":{"type":"Point","coordinates":[7.741396,48.42738]},"properties":{"name":null,"waterway":"Rhine","verclr_m":1.0,"horclr_m":null,"spans":1,"source":"VNF IENC (Licence Ouverte 2.0)"}},{"type":"Feature","geometry":{"type":"Point","coordinates":[7.7346,48.427975]},"properties":{"name":null,"waterway":"Rhine","verclr_m":1.0,"horclr_m":null,"spans":1,"source":"VNF IENC (Licence Ouverte 2.0)"}},{"type":"Feature","geometry":{"type":"Point","coordinates":[7.731409,48.439049]},"properties":{"name":null,"waterway":"Rhine","verclr_m":1.0,"horclr_m":null,"spans":1,"source":"VNF IENC (Licence Ouverte 2.0)"}},{"type":"Feature","geometry":{"type":"Point","coordinates":[7.766429,48.452869]},"properties":{"name":null,"waterway":"Rhine","verclr_m":1.0,"horclr_m":null,"spans":1,"source":"VNF IENC (Licence Ouverte 2.0)"}},{"type":"Feature","geometry":{"type":"Point","coordinates":[7.727539,48.387998]},"properties":{"name":null,"waterway":"Rhine","verclr_m":1.0,"horclr_m":null,"spans":1,"source":"VNF IENC (Licence Ouverte 2.0)"}},{"type":"Feature","geometry":{"type":"Point","coordinates":[7.728098,48.404019]},"properties":{"name":null,"waterway":"Rhine","verclr_m":1.0,"horclr_m":null,"spans":1,"source":"VNF IENC (Licence Ouverte 2.0)"}},{"type":"Feature","geometry":{"type":"Point","coordinates":[7.737544,48.415305]},"properties":{"name":null,"waterway":"Rhine","verclr_m":1.0,"horclr_m":null,"spans":1,"source":"VNF IENC (Licence Ouverte 2.0)"}},{"type":"Feature","geometry":{"type":"Point","coordinates":[7.571813,48.084208]},"properties":{"name":null,"waterway":"Rhine","verclr_m":1.0,"horclr_m":null,"spans":1,"source":"VNF IENC (Licence Ouverte 2.0)"}},{"type":"Feature","geometry":{"type":"Point","coordinates":[7.573775,48.105727]},"properties":{"name":null,"waterway":"Rhine","verclr_m":1.0,"horclr_m":null,"spans":1,"source":"VNF IENC (Licence Ouverte 2.0)"}},{"type":"Feature","geometry":{"type":"Point","coordinates":[7.592685,48.128155]},"properties":{"name":null,"waterway":"Rhine","verclr_m":1.0,"horclr_m":null,"spans":1,"source":"VNF IENC (Licence Ouverte 2.0)"}},{"type":"Feature","geometry":{"type":"Point","coordinates":[7.604733,48.144067]},"properties":{"name":null,"waterway":"Rhine","verclr_m":1.0,"horclr_m":null,"spans":1,"source":"VNF IENC (Licence Ouverte 2.0)"}},{"type":"Feature","geometry":{"type":"Point","coordinates":[7.81098,48.543842]},"properties":{"name":null,"waterway":"Rhine","verclr_m":1.0,"horclr_m":null,"spans":1,"source":"VNF IENC (Licence Ouverte 2.0)"}},{"type":"Feature","geometry":{"type":"Point","coordinates":[7.811625,48.545733]},"properties":{"name":null,"waterway":"Rhine","verclr_m":1.0,"horclr_m":null,"spans":1,"source":"VNF IENC (Licence Ouverte 2.0)"}},{"type":"Feature","geometry":{"type":"Point","coordinates":[7.806153,48.545894]},"properties":{"name":null,"waterway":"Rhine","verclr_m":1.0,"horclr_m":null,"spans":1,"source":"VNF IENC (Licence Ouverte 2.0)"}},{"type":"Feature","geometry":{"type":"Point","coordinates":[7.803994,48.546121]},"properties":{"name":null,"waterway":"Rhine","verclr_m":1.0,"horclr_m":null,"spans":1,"source":"VNF IENC (Licence Ouverte 2.0)"}},{"type":"Feature","geometry":{"type":"Point","coordinates":[7.809848,48.553813]},"properties":{"name":null,"waterway":"Rhine","verclr_m":1.0,"horclr_m":null,"spans":1,"source":"VNF IENC (Licence Ouverte 2.0)"}},{"type":"Feature","geometry":{"type":"Point","coordinates":[7.812376,48.554524]},"properties":{"name":null,"waterway":"Rhine","verclr_m":1.0,"horclr_m":null,"spans":1,"source":"VNF IENC (Licence Ouverte 2.0)"}},{"type":"Feature","geometry":{"type":"Point","coordinates":[7.80917,48.557466]},"properties":{"name":null,"waterway":"Rhine","verclr_m":1.0,"horclr_m":null,"spans":1,"source":"VNF IENC (Licence Ouverte 2.0)"}},{"type":"Feature","geometry":{"type":"Point","coordinates":[7.807516,48.55742]},"properties":{"name":null,"waterway":"Rhine","verclr_m":1.0,"horclr_m":null,"spans":1,"source":"VNF IENC (Licence Ouverte 2.0)"}},{"type":"Feature","geometry":{"type":"Point","coordinates":[7.797882,48.557406]},"properties":{"name":null,"waterway":"Rhine","verclr_m":7.0,"horclr_m":null,"spans":1,"source":"VNF IENC (Licence Ouverte 2.0)"}},{"type":"Feature","geometry":{"type":"Point","coordinates":[7.784045,48.568285]},"properties":{"name":null,"waterway":"Rhine","verclr_m":7.0,"horclr_m":null,"spans":1,"source":"VNF IENC (Licence Ouverte 2.0)"}},{"type":"Feature","geometry":{"type":"Point","coordinates":[7.783385,48.569935]},"properties":{"name":null,"waterway":"Rhine","verclr_m":7.0,"horclr_m":null,"spans":1,"source":"VNF IENC (Licence Ouverte 2.0)"}},{"type":"Feature","geometry":{"type":"Point","coordinates":[7.824182,48.575823]},"properties":{"name":null,"waterway":"Rhine","verclr_m":1.0,"horclr_m":null,"spans":1,"source":"VNF IENC (Licence Ouverte 2.0)"}},{"type":"Feature","geometry":{"type":"Point","coordinates":[7.823498,48.578966]},"properties":{"name":null,"waterway":"Rhine","verclr_m":1.0,"horclr_m":null,"spans":1,"source":"VNF IENC (Licence Ouverte 2.0)"}},{"type":"Feature","geometry":{"type":"Point","coordinates":[7.782021,48.578955]},"properties":{"name":null,"waterway":"Rhine","verclr_m":7.0,"horclr_m":null,"spans":1,"source":"VNF IENC (Licence Ouverte 2.0)"}},{"type":"Feature","geometry":{"type":"Point","coordinates":[7.823756,48.581133]},"properties":{"name":null,"waterway":"Rhine","verclr_m":1.0,"horclr_m":null,"spans":1,"source":"VNF IENC (Licence Ouverte 2.0)"}},{"type":"Feature","geometry":{"type":"Point","coordinates":[7.794051,48.589589]},"properties":{"name":null,"waterway":"Rhine","verclr_m":7.0,"horclr_m":null,"spans":1,"source":"VNF IENC (Licence Ouverte 2.0)"}},{"type":"Feature","geometry":{"type":"Point","coordinates":[7.792075,48.589984]},"properties":{"name":null,"waterway":"Rhine","verclr_m":7.0,"horclr_m":null,"spans":1,"source":"VNF IENC (Licence Ouverte 2.0)"}},{"type":"Feature","geometry":{"type":"Point","coordinates":[7.79298,48.589864]},"properties":{"name":null,"waterway":"Rhine","verclr_m":7.0,"horclr_m":null,"spans":1,"source":"VNF IENC (Licence Ouverte 2.0)"}},{"type":"Feature","geometry":{"type":"Point","coordinates":[7.79081,48.590142]},"properties":{"name":null,"waterway":"Rhine","verclr_m":7.0,"horclr_m":null,"spans":1,"source":"VNF IENC (Licence Ouverte 2.0)"}},{"type":"Feature","geometry":{"type":"Point","coordinates":[7.800315,48.593252]},"properties":{"name":null,"waterway":"Rhine","verclr_m":6.75,"horclr_m":8.0,"spans":1,"source":"VNF IENC (Licence Ouverte 2.0)"}},{"type":"Feature","geometry":{"type":"Point","coordinates":[7.82398,48.594022]},"properties":{"name":null,"waterway":"Rhine","verclr_m":1.0,"horclr_m":null,"spans":1,"source":"VNF IENC (Licence Ouverte 2.0)"}},{"type":"Feature","geometry":{"type":"Point","coordinates":[7.8092,48.602778]},"properties":{"name":null,"waterway":"Rhine","verclr_m":1.0,"horclr_m":null,"spans":1,"source":"VNF IENC (Licence Ouverte 2.0)"}},{"type":"Feature","geometry":{"type":"Point","coordinates":[7.814075,48.606727]},"properties":{"name":null,"waterway":"Rhine","verclr_m":1.0,"horclr_m":null,"spans":1,"source":"VNF IENC (Licence Ouverte 2.0)"}},{"type":"Feature","geometry":{"type":"Point","coordinates":[7.809728,48.607015]},"properties":{"name":null,"waterway":"Rhine","verclr_m":1.0,"horclr_m":null,"spans":1,"source":"VNF IENC (Licence Ouverte 2.0)"}},{"type":"Feature","geometry":{"type":"Point","coordinates":[7.831918,48.610571]},"properties":{"name":null,"waterway":"Rhine","verclr_m":1.0,"horclr_m":null,"spans":1,"source":"VNF IENC (Licence Ouverte 2.0)"}},{"type":"Feature","geometry":{"type":"Point","coordinates":[7.816964,48.610829]},"properties":{"name":null,"waterway":"Rhine","verclr_m":1.0,"horclr_m":null,"spans":1,"source":"VNF IENC (Licence Ouverte 2.0)"}},{"type":"Feature","geometry":{"type":"Point","coordinates":[7.835167,48.611326]},"properties":{"name":null,"waterway":"Rhine","verclr_m":1.0,"horclr_m":null,"spans":1,"source":"VNF IENC (Licence Ouverte 2.0)"}},{"type":"Feature","geometry":{"type":"Point","coordinates":[7.833657,48.61164]},"properties":{"name":null,"waterway":"Rhine","verclr_m":1.0,"horclr_m":null,"spans":1,"source":"VNF IENC (Licence Ouverte 2.0)"}},{"type":"Feature","geometry":{"type":"Point","coordinates":[7.829096,48.612482]},"properties":{"name":null,"waterway":"Rhine","verclr_m":1.0,"horclr_m":null,"spans":1,"source":"VNF IENC (Licence Ouverte 2.0)"}},{"type":"Feature","geometry":{"type":"Point","coordinates":[7.827962,48.612884]},"properties":{"name":null,"waterway":"Rhine","verclr_m":1.0,"horclr_m":null,"spans":1,"source":"VNF IENC (Licence Ouverte 2.0)"}},{"type":"Feature","geometry":{"type":"Point","coordinates":[7.833368,48.613158]},"properties":{"name":null,"waterway":"Rhine","verclr_m":1.0,"horclr_m":null,"spans":1,"source":"VNF IENC (Licence Ouverte 2.0)"}},{"type":"Feature","geometry":{"type":"Point","coordinates":[7.824152,48.618355]},"properties":{"name":null,"waterway":"Rhine","verclr_m":1.0,"horclr_m":null,"spans":1,"source":"VNF IENC (Licence Ouverte 2.0)"}},{"type":"Feature","geometry":{"type":"Point","coordinates":[7.826082,48.622106]},"properties":{"name":null,"waterway":"Rhine","verclr_m":1.0,"horclr_m":null,"spans":1,"source":"VNF IENC (Licence Ouverte 2.0)"}},{"type":"Feature","geometry":{"type":"Point","coordinates":[7.824892,48.622112]},"properties":{"name":null,"waterway":"Rhine","verclr_m":1.0,"horclr_m":null,"spans":1,"source":"VNF IENC (Licence Ouverte 2.0)"}},{"type":"Feature","geometry":{"type":"Point","coordinates":[7.84172,48.623126]},"properties":{"name":null,"waterway":"Rhine","verclr_m":1.0,"horclr_m":null,"spans":1,"source":"VNF IENC (Licence Ouverte 2.0)"}},{"type":"Feature","geometry":{"type":"Point","coordinates":[7.835138,48.624064]},"properties":{"name":null,"waterway":"Rhine","verclr_m":1.0,"horclr_m":null,"spans":1,"source":"VNF IENC (Licence Ouverte 2.0)"}},{"type":"Feature","geometry":{"type":"Point","coordinates":[7.828554,48.624329]},"properties":{"name":null,"waterway":"Rhine","verclr_m":1.0,"horclr_m":null,"spans":1,"source":"VNF IENC (Licence Ouverte 2.0)"}},{"type":"Feature","geometry":{"type":"Point","coordinates":[7.561043,47.887105]},"properties":{"name":null,"waterway":"Rhine","verclr_m":1.0,"horclr_m":null,"spans":1,"source":"VNF IENC (Licence Ouverte 2.0)"}},{"type":"Feature","geometry":{"type":"Point","coordinates":[7.94194,48.691648]},"properties":{"name":null,"waterway":"Rhine","verclr_m":1.0,"horclr_m":null,"spans":1,"source":"VNF IENC (Licence Ouverte 2.0)"}},{"type":"Feature","geometry":{"type":"Point","coordinates":[7.961626,48.706612]},"properties":{"name":null,"waterway":"Rhine","verclr_m":1.0,"horclr_m":null,"spans":1,"source":"VNF IENC (Licence Ouverte 2.0)"}},{"type":"Feature","geometry":{"type":"Point","coordinates":[7.94937,48.707849]},"properties":{"name":null,"waterway":"Rhine","verclr_m":1.0,"horclr_m":null,"spans":1,"source":"VNF IENC (Licence Ouverte 2.0)"}},{"type":"Feature","geometry":{"type":"Point","coordinates":[7.930318,48.709825]},"properties":{"name":null,"waterway":"Rhine","verclr_m":1.0,"horclr_m":null,"spans":1,"source":"VNF IENC (Licence Ouverte 2.0)"}},{"type":"Feature","geometry":{"type":"Point","coordinates":[7.961677,48.717796]},"properties":{"name":null,"waterway":"Rhine","verclr_m":1.0,"horclr_m":null,"spans":1,"source":"VNF IENC (Licence Ouverte 2.0)"}},{"type":"Feature","geometry":{"type":"Point","coordinates":[7.947761,48.717966]},"properties":{"name":null,"waterway":"Rhine","verclr_m":1.0,"horclr_m":null,"spans":1,"source":"VNF IENC (Licence Ouverte 2.0)"}},{"type":"Feature","geometry":{"type":"Point","coordinates":[7.971554,48.720628]},"properties":{"name":null,"waterway":"Rhine","verclr_m":1.0,"horclr_m":null,"spans":1,"source":"VNF IENC (Licence Ouverte 2.0)"}},{"type":"Feature","geometry":{"type":"Point","coordinates":[7.968027,48.722237]},"properties":{"name":null,"waterway":"Rhine","verclr_m":1.0,"horclr_m":null,"spans":1,"source":"VNF IENC (Licence Ouverte 2.0)"}},{"type":"Feature","geometry":{"type":"Point","coordinates":[7.96501,48.727578]},"properties":{"name":null,"waterway":"Rhine","verclr_m":1.0,"horclr_m":null,"spans":1,"source":"VNF IENC (Licence Ouverte 2.0)"}},{"type":"Feature","geometry":{"type":"Point","coordinates":[7.976133,48.729421]},"properties":{"name":null,"waterway":"Rhine","verclr_m":1.0,"horclr_m":null,"spans":1,"source":"VNF IENC (Licence Ouverte 2.0)"}},{"type":"Feature","geometry":{"type":"Point","coordinates":[7.981468,48.738505]},"properties":{"name":null,"waterway":"Rhine","verclr_m":1.0,"horclr_m":null,"spans":1,"source":"VNF IENC (Licence Ouverte 2.0)"}},{"type":"Feature","geometry":{"type":"Point","coordinates":[7.974033,48.741813]},"properties":{"name":null,"waterway":"Rhine","verclr_m":1.0,"horclr_m":null,"spans":1,"source":"VNF IENC (Licence Ouverte 2.0)"}},{"type":"Feature","geometry":{"type":"Point","coordinates":[7.973542,48.74585]},"properties":{"name":null,"waterway":"Rhine","verclr_m":1.0,"horclr_m":null,"spans":1,"source":"VNF IENC (Licence Ouverte 2.0)"}},{"type":"Feature","geometry":{"type":"Point","coordinates":[7.996416,48.74853]},"properties":{"name":null,"waterway":"Rhine","verclr_m":1.0,"horclr_m":null,"spans":1,"source":"VNF IENC (Licence Ouverte 2.0)"}},{"type":"Feature","geometry":{"type":"Point","coordinates":[7.990966,48.749542]},"properties":{"name":null,"waterway":"Rhine","verclr_m":1.0,"horclr_m":null,"spans":1,"source":"VNF IENC (Licence Ouverte 2.0)"}},{"type":"Feature","geometry":{"type":"Point","coordinates":[7.970342,48.751095]},"properties":{"name":null,"waterway":"Rhine","verclr_m":1.0,"horclr_m":null,"spans":1,"source":"VNF IENC (Licence Ouverte 2.0)"}},{"type":"Feature","geometry":{"type":"Point","coordinates":[7.973383,48.752947]},"properties":{"name":null,"waterway":"Rhine","verclr_m":1.0,"horclr_m":null,"spans":1,"source":"VNF IENC (Licence Ouverte 2.0)"}},{"type":"Feature","geometry":{"type":"Point","coordinates":[7.999254,48.751658]},"properties":{"name":null,"waterway":"Rhine","verclr_m":1.0,"horclr_m":null,"spans":1,"source":"VNF IENC (Licence Ouverte 2.0)"}},{"type":"Feature","geometry":{"type":"Point","coordinates":[8.001581,48.754136]},"properties":{"name":null,"waterway":"Rhine","verclr_m":1.0,"horclr_m":null,"spans":1,"source":"VNF IENC (Licence Ouverte 2.0)"}},{"type":"Feature","geometry":{"type":"Point","coordinates":[8.00234,48.75506]},"properties":{"name":null,"waterway":"Rhine","verclr_m":1.0,"horclr_m":null,"spans":1,"source":"VNF IENC (Licence Ouverte 2.0)"}},{"type":"Feature","geometry":{"type":"Point","coordinates":[8.010825,48.758013]},"properties":{"name":null,"waterway":"Rhine","verclr_m":1.0,"horclr_m":null,"spans":1,"source":"VNF IENC (Licence Ouverte 2.0)"}},{"type":"Feature","geometry":{"type":"Point","coordinates":[8.014447,48.758346]},"properties":{"name":null,"waterway":"Rhine","verclr_m":1.0,"horclr_m":null,"spans":1,"source":"VNF IENC (Licence Ouverte 2.0)"}},{"type":"Feature","geometry":{"type":"Point","coordinates":[8.012378,48.762105]},"properties":{"name":null,"waterway":"Rhine","verclr_m":1.0,"horclr_m":null,"spans":1,"source":"VNF IENC (Licence Ouverte 2.0)"}},{"type":"Feature","geometry":{"type":"Point","coordinates":[8.02325,48.765186]},"properties":{"name":null,"waterway":"Rhine","verclr_m":1.0,"horclr_m":null,"spans":1,"source":"VNF IENC (Licence Ouverte 2.0)"}},{"type":"Feature","geometry":{"type":"Point","coordinates":[8.024867,48.767027]},"properties":{"name":null,"waterway":"Rhine","verclr_m":1.0,"horclr_m":null,"spans":1,"source":"VNF IENC (Licence Ouverte 2.0)"}},{"type":"Feature","geometry":{"type":"Point","coordinates":[8.027074,48.773339]},"properties":{"name":null,"waterway":"Rhine","verclr_m":1.0,"horclr_m":null,"spans":1,"source":"VNF IENC (Licence Ouverte 2.0)"}},{"type":"Feature","geometry":{"type":"Point","coordinates":[8.022126,48.773922]},"properties":{"name":null,"waterway":"Rhine","verclr_m":1.0,"horclr_m":null,"spans":1,"source":"VNF IENC (Licence Ouverte 2.0)"}},{"type":"Feature","geometry":{"type":"Point","coordinates":[8.02726,48.775849]},"properties":{"name":null,"waterway":"Rhine","verclr_m":1.0,"horclr_m":null,"spans":1,"source":"VNF IENC (Licence Ouverte 2.0)"}},{"type":"Feature","geometry":{"type":"Point","coordinates":[8.059498,48.785232]},"properties":{"name":null,"waterway":"Rhine","verclr_m":1.0,"horclr_m":null,"spans":1,"source":"VNF IENC (Licence Ouverte 2.0)"}},{"type":"Feature","geometry":{"type":"Point","coordinates":[8.030784,48.785211]},"properties":{"name":null,"waterway":"Rhine","verclr_m":1.0,"horclr_m":null,"spans":1,"source":"VNF IENC (Licence Ouverte 2.0)"}},{"type":"Feature","geometry":{"type":"Point","coordinates":[8.024951,48.785294]},"properties":{"name":null,"waterway":"Rhine","verclr_m":1.0,"horclr_m":null,"spans":1,"source":"VNF IENC (Licence Ouverte 2.0)"}},{"type":"Feature","geometry":{"type":"Point","coordinates":[8.051243,48.785826]},"properties":{"name":null,"waterway":"Rhine","verclr_m":1.0,"horclr_m":null,"spans":1,"source":"VNF IENC (Licence Ouverte 2.0)"}},{"type":"Feature","geometry":{"type":"Point","coordinates":[8.068935,48.786323]},"properties":{"name":null,"waterway":"Rhine","verclr_m":1.0,"horclr_m":null,"spans":1,"source":"VNF IENC (Licence Ouverte 2.0)"}},{"type":"Feature","geometry":{"type":"Point","coordinates":[8.058187,48.78728]},"properties":{"name":null,"waterway":"Rhine","verclr_m":1.0,"horclr_m":null,"spans":1,"source":"VNF IENC (Licence Ouverte 2.0)"}},{"type":"Feature","geometry":{"type":"Point","coordinates":[8.029176,48.790028]},"properties":{"name":null,"waterway":"Rhine","verclr_m":1.0,"horclr_m":null,"spans":1,"source":"VNF IENC (Licence Ouverte 2.0)"}},{"type":"Feature","geometry":{"type":"Point","coordinates":[8.032429,48.791998]},"properties":{"name":null,"waterway":"Rhine","verclr_m":1.0,"horclr_m":null,"spans":1,"source":"VNF IENC (Licence Ouverte 2.0)"}},{"type":"Feature","geometry":{"type":"Point","coordinates":[8.066051,48.792519]},"properties":{"name":null,"waterway":"Rhine","verclr_m":1.0,"horclr_m":null,"spans":1,"source":"VNF IENC (Licence Ouverte 2.0)"}},{"type":"Feature","geometry":{"type":"Point","coordinates":[8.066364,48.793675]},"properties":{"name":null,"waterway":"Rhine","verclr_m":1.0,"horclr_m":null,"spans":1,"source":"VNF IENC (Licence Ouverte 2.0)"}},{"type":"Feature","geometry":{"type":"Point","coordinates":[8.0802,48.79441]},"properties":{"name":null,"waterway":"Rhine","verclr_m":1.0,"horclr_m":null,"spans":1,"source":"VNF IENC (Licence Ouverte 2.0)"}},{"type":"Feature","geometry":{"type":"Point","coordinates":[8.063534,48.79548]},"properties":{"name":null,"waterway":"Rhine","verclr_m":1.0,"horclr_m":null,"spans":1,"source":"VNF IENC (Licence Ouverte 2.0)"}},{"type":"Feature","geometry":{"type":"Point","coordinates":[8.074638,48.795915]},"properties":{"name":null,"waterway":"Rhine","verclr_m":1.0,"horclr_m":null,"spans":1,"source":"VNF IENC (Licence Ouverte 2.0)"}},{"type":"Feature","geometry":{"type":"Point","coordinates":[8.069671,48.796104]},"properties":{"name":null,"waterway":"Rhine","verclr_m":1.0,"horclr_m":null,"spans":1,"source":"VNF IENC (Licence Ouverte 2.0)"}},{"type":"Feature","geometry":{"type":"Point","coordinates":[8.085667,48.797733]},"properties":{"name":null,"waterway":"Rhine","verclr_m":1.0,"horclr_m":null,"spans":1,"source":"VNF IENC (Licence Ouverte 2.0)"}},{"type":"Feature","geometry":{"type":"Point","coordinates":[8.042002,48.780721]},"properties":{"name":null,"waterway":"Rhine","verclr_m":1.0,"horclr_m":null,"spans":1,"source":"VNF IENC (Licence Ouverte 2.0)"}},{"type":"Feature","geometry":{"type":"Point","coordinates":[7.587244,47.610692]},"properties":{"name":null,"waterway":"Rhine","verclr_m":1.0,"horclr_m":null,"spans":1,"source":"VNF IENC (Licence Ouverte 2.0)"}},{"type":"Feature","geometry":{"type":"Point","coordinates":[7.578956,47.615198]},"properties":{"name":null,"waterway":"Rhine","verclr_m":1.0,"horclr_m":null,"spans":1,"source":"VNF IENC (Licence Ouverte 2.0)"}},{"type":"Feature","geometry":{"type":"Point","coordinates":[7.569175,47.618685]},"properties":{"name":null,"waterway":"Rhine","verclr_m":1.0,"horclr_m":null,"spans":1,"source":"VNF IENC (Licence Ouverte 2.0)"}},{"type":"Feature","geometry":{"type":"Point","coordinates":[7.572323,47.619277]},"properties":{"name":null,"waterway":"Rhine","verclr_m":1.0,"horclr_m":null,"spans":1,"source":"VNF IENC (Licence Ouverte 2.0)"}},{"type":"Feature","geometry":{"type":"Point","coordinates":[7.570926,47.619507]},"properties":{"name":null,"waterway":"Rhine","verclr_m":1.0,"horclr_m":null,"spans":1,"source":"VNF IENC (Licence Ouverte 2.0)"}},{"type":"Feature","geometry":{"type":"Point","coordinates":[7.576528,47.620108]},"properties":{"name":null,"waterway":"Rhine","verclr_m":1.0,"horclr_m":null,"spans":1,"source":"VNF IENC (Licence Ouverte 2.0)"}},{"type":"Feature","geometry":{"type":"Point","coordinates":[7.572306,47.624089]},"properties":{"name":null,"waterway":"Rhine","verclr_m":1.0,"horclr_m":null,"spans":1,"source":"VNF IENC (Licence Ouverte 2.0)"}},{"type":"Feature","geometry":{"type":"Point","coordinates":[7.56945,47.630846]},"properties":{"name":null,"waterway":"Rhine","verclr_m":1.0,"horclr_m":null,"spans":1,"source":"VNF IENC (Licence Ouverte 2.0)"}},{"type":"Feature","geometry":{"type":"Point","coordinates":[7.571034,47.631205]},"properties":{"name":null,"waterway":"Rhine","verclr_m":1.0,"horclr_m":null,"spans":1,"source":"VNF IENC (Licence Ouverte 2.0)"}},{"type":"Feature","geometry":{"type":"Point","coordinates":[7.545772,47.633998]},"properties":{"name":null,"waterway":"Rhine","verclr_m":1.0,"horclr_m":null,"spans":1,"source":"VNF IENC (Licence Ouverte 2.0)"}},{"type":"Feature","geometry":{"type":"Point","coordinates":[7.535375,47.641217]},"properties":{"name":null,"waterway":"Rhine","verclr_m":1.0,"horclr_m":null,"spans":1,"source":"VNF IENC (Licence Ouverte 2.0)"}},{"type":"Feature","geometry":{"type":"Point","coordinates":[7.519365,47.655499]},"properties":{"name":null,"waterway":"Rhine","verclr_m":1.0,"horclr_m":null,"spans":1,"source":"VNF IENC (Licence Ouverte 2.0)"}},{"type":"Feature","geometry":{"type":"Point","coordinates":[7.519321,47.655543]},"properties":{"name":null,"waterway":"Rhine","verclr_m":1.0,"horclr_m":null,"spans":1,"source":"VNF IENC (Licence Ouverte 2.0)"}},{"type":"Feature","geometry":{"type":"Point","coordinates":[4.790519,45.316493]},"properties":{"name":null,"waterway":"Rh\u00f4ne","verclr_m":6.3,"horclr_m":null,"spans":1,"source":"VNF IENC (Licence Ouverte 2.0)"}},{"type":"Feature","geometry":{"type":"Point","coordinates":[4.80247,45.301114]},"properties":{"name":null,"waterway":"Rh\u00f4ne","verclr_m":6.3,"horclr_m":null,"spans":1,"source":"VNF IENC (Licence Ouverte 2.0)"}},{"type":"Feature","geometry":{"type":"Point","coordinates":[4.812269,45.184117]},"properties":{"name":null,"waterway":"Rh\u00f4ne","verclr_m":6.3,"horclr_m":null,"spans":1,"source":"VNF IENC (Licence Ouverte 2.0)"}},{"type":"Feature","geometry":{"type":"Point","coordinates":[4.800921,45.242318]},"properties":{"name":null,"waterway":"Rh\u00f4ne","verclr_m":6.3,"horclr_m":null,"spans":1,"source":"VNF IENC (Licence Ouverte 2.0)"}},{"type":"Feature","geometry":{"type":"Point","coordinates":[4.817048,43.97626]},"properties":{"name":null,"waterway":"Rh\u00f4ne","verclr_m":6.3,"horclr_m":null,"spans":1,"source":"VNF IENC (Licence Ouverte 2.0)"}},{"type":"Feature","geometry":{"type":"Point","coordinates":[4.778142,45.589202]},"properties":{"name":null,"waterway":"Rh\u00f4ne","verclr_m":6.3,"horclr_m":null,"spans":1,"source":"VNF IENC (Licence Ouverte 2.0)"}},{"type":"Feature","geometry":{"type":"Point","coordinates":[4.837608,45.666641]},"properties":{"name":null,"waterway":"Rh\u00f4ne","verclr_m":6.3,"horclr_m":null,"spans":1,"source":"VNF IENC (Licence Ouverte 2.0)"}},{"type":"Feature","geometry":{"type":"Point","coordinates":[4.824559,45.643641]},"properties":{"name":null,"waterway":"Rh\u00f4ne","verclr_m":6.3,"horclr_m":null,"spans":1,"source":"VNF IENC (Licence Ouverte 2.0)"}},{"type":"Feature","geometry":{"type":"Point","coordinates":[4.839212,45.499171]},"properties":{"name":null,"waterway":"Rh\u00f4ne","verclr_m":6.3,"horclr_m":45.0,"spans":1,"source":"VNF IENC (Licence Ouverte 2.0)"}},{"type":"Feature","geometry":{"type":"Point","coordinates":[4.64231,43.823791]},"properties":{"name":null,"waterway":"Rh\u00f4ne","verclr_m":6.3,"horclr_m":null,"spans":1,"source":"VNF IENC (Licence Ouverte 2.0)"}},{"type":"Feature","geometry":{"type":"Point","coordinates":[4.650334,43.804666]},"properties":{"name":null,"waterway":"Rh\u00f4ne","verclr_m":6.3,"horclr_m":null,"spans":1,"source":"VNF IENC (Licence Ouverte 2.0)"}},{"type":"Feature","geometry":{"type":"Point","coordinates":[4.649809,43.801898]},"properties":{"name":null,"waterway":"Rh\u00f4ne","verclr_m":6.3,"horclr_m":null,"spans":1,"source":"VNF IENC (Licence Ouverte 2.0)"}},{"type":"Feature","geometry":{"type":"Point","coordinates":[4.719038,44.549262]},"properties":{"name":null,"waterway":"Rh\u00f4ne","verclr_m":6.3,"horclr_m":null,"spans":1,"source":"VNF IENC (Licence Ouverte 2.0)"}},{"type":"Feature","geometry":{"type":"Point","coordinates":[4.707044,44.499439]},"properties":{"name":null,"waterway":"Rh\u00f4ne","verclr_m":6.3,"horclr_m":null,"spans":1,"source":"VNF IENC (Licence Ouverte 2.0)"}},{"type":"Feature","geometry":{"type":"Point","coordinates":[4.707546,44.578921]},"properties":{"name":null,"waterway":"Rh\u00f4ne","verclr_m":6.3,"horclr_m":null,"spans":1,"source":"VNF IENC (Licence Ouverte 2.0)"}},{"type":"Feature","geometry":{"type":"Point","coordinates":[4.692394,44.552029]},"properties":{"name":null,"waterway":"Rh\u00f4ne","verclr_m":6.3,"horclr_m":null,"spans":1,"source":"VNF IENC (Licence Ouverte 2.0)"}},{"type":"Feature","geometry":{"type":"Point","coordinates":[4.729196,44.373471]},"properties":{"name":null,"waterway":"Rh\u00f4ne","verclr_m":6.3,"horclr_m":45.0,"spans":1,"source":"VNF IENC (Licence Ouverte 2.0)"}},{"type":"Feature","geometry":{"type":"Point","coordinates":[4.742838,44.303492]},"properties":{"name":null,"waterway":"Rh\u00f4ne","verclr_m":6.3,"horclr_m":null,"spans":1,"source":"VNF IENC (Licence Ouverte 2.0)"}},{"type":"Feature","geometry":{"type":"Point","coordinates":[4.786628,44.675827]},"properties":{"name":null,"waterway":"Rh\u00f4ne","verclr_m":6.3,"horclr_m":null,"spans":1,"source":"VNF IENC (Licence Ouverte 2.0)"}},{"type":"Feature","geometry":{"type":"Point","coordinates":[4.835392,45.069007]},"properties":{"name":null,"waterway":"Rh\u00f4ne","verclr_m":6.3,"horclr_m":null,"spans":1,"source":"VNF IENC (Licence Ouverte 2.0)"}},{"type":"Feature","geometry":{"type":"Point","coordinates":[4.698111,44.452352]},"properties":{"name":null,"waterway":"Rh\u00f4ne","verclr_m":6.3,"horclr_m":null,"spans":1,"source":"VNF IENC (Licence Ouverte 2.0)"}},{"type":"Feature","geometry":{"type":"Point","coordinates":[4.69409,44.441194]},"properties":{"name":null,"waterway":"Rh\u00f4ne","verclr_m":6.3,"horclr_m":null,"spans":1,"source":"VNF IENC (Licence Ouverte 2.0)"}},{"type":"Feature","geometry":{"type":"Point","coordinates":[4.69496,44.439768]},"properties":{"name":null,"waterway":"Rh\u00f4ne","verclr_m":6.3,"horclr_m":null,"spans":1,"source":"VNF IENC (Licence Ouverte 2.0)"}},{"type":"Feature","geometry":{"type":"Point","coordinates":[4.696407,44.439664]},"properties":{"name":null,"waterway":"Rh\u00f4ne","verclr_m":6.3,"horclr_m":null,"spans":1,"source":"VNF IENC (Licence Ouverte 2.0)"}},{"type":"Feature","geometry":{"type":"Point","coordinates":[-0.400278,44.705209]},"properties":{"name":null,"waterway":"Garonne (tidal)","verclr_m":12.0,"horclr_m":null,"spans":1,"source":"VNF IENC (Licence Ouverte 2.0)"}},{"type":"Feature","geometry":{"type":"Point","coordinates":[-0.400697,44.704649]},"properties":{"name":null,"waterway":"Garonne (tidal)","verclr_m":13.2,"horclr_m":null,"spans":1,"source":"VNF IENC (Licence Ouverte 2.0)"}},{"type":"Feature","geometry":{"type":"Point","coordinates":[-0.325334,44.634452]},"properties":{"name":null,"waterway":"Garonne (tidal)","verclr_m":16.7,"horclr_m":null,"spans":1,"source":"VNF IENC (Licence Ouverte 2.0)"}},{"type":"Feature","geometry":{"type":"Point","coordinates":[-0.324722,44.635084]},"properties":{"name":null,"waterway":"Garonne (tidal)","verclr_m":16.7,"horclr_m":null,"spans":1,"source":"VNF IENC (Licence Ouverte 2.0)"}},{"type":"Feature","geometry":{"type":"Point","coordinates":[-0.324218,44.635605]},"properties":{"name":null,"waterway":"Garonne (tidal)","verclr_m":15.3,"horclr_m":null,"spans":1,"source":"VNF IENC (Licence Ouverte 2.0)"}},{"type":"Feature","geometry":{"type":"Point","coordinates":[-0.334365,44.648517]},"properties":{"name":null,"waterway":"Garonne (tidal)","verclr_m":15.4,"horclr_m":null,"spans":1,"source":"VNF IENC (Licence Ouverte 2.0)"}},{"type":"Feature","geometry":{"type":"Point","coordinates":[-0.52948,44.806296]},"properties":{"name":null,"waterway":"Garonne (tidal)","verclr_m":12.7,"horclr_m":77.0,"spans":1,"source":"VNF IENC (Licence Ouverte 2.0)"}},{"type":"Feature","geometry":{"type":"Point","coordinates":[-0.528539,44.806922]},"properties":{"name":null,"waterway":"Garonne (tidal)","verclr_m":13.6,"horclr_m":77.0,"spans":1,"source":"VNF IENC (Licence Ouverte 2.0)"}},{"type":"Feature","geometry":{"type":"Point","coordinates":[-0.527597,44.807548]},"properties":{"name":null,"waterway":"Garonne (tidal)","verclr_m":13.7,"horclr_m":77.0,"spans":1,"source":"VNF IENC (Licence Ouverte 2.0)"}},{"type":"Feature","geometry":{"type":"Point","coordinates":[6.597691,49.536148]},"properties":{"name":null,"waterway":"Saar","verclr_m":1.0,"horclr_m":null,"spans":1,"source":"VNF IENC (Licence Ouverte 2.0)"}},{"type":"Feature","geometry":{"type":"Point","coordinates":[6.60461,49.51735]},"properties":{"name":null,"waterway":"Saar","verclr_m":1.0,"horclr_m":null,"spans":1,"source":"VNF IENC (Licence Ouverte 2.0)"}},{"type":"Feature","geometry":{"type":"Point","coordinates":[6.598759,49.534959]},"properties":{"name":null,"waterway":"Saar","verclr_m":1.0,"horclr_m":null,"spans":1,"source":"VNF IENC (Licence Ouverte 2.0)"}},{"type":"Feature","geometry":{"type":"Point","coordinates":[6.580665,49.490334]},"properties":{"name":null,"waterway":"Saar","verclr_m":1.0,"horclr_m":null,"spans":1,"source":"VNF IENC (Licence Ouverte 2.0)"}},{"type":"Feature","geometry":{"type":"Point","coordinates":[6.54563,49.497326]},"properties":{"name":null,"waterway":"Saar","verclr_m":1.0,"horclr_m":null,"spans":1,"source":"VNF IENC (Licence Ouverte 2.0)"}},{"type":"Feature","geometry":{"type":"Point","coordinates":[6.558516,49.498514]},"properties":{"name":null,"waterway":"Saar","verclr_m":1.0,"horclr_m":null,"spans":1,"source":"VNF IENC (Licence Ouverte 2.0)"}},{"type":"Feature","geometry":{"type":"Point","coordinates":[6.543066,49.499902]},"properties":{"name":null,"waterway":"Saar","verclr_m":1.0,"horclr_m":null,"spans":1,"source":"VNF IENC (Licence Ouverte 2.0)"}},{"type":"Feature","geometry":{"type":"Point","coordinates":[6.547752,49.502987]},"properties":{"name":null,"waterway":"Saar","verclr_m":1.0,"horclr_m":null,"spans":1,"source":"VNF IENC (Licence Ouverte 2.0)"}},{"type":"Feature","geometry":{"type":"Point","coordinates":[6.629055,49.427282]},"properties":{"name":null,"waterway":"Saar","verclr_m":1.0,"horclr_m":null,"spans":1,"source":"VNF IENC (Licence Ouverte 2.0)"}},{"type":"Feature","geometry":{"type":"Point","coordinates":[6.630637,49.427499]},"properties":{"name":null,"waterway":"Saar","verclr_m":1.0,"horclr_m":null,"spans":1,"source":"VNF IENC (Licence Ouverte 2.0)"}},{"type":"Feature","geometry":{"type":"Point","coordinates":[6.630296,49.427406]},"properties":{"name":null,"waterway":"Saar","verclr_m":1.0,"horclr_m":null,"spans":1,"source":"VNF IENC (Licence Ouverte 2.0)"}},{"type":"Feature","geometry":{"type":"Point","coordinates":[6.632492,49.444444]},"properties":{"name":null,"waterway":"Saar","verclr_m":1.0,"horclr_m":null,"spans":1,"source":"VNF IENC (Licence Ouverte 2.0)"}},{"type":"Feature","geometry":{"type":"Point","coordinates":[6.632742,49.44433]},"properties":{"name":null,"waterway":"Saar","verclr_m":1.0,"horclr_m":null,"spans":1,"source":"VNF IENC (Licence Ouverte 2.0)"}},{"type":"Feature","geometry":{"type":"Point","coordinates":[6.597362,49.466259]},"properties":{"name":null,"waterway":"Saar","verclr_m":1.0,"horclr_m":null,"spans":1,"source":"VNF IENC (Licence Ouverte 2.0)"}},{"type":"Feature","geometry":{"type":"Point","coordinates":[6.63397,49.443887]},"properties":{"name":null,"waterway":"Saar","verclr_m":1.0,"horclr_m":null,"spans":1,"source":"VNF IENC (Licence Ouverte 2.0)"}},{"type":"Feature","geometry":{"type":"Point","coordinates":[6.730079,49.346425]},"properties":{"name":null,"waterway":"Saar","verclr_m":1.0,"horclr_m":null,"spans":1,"source":"VNF IENC (Licence Ouverte 2.0)"}},{"type":"Feature","geometry":{"type":"Point","coordinates":[6.730164,49.34651]},"properties":{"name":null,"waterway":"Saar","verclr_m":1.0,"horclr_m":null,"spans":1,"source":"VNF IENC (Licence Ouverte 2.0)"}},{"type":"Feature","geometry":{"type":"Point","coordinates":[6.730697,49.346861]},"properties":{"name":null,"waterway":"Saar","verclr_m":1.0,"horclr_m":null,"spans":1,"source":"VNF IENC (Licence Ouverte 2.0)"}},{"type":"Feature","geometry":{"type":"Point","coordinates":[6.73198,49.349851]},"properties":{"name":null,"waterway":"Saar","verclr_m":1.0,"horclr_m":null,"spans":1,"source":"VNF IENC (Licence Ouverte 2.0)"}},{"type":"Feature","geometry":{"type":"Point","coordinates":[6.732876,49.349774]},"properties":{"name":null,"waterway":"Saar","verclr_m":1.0,"horclr_m":null,"spans":1,"source":"VNF IENC (Licence Ouverte 2.0)"}},{"type":"Feature","geometry":{"type":"Point","coordinates":[6.700582,49.372225]},"properties":{"name":null,"waterway":"Saar","verclr_m":1.0,"horclr_m":null,"spans":1,"source":"VNF IENC (Licence Ouverte 2.0)"}},{"type":"Feature","geometry":{"type":"Point","coordinates":[6.700326,49.373776]},"properties":{"name":null,"waterway":"Saar","verclr_m":1.0,"horclr_m":null,"spans":1,"source":"VNF IENC (Licence Ouverte 2.0)"}},{"type":"Feature","geometry":{"type":"Point","coordinates":[6.693464,49.38453]},"properties":{"name":null,"waterway":"Saar","verclr_m":1.0,"horclr_m":null,"spans":1,"source":"VNF IENC (Licence Ouverte 2.0)"}},{"type":"Feature","geometry":{"type":"Point","coordinates":[6.691812,49.383356]},"properties":{"name":null,"waterway":"Saar","verclr_m":1.0,"horclr_m":null,"spans":1,"source":"VNF IENC (Licence Ouverte 2.0)"}},{"type":"Feature","geometry":{"type":"Point","coordinates":[6.665564,49.385458]},"properties":{"name":null,"waterway":"Saar","verclr_m":1.0,"horclr_m":null,"spans":1,"source":"VNF IENC (Licence Ouverte 2.0)"}},{"type":"Feature","geometry":{"type":"Point","coordinates":[6.666348,49.392576]},"properties":{"name":null,"waterway":"Saar","verclr_m":1.0,"horclr_m":null,"spans":1,"source":"VNF IENC (Licence Ouverte 2.0)"}},{"type":"Feature","geometry":{"type":"Point","coordinates":[6.717406,49.33142]},"properties":{"name":null,"waterway":"Saar","verclr_m":1.0,"horclr_m":null,"spans":1,"source":"VNF IENC (Licence Ouverte 2.0)"}},{"type":"Feature","geometry":{"type":"Point","coordinates":[6.71937,49.331416]},"properties":{"name":null,"waterway":"Saar","verclr_m":1.0,"horclr_m":null,"spans":1,"source":"VNF IENC (Licence Ouverte 2.0)"}},{"type":"Feature","geometry":{"type":"Point","coordinates":[6.719474,49.331781]},"properties":{"name":null,"waterway":"Saar","verclr_m":1.0,"horclr_m":null,"spans":1,"source":"VNF IENC (Licence Ouverte 2.0)"}},{"type":"Feature","geometry":{"type":"Point","coordinates":[6.71963,49.331873]},"properties":{"name":null,"waterway":"Saar","verclr_m":1.0,"horclr_m":null,"spans":1,"source":"VNF IENC (Licence Ouverte 2.0)"}},{"type":"Feature","geometry":{"type":"Point","coordinates":[6.718147,49.331604]},"properties":{"name":null,"waterway":"Saar","verclr_m":1.0,"horclr_m":null,"spans":1,"source":"VNF IENC (Licence Ouverte 2.0)"}},{"type":"Feature","geometry":{"type":"Point","coordinates":[6.683703,49.386061]},"properties":{"name":null,"waterway":"Saar","verclr_m":1.0,"horclr_m":null,"spans":1,"source":"VNF IENC (Licence Ouverte 2.0)"}},{"type":"Feature","geometry":{"type":"Point","coordinates":[6.774161,49.278605]},"properties":{"name":null,"waterway":"Saar","verclr_m":1.0,"horclr_m":null,"spans":1,"source":"VNF IENC (Licence Ouverte 2.0)"}},{"type":"Feature","geometry":{"type":"Point","coordinates":[6.76747,49.285784]},"properties":{"name":null,"waterway":"Saar","verclr_m":1.0,"horclr_m":null,"spans":1,"source":"VNF IENC (Licence Ouverte 2.0)"}},{"type":"Feature","geometry":{"type":"Point","coordinates":[6.737732,49.327545]},"properties":{"name":null,"waterway":"Saar","verclr_m":1.0,"horclr_m":null,"spans":1,"source":"VNF IENC (Licence Ouverte 2.0)"}},{"type":"Feature","geometry":{"type":"Point","coordinates":[6.738343,49.328501]},"properties":{"name":null,"waterway":"Saar","verclr_m":1.0,"horclr_m":null,"spans":1,"source":"VNF IENC (Licence Ouverte 2.0)"}},{"type":"Feature","geometry":{"type":"Point","coordinates":[6.744418,49.3289]},"properties":{"name":null,"waterway":"Saar","verclr_m":1.0,"horclr_m":null,"spans":1,"source":"VNF IENC (Licence Ouverte 2.0)"}},{"type":"Feature","geometry":{"type":"Point","coordinates":[6.873168,49.250397]},"properties":{"name":null,"waterway":"Saar","verclr_m":1.0,"horclr_m":null,"spans":1,"source":"VNF IENC (Licence Ouverte 2.0)"}},{"type":"Feature","geometry":{"type":"Point","coordinates":[6.872863,49.250631]},"properties":{"name":null,"waterway":"Saar","verclr_m":1.0,"horclr_m":null,"spans":1,"source":"VNF IENC (Licence Ouverte 2.0)"}},{"type":"Feature","geometry":{"type":"Point","coordinates":[6.839764,49.242593]},"properties":{"name":null,"waterway":"Saar","verclr_m":1.0,"horclr_m":null,"spans":1,"source":"VNF IENC (Licence Ouverte 2.0)"}},{"type":"Feature","geometry":{"type":"Point","coordinates":[6.839209,49.243874]},"properties":{"name":null,"waterway":"Saar","verclr_m":1.0,"horclr_m":null,"spans":1,"source":"VNF IENC (Licence Ouverte 2.0)"}},{"type":"Feature","geometry":{"type":"Point","coordinates":[6.839392,49.245492]},"properties":{"name":null,"waterway":"Saar","verclr_m":1.0,"horclr_m":null,"spans":1,"source":"VNF IENC (Licence Ouverte 2.0)"}},{"type":"Feature","geometry":{"type":"Point","coordinates":[6.861062,49.246826]},"properties":{"name":null,"waterway":"Saar","verclr_m":1.0,"horclr_m":null,"spans":1,"source":"VNF IENC (Licence Ouverte 2.0)"}},{"type":"Feature","geometry":{"type":"Point","coordinates":[6.807381,49.269875]},"properties":{"name":null,"waterway":"Saar","verclr_m":1.0,"horclr_m":null,"spans":1,"source":"VNF IENC (Licence Ouverte 2.0)"}},{"type":"Feature","geometry":{"type":"Point","coordinates":[6.79771,49.271531]},"properties":{"name":null,"waterway":"Saar","verclr_m":1.0,"horclr_m":null,"spans":1,"source":"VNF IENC (Licence Ouverte 2.0)"}},{"type":"Feature","geometry":{"type":"Point","coordinates":[6.797226,49.272187]},"properties":{"name":null,"waterway":"Saar","verclr_m":1.0,"horclr_m":null,"spans":1,"source":"VNF IENC (Licence Ouverte 2.0)"}},{"type":"Feature","geometry":{"type":"Point","coordinates":[6.813609,49.269561]},"properties":{"name":null,"waterway":"Saar","verclr_m":1.0,"horclr_m":null,"spans":1,"source":"VNF IENC (Licence Ouverte 2.0)"}},{"type":"Feature","geometry":{"type":"Point","coordinates":[6.799569,49.272321]},"properties":{"name":null,"waterway":"Saar","verclr_m":1.0,"horclr_m":null,"spans":1,"source":"VNF IENC (Licence Ouverte 2.0)"}},{"type":"Feature","geometry":{"type":"Point","coordinates":[6.57756,49.624736]},"properties":{"name":null,"waterway":"Saar","verclr_m":1.0,"horclr_m":null,"spans":1,"source":"VNF IENC (Licence Ouverte 2.0)"}},{"type":"Feature","geometry":{"type":"Point","coordinates":[6.570752,49.633019]},"properties":{"name":null,"waterway":"Saar","verclr_m":1.0,"horclr_m":null,"spans":1,"source":"VNF IENC (Licence Ouverte 2.0)"}},{"type":"Feature","geometry":{"type":"Point","coordinates":[6.573172,49.633501]},"properties":{"name":null,"waterway":"Saar","verclr_m":1.0,"horclr_m":null,"spans":1,"source":"VNF IENC (Licence Ouverte 2.0)"}},{"type":"Feature","geometry":{"type":"Point","coordinates":[6.568317,49.621643]},"properties":{"name":null,"waterway":"Saar","verclr_m":1.0,"horclr_m":null,"spans":1,"source":"VNF IENC (Licence Ouverte 2.0)"}},{"type":"Feature","geometry":{"type":"Point","coordinates":[6.570361,49.69593]},"properties":{"name":null,"waterway":"Saar","verclr_m":1.0,"horclr_m":null,"spans":1,"source":"VNF IENC (Licence Ouverte 2.0)"}},{"type":"Feature","geometry":{"type":"Point","coordinates":[6.570673,49.696013]},"properties":{"name":null,"waterway":"Saar","verclr_m":1.0,"horclr_m":null,"spans":1,"source":"VNF IENC (Licence Ouverte 2.0)"}},{"type":"Feature","geometry":{"type":"Point","coordinates":[6.575869,49.696984]},"properties":{"name":null,"waterway":"Saar","verclr_m":1.0,"horclr_m":null,"spans":1,"source":"VNF IENC (Licence Ouverte 2.0)"}},{"type":"Feature","geometry":{"type":"Point","coordinates":[6.553088,49.607835]},"properties":{"name":null,"waterway":"Saar","verclr_m":1.0,"horclr_m":null,"spans":1,"source":"VNF IENC (Licence Ouverte 2.0)"}},{"type":"Feature","geometry":{"type":"Point","coordinates":[6.55207,49.607851]},"properties":{"name":null,"waterway":"Saar","verclr_m":1.0,"horclr_m":null,"spans":1,"source":"VNF IENC (Licence Ouverte 2.0)"}},{"type":"Feature","geometry":{"type":"Point","coordinates":[6.550829,49.608022]},"properties":{"name":null,"waterway":"Saar","verclr_m":1.0,"horclr_m":null,"spans":1,"source":"VNF IENC (Licence Ouverte 2.0)"}},{"type":"Feature","geometry":{"type":"Point","coordinates":[6.550129,49.608014]},"properties":{"name":null,"waterway":"Saar","verclr_m":1.0,"horclr_m":null,"spans":1,"source":"VNF IENC (Licence Ouverte 2.0)"}},{"type":"Feature","geometry":{"type":"Point","coordinates":[6.56517,49.578754]},"properties":{"name":null,"waterway":"Saar","verclr_m":1.0,"horclr_m":null,"spans":1,"source":"VNF IENC (Licence Ouverte 2.0)"}},{"type":"Feature","geometry":{"type":"Point","coordinates":[6.56741,49.578503]},"properties":{"name":null,"waterway":"Saar","verclr_m":1.0,"horclr_m":null,"spans":1,"source":"VNF IENC (Licence Ouverte 2.0)"}},{"type":"Feature","geometry":{"type":"Point","coordinates":[6.569727,49.578049]},"properties":{"name":null,"waterway":"Saar","verclr_m":1.0,"horclr_m":null,"spans":1,"source":"VNF IENC (Licence Ouverte 2.0)"}},{"type":"Feature","geometry":{"type":"Point","coordinates":[6.562924,49.615203]},"properties":{"name":null,"waterway":"Saar","verclr_m":1.0,"horclr_m":null,"spans":1,"source":"VNF IENC (Licence Ouverte 2.0)"}},{"type":"Feature","geometry":{"type":"Point","coordinates":[6.561246,49.617083]},"properties":{"name":null,"waterway":"Saar","verclr_m":1.0,"horclr_m":null,"spans":1,"source":"VNF IENC (Licence Ouverte 2.0)"}},{"type":"Feature","geometry":{"type":"Point","coordinates":[4.141453,51.10475]},"properties":{"name":null,"waterway":"Belgium waterway","verclr_m":8.47,"horclr_m":19.26,"spans":1,"source":"VNF IENC (Licence Ouverte 2.0)"}},{"type":"Feature","geometry":{"type":"Point","coordinates":[4.426726,51.238315]},"properties":{"name":null,"waterway":"Albertkanaal","verclr_m":9.42,"horclr_m":48.89,"spans":1,"source":"VNF IENC (Licence Ouverte 2.0)"}},{"type":"Feature","geometry":{"type":"Point","coordinates":[4.420191,51.240214]},"properties":{"name":null,"waterway":"Albertkanaal","verclr_m":9.1,"horclr_m":60.0,"spans":1,"source":"VNF IENC (Licence Ouverte 2.0)"}},{"type":"Feature","geometry":{"type":"Point","coordinates":[4.424968,51.23892]},"properties":{"name":null,"waterway":"Albertkanaal","verclr_m":9.1,"horclr_m":60.0,"spans":1,"source":"VNF IENC (Licence Ouverte 2.0)"}},{"type":"Feature","geometry":{"type":"Point","coordinates":[4.412199,51.241701]},"properties":{"name":null,"waterway":"Albertkanaal","verclr_m":9.1,"horclr_m":58.65,"spans":1,"source":"VNF IENC (Licence Ouverte 2.0)"}},{"type":"Feature","geometry":{"type":"Point","coordinates":[4.454202,51.237547]},"properties":{"name":null,"waterway":"Albertkanaal","verclr_m":9.1,"horclr_m":63.0,"spans":1,"source":"VNF IENC (Licence Ouverte 2.0)"}},{"type":"Feature","geometry":{"type":"Point","coordinates":[4.490761,51.24001]},"properties":{"name":null,"waterway":"Albertkanaal","verclr_m":7.47,"horclr_m":49.8,"spans":1,"source":"VNF IENC (Licence Ouverte 2.0)"}},{"type":"Feature","geometry":{"type":"Point","coordinates":[4.533166,51.227805]},"properties":{"name":null,"waterway":"Albertkanaal","verclr_m":8.24,"horclr_m":46.31,"spans":1,"source":"VNF IENC (Licence Ouverte 2.0)"}},{"type":"Feature","geometry":{"type":"Point","coordinates":[4.515665,51.23402]},"properties":{"name":null,"waterway":"Albertkanaal","verclr_m":9.1,"horclr_m":74.2,"spans":1,"source":"VNF IENC (Licence Ouverte 2.0)"}},{"type":"Feature","geometry":{"type":"Point","coordinates":[4.430376,51.23677]},"properties":{"name":null,"waterway":"Albertkanaal","verclr_m":9.1,"horclr_m":25.9,"spans":1,"source":"VNF IENC (Licence Ouverte 2.0)"}},{"type":"Feature","geometry":{"type":"Point","coordinates":[4.443127,51.235102]},"properties":{"name":null,"waterway":"Albertkanaal","verclr_m":9.1,"horclr_m":null,"spans":1,"source":"VNF IENC (Licence Ouverte 2.0)"}},{"type":"Feature","geometry":{"type":"Point","coordinates":[5.023524,51.11466]},"properties":{"name":null,"waterway":"Albertkanaal","verclr_m":9.1,"horclr_m":null,"spans":1,"source":"VNF IENC (Licence Ouverte 2.0)"}},{"type":"Feature","geometry":{"type":"Point","coordinates":[4.98271,51.125426]},"properties":{"name":null,"waterway":"Albertkanaal","verclr_m":9.1,"horclr_m":48.7,"spans":1,"source":"VNF IENC (Licence Ouverte 2.0)"}},{"type":"Feature","geometry":{"type":"Point","coordinates":[5.073896,51.103938]},"properties":{"name":null,"waterway":"Albertkanaal","verclr_m":9.1,"horclr_m":50.0,"spans":1,"source":"VNF IENC (Licence Ouverte 2.0)"}},{"type":"Feature","geometry":{"type":"Point","coordinates":[5.053046,51.107591]},"properties":{"name":null,"waterway":"Albertkanaal","verclr_m":9.1,"horclr_m":49.8,"spans":1,"source":"VNF IENC (Licence Ouverte 2.0)"}},{"type":"Feature","geometry":{"type":"Point","coordinates":[5.60932,50.878129]},"properties":{"name":null,"waterway":"Albertkanaal","verclr_m":16.42,"horclr_m":50.09,"spans":1,"source":"VNF IENC (Licence Ouverte 2.0)"}},{"type":"Feature","geometry":{"type":"Point","coordinates":[5.629764,50.8804]},"properties":{"name":null,"waterway":"Albertkanaal","verclr_m":14.8,"horclr_m":100.0,"spans":1,"source":"VNF IENC (Licence Ouverte 2.0)"}},{"type":"Feature","geometry":{"type":"Point","coordinates":[5.574844,50.888941]},"properties":{"name":null,"waterway":"Albertkanaal","verclr_m":9.1,"horclr_m":81.0,"spans":1,"source":"VNF IENC (Licence Ouverte 2.0)"}},{"type":"Feature","geometry":{"type":"Point","coordinates":[5.539671,50.913661]},"properties":{"name":null,"waterway":"Albertkanaal","verclr_m":9.1,"horclr_m":49.7,"spans":1,"source":"VNF IENC (Licence Ouverte 2.0)"}},{"type":"Feature","geometry":{"type":"Point","coordinates":[5.61489,50.879079]},"properties":{"name":null,"waterway":"Albertkanaal","verclr_m":13.0,"horclr_m":61.77,"spans":1,"source":"VNF IENC (Licence Ouverte 2.0)"}},{"type":"Feature","geometry":{"type":"Point","coordinates":[4.642108,51.196258]},"properties":{"name":null,"waterway":"Albertkanaal","verclr_m":9.1,"horclr_m":50.01,"spans":1,"source":"VNF IENC (Licence Ouverte 2.0)"}},{"type":"Feature","geometry":{"type":"Point","coordinates":[4.576539,51.214556]},"properties":{"name":null,"waterway":"Albertkanaal","verclr_m":7.54,"horclr_m":49.78,"spans":1,"source":"VNF IENC (Licence Ouverte 2.0)"}},{"type":"Feature","geometry":{"type":"Point","coordinates":[4.599807,51.206996]},"properties":{"name":null,"waterway":"Albertkanaal","verclr_m":9.1,"horclr_m":49.72,"spans":1,"source":"VNF IENC (Licence Ouverte 2.0)"}},{"type":"Feature","geometry":{"type":"Point","coordinates":[4.605165,51.205229]},"properties":{"name":null,"waterway":"Albertkanaal","verclr_m":9.1,"horclr_m":47.0,"spans":1,"source":"VNF IENC (Licence Ouverte 2.0)"}},{"type":"Feature","geometry":{"type":"Point","coordinates":[4.656867,51.19312]},"properties":{"name":null,"waterway":"Albertkanaal","verclr_m":9.1,"horclr_m":68.0,"spans":1,"source":"VNF IENC (Licence Ouverte 2.0)"}},{"type":"Feature","geometry":{"type":"Point","coordinates":[5.401807,50.939938]},"properties":{"name":null,"waterway":"Albertkanaal","verclr_m":8.0,"horclr_m":150.5,"spans":1,"source":"VNF IENC (Licence Ouverte 2.0)"}},{"type":"Feature","geometry":{"type":"Point","coordinates":[5.342869,50.942204]},"properties":{"name":null,"waterway":"Albertkanaal","verclr_m":7.0,"horclr_m":86.4,"spans":1,"source":"VNF IENC (Licence Ouverte 2.0)"}},{"type":"Feature","geometry":{"type":"Point","coordinates":[5.334708,50.941967]},"properties":{"name":null,"waterway":"Albertkanaal","verclr_m":7.6,"horclr_m":27.2,"spans":1,"source":"VNF IENC (Licence Ouverte 2.0)"}},{"type":"Feature","geometry":{"type":"Point","coordinates":[5.312812,50.954581]},"properties":{"name":null,"waterway":"Albertkanaal","verclr_m":7.47,"horclr_m":50.0,"spans":1,"source":"VNF IENC (Licence Ouverte 2.0)"}},{"type":"Feature","geometry":{"type":"Point","coordinates":[5.326528,50.948383]},"properties":{"name":null,"waterway":"Albertkanaal","verclr_m":9.1,"horclr_m":null,"spans":1,"source":"VNF IENC (Licence Ouverte 2.0)"}},{"type":"Feature","geometry":{"type":"Point","coordinates":[3.998744,51.154386]},"properties":{"name":null,"waterway":"Belgium waterway","verclr_m":0.01,"horclr_m":10.46,"spans":1,"source":"VNF IENC (Licence Ouverte 2.0)"}},{"type":"Feature","geometry":{"type":"Point","coordinates":[3.976081,51.133691]},"properties":{"name":null,"waterway":"Belgium waterway","verclr_m":0.01,"horclr_m":16.55,"spans":1,"source":"VNF IENC (Licence Ouverte 2.0)"}},{"type":"Feature","geometry":{"type":"Point","coordinates":[5.194204,51.067277]},"properties":{"name":null,"waterway":"Albertkanaal","verclr_m":9.1,"horclr_m":25.9,"spans":1,"source":"VNF IENC (Licence Ouverte 2.0)"}},{"type":"Feature","geometry":{"type":"Point","coordinates":[5.200384,51.062246]},"properties":{"name":null,"waterway":"Albertkanaal","verclr_m":7.2,"horclr_m":49.62,"spans":1,"source":"VNF IENC (Licence Ouverte 2.0)"}},{"type":"Feature","geometry":{"type":"Point","coordinates":[5.143895,51.09041]},"properties":{"name":null,"waterway":"Albertkanaal","verclr_m":9.1,"horclr_m":94.0,"spans":1,"source":"VNF IENC (Licence Ouverte 2.0)"}},{"type":"Feature","geometry":{"type":"Point","coordinates":[5.170975,51.076769]},"properties":{"name":null,"waterway":"Albertkanaal","verclr_m":9.1,"horclr_m":null,"spans":1,"source":"VNF IENC (Licence Ouverte 2.0)"}},{"type":"Feature","geometry":{"type":"Point","coordinates":[5.127917,51.094908]},"properties":{"name":null,"waterway":"Albertkanaal","verclr_m":9.1,"horclr_m":null,"spans":1,"source":"VNF IENC (Licence Ouverte 2.0)"}},{"type":"Feature","geometry":{"type":"Point","coordinates":[5.163022,51.080724]},"properties":{"name":null,"waterway":"Albertkanaal","verclr_m":10.06,"horclr_m":100.0,"spans":1,"source":"VNF IENC (Licence Ouverte 2.0)"}},{"type":"Feature","geometry":{"type":"Point","coordinates":[5.642667,50.830947]},"properties":{"name":null,"waterway":"Albertkanaal","verclr_m":24.0,"horclr_m":86.0,"spans":1,"source":"VNF IENC (Licence Ouverte 2.0)"}},{"type":"Feature","geometry":{"type":"Point","coordinates":[5.671021,50.810539]},"properties":{"name":null,"waterway":"Albertkanaal","verclr_m":9.1,"horclr_m":86.5,"spans":1,"source":"VNF IENC (Licence Ouverte 2.0)"}},{"type":"Feature","geometry":{"type":"Point","coordinates":[5.638474,50.859546]},"properties":{"name":null,"waterway":"Albertkanaal","verclr_m":17.42,"horclr_m":62.0,"spans":1,"source":"VNF IENC (Licence Ouverte 2.0)"}},{"type":"Feature","geometry":{"type":"Point","coordinates":[3.526363,51.189658]},"properties":{"name":null,"waterway":"Belgium waterway","verclr_m":4.9,"horclr_m":null,"spans":1,"source":"VNF IENC (Licence Ouverte 2.0)"}},{"type":"Feature","geometry":{"type":"Point","coordinates":[3.558503,51.139881]},"properties":{"name":null,"waterway":"Belgium waterway","verclr_m":4.44,"horclr_m":null,"spans":1,"source":"VNF IENC (Licence Ouverte 2.0)"}},{"type":"Feature","geometry":{"type":"Point","coordinates":[3.54704,51.159083]},"properties":{"name":null,"waterway":"Belgium waterway","verclr_m":4.51,"horclr_m":null,"spans":1,"source":"VNF IENC (Licence Ouverte 2.0)"}},{"type":"Feature","geometry":{"type":"Point","coordinates":[3.573653,51.116553]},"properties":{"name":null,"waterway":"Belgium waterway","verclr_m":4.36,"horclr_m":16.37,"spans":1,"source":"VNF IENC (Licence Ouverte 2.0)"}},{"type":"Feature","geometry":{"type":"Point","coordinates":[3.563662,51.129053]},"properties":{"name":null,"waterway":"Belgium waterway","verclr_m":5.21,"horclr_m":null,"spans":1,"source":"VNF IENC (Licence Ouverte 2.0)"}},{"type":"Feature","geometry":{"type":"Point","coordinates":[3.539811,51.170632]},"properties":{"name":null,"waterway":"Belgium waterway","verclr_m":4.36,"horclr_m":null,"spans":1,"source":"VNF IENC (Licence Ouverte 2.0)"}},{"type":"Feature","geometry":{"type":"Point","coordinates":[3.515363,51.204019]},"properties":{"name":null,"waterway":"Belgium waterway","verclr_m":1.86,"horclr_m":null,"spans":1,"source":"VNF IENC (Licence Ouverte 2.0)"}},{"type":"Feature","geometry":{"type":"Point","coordinates":[3.515556,51.204007]},"properties":{"name":null,"waterway":"Belgium waterway","verclr_m":1.86,"horclr_m":null,"spans":1,"source":"VNF IENC (Licence Ouverte 2.0)"}},{"type":"Feature","geometry":{"type":"Point","coordinates":[3.535079,51.177534]},"properties":{"name":null,"waterway":"Belgium waterway","verclr_m":4.58,"horclr_m":null,"spans":1,"source":"VNF IENC (Licence Ouverte 2.0)"}},{"type":"Feature","geometry":{"type":"Point","coordinates":[3.567027,51.104371]},"properties":{"name":null,"waterway":"Belgium waterway","verclr_m":4.5,"horclr_m":null,"spans":1,"source":"VNF IENC (Licence Ouverte 2.0)"}},{"type":"Feature","geometry":{"type":"Point","coordinates":[3.517011,51.201367]},"properties":{"name":null,"waterway":"Belgium waterway","verclr_m":4.34,"horclr_m":null,"spans":1,"source":"VNF IENC (Licence Ouverte 2.0)"}},{"type":"Feature","geometry":{"type":"Point","coordinates":[5.516868,50.924956]},"properties":{"name":null,"waterway":"Albertkanaal","verclr_m":9.17,"horclr_m":86.08,"spans":1,"source":"VNF IENC (Licence Ouverte 2.0)"}},{"type":"Feature","geometry":{"type":"Point","coordinates":[5.500857,50.936893]},"properties":{"name":null,"waterway":"Albertkanaal","verclr_m":7.3,"horclr_m":38.7,"spans":1,"source":"VNF IENC (Licence Ouverte 2.0)"}},{"type":"Feature","geometry":{"type":"Point","coordinates":[5.470793,50.936235]},"properties":{"name":null,"waterway":"Albertkanaal","verclr_m":9.1,"horclr_m":154.66,"spans":1,"source":"VNF IENC (Licence Ouverte 2.0)"}},{"type":"Feature","geometry":{"type":"Point","coordinates":[4.811654,51.17255]},"properties":{"name":null,"waterway":"Albertkanaal","verclr_m":9.1,"horclr_m":50.0,"spans":1,"source":"VNF IENC (Licence Ouverte 2.0)"}},{"type":"Feature","geometry":{"type":"Point","coordinates":[4.807548,51.173205]},"properties":{"name":null,"waterway":"Albertkanaal","verclr_m":7.06,"horclr_m":45.0,"spans":1,"source":"VNF IENC (Licence Ouverte 2.0)"}},{"type":"Feature","geometry":{"type":"Point","coordinates":[4.744891,51.179925]},"properties":{"name":null,"waterway":"Albertkanaal","verclr_m":9.1,"horclr_m":86.0,"spans":1,"source":"VNF IENC (Licence Ouverte 2.0)"}},{"type":"Feature","geometry":{"type":"Point","coordinates":[4.83039,51.167611]},"properties":{"name":null,"waterway":"Albertkanaal","verclr_m":7.55,"horclr_m":50.4,"spans":1,"source":"VNF IENC (Licence Ouverte 2.0)"}},{"type":"Feature","geometry":{"type":"Point","coordinates":[5.242222,50.997301]},"properties":{"name":null,"waterway":"Albertkanaal","verclr_m":7.47,"horclr_m":50.1,"spans":1,"source":"VNF IENC (Licence Ouverte 2.0)"}},{"type":"Feature","geometry":{"type":"Point","coordinates":[5.233033,51.015322]},"properties":{"name":null,"waterway":"Albertkanaal","verclr_m":9.1,"horclr_m":49.69,"spans":1,"source":"VNF IENC (Licence Ouverte 2.0)"}},{"type":"Feature","geometry":{"type":"Point","coordinates":[5.238319,51.009854]},"properties":{"name":null,"waterway":"Albertkanaal","verclr_m":6.6,"horclr_m":26.15,"spans":1,"source":"VNF IENC (Licence Ouverte 2.0)"}},{"type":"Feature","geometry":{"type":"Point","coordinates":[5.217614,51.045267]},"properties":{"name":null,"waterway":"Albertkanaal","verclr_m":7.39,"horclr_m":48.95,"spans":1,"source":"VNF IENC (Licence Ouverte 2.0)"}},{"type":"Feature","geometry":{"type":"Point","coordinates":[5.240234,51.001202]},"properties":{"name":null,"waterway":"Albertkanaal","verclr_m":9.0,"horclr_m":100.0,"spans":1,"source":"VNF IENC (Licence Ouverte 2.0)"}},{"type":"Feature","geometry":{"type":"Point","coordinates":[5.278537,50.970134]},"properties":{"name":null,"waterway":"Albertkanaal","verclr_m":9.1,"horclr_m":null,"spans":1,"source":"VNF IENC (Licence Ouverte 2.0)"}},{"type":"Feature","geometry":{"type":"Point","coordinates":[3.553112,51.0357]},"properties":{"name":null,"waterway":"Belgium waterway","verclr_m":9.54,"horclr_m":null,"spans":1,"source":"VNF IENC (Licence Ouverte 2.0)"}},{"type":"Feature","geometry":{"type":"Point","coordinates":[3.571207,51.065374]},"properties":{"name":null,"waterway":"Belgium waterway","verclr_m":9.38,"horclr_m":21.47,"spans":1,"source":"VNF IENC (Licence Ouverte 2.0)"}},{"type":"Feature","geometry":{"type":"Point","coordinates":[3.571299,51.065614]},"properties":{"name":null,"waterway":"Belgium waterway","verclr_m":9.38,"horclr_m":21.47,"spans":1,"source":"VNF IENC (Licence Ouverte 2.0)"}},{"type":"Feature","geometry":{"type":"Point","coordinates":[3.569503,51.073489]},"properties":{"name":null,"waterway":"Belgium waterway","verclr_m":9.47,"horclr_m":27.03,"spans":1,"source":"VNF IENC (Licence Ouverte 2.0)"}},{"type":"Feature","geometry":{"type":"Point","coordinates":[3.568513,51.057105]},"properties":{"name":null,"waterway":"Belgium waterway","verclr_m":9.32,"horclr_m":28.07,"spans":1,"source":"VNF IENC (Licence Ouverte 2.0)"}},{"type":"Feature","geometry":{"type":"Point","coordinates":[3.566422,51.051218]},"properties":{"name":null,"waterway":"Belgium waterway","verclr_m":7.6,"horclr_m":28.33,"spans":1,"source":"VNF IENC (Licence Ouverte 2.0)"}},{"type":"Feature","geometry":{"type":"Point","coordinates":[3.563911,51.091709]},"properties":{"name":null,"waterway":"Belgium waterway","verclr_m":9.24,"horclr_m":27.71,"spans":1,"source":"VNF IENC (Licence Ouverte 2.0)"}},{"type":"Feature","geometry":{"type":"Point","coordinates":[3.524369,50.989281]},"properties":{"name":null,"waterway":"Belgium waterway","verclr_m":7.98,"horclr_m":27.67,"spans":1,"source":"VNF IENC (Licence Ouverte 2.0)"}},{"type":"Feature","geometry":{"type":"Point","coordinates":[3.521268,50.98661]},"properties":{"name":null,"waterway":"Belgium waterway","verclr_m":8.6,"horclr_m":27.82,"spans":1,"source":"VNF IENC (Licence Ouverte 2.0)"}},{"type":"Feature","geometry":{"type":"Point","coordinates":[4.430941,51.062424]},"properties":{"name":null,"waterway":"Belgium waterway","verclr_m":0.3,"horclr_m":null,"spans":1,"source":"VNF IENC (Licence Ouverte 2.0)"}},{"type":"Feature","geometry":{"type":"Point","coordinates":[4.4714,51.030138]},"properties":{"name":null,"waterway":"Belgium waterway","verclr_m":10.64,"horclr_m":null,"spans":1,"source":"VNF IENC (Licence Ouverte 2.0)"}},{"type":"Feature","geometry":{"type":"Point","coordinates":[4.471529,51.030272]},"properties":{"name":null,"waterway":"Belgium waterway","verclr_m":10.64,"horclr_m":null,"spans":1,"source":"VNF IENC (Licence Ouverte 2.0)"}},{"type":"Feature","geometry":{"type":"Point","coordinates":[4.45015,51.044617]},"properties":{"name":null,"waterway":"Belgium waterway","verclr_m":6.73,"horclr_m":9.5,"spans":1,"source":"VNF IENC (Licence Ouverte 2.0)"}},{"type":"Feature","geometry":{"type":"Point","coordinates":[4.445725,51.048001]},"properties":{"name":null,"waterway":"Belgium waterway","verclr_m":8.19,"horclr_m":12.13,"spans":1,"source":"VNF IENC (Licence Ouverte 2.0)"}},{"type":"Feature","geometry":{"type":"Point","coordinates":[4.423637,51.070301]},"properties":{"name":null,"waterway":"Belgium waterway","verclr_m":8.11,"horclr_m":9.5,"spans":1,"source":"VNF IENC (Licence Ouverte 2.0)"}},{"type":"Feature","geometry":{"type":"Point","coordinates":[4.899081,51.148635]},"properties":{"name":null,"waterway":"Albertkanaal","verclr_m":9.1,"horclr_m":50.0,"spans":1,"source":"VNF IENC (Licence Ouverte 2.0)"}},{"type":"Feature","geometry":{"type":"Point","coordinates":[4.93994,51.136778]},"properties":{"name":null,"waterway":"Albertkanaal","verclr_m":9.1,"horclr_m":50.0,"spans":1,"source":"VNF IENC (Licence Ouverte 2.0)"}},{"type":"Feature","geometry":{"type":"Point","coordinates":[4.845721,51.163328]},"properties":{"name":null,"waterway":"Albertkanaal","verclr_m":9.1,"horclr_m":104.8,"spans":1,"source":"VNF IENC (Licence Ouverte 2.0)"}},{"type":"Feature","geometry":{"type":"Point","coordinates":[5.156074,51.193618]},"properties":{"name":null,"waterway":"Belgium waterway","verclr_m":6.9,"horclr_m":50.0,"spans":1,"source":"VNF IENC (Licence Ouverte 2.0)"}},{"type":"Feature","geometry":{"type":"Point","coordinates":[2.62175,50.919355]},"properties":{"name":null,"waterway":"Belgium waterway","verclr_m":4.72,"horclr_m":2.36,"spans":1,"source":"VNF IENC (Licence Ouverte 2.0)"}},{"type":"Feature","geometry":{"type":"Point","coordinates":[5.222307,51.238124]},"properties":{"name":null,"waterway":"Belgium waterway","verclr_m":5.25,"horclr_m":null,"spans":1,"source":"VNF IENC (Licence Ouverte 2.0)"}},{"type":"Feature","geometry":{"type":"Point","coordinates":[2.758324,51.135516]},"properties":{"name":null,"waterway":"Canal Nieuwpoort\u2013Dunkerque","verclr_m":6.9,"horclr_m":14.35,"spans":1,"source":"VNF IENC (Licence Ouverte 2.0)"}},{"type":"Feature","geometry":{"type":"Point","coordinates":[2.754915,51.134663]},"properties":{"name":null,"waterway":"Canal Nieuwpoort\u2013Dunkerque","verclr_m":8.43,"horclr_m":15.93,"spans":1,"source":"VNF IENC (Licence Ouverte 2.0)"}},{"type":"Feature","geometry":{"type":"Point","coordinates":[5.232729,51.224947]},"properties":{"name":null,"waterway":"Belgium waterway","verclr_m":6.0,"horclr_m":16.2,"spans":1,"source":"VNF IENC (Licence Ouverte 2.0)"}},{"type":"Feature","geometry":{"type":"Point","coordinates":[5.22517,51.23792]},"properties":{"name":null,"waterway":"Belgium waterway","verclr_m":5.25,"horclr_m":9.7,"spans":1,"source":"VNF IENC (Licence Ouverte 2.0)"}},{"type":"Feature","geometry":{"type":"Point","coordinates":[3.268827,50.83469]},"properties":{"name":null,"waterway":"Leie","verclr_m":7.37,"horclr_m":null,"spans":1,"source":"VNF IENC (Licence Ouverte 2.0)"}},{"type":"Feature","geometry":{"type":"Point","coordinates":[3.269716,50.834463]},"properties":{"name":null,"waterway":"Leie","verclr_m":7.37,"horclr_m":null,"spans":1,"source":"VNF IENC (Licence Ouverte 2.0)"}},{"type":"Feature","geometry":{"type":"Point","coordinates":[4.417669,50.924588]},"properties":{"name":null,"waterway":"Belgium waterway","verclr_m":22.28,"horclr_m":11.04,"spans":1,"source":"VNF IENC (Licence Ouverte 2.0)"}},{"type":"Feature","geometry":{"type":"Point","coordinates":[4.418592,50.924885]},"properties":{"name":null,"waterway":"Belgium waterway","verclr_m":22.28,"horclr_m":11.04,"spans":1,"source":"VNF IENC (Licence Ouverte 2.0)"}},{"type":"Feature","geometry":{"type":"Point","coordinates":[4.354005,51.086681]},"properties":{"name":null,"waterway":"Belgium waterway","verclr_m":6.96,"horclr_m":21.12,"spans":1,"source":"VNF IENC (Licence Ouverte 2.0)"}},{"type":"Feature","geometry":{"type":"Point","coordinates":[4.35367,51.086483]},"properties":{"name":null,"waterway":"Belgium waterway","verclr_m":6.96,"horclr_m":25.25,"spans":1,"source":"VNF IENC (Licence Ouverte 2.0)"}},{"type":"Feature","geometry":{"type":"Point","coordinates":[4.360863,51.085111]},"properties":{"name":null,"waterway":"Belgium waterway","verclr_m":10.17,"horclr_m":29.46,"spans":1,"source":"VNF IENC (Licence Ouverte 2.0)"}},{"type":"Feature","geometry":{"type":"Point","coordinates":[4.359779,51.083849]},"properties":{"name":null,"waterway":"Belgium waterway","verclr_m":10.17,"horclr_m":31.37,"spans":1,"source":"VNF IENC (Licence Ouverte 2.0)"}}]}