{"type":"FeatureCollection","features":[{"type":"Feature","geometry":{"type":"Point","coordinates":[8.11315,48.831207]},"properties":{"name":"\u00c9cluses de Iffezheim","waterway":"Rhine","length_m":270.0,"width_m":24.0,"rise_m":null,"source":"VNF IENC (Licence Ouverte 2.0)"}},{"type":"Feature","geometry":{"type":"Point","coordinates":[4.835412,45.847281]},"properties":{"name":"\u00e9cluse de Couzon","waterway":"Sa\u00f4ne","length_m":185.0,"width_m":12.0,"rise_m":null,"source":"VNF IENC (Licence Ouverte 2.0)"}},{"type":"Feature","geometry":{"type":"Point","coordinates":[4.811385,45.912217]},"properties":{"name":"Ancienne \u00e9cluse de Port Bernalin","waterway":"Sa\u00f4ne","length_m":185.0,"width_m":12.0,"rise_m":null,"source":"VNF IENC (Licence Ouverte 2.0)"}},{"type":"Feature","geometry":{"type":"Point","coordinates":[4.834966,45.847183]},"properties":{"name":null,"waterway":"Sa\u00f4ne","length_m":9999.0,"width_m":9999.0,"rise_m":null,"source":"VNF IENC (Licence Ouverte 2.0)"}},{"type":"Feature","geometry":{"type":"Point","coordinates":[2.991065,50.760635]},"properties":{"name":"Ecluse de Comines","waterway":"Canal Dunkerque\u2013Escaut","length_m":185.0,"width_m":12.5,"rise_m":null,"source":"VNF IENC (Licence Ouverte 2.0)"}},{"type":"Feature","geometry":{"type":"Point","coordinates":[3.100968,50.780777]},"properties":{"name":"Ecluse de Menin","waterway":"Canal Dunkerque\u2013Escaut","length_m":195.0,"width_m":12.5,"rise_m":null,"source":"VNF IENC (Licence Ouverte 2.0)"}},{"type":"Feature","geometry":{"type":"Point","coordinates":[3.46337,50.482335]},"properties":{"name":"Ecluse n\u00b06 de Thun","waterway":"Canal Dunkerque\u2013Escaut","length_m":6.05,"width_m":40.0,"rise_m":null,"source":"VNF IENC (Licence Ouverte 2.0)"}},{"type":"Feature","geometry":{"type":"Point","coordinates":[7.911071,48.684994]},"properties":{"name":"\u00c9cluses de Gambsheim","waterway":"Rhine","length_m":270.0,"width_m":24.0,"rise_m":null,"source":"VNF IENC (Licence Ouverte 2.0)"}},{"type":"Feature","geometry":{"type":"Point","coordinates":[1.526923,49.056502]},"properties":{"name":null,"waterway":"Seine","length_m":141.0,"width_m":12.0,"rise_m":null,"source":"VNF IENC (Licence Ouverte 2.0)"}},{"type":"Feature","geometry":{"type":"Point","coordinates":[7.571848,47.910432]},"properties":{"name":"\u00c9cluses de Fessenheim","waterway":"Rhine","length_m":183.0,"width_m":11.45,"rise_m":null,"source":"VNF IENC (Licence Ouverte 2.0)"}},{"type":"Feature","geometry":{"type":"Point","coordinates":[7.57142,47.910493]},"properties":{"name":"\u00c9cluses de Fessenheim","waterway":"Rhine","length_m":183.0,"width_m":22.8,"rise_m":null,"source":"VNF IENC (Licence Ouverte 2.0)"}},{"type":"Feature","geometry":{"type":"Point","coordinates":[2.754342,50.52249]},"properties":{"name":"Ecluse de Cuinchy","waterway":"Canal Dunkerque\u2013Escaut","length_m":140.0,"width_m":11.4,"rise_m":null,"source":"VNF IENC (Licence Ouverte 2.0)"}},{"type":"Feature","geometry":{"type":"Point","coordinates":[5.964512,48.708263]},"properties":{"name":"Ecluse de FONTENOY","waterway":"Moselle","length_m":179.86,"width_m":12.0,"rise_m":4.4,"source":"VNF IENC (Licence Ouverte 2.0)"}},{"type":"Feature","geometry":{"type":"Point","coordinates":[5.894934,48.670614]},"properties":{"name":"Ecluse de TOUL","waterway":"Moselle","length_m":188.44,"width_m":12.0,"rise_m":4.4,"source":"VNF IENC (Licence Ouverte 2.0)"}},{"type":"Feature","geometry":{"type":"Point","coordinates":[5.89497,48.671233]},"properties":{"name":"Petite Ecluse de TOUL","waterway":"Moselle","length_m":38.5,"width_m":6.0,"rise_m":4.4,"source":"VNF IENC (Licence Ouverte 2.0)"}},{"type":"Feature","geometry":{"type":"Point","coordinates":[5.975262,48.649764]},"properties":{"name":"Ecluse de VILLEY-LE-SEC","waterway":"Moselle","length_m":184.54,"width_m":12.0,"rise_m":7.2,"source":"VNF IENC (Licence Ouverte 2.0)"}},{"type":"Feature","geometry":{"type":"Point","coordinates":[5.904278,48.683866]},"properties":{"name":"Sas \u00e9cluse n\u00b027 bis de Toul CMRO","waterway":"Moselle","length_m":39.0,"width_m":5.1,"rise_m":null,"source":"VNF IENC (Licence Ouverte 2.0)"}},{"type":"Feature","geometry":{"type":"Point","coordinates":[5.863229,48.675206]},"properties":{"name":"Sas \u00e9cluse n\u00b023 d' Ecrouves CMRO","waterway":"Moselle","length_m":39.0,"width_m":5.1,"rise_m":null,"source":"VNF IENC (Licence Ouverte 2.0)"}},{"type":"Feature","geometry":{"type":"Point","coordinates":[5.8723,48.677203]},"properties":{"name":"Sas \u00e9cluse n\u00b024 d' Ecrouves CMRO","waterway":"Moselle","length_m":39.0,"width_m":5.1,"rise_m":null,"source":"VNF IENC (Licence Ouverte 2.0)"}},{"type":"Feature","geometry":{"type":"Point","coordinates":[5.881955,48.677715]},"properties":{"name":"Sas \u00e9cluse n\u00b025 de Toul CMRO","waterway":"Moselle","length_m":39.0,"width_m":5.1,"rise_m":null,"source":"VNF IENC (Licence Ouverte 2.0)"}},{"type":"Feature","geometry":{"type":"Point","coordinates":[5.885764,48.67808]},"properties":{"name":"Sas \u00e9cluse n\u00b026 de Toul CMRO","waterway":"Moselle","length_m":39.0,"width_m":5.1,"rise_m":null,"source":"VNF IENC (Licence Ouverte 2.0)"}},{"type":"Feature","geometry":{"type":"Point","coordinates":[5.899725,48.683608]},"properties":{"name":"Sas \u00e9cluse n\u00b027 de Toul CMRO","waterway":"Moselle","length_m":39.0,"width_m":5.1,"rise_m":null,"source":"VNF IENC (Licence Ouverte 2.0)"}},{"type":"Feature","geometry":{"type":"Point","coordinates":[7.578315,48.019348]},"properties":{"name":"\u00c9cluses de Vogelgrun","waterway":"Rhine","length_m":183.0,"width_m":22.8,"rise_m":null,"source":"VNF IENC (Licence Ouverte 2.0)"}},{"type":"Feature","geometry":{"type":"Point","coordinates":[7.578654,48.019532]},"properties":{"name":"\u00c9cluses de Vogelgrun","waterway":"Rhine","length_m":183.0,"width_m":11.45,"rise_m":null,"source":"VNF IENC (Licence Ouverte 2.0)"}},{"type":"Feature","geometry":{"type":"Point","coordinates":[7.584669,48.021677]},"properties":{"name":"\u00c9cluse \u00e0 Barrage agricole de Breisach","waterway":"Rhine","length_m":67.0,"width_m":8.2,"rise_m":null,"source":"VNF IENC (Licence Ouverte 2.0)"}},{"type":"Feature","geometry":{"type":"Point","coordinates":[7.564621,48.033761]},"properties":{"name":"\u00c9cluse de Neuf-Brisach","waterway":"Rhine","length_m":40.0,"width_m":6.0,"rise_m":null,"source":"VNF IENC (Licence Ouverte 2.0)"}},{"type":"Feature","geometry":{"type":"Point","coordinates":[1.386748,49.166966]},"properties":{"name":"Ecluse de Notre Dame de la Garenne","waterway":"Seine","length_m":141.0,"width_m":12.0,"rise_m":null,"source":"VNF IENC (Licence Ouverte 2.0)"}},{"type":"Feature","geometry":{"type":"Point","coordinates":[1.387872,49.167029]},"properties":{"name":"Ecluse de Notre Dame de la Garenne","waterway":"Seine","length_m":185.0,"width_m":24.0,"rise_m":null,"source":"VNF IENC (Licence Ouverte 2.0)"}},{"type":"Feature","geometry":{"type":"Point","coordinates":[1.387777,49.16765]},"properties":{"name":"Ecluse de Notre Dame de la Garenne","waterway":"Seine","length_m":185.0,"width_m":12.0,"rise_m":null,"source":"VNF IENC (Licence Ouverte 2.0)"}},{"type":"Feature","geometry":{"type":"Point","coordinates":[2.917405,50.545983]},"properties":{"name":"Ecluse de Don","waterway":"Canal Dunkerque\u2013Escaut","length_m":144.6,"width_m":12.0,"rise_m":null,"source":"VNF IENC (Licence Ouverte 2.0)"}},{"type":"Feature","geometry":{"type":"Point","coordinates":[2.917921,50.550847]},"properties":{"name":"Ancienne \u00e9cluse de Don","waterway":"Canal Dunkerque\u2013Escaut","length_m":38.5,"width_m":5.05,"rise_m":null,"source":"VNF IENC (Licence Ouverte 2.0)"}},{"type":"Feature","geometry":{"type":"Point","coordinates":[7.79446,48.524755]},"properties":{"name":"\u00c9cluses de Strasbourg","waterway":"Rhine","length_m":185.0,"width_m":22.9,"rise_m":null,"source":"VNF IENC (Licence Ouverte 2.0)"}},{"type":"Feature","geometry":{"type":"Point","coordinates":[6.105231,48.607277]},"properties":{"name":"Ecluse de NEUVES-MAISONS","waterway":"Moselle","length_m":184.46,"width_m":12.0,"rise_m":7.1,"source":"VNF IENC (Licence Ouverte 2.0)"}},{"type":"Feature","geometry":{"type":"Point","coordinates":[6.128736,48.609703]},"properties":{"name":"Sas \u00e9cluse n\u00b047 de Messein CVOSGES","waterway":"Moselle","length_m":39.0,"width_m":5.1,"rise_m":null,"source":"VNF IENC (Licence Ouverte 2.0)"}},{"type":"Feature","geometry":{"type":"Point","coordinates":[2.209845,50.841215]},"properties":{"name":"Ecluse n\u00b01 de Watten dite de Holque-Watten","waterway":"Canal Dunkerque\u2013Escaut","length_m":144.6,"width_m":12.0,"rise_m":null,"source":"VNF IENC (Licence Ouverte 2.0)"}},{"type":"Feature","geometry":{"type":"Point","coordinates":[2.358316,49.148965]},"properties":{"name":"Ecluse n\u00b05 de Boran","waterway":"Oise","length_m":120.0,"width_m":11.4,"rise_m":null,"source":"VNF IENC (Licence Ouverte 2.0)"}},{"type":"Feature","geometry":{"type":"Point","coordinates":[2.358638,49.148938]},"properties":{"name":"Ecluse n\u00b05 de Boran","waterway":"Oise","length_m":180.0,"width_m":11.4,"rise_m":null,"source":"VNF IENC (Licence Ouverte 2.0)"}},{"type":"Feature","geometry":{"type":"Point","coordinates":[2.451662,49.243717]},"properties":{"name":"Ecluse n\u00b04 de Creil","waterway":"Oise","length_m":120.0,"width_m":11.4,"rise_m":null,"source":"VNF IENC (Licence Ouverte 2.0)"}},{"type":"Feature","geometry":{"type":"Point","coordinates":[6.166321,49.344101]},"properties":{"name":"Ecluse de THIONVILLE","waterway":"Moselle","length_m":174.84,"width_m":12.0,"rise_m":4.28,"source":"VNF IENC (Licence Ouverte 2.0)"}},{"type":"Feature","geometry":{"type":"Point","coordinates":[6.165614,49.345592]},"properties":{"name":"Petite Ecluse de THIONVILLE","waterway":"Moselle","length_m":38.5,"width_m":5.9,"rise_m":4.28,"source":"VNF IENC (Licence Ouverte 2.0)"}},{"type":"Feature","geometry":{"type":"Point","coordinates":[6.083061,49.073499]},"properties":{"name":"Ecluse de ARS-SUR-MOSELLE","waterway":"Moselle","length_m":175.07,"width_m":12.0,"rise_m":4.02,"source":"VNF IENC (Licence Ouverte 2.0)"}},{"type":"Feature","geometry":{"type":"Point","coordinates":[2.165042,48.8943]},"properties":{"name":"Ecluse de Chatou","waterway":"Seine","length_m":185.0,"width_m":18.0,"rise_m":null,"source":"VNF IENC (Licence Ouverte 2.0)"}},{"type":"Feature","geometry":{"type":"Point","coordinates":[2.128994,48.870899]},"properties":{"name":"Grande \u00e9cluse de Bougival","waterway":"Seine","length_m":219.6,"width_m":12.0,"rise_m":null,"source":"VNF IENC (Licence Ouverte 2.0)"}},{"type":"Feature","geometry":{"type":"Point","coordinates":[2.130011,48.870424]},"properties":{"name":"Petite \u00e9cluse de Bougival","waterway":"Seine","length_m":51.0,"width_m":8.2,"rise_m":null,"source":"VNF IENC (Licence Ouverte 2.0)"}},{"type":"Feature","geometry":{"type":"Point","coordinates":[2.131571,48.869874]},"properties":{"name":"Ecluse non exploit\u00e9e de Bougival","waterway":"Seine","length_m":113.5,"width_m":12.0,"rise_m":null,"source":"VNF IENC (Licence Ouverte 2.0)"}},{"type":"Feature","geometry":{"type":"Point","coordinates":[2.061871,48.977374]},"properties":{"name":"Nouvelle \u00e9cluse d'Andr\u00e9sy","waterway":"Seine","length_m":185.0,"width_m":24.0,"rise_m":null,"source":"VNF IENC (Licence Ouverte 2.0)"}},{"type":"Feature","geometry":{"type":"Point","coordinates":[2.061637,48.977624]},"properties":{"name":"Ecluse d'Andr\u00e9sy","waterway":"Seine","length_m":160.0,"width_m":12.0,"rise_m":null,"source":"VNF IENC (Licence Ouverte 2.0)"}},{"type":"Feature","geometry":{"type":"Point","coordinates":[2.045608,48.950695]},"properties":{"name":"Ancienne \u00e9cluse de Carri\u00e8res-Sous-Poissy","waterway":"Seine","length_m":141.0,"width_m":12.0,"rise_m":null,"source":"VNF IENC (Licence Ouverte 2.0)"}},{"type":"Feature","geometry":{"type":"Point","coordinates":[6.167518,49.128761]},"properties":{"name":"Ecluse de METZ","waterway":"Moselle","length_m":175.12,"width_m":12.0,"rise_m":4.6,"source":"VNF IENC (Licence Ouverte 2.0)"}},{"type":"Feature","geometry":{"type":"Point","coordinates":[6.167896,49.129435]},"properties":{"name":"Petite Ecluse de METZ","waterway":"Moselle","length_m":38.5,"width_m":6.0,"rise_m":4.6,"source":"VNF IENC (Licence Ouverte 2.0)"}},{"type":"Feature","geometry":{"type":"Point","coordinates":[6.181829,49.280604]},"properties":{"name":"Ecluse de l'ORNE-RICHEMONT","waterway":"Moselle","length_m":175.18,"width_m":12.0,"rise_m":4.35,"source":"VNF IENC (Licence Ouverte 2.0)"}},{"type":"Feature","geometry":{"type":"Point","coordinates":[6.182273,49.281083]},"properties":{"name":"Petite Ecluse de l'ORNE-RICHEMONT","waterway":"Moselle","length_m":38.5,"width_m":6.0,"rise_m":4.35,"source":"VNF IENC (Licence Ouverte 2.0)"}},{"type":"Feature","geometry":{"type":"Point","coordinates":[6.183095,49.227551]},"properties":{"name":"Ecluse de TALANGE","waterway":"Moselle","length_m":175.28,"width_m":12.0,"rise_m":3.15,"source":"VNF IENC (Licence Ouverte 2.0)"}},{"type":"Feature","geometry":{"type":"Point","coordinates":[6.183629,49.228466]},"properties":{"name":"Petite Ecluse de TALANGE","waterway":"Moselle","length_m":38.5,"width_m":6.0,"rise_m":3.15,"source":"VNF IENC (Licence Ouverte 2.0)"}},{"type":"Feature","geometry":{"type":"Point","coordinates":[2.613821,49.306193]},"properties":{"name":"Ecluse n\u00b03 de Sarron","waterway":"Oise","length_m":120.0,"width_m":11.4,"rise_m":null,"source":"VNF IENC (Licence Ouverte 2.0)"}},{"type":"Feature","geometry":{"type":"Point","coordinates":[2.61564,49.306733]},"properties":{"name":"Ecluse n\u00b03 de Sarron","waterway":"Oise","length_m":180.0,"width_m":11.4,"rise_m":null,"source":"VNF IENC (Licence Ouverte 2.0)"}},{"type":"Feature","geometry":{"type":"Point","coordinates":[2.213386,49.118675]},"properties":{"name":"Ecluse de l'Isle-Adam","waterway":"Oise","length_m":185.0,"width_m":12.0,"rise_m":null,"source":"VNF IENC (Licence Ouverte 2.0)"}},{"type":"Feature","geometry":{"type":"Point","coordinates":[2.213562,49.11807]},"properties":{"name":"Ecluse n\u00b06 de l'Isle-Adam","waterway":"Oise","length_m":125.0,"width_m":12.0,"rise_m":null,"source":"VNF IENC (Licence Ouverte 2.0)"}},{"type":"Feature","geometry":{"type":"Point","coordinates":[7.679084,48.280662]},"properties":{"name":"\u00c9cluses de Rhinau","waterway":"Rhine","length_m":183.0,"width_m":11.45,"rise_m":null,"source":"VNF IENC (Licence Ouverte 2.0)"}},{"type":"Feature","geometry":{"type":"Point","coordinates":[7.504594,47.704112]},"properties":{"name":"\u00c9cluse secondaire de Niffer","waterway":"Canal du Rh\u00f4ne au Rhin","length_m":85.0,"width_m":12.0,"rise_m":null,"source":"VNF IENC (Licence Ouverte 2.0)"}},{"type":"Feature","geometry":{"type":"Point","coordinates":[7.502405,47.710742]},"properties":{"name":"\u00c9cluse principale de Niffer-Mulhouse","waterway":"Canal du Rh\u00f4ne au Rhin","length_m":190.0,"width_m":12.0,"rise_m":null,"source":"VNF IENC (Licence Ouverte 2.0)"}},{"type":"Feature","geometry":{"type":"Point","coordinates":[3.301559,50.267298]},"properties":{"name":"Ecluse n\u00b06 de Pont-Malin","waterway":"Canal Dunkerque\u2013Escaut","length_m":144.6,"width_m":12.0,"rise_m":null,"source":"VNF IENC (Licence Ouverte 2.0)"}},{"type":"Feature","geometry":{"type":"Point","coordinates":[1.889458,48.995686]},"properties":{"name":"Ancienne \u00e9cluse des Mureaux dite d'Hardicourt","waterway":"Seine","length_m":42.0,"width_m":8.0,"rise_m":null,"source":"VNF IENC (Licence Ouverte 2.0)"}},{"type":"Feature","geometry":{"type":"Point","coordinates":[1.887738,48.994677]},"properties":{"name":"Ancienne \u00e9cluse des Mureaux","waterway":"Seine","length_m":141.0,"width_m":12.0,"rise_m":null,"source":"VNF IENC (Licence Ouverte 2.0)"}},{"type":"Feature","geometry":{"type":"Point","coordinates":[2.232831,48.870987]},"properties":{"name":"Ecluse de Rive Gauche de Suresnes","waterway":"Seine","length_m":160.5,"width_m":17.0,"rise_m":null,"source":"VNF IENC (Licence Ouverte 2.0)"}},{"type":"Feature","geometry":{"type":"Point","coordinates":[2.233033,48.870888]},"properties":{"name":"Petite \u00e9cluse de Suresnes","waterway":"Seine","length_m":160.5,"width_m":12.0,"rise_m":null,"source":"VNF IENC (Licence Ouverte 2.0)"}},{"type":"Feature","geometry":{"type":"Point","coordinates":[2.232884,48.870329]},"properties":{"name":"Nouvelle \u00e9cluse de Suresnes","waterway":"Seine","length_m":180.0,"width_m":18.0,"rise_m":null,"source":"VNF IENC (Licence Ouverte 2.0)"}},{"type":"Feature","geometry":{"type":"Point","coordinates":[6.929772,49.240594]},"properties":{"name":"Saarbr\u00fccken","waterway":"Saar","length_m":190.0,"width_m":12.04,"rise_m":null,"source":"VNF IENC (Licence Ouverte 2.0)"}},{"type":"Feature","geometry":{"type":"Point","coordinates":[6.929323,49.240692]},"properties":{"name":"Saarbr\u00fccken","waterway":"Saar","length_m":190.0,"width_m":12.04,"rise_m":null,"source":"VNF IENC (Licence Ouverte 2.0)"}},{"type":"Feature","geometry":{"type":"Point","coordinates":[6.928004,49.240982]},"properties":{"name":"Saarbr\u00fccken","waterway":"Saar","length_m":190.0,"width_m":12.04,"rise_m":null,"source":"VNF IENC (Licence Ouverte 2.0)"}},{"type":"Feature","geometry":{"type":"Point","coordinates":[5.258526,47.102703]},"properties":{"name":"\u00e9cluse St-Jean-de-Losne","waterway":"Sa\u00f4ne","length_m":38.6,"width_m":5.0,"rise_m":null,"source":"VNF IENC (Licence Ouverte 2.0)"}},{"type":"Feature","geometry":{"type":"Point","coordinates":[5.313635,47.107676]},"properties":{"name":"\u00e9cluse St-Symphorien","waterway":"Sa\u00f4ne","length_m":43.15,"width_m":5.22,"rise_m":null,"source":"VNF IENC (Licence Ouverte 2.0)"}},{"type":"Feature","geometry":{"type":"Point","coordinates":[5.315857,47.105016]},"properties":{"name":"Ecluse de Laperri\u00e8re","waterway":"Sa\u00f4ne","length_m":43.3,"width_m":5.33,"rise_m":null,"source":"VNF IENC (Licence Ouverte 2.0)"}},{"type":"Feature","geometry":{"type":"Point","coordinates":[5.318811,47.099992]},"properties":{"name":"Ecluse de la Tuilerie","waterway":"Sa\u00f4ne","length_m":43.45,"width_m":5.2,"rise_m":null,"source":"VNF IENC (Licence Ouverte 2.0)"}},{"type":"Feature","geometry":{"type":"Point","coordinates":[5.234073,47.087474]},"properties":{"name":"Ancienne \u00e9cluse de Chaugey dite de d\u00e9rivation de Saint Jean de Losnes","waterway":"Sa\u00f4ne","length_m":9999.0,"width_m":9999.0,"rise_m":null,"source":"VNF IENC (Licence Ouverte 2.0)"}},{"type":"Feature","geometry":{"type":"Point","coordinates":[2.307406,50.728608]},"properties":{"name":"Ecluse des Fontinettes","waterway":"Canal Dunkerque\u2013Escaut","length_m":144.0,"width_m":12.0,"rise_m":null,"source":"VNF IENC (Licence Ouverte 2.0)"}},{"type":"Feature","geometry":{"type":"Point","coordinates":[2.294964,50.743358]},"properties":{"name":"Ecluse de Flandres","waterway":"Canal Dunkerque\u2013Escaut","length_m":144.6,"width_m":12.0,"rise_m":null,"source":"VNF IENC (Licence Ouverte 2.0)"}},{"type":"Feature","geometry":{"type":"Point","coordinates":[2.270244,50.748647]},"properties":{"name":"Ecluse du Saint-Bertin","waterway":"Canal Dunkerque\u2013Escaut","length_m":38.5,"width_m":5.05,"rise_m":null,"source":"VNF IENC (Licence Ouverte 2.0)"}},{"type":"Feature","geometry":{"type":"Point","coordinates":[2.261276,50.765802]},"properties":{"name":"Ecluse du Haut pont","waterway":"Canal Dunkerque\u2013Escaut","length_m":38.5,"width_m":5.05,"rise_m":null,"source":"VNF IENC (Licence Ouverte 2.0)"}},{"type":"Feature","geometry":{"type":"Point","coordinates":[4.95328,46.654502]},"properties":{"name":"Ancienne \u00e9cluse de Gigny","waterway":"Sa\u00f4ne","length_m":160.0,"width_m":16.1,"rise_m":null,"source":"VNF IENC (Licence Ouverte 2.0)"}},{"type":"Feature","geometry":{"type":"Point","coordinates":[4.943439,46.513467]},"properties":{"name":"Ecluse de la Truch\u00e8re","waterway":"Sa\u00f4ne","length_m":30.4,"width_m":5.17,"rise_m":null,"source":"VNF IENC (Licence Ouverte 2.0)"}},{"type":"Feature","geometry":{"type":"Point","coordinates":[2.668098,51.070605]},"properties":{"name":"Nieuwpoortsluis te Veurne","waterway":"Canal Nieuwpoort\u2013Dunkerque","length_m":38.5,"width_m":5.1,"rise_m":null,"source":"VNF IENC (Licence Ouverte 2.0)"}},{"type":"Feature","geometry":{"type":"Point","coordinates":[4.947972,46.619312]},"properties":{"name":"\u00e9cluse d'Ormes","waterway":"Sa\u00f4ne","length_m":185.0,"width_m":12.0,"rise_m":null,"source":"VNF IENC (Licence Ouverte 2.0)"}},{"type":"Feature","geometry":{"type":"Point","coordinates":[3.072149,50.376269]},"properties":{"name":"Ecluse de Douai","waterway":"Canal Dunkerque\u2013Escaut","length_m":89.0,"width_m":11.4,"rise_m":null,"source":"VNF IENC (Licence Ouverte 2.0)"}},{"type":"Feature","geometry":{"type":"Point","coordinates":[3.101304,50.391166]},"properties":{"name":"Ecluse n\u00b01 du Fort-de-Scarpe","waterway":"Canal Dunkerque\u2013Escaut","length_m":40.7,"width_m":5.2,"rise_m":null,"source":"VNF IENC (Licence Ouverte 2.0)"}},{"type":"Feature","geometry":{"type":"Point","coordinates":[7.526101,47.768645]},"properties":{"name":"\u00c9cluses de Ottmarsheim","waterway":"Rhine","length_m":183.0,"width_m":22.8,"rise_m":null,"source":"VNF IENC (Licence Ouverte 2.0)"}},{"type":"Feature","geometry":{"type":"Point","coordinates":[7.526528,47.768699]},"properties":{"name":"\u00c9cluses de Ottmarsheim","waterway":"Rhine","length_m":183.0,"width_m":11.45,"rise_m":null,"source":"VNF IENC (Licence Ouverte 2.0)"}},{"type":"Feature","geometry":{"type":"Point","coordinates":[3.100978,50.780789]},"properties":{"name":"Nieuwe stuwsluis Menen kolk","waterway":"Leie","length_m":86.0,"width_m":10.3,"rise_m":null,"source":"VNF IENC (Licence Ouverte 2.0)"}},{"type":"Feature","geometry":{"type":"Point","coordinates":[7.029627,49.166085]},"properties":{"name":"Grosbliederstroff (N\u00b0 30)","waterway":"Saar","length_m":38.5,"width_m":5.1,"rise_m":null,"source":"VNF IENC (Licence Ouverte 2.0)"}},{"type":"Feature","geometry":{"type":"Point","coordinates":[7.045462,49.117368]},"properties":{"name":"Welferding (N\u00b0 29)","waterway":"Saar","length_m":38.5,"width_m":5.1,"rise_m":null,"source":"VNF IENC (Licence Ouverte 2.0)"}},{"type":"Feature","geometry":{"type":"Point","coordinates":[7.067304,49.113503]},"properties":{"name":"Saargem\u00fcnd (N\u00b0 28)","waterway":"Saar","length_m":38.5,"width_m":5.1,"rise_m":null,"source":"VNF IENC (Licence Ouverte 2.0)"}},{"type":"Feature","geometry":{"type":"Point","coordinates":[7.025039,49.199111]},"properties":{"name":"G\u00fcdingen","waterway":"Saar","length_m":39.0,"width_m":5.15,"rise_m":null,"source":"VNF IENC (Licence Ouverte 2.0)"}},{"type":"Feature","geometry":{"type":"Point","coordinates":[4.799109,46.156363]},"properties":{"name":"\u00e9cluse de Drac\u00e9","waterway":"Sa\u00f4ne","length_m":185.0,"width_m":12.0,"rise_m":null,"source":"VNF IENC (Licence Ouverte 2.0)"}},{"type":"Feature","geometry":{"type":"Point","coordinates":[4.802466,46.148549]},"properties":{"name":"Ancienne \u00e9cluse de Thoissey dite de Mogneneins","waterway":"Sa\u00f4ne","length_m":160.0,"width_m":16.0,"rise_m":null,"source":"VNF IENC (Licence Ouverte 2.0)"}},{"type":"Feature","geometry":{"type":"Point","coordinates":[3.517523,50.366503]},"properties":{"name":"Ecluse n\u00b012 de Valenciennes dite de Folien","waterway":"Canal Dunkerque\u2013Escaut","length_m":144.6,"width_m":12.0,"rise_m":null,"source":"VNF IENC (Licence Ouverte 2.0)"}},{"type":"Feature","geometry":{"type":"Point","coordinates":[3.475236,50.315419]},"properties":{"name":"Ecluse n\u00b010 de Trith","waterway":"Canal Dunkerque\u2013Escaut","length_m":144.6,"width_m":12.0,"rise_m":null,"source":"VNF IENC (Licence Ouverte 2.0)"}},{"type":"Feature","geometry":{"type":"Point","coordinates":[3.389817,50.318302]},"properties":{"name":"Ecluse n\u00b08 de Denain","waterway":"Canal Dunkerque\u2013Escaut","length_m":144.6,"width_m":12.0,"rise_m":null,"source":"VNF IENC (Licence Ouverte 2.0)"}},{"type":"Feature","geometry":{"type":"Point","coordinates":[7.589922,48.149559]},"properties":{"name":"\u00c9cluses de Marckolsheim","waterway":"Rhine","length_m":183.0,"width_m":11.45,"rise_m":null,"source":"VNF IENC (Licence Ouverte 2.0)"}},{"type":"Feature","geometry":{"type":"Point","coordinates":[2.41441,50.646125]},"properties":{"name":"Ecluse n\u00b01 de Fort-Gassion","waterway":"Canal Dunkerque\u2013Escaut","length_m":38.5,"width_m":5.05,"rise_m":null,"source":"VNF IENC (Licence Ouverte 2.0)"}},{"type":"Feature","geometry":{"type":"Point","coordinates":[2.486558,50.632722]},"properties":{"name":"Ecluse n\u00b02 de Cense \u00e0 Witz","waterway":"Canal Dunkerque\u2013Escaut","length_m":38.5,"width_m":5.05,"rise_m":null,"source":"VNF IENC (Licence Ouverte 2.0)"}},{"type":"Feature","geometry":{"type":"Point","coordinates":[2.267437,51.025261]},"properties":{"name":"Ecluse de Mardyck","waterway":"Canal Dunkerque\u2013Escaut","length_m":114.6,"width_m":12.0,"rise_m":null,"source":"VNF IENC (Licence Ouverte 2.0)"}},{"type":"Feature","geometry":{"type":"Point","coordinates":[2.201084,50.948244]},"properties":{"name":"Ecluse de Bourbourg","waterway":"Canal Dunkerque\u2013Escaut","length_m":38.7,"width_m":5.2,"rise_m":null,"source":"VNF IENC (Licence Ouverte 2.0)"}},{"type":"Feature","geometry":{"type":"Point","coordinates":[7.729285,48.400672]},"properties":{"name":"\u00c9cluses de Gerstheim","waterway":"Rhine","length_m":185.0,"width_m":11.45,"rise_m":null,"source":"VNF IENC (Licence Ouverte 2.0)"}},{"type":"Feature","geometry":{"type":"Point","coordinates":[1.236987,49.312421]},"properties":{"name":"Grande \u00e9cluse d'Amfreville","waterway":"Seine","length_m":220.0,"width_m":17.0,"rise_m":null,"source":"VNF IENC (Licence Ouverte 2.0)"}},{"type":"Feature","geometry":{"type":"Point","coordinates":[1.236465,49.312006]},"properties":{"name":"Moyenne \u00e9cluse d'Amfreville","waterway":"Seine","length_m":141.0,"width_m":12.0,"rise_m":null,"source":"VNF IENC (Licence Ouverte 2.0)"}},{"type":"Feature","geometry":{"type":"Point","coordinates":[1.616818,49.02881]},"properties":{"name":"Ecluse de 165x17 de M\u00e9ricourt","waterway":"Seine","length_m":160.0,"width_m":16.4,"rise_m":null,"source":"VNF IENC (Licence Ouverte 2.0)"}},{"type":"Feature","geometry":{"type":"Point","coordinates":[1.617168,49.028722]},"properties":{"name":"Ecluse de 185x12 de M\u00e9ricourt","waterway":"Seine","length_m":185.0,"width_m":12.0,"rise_m":null,"source":"VNF IENC (Licence Ouverte 2.0)"}},{"type":"Feature","geometry":{"type":"Point","coordinates":[1.616746,49.029284]},"properties":{"name":"Ancienne \u00e9cluse de M\u00e9ricourt","waterway":"Seine","length_m":140.0,"width_m":12.0,"rise_m":null,"source":"VNF IENC (Licence Ouverte 2.0)"}},{"type":"Feature","geometry":{"type":"Point","coordinates":[2.424184,48.816706]},"properties":{"name":"Ecluse de Saint-Maurice","waterway":"Seine","length_m":125.0,"width_m":11.4,"rise_m":null,"source":"VNF IENC (Licence Ouverte 2.0)"}},{"type":"Feature","geometry":{"type":"Point","coordinates":[2.41829,48.798953]},"properties":{"name":"Ecluse RD n\u00b010 de Port-\u00e0-l'Anglais","waterway":"Seine","length_m":180.0,"width_m":16.0,"rise_m":null,"source":"VNF IENC (Licence Ouverte 2.0)"}},{"type":"Feature","geometry":{"type":"Point","coordinates":[2.416899,48.797621]},"properties":{"name":"Ecluse RG n\u00b010 de Port-\u00e0-l'Anglais","waterway":"Seine","length_m":180.0,"width_m":15.0,"rise_m":null,"source":"VNF IENC (Licence Ouverte 2.0)"}},{"type":"Feature","geometry":{"type":"Point","coordinates":[2.457301,48.812819]},"properties":{"name":"Ecluse n\u00b017 de Saint-Maur","waterway":"Seine","length_m":125.0,"width_m":12.0,"rise_m":null,"source":"VNF IENC (Licence Ouverte 2.0)"}},{"type":"Feature","geometry":{"type":"Point","coordinates":[2.470131,48.798276]},"properties":{"name":"Ecluse de Cr\u00e9teil","waterway":"Seine","length_m":125.0,"width_m":12.0,"rise_m":null,"source":"VNF IENC (Licence Ouverte 2.0)"}},{"type":"Feature","geometry":{"type":"Point","coordinates":[2.806652,49.414141]},"properties":{"name":"Ecluse n\u00b01 de Venette","waterway":"Oise","length_m":120.0,"width_m":11.4,"rise_m":null,"source":"VNF IENC (Licence Ouverte 2.0)"}},{"type":"Feature","geometry":{"type":"Point","coordinates":[2.809066,49.413898]},"properties":{"name":"Ecluse n\u00b01 de Venette","waterway":"Oise","length_m":180.0,"width_m":11.4,"rise_m":null,"source":"VNF IENC (Licence Ouverte 2.0)"}},{"type":"Feature","geometry":{"type":"Point","coordinates":[6.122593,48.788868]},"properties":{"name":"Ecluse de CUSTINES","waterway":"Moselle","length_m":175.03,"width_m":12.0,"rise_m":3.85,"source":"VNF IENC (Licence Ouverte 2.0)"}},{"type":"Feature","geometry":{"type":"Point","coordinates":[6.141279,48.761571]},"properties":{"name":"Ecluse de CLEVANT","waterway":"Moselle","length_m":120.0,"width_m":12.0,"rise_m":2.7,"source":"VNF IENC (Licence Ouverte 2.0)"}},{"type":"Feature","geometry":{"type":"Point","coordinates":[6.140575,48.761478]},"properties":{"name":"Petite Ecluse de CLEVANT","waterway":"Moselle","length_m":38.5,"width_m":6.0,"rise_m":2.7,"source":"VNF IENC (Licence Ouverte 2.0)"}},{"type":"Feature","geometry":{"type":"Point","coordinates":[6.116514,48.762323]},"properties":{"name":"Ecluse de POMPEY-FROUARD","waterway":"Moselle","length_m":184.04,"width_m":12.0,"rise_m":2.7,"source":"VNF IENC (Licence Ouverte 2.0)"}},{"type":"Feature","geometry":{"type":"Point","coordinates":[6.142393,48.7571]},"properties":{"name":"Sas Petite Ecluse n\u00b027","waterway":"Moselle","length_m":38.5,"width_m":6.0,"rise_m":null,"source":"VNF IENC (Licence Ouverte 2.0)"}},{"type":"Feature","geometry":{"type":"Point","coordinates":[3.080108,50.315305]},"properties":{"name":"Ecluse de Goeulzin","waterway":"Canal Dunkerque\u2013Escaut","length_m":144.6,"width_m":12.0,"rise_m":null,"source":"VNF IENC (Licence Ouverte 2.0)"}},{"type":"Feature","geometry":{"type":"Point","coordinates":[3.052835,50.342544]},"properties":{"name":"Ecluse de Courchelettes","waterway":"Canal Dunkerque\u2013Escaut","length_m":143.0,"width_m":11.4,"rise_m":null,"source":"VNF IENC (Licence Ouverte 2.0)"}},{"type":"Feature","geometry":{"type":"Point","coordinates":[3.052499,50.342288]},"properties":{"name":"Ecluse de Courchelettes","waterway":"Canal Dunkerque\u2013Escaut","length_m":89.0,"width_m":11.4,"rise_m":null,"source":"VNF IENC (Licence Ouverte 2.0)"}},{"type":"Feature","geometry":{"type":"Point","coordinates":[3.046116,50.336239]},"properties":{"name":"Ecluse n\u00b036 de Corbehem","waterway":"Canal Dunkerque\u2013Escaut","length_m":38.8,"width_m":5.05,"rise_m":null,"source":"VNF IENC (Licence Ouverte 2.0)"}},{"type":"Feature","geometry":{"type":"Point","coordinates":[3.045379,50.647889]},"properties":{"name":"Ecluse du Grand Carr\u00e9","waterway":"Canal Dunkerque\u2013Escaut","length_m":144.6,"width_m":12.0,"rise_m":null,"source":"VNF IENC (Licence Ouverte 2.0)"}},{"type":"Feature","geometry":{"type":"Point","coordinates":[3.013379,50.704337]},"properties":{"name":"Ecluse de Quesnoy","waterway":"Canal Dunkerque\u2013Escaut","length_m":110.0,"width_m":5.7,"rise_m":null,"source":"VNF IENC (Licence Ouverte 2.0)"}},{"type":"Feature","geometry":{"type":"Point","coordinates":[3.067073,50.676126]},"properties":{"name":"Ecluse n\u00b01 de Marquette","waterway":"Canal Dunkerque\u2013Escaut","length_m":38.5,"width_m":5.05,"rise_m":null,"source":"VNF IENC (Licence Ouverte 2.0)"}},{"type":"Feature","geometry":{"type":"Point","coordinates":[6.03094,48.983351]},"properties":{"name":"Ecluse de PAGNY-SUR-MOSELLE","waterway":"Moselle","length_m":175.4,"width_m":12.0,"rise_m":8.65,"source":"VNF IENC (Licence Ouverte 2.0)"}},{"type":"Feature","geometry":{"type":"Point","coordinates":[7.793203,48.58969]},"properties":{"name":null,"waterway":"Rhine","length_m":109.0,"width_m":12.0,"rise_m":null,"source":"VNF IENC (Licence Ouverte 2.0)"}},{"type":"Feature","geometry":{"type":"Point","coordinates":[7.793618,48.589932]},"properties":{"name":null,"waterway":"Rhine","length_m":128.0,"width_m":13.0,"rise_m":null,"source":"VNF IENC (Licence Ouverte 2.0)"}},{"type":"Feature","geometry":{"type":"Point","coordinates":[6.368683,49.467449]},"properties":{"name":"Ecluse de APACH","waterway":"Moselle","length_m":176.36,"width_m":12.0,"rise_m":4.4,"source":"VNF IENC (Licence Ouverte 2.0)"}},{"type":"Feature","geometry":{"type":"Point","coordinates":[6.366211,49.467099]},"properties":{"name":"Ecluse \u00e0 Nacelle bief APACH","waterway":"Moselle","length_m":24.5,"width_m":3.6,"rise_m":null,"source":"VNF IENC (Licence Ouverte 2.0)"}},{"type":"Feature","geometry":{"type":"Point","coordinates":[6.265741,49.39898]},"properties":{"name":"Ecluse de KOENIGSMACKER","waterway":"Moselle","length_m":176.67,"width_m":12.0,"rise_m":3.9,"source":"VNF IENC (Licence Ouverte 2.0)"}},{"type":"Feature","geometry":{"type":"Point","coordinates":[6.258518,49.401039]},"properties":{"name":"Ecluse \u00e0 Nacelle de KOENIGSMACKER","waterway":"Moselle","length_m":21.0,"width_m":3.6,"rise_m":null,"source":"VNF IENC (Licence Ouverte 2.0)"}},{"type":"Feature","geometry":{"type":"Point","coordinates":[3.587862,50.434015]},"properties":{"name":"Ecluse n\u00b014 de Fresnes","waterway":"Canal Dunkerque\u2013Escaut","length_m":144.6,"width_m":12.0,"rise_m":null,"source":"VNF IENC (Licence Ouverte 2.0)"}},{"type":"Feature","geometry":{"type":"Point","coordinates":[3.539412,50.387371]},"properties":{"name":"Ecluse n\u00b013 de la Folie dite de Bruay","waterway":"Canal Dunkerque\u2013Escaut","length_m":144.6,"width_m":12.0,"rise_m":null,"source":"VNF IENC (Licence Ouverte 2.0)"}},{"type":"Feature","geometry":{"type":"Point","coordinates":[6.071254,48.871904]},"properties":{"name":"Ecluse de BLENOD-LES-PAM","waterway":"Moselle","length_m":175.14,"width_m":12.0,"rise_m":5.7,"source":"VNF IENC (Licence Ouverte 2.0)"}},{"type":"Feature","geometry":{"type":"Point","coordinates":[2.096514,49.034675]},"properties":{"name":"Ecluse n\u00b07 de Pontoise","waterway":"Oise","length_m":125.0,"width_m":12.0,"rise_m":null,"source":"VNF IENC (Licence Ouverte 2.0)"}},{"type":"Feature","geometry":{"type":"Point","coordinates":[2.0962,49.035247]},"properties":{"name":"Ecluse n\u00b07 de Pontoise","waterway":"Oise","length_m":185.0,"width_m":12.0,"rise_m":null,"source":"VNF IENC (Licence Ouverte 2.0)"}},{"type":"Feature","geometry":{"type":"Point","coordinates":[2.729564,49.32135]},"properties":{"name":"Ecluse n\u00b02 de Verberie","waterway":"Oise","length_m":120.0,"width_m":11.4,"rise_m":null,"source":"VNF IENC (Licence Ouverte 2.0)"}},{"type":"Feature","geometry":{"type":"Point","coordinates":[6.034531,48.756331]},"properties":{"name":"Ecluse d'AINGERAY","waterway":"Moselle","length_m":184.46,"width_m":12.0,"rise_m":7.3,"source":"VNF IENC (Licence Ouverte 2.0)"}},{"type":"Feature","geometry":{"type":"Point","coordinates":[5.14016,47.005555]},"properties":{"name":"\u00e9cluse de Seurre","waterway":"Sa\u00f4ne","length_m":185.0,"width_m":12.0,"rise_m":null,"source":"VNF IENC (Licence Ouverte 2.0)"}},{"type":"Feature","geometry":{"type":"Point","coordinates":[5.075137,46.94325]},"properties":{"name":"\u00e9cluse d'Ecuelles","waterway":"Sa\u00f4ne","length_m":185.0,"width_m":12.0,"rise_m":null,"source":"VNF IENC (Licence Ouverte 2.0)"}},{"type":"Feature","geometry":{"type":"Point","coordinates":[5.075261,46.934422]},"properties":{"name":"Ancienne \u00e9cluse de d\u00e9rivation de Charnay-les-Chalon","waterway":"Sa\u00f4ne","length_m":185.0,"width_m":12.0,"rise_m":null,"source":"VNF IENC (Licence Ouverte 2.0)"}},{"type":"Feature","geometry":{"type":"Point","coordinates":[5.132445,46.978039]},"properties":{"name":"Ancienne \u00e9cluse de Trugny dite de Seurre","waterway":"Sa\u00f4ne","length_m":38.5,"width_m":5.05,"rise_m":null,"source":"VNF IENC (Licence Ouverte 2.0)"}},{"type":"Feature","geometry":{"type":"Point","coordinates":[5.032307,46.898596]},"properties":{"name":"anc \u00e9cluse de Verdun sur le Doubs","waterway":"Sa\u00f4ne","length_m":185.0,"width_m":12.0,"rise_m":null,"source":"VNF IENC (Licence Ouverte 2.0)"}},{"type":"Feature","geometry":{"type":"Point","coordinates":[5.031756,46.897933]},"properties":{"name":"ancienne \u00e9cluse de Verdun accol\u00e9e au barrage","waterway":"Sa\u00f4ne","length_m":185.0,"width_m":12.0,"rise_m":null,"source":"VNF IENC (Licence Ouverte 2.0)"}},{"type":"Feature","geometry":{"type":"Point","coordinates":[2.251722,50.894329]},"properties":{"name":"Ecluse n\u00b02 de Lynck","waterway":"Canal Dunkerque\u2013Escaut","length_m":38.5,"width_m":8.0,"rise_m":null,"source":"VNF IENC (Licence Ouverte 2.0)"}},{"type":"Feature","geometry":{"type":"Point","coordinates":[7.526051,47.652269]},"properties":{"name":"\u00c9cluses de Kembs","waterway":"Rhine","length_m":180.0,"width_m":22.9,"rise_m":null,"source":"VNF IENC (Licence Ouverte 2.0)"}},{"type":"Feature","geometry":{"type":"Point","coordinates":[7.526497,47.652511]},"properties":{"name":"\u00c9cluses de Kembs","waterway":"Rhine","length_m":186.5,"width_m":22.9,"rise_m":null,"source":"VNF IENC (Licence Ouverte 2.0)"}},{"type":"Feature","geometry":{"type":"Point","coordinates":[1.616818,49.02881]},"properties":{"name":"Ecluse n\u00b02 de M\u00e9ricourt - 165x17m","waterway":"Seine","length_m":160.0,"width_m":16.4,"rise_m":null,"source":"VNF IENC (Licence Ouverte 2.0)"}},{"type":"Feature","geometry":{"type":"Point","coordinates":[1.617168,49.028722]},"properties":{"name":"Ecluse n\u00b03 de M\u00e9ricourt - 185x12m","waterway":"Seine","length_m":185.0,"width_m":12.0,"rise_m":null,"source":"VNF IENC (Licence Ouverte 2.0)"}},{"type":"Feature","geometry":{"type":"Point","coordinates":[1.236987,49.312421]},"properties":{"name":"Ecluse n\u00b03 d'Amfreville - 220x17m","waterway":"Seine","length_m":220.0,"width_m":17.0,"rise_m":null,"source":"VNF IENC (Licence Ouverte 2.0)"}},{"type":"Feature","geometry":{"type":"Point","coordinates":[1.236465,49.312006]},"properties":{"name":"Ecluse n\u00b01 d'Amfreville - 141x12m","waterway":"Seine","length_m":141.0,"width_m":12.0,"rise_m":null,"source":"VNF IENC (Licence Ouverte 2.0)"}},{"type":"Feature","geometry":{"type":"Point","coordinates":[1.386748,49.166966]},"properties":{"name":"Ecluse n\u00b01 de Notre Dame de la Garenne - 141x12m","waterway":"Seine","length_m":141.0,"width_m":12.0,"rise_m":null,"source":"VNF IENC (Licence Ouverte 2.0)"}},{"type":"Feature","geometry":{"type":"Point","coordinates":[1.38746,49.166826]},"properties":{"name":"Ecluse n\u00b02 de Notre Dame de la Garenne - 42x8m","waterway":"Seine","length_m":42.0,"width_m":8.0,"rise_m":null,"source":"VNF IENC (Licence Ouverte 2.0)"}},{"type":"Feature","geometry":{"type":"Point","coordinates":[1.387872,49.167029]},"properties":{"name":"Ecluse n\u00b03 de Notre Dame de la Garenne - 185x24 m","waterway":"Seine","length_m":185.0,"width_m":24.0,"rise_m":null,"source":"VNF IENC (Licence Ouverte 2.0)"}},{"type":"Feature","geometry":{"type":"Point","coordinates":[1.387785,49.167647]},"properties":{"name":"Ecluse n\u00b04 de Notre Dame de la Garenne - 185x12m","waterway":"Seine","length_m":185.0,"width_m":12.0,"rise_m":null,"source":"VNF IENC (Licence Ouverte 2.0)"}},{"type":"Feature","geometry":{"type":"Point","coordinates":[2.061871,48.977374]},"properties":{"name":"Ecluse n\u00b01 d'Andr\u00e9sy - 185x24m","waterway":"Seine","length_m":185.0,"width_m":24.0,"rise_m":null,"source":"VNF IENC (Licence Ouverte 2.0)"}},{"type":"Feature","geometry":{"type":"Point","coordinates":[2.061637,48.977624]},"properties":{"name":"Ecluse n\u00b02 d'Andr\u00e9sy - 160x12m","waterway":"Seine","length_m":160.0,"width_m":12.0,"rise_m":null,"source":"VNF IENC (Licence Ouverte 2.0)"}},{"type":"Feature","geometry":{"type":"Point","coordinates":[2.232831,48.870987]},"properties":{"name":"Ecluse n\u00b01 de Suresnes - 160,5x17m","waterway":"Seine","length_m":160.5,"width_m":17.0,"rise_m":null,"source":"VNF IENC (Licence Ouverte 2.0)"}},{"type":"Feature","geometry":{"type":"Point","coordinates":[2.233033,48.870888]},"properties":{"name":"Ecluse n\u00b02 de Suresnes - 160,5x12m","waterway":"Seine","length_m":160.5,"width_m":12.0,"rise_m":null,"source":"VNF IENC (Licence Ouverte 2.0)"}},{"type":"Feature","geometry":{"type":"Point","coordinates":[2.232884,48.870329]},"properties":{"name":"Ecluse n\u00b03 de Suresnes - 180x18m","waterway":"Seine","length_m":180.0,"width_m":18.0,"rise_m":null,"source":"VNF IENC (Licence Ouverte 2.0)"}},{"type":"Feature","geometry":{"type":"Point","coordinates":[2.128994,48.870899]},"properties":{"name":"Ecluse n\u00b01 de Bougival - 220x12m","waterway":"Seine","length_m":219.6,"width_m":12.0,"rise_m":null,"source":"VNF IENC (Licence Ouverte 2.0)"}},{"type":"Feature","geometry":{"type":"Point","coordinates":[2.130011,48.870424]},"properties":{"name":"Ecluse n\u00b02 de Bougival - 51x8m","waterway":"Seine","length_m":51.0,"width_m":8.2,"rise_m":null,"source":"VNF IENC (Licence Ouverte 2.0)"}},{"type":"Feature","geometry":{"type":"Point","coordinates":[3.188397,48.424465]},"properties":{"name":"Ecluse RG de la Grande Bosse","waterway":"Seine (Amont)","length_m":185.0,"width_m":12.0,"rise_m":null,"source":"VNF IENC (Licence Ouverte 2.0)"}},{"type":"Feature","geometry":{"type":"Point","coordinates":[3.107182,48.392912]},"properties":{"name":"Ecluse n\u00b012 de la Tombe","waterway":"Seine (Amont)","length_m":40.0,"width_m":7.8,"rise_m":null,"source":"VNF IENC (Licence Ouverte 2.0)"}},{"type":"Feature","geometry":{"type":"Point","coordinates":[3.186687,48.41206]},"properties":{"name":"Ecluse n\u00b011 de Bazoches","waterway":"Seine (Amont)","length_m":40.0,"width_m":7.8,"rise_m":null,"source":"VNF IENC (Licence Ouverte 2.0)"}},{"type":"Feature","geometry":{"type":"Point","coordinates":[3.228023,48.419074]},"properties":{"name":"Ecluse n\u00b010 de Bray-sur-Seine","waterway":"Seine (Amont)","length_m":40.0,"width_m":7.8,"rise_m":null,"source":"VNF IENC (Licence Ouverte 2.0)"}},{"type":"Feature","geometry":{"type":"Point","coordinates":[2.444556,48.641801]},"properties":{"name":"Ecluse c\u00f4t\u00e9 terre n\u00b08 d'Evry","waterway":"Seine (Amont)","length_m":180.0,"width_m":16.0,"rise_m":null,"source":"VNF IENC (Licence Ouverte 2.0)"}},{"type":"Feature","geometry":{"type":"Point","coordinates":[2.445014,48.642008]},"properties":{"name":"Ecluse c\u00f4t\u00e9 Seine n\u00b08 d'Evry","waterway":"Seine (Amont)","length_m":172.0,"width_m":18.0,"rise_m":null,"source":"VNF IENC (Licence Ouverte 2.0)"}},{"type":"Feature","geometry":{"type":"Point","coordinates":[2.415854,48.719556]},"properties":{"name":"Ecluse RG n\u00b09 d'Ablon-Vigneux","waterway":"Seine (Amont)","length_m":172.0,"width_m":12.0,"rise_m":null,"source":"VNF IENC (Licence Ouverte 2.0)"}},{"type":"Feature","geometry":{"type":"Point","coordinates":[2.41774,48.718544]},"properties":{"name":"Ecluse RD n\u00b09 d'Ablon-Vigneux","waterway":"Seine (Amont)","length_m":180.0,"width_m":16.0,"rise_m":null,"source":"VNF IENC (Licence Ouverte 2.0)"}},{"type":"Feature","geometry":{"type":"Point","coordinates":[3.032615,48.388055]},"properties":{"name":null,"waterway":"Seine (Amont)","length_m":61.5,"width_m":9.9,"rise_m":null,"source":"VNF IENC (Licence Ouverte 2.0)"}},{"type":"Feature","geometry":{"type":"Point","coordinates":[3.032461,48.388286]},"properties":{"name":"Ecluse c\u00f4t\u00e9 Seine n\u00b013 de Marolles","waterway":"Seine (Amont)","length_m":185.0,"width_m":12.0,"rise_m":null,"source":"VNF IENC (Licence Ouverte 2.0)"}},{"type":"Feature","geometry":{"type":"Point","coordinates":[3.268924,48.420171]},"properties":{"name":"Ecluse n\u00b09 de Jaulnes","waterway":"Seine (Amont)","length_m":120.0,"width_m":10.4,"rise_m":null,"source":"VNF IENC (Licence Ouverte 2.0)"}},{"type":"Feature","geometry":{"type":"Point","coordinates":[3.322617,48.449524]},"properties":{"name":"Ecluse n\u00b08 du Vezoult","waterway":"Seine (Amont)","length_m":185.0,"width_m":12.0,"rise_m":null,"source":"VNF IENC (Licence Ouverte 2.0)"}},{"type":"Feature","geometry":{"type":"Point","coordinates":[3.364711,48.465941]},"properties":{"name":"Ecluse n\u00b07 de Villiers-sur-Seine","waterway":"Seine (Amont)","length_m":121.0,"width_m":10.5,"rise_m":null,"source":"VNF IENC (Licence Ouverte 2.0)"}},{"type":"Feature","geometry":{"type":"Point","coordinates":[3.419643,48.487236]},"properties":{"name":"Ecluse n\u00b06 de Metz","waterway":"Seine (Amont)","length_m":120.0,"width_m":10.3,"rise_m":null,"source":"VNF IENC (Licence Ouverte 2.0)"}},{"type":"Feature","geometry":{"type":"Point","coordinates":[3.465827,48.495302]},"properties":{"name":"Ecluse n\u00b05 de Beaulieu","waterway":"Seine (Amont)","length_m":120.0,"width_m":10.3,"rise_m":null,"source":"VNF IENC (Licence Ouverte 2.0)"}},{"type":"Feature","geometry":{"type":"Point","coordinates":[3.505263,48.500612]},"properties":{"name":"Ecluse n\u00b04 de Nogent-sur-Seine","waterway":"Seine (Amont)","length_m":38.0,"width_m":7.8,"rise_m":null,"source":"VNF IENC (Licence Ouverte 2.0)"}},{"type":"Feature","geometry":{"type":"Point","coordinates":[2.854219,48.374415]},"properties":{"name":null,"waterway":"Seine (Amont)","length_m":180.0,"width_m":12.0,"rise_m":null,"source":"VNF IENC (Licence Ouverte 2.0)"}},{"type":"Feature","geometry":{"type":"Point","coordinates":[2.915356,48.376159]},"properties":{"name":"Ecluse RD n\u00b01 de Varennes-sur-Seine","waterway":"Seine (Amont)","length_m":180.0,"width_m":16.0,"rise_m":null,"source":"VNF IENC (Licence Ouverte 2.0)"}},{"type":"Feature","geometry":{"type":"Point","coordinates":[2.793625,48.400477]},"properties":{"name":"Ecluse c\u00f4t\u00e9 terre n\u00b02 de Champagne-sur-Seine","waterway":"Seine (Amont)","length_m":172.0,"width_m":12.0,"rise_m":null,"source":"VNF IENC (Licence Ouverte 2.0)"}},{"type":"Feature","geometry":{"type":"Point","coordinates":[2.79298,48.40035]},"properties":{"name":"Ecluse c\u00f4t\u00e9 Seine n\u00b02 de Champagne-sur-Seine","waterway":"Seine (Amont)","length_m":185.0,"width_m":18.0,"rise_m":null,"source":"VNF IENC (Licence Ouverte 2.0)"}},{"type":"Feature","geometry":{"type":"Point","coordinates":[2.481165,48.572916]},"properties":{"name":"Ecluse RG n\u00b07 du Coudray","waterway":"Seine (Amont)","length_m":172.0,"width_m":12.0,"rise_m":null,"source":"VNF IENC (Licence Ouverte 2.0)"}},{"type":"Feature","geometry":{"type":"Point","coordinates":[2.482713,48.573298]},"properties":{"name":"Ecluse RD n\u00b07 du Coudray","waterway":"Seine (Amont)","length_m":180.0,"width_m":18.0,"rise_m":null,"source":"VNF IENC (Licence Ouverte 2.0)"}},{"type":"Feature","geometry":{"type":"Point","coordinates":[2.585449,48.522173]},"properties":{"name":"Ecluse c\u00f4t\u00e9 terre n\u00b04 de Vives-Eaux","waterway":"Seine (Amont)","length_m":172.0,"width_m":12.0,"rise_m":null,"source":"VNF IENC (Licence Ouverte 2.0)"}},{"type":"Feature","geometry":{"type":"Point","coordinates":[2.58558,48.522525]},"properties":{"name":"Ecluse c\u00f4t\u00e9 Seine n\u00b04 de Vives-Eaux","waterway":"Seine (Amont)","length_m":185.0,"width_m":18.0,"rise_m":null,"source":"VNF IENC (Licence Ouverte 2.0)"}},{"type":"Feature","geometry":{"type":"Point","coordinates":[2.70653,48.481812]},"properties":{"name":"Ecluse 4.1 de la Cave (172 x 12)","waterway":"Seine (Amont)","length_m":172.0,"width_m":12.0,"rise_m":null,"source":"VNF IENC (Licence Ouverte 2.0)"}},{"type":"Feature","geometry":{"type":"Point","coordinates":[2.70675,48.482148]},"properties":{"name":"Ecluse 4.1 de la Cave (185 x 18)","waterway":"Seine (Amont)","length_m":185.0,"width_m":18.0,"rise_m":null,"source":"VNF IENC (Licence Ouverte 2.0)"}},{"type":"Feature","geometry":{"type":"Point","coordinates":[2.097646,49.038482]},"properties":{"name":"Ancienne \u00e9cluse de Pontoise","waterway":"Oise","length_m":42.0,"width_m":8.0,"rise_m":null,"source":"VNF IENC (Licence Ouverte 2.0)"}},{"type":"Feature","geometry":{"type":"Point","coordinates":[5.948208,53.098732]},"properties":{"name":"Sluiskolk Noordersluis de Veenhoop (Schutsluis)","waterway":"Netherlands waterway","length_m":null,"width_m":5.5,"rise_m":null,"source":"VNF IENC (Licence Ouverte 2.0)"}},{"type":"Feature","geometry":{"type":"Point","coordinates":[5.857525,52.51881]},"properties":{"name":"Sluiskolk Reevesluis","waterway":"Netherlands waterway","length_m":null,"width_m":10.7,"rise_m":null,"source":"VNF IENC (Licence Ouverte 2.0)"}},{"type":"Feature","geometry":{"type":"Point","coordinates":[4.681422,52.412958]},"properties":{"name":"Grote kolk Grote Sluis Spaarndam (Rijnlandsluizen)","waterway":"Netherlands waterway","length_m":null,"width_m":null,"rise_m":null,"source":"VNF IENC (Licence Ouverte 2.0)"}},{"type":"Feature","geometry":{"type":"Point","coordinates":[4.598931,52.465858]},"properties":{"name":"Sluiskolk Middensluis IJmuiden","waterway":"Netherlands waterway","length_m":null,"width_m":25.0,"rise_m":null,"source":"VNF IENC (Licence Ouverte 2.0)"}},{"type":"Feature","geometry":{"type":"Point","coordinates":[4.677585,52.413872]},"properties":{"name":"Sluiskolk Oude kolksluis Spaarndam","waterway":"Netherlands waterway","length_m":null,"width_m":null,"rise_m":null,"source":"VNF IENC (Licence Ouverte 2.0)"}},{"type":"Feature","geometry":{"type":"Point","coordinates":[4.608766,52.467497]},"properties":{"name":"Sluiskolk Noordersluis IJmuiden","waterway":"Netherlands waterway","length_m":null,"width_m":47.3,"rise_m":null,"source":"VNF IENC (Licence Ouverte 2.0)"}},{"type":"Feature","geometry":{"type":"Point","coordinates":[4.591515,52.463971]},"properties":{"name":"Kleine kolk Zuidersluis IJmuiden","waterway":"Netherlands waterway","length_m":null,"width_m":null,"rise_m":null,"source":"VNF IENC (Licence Ouverte 2.0)"}},{"type":"Feature","geometry":{"type":"Point","coordinates":[4.610113,52.466509]},"properties":{"name":"Sluiskolk Zeesluis IJmuiden","waterway":"Netherlands waterway","length_m":null,"width_m":70.0,"rise_m":null,"source":"VNF IENC (Licence Ouverte 2.0)"}},{"type":"Feature","geometry":{"type":"Point","coordinates":[4.591485,52.464169]},"properties":{"name":"Grote kolk Zuidersluis IJmuiden","waterway":"Netherlands waterway","length_m":null,"width_m":18.0,"rise_m":null,"source":"VNF IENC (Licence Ouverte 2.0)"}},{"type":"Feature","geometry":{"type":"Point","coordinates":[6.05387,52.509269]},"properties":{"name":"Sluiskolk Spooldersluis","waterway":"Netherlands waterway","length_m":null,"width_m":14.0,"rise_m":null,"source":"VNF IENC (Licence Ouverte 2.0)"}},{"type":"Feature","geometry":{"type":"Point","coordinates":[6.09194,52.589657]},"properties":{"name":"Sluiskolk sluis Hasselt","waterway":"Netherlands waterway","length_m":null,"width_m":11.0,"rise_m":null,"source":"VNF IENC (Licence Ouverte 2.0)"}},{"type":"Feature","geometry":{"type":"Point","coordinates":[6.072464,52.639719]},"properties":{"name":"Sluiskolk Grote Kolksluis Zwartsluis","waterway":"Netherlands waterway","length_m":null,"width_m":8.5,"rise_m":null,"source":"VNF IENC (Licence Ouverte 2.0)"}},{"type":"Feature","geometry":{"type":"Point","coordinates":[6.063607,52.639912]},"properties":{"name":"Sluiskolk Arembergersluis","waterway":"Netherlands waterway","length_m":null,"width_m":4.6,"rise_m":null,"source":"VNF IENC (Licence Ouverte 2.0)"}},{"type":"Feature","geometry":{"type":"Point","coordinates":[6.078906,52.638919]},"properties":{"name":"Kolk Meppelerdiepsluis","waterway":"Netherlands waterway","length_m":null,"width_m":47.5,"rise_m":null,"source":"VNF IENC (Licence Ouverte 2.0)"}},{"type":"Feature","geometry":{"type":"Point","coordinates":[6.071534,52.639364]},"properties":{"name":"Sluiskolk Grote Kolksluis Zwartsluis","waterway":"Netherlands waterway","length_m":null,"width_m":8.5,"rise_m":null,"source":"VNF IENC (Licence Ouverte 2.0)"}},{"type":"Feature","geometry":{"type":"Point","coordinates":[6.063835,52.639002]},"properties":{"name":"Sluiskolk Arembergersluis","waterway":"Netherlands waterway","length_m":null,"width_m":4.6,"rise_m":null,"source":"VNF IENC (Licence Ouverte 2.0)"}},{"type":"Feature","geometry":{"type":"Point","coordinates":[5.319588,51.967204]},"properties":{"name":"Westkolk Prinses Irenesluizen","waterway":"Lek","length_m":null,"width_m":18.0,"rise_m":null,"source":"VNF IENC (Licence Ouverte 2.0)"}},{"type":"Feature","geometry":{"type":"Point","coordinates":[5.32016,51.967682]},"properties":{"name":"Oostkolk Prinses Irenesluizen","waterway":"Lek","length_m":null,"width_m":24.0,"rise_m":null,"source":"VNF IENC (Licence Ouverte 2.0)"}},{"type":"Feature","geometry":{"type":"Point","coordinates":[5.320162,51.967681]},"properties":{"name":null,"waterway":"Lek","length_m":null,"width_m":null,"rise_m":null,"source":"VNF IENC (Licence Ouverte 2.0)"}},{"type":"Feature","geometry":{"type":"Point","coordinates":[4.753828,52.440149]},"properties":{"name":"Sluiskolk Schermersluis","waterway":"Netherlands waterway","length_m":null,"width_m":5.7,"rise_m":null,"source":"VNF IENC (Licence Ouverte 2.0)"}},{"type":"Feature","geometry":{"type":"Point","coordinates":[4.825686,52.43966]},"properties":{"name":"Sluiskolk Wilhelminasluis Zaandam","waterway":"Netherlands waterway","length_m":null,"width_m":14.0,"rise_m":null,"source":"VNF IENC (Licence Ouverte 2.0)"}},{"type":"Feature","geometry":{"type":"Point","coordinates":[4.819667,52.447861]},"properties":{"name":"Sluiskolk Papenpadsluis","waterway":"Netherlands waterway","length_m":null,"width_m":5.2,"rise_m":null,"source":"VNF IENC (Licence Ouverte 2.0)"}},{"type":"Feature","geometry":{"type":"Point","coordinates":[4.825071,52.439595]},"properties":{"name":"Sluiskolk Groote Hondsbossche schutsluis","waterway":"Netherlands waterway","length_m":null,"width_m":5.1,"rise_m":null,"source":"VNF IENC (Licence Ouverte 2.0)"}},{"type":"Feature","geometry":{"type":"Point","coordinates":[4.763829,52.460795]},"properties":{"name":"Sluiskolk Weelsluis","waterway":"Netherlands waterway","length_m":null,"width_m":4.3,"rise_m":null,"source":"VNF IENC (Licence Ouverte 2.0)"}},{"type":"Feature","geometry":{"type":"Point","coordinates":[4.834148,52.433079]},"properties":{"name":"Kolk Hanenpadsluis","waterway":"Netherlands waterway","length_m":null,"width_m":4.8,"rise_m":null,"source":"VNF IENC (Licence Ouverte 2.0)"}},{"type":"Feature","geometry":{"type":"Point","coordinates":[4.811171,52.455694]},"properties":{"name":"Sluiskolk Mallegatsluis (Koog aan de Zaan)","waterway":"Netherlands waterway","length_m":null,"width_m":5.7,"rise_m":null,"source":"VNF IENC (Licence Ouverte 2.0)"}},{"type":"Feature","geometry":{"type":"Point","coordinates":[4.783564,52.430636]},"properties":{"name":"Kolk Westzaner Overtoomsluis","waterway":"Netherlands waterway","length_m":null,"width_m":2.4,"rise_m":null,"source":"VNF IENC (Licence Ouverte 2.0)"}},{"type":"Feature","geometry":{"type":"Point","coordinates":[4.762697,52.461465]},"properties":{"name":"Sluiskolk Vrouwenverdrietsluis","waterway":"Netherlands waterway","length_m":null,"width_m":4.1,"rise_m":null,"source":"VNF IENC (Licence Ouverte 2.0)"}},{"type":"Feature","geometry":{"type":"Point","coordinates":[5.333647,51.739443]},"properties":{"name":"Sluiskolk sluis Empel","waterway":"Maas","length_m":null,"width_m":12.6,"rise_m":null,"source":"VNF IENC (Licence Ouverte 2.0)"}},{"type":"Feature","geometry":{"type":"Point","coordinates":[5.258997,51.729717]},"properties":{"name":"Sluiskolk Henriettesluis (Schutsluis Engelen)","waterway":"Maas","length_m":null,"width_m":18.0,"rise_m":null,"source":"VNF IENC (Licence Ouverte 2.0)"}},{"type":"Feature","geometry":{"type":"Point","coordinates":[5.034301,52.463639]},"properties":{"name":"Sluiskolk Grafelijkheidssluis","waterway":"Netherlands waterway","length_m":null,"width_m":6.1,"rise_m":null,"source":"VNF IENC (Licence Ouverte 2.0)"}},{"type":"Feature","geometry":{"type":"Point","coordinates":[5.06942,52.515946]},"properties":{"name":"Sluiskolk Zeesluis Edam","waterway":"Netherlands waterway","length_m":null,"width_m":9.0,"rise_m":null,"source":"VNF IENC (Licence Ouverte 2.0)"}},{"type":"Feature","geometry":{"type":"Point","coordinates":[5.069632,52.515996]},"properties":{"name":"Sluiskolk Zeesluis Edam","waterway":"Netherlands waterway","length_m":null,"width_m":9.0,"rise_m":null,"source":"VNF IENC (Licence Ouverte 2.0)"}},{"type":"Feature","geometry":{"type":"Point","coordinates":[5.032096,52.46374]},"properties":{"name":"Sluiskolk Kloosterdijksluis","waterway":"Netherlands waterway","length_m":null,"width_m":6.0,"rise_m":null,"source":"VNF IENC (Licence Ouverte 2.0)"}},{"type":"Feature","geometry":{"type":"Point","coordinates":[5.048425,51.794281]},"properties":{"name":"Sluiskolk Wilhelminasluis Andel","waterway":"Netherlands waterway","length_m":null,"width_m":19.0,"rise_m":null,"source":"VNF IENC (Licence Ouverte 2.0)"}},{"type":"Feature","geometry":{"type":"Point","coordinates":[6.526469,53.238227]},"properties":{"name":"Sluiskolk Eilandensluis","waterway":"Netherlands waterway","length_m":null,"width_m":4.0,"rise_m":null,"source":"VNF IENC (Licence Ouverte 2.0)"}},{"type":"Feature","geometry":{"type":"Point","coordinates":[6.311343,53.248891]},"properties":{"name":"Sluiskolk Gaarkeukensluis","waterway":"Netherlands waterway","length_m":null,"width_m":16.0,"rise_m":null,"source":"VNF IENC (Licence Ouverte 2.0)"}},{"type":"Feature","geometry":{"type":"Point","coordinates":[6.596295,53.225225]},"properties":{"name":null,"waterway":"Netherlands waterway","length_m":null,"width_m":null,"rise_m":null,"source":"VNF IENC (Licence Ouverte 2.0)"}},{"type":"Feature","geometry":{"type":"Point","coordinates":[6.557503,53.213345]},"properties":{"name":"Sluiskolk Westerhavensluis Groningen","waterway":"Netherlands waterway","length_m":null,"width_m":12.1,"rise_m":null,"source":"VNF IENC (Licence Ouverte 2.0)"}},{"type":"Feature","geometry":{"type":"Point","coordinates":[6.509415,53.256092]},"properties":{"name":"Sluiskolk Dorkwerdersluis","waterway":"Netherlands waterway","length_m":null,"width_m":12.5,"rise_m":null,"source":"VNF IENC (Licence Ouverte 2.0)"}},{"type":"Feature","geometry":{"type":"Point","coordinates":[6.581187,53.250272]},"properties":{"name":"Sluiskolk Beijumersluis","waterway":"Netherlands waterway","length_m":null,"width_m":6.0,"rise_m":null,"source":"VNF IENC (Licence Ouverte 2.0)"}},{"type":"Feature","geometry":{"type":"Point","coordinates":[6.521746,53.245868]},"properties":{"name":"Sluiskolk Kleiwerdersluis","waterway":"Netherlands waterway","length_m":null,"width_m":4.0,"rise_m":null,"source":"VNF IENC (Licence Ouverte 2.0)"}},{"type":"Feature","geometry":{"type":"Point","coordinates":[6.592768,53.226821]},"properties":{"name":"Sluiskolk Oostersluis","waterway":"Netherlands waterway","length_m":null,"width_m":16.0,"rise_m":null,"source":"VNF IENC (Licence Ouverte 2.0)"}},{"type":"Feature","geometry":{"type":"Point","coordinates":[5.701316,51.416295]},"properties":{"name":"Sluiskolk sluis 10","waterway":"Netherlands waterway","length_m":null,"width_m":9.8,"rise_m":null,"source":"VNF IENC (Licence Ouverte 2.0)"}},{"type":"Feature","geometry":{"type":"Point","coordinates":[5.743335,51.350134]},"properties":{"name":"Sluiskolk sluis 12","waterway":"Netherlands waterway","length_m":null,"width_m":9.8,"rise_m":null,"source":"VNF IENC (Licence Ouverte 2.0)"}},{"type":"Feature","geometry":{"type":"Point","coordinates":[5.750577,51.272968]},"properties":{"name":"Sluiskolk sluis 15 Nederweert","waterway":"Netherlands waterway","length_m":null,"width_m":15.5,"rise_m":null,"source":"VNF IENC (Licence Ouverte 2.0)"}},{"type":"Feature","geometry":{"type":"Point","coordinates":[5.761077,51.278058]},"properties":{"name":null,"waterway":"Netherlands waterway","length_m":null,"width_m":null,"rise_m":null,"source":"VNF IENC (Licence Ouverte 2.0)"}},{"type":"Feature","geometry":{"type":"Point","coordinates":[5.746698,51.330225]},"properties":{"name":"Sluiskolk sluis 13","waterway":"Netherlands waterway","length_m":null,"width_m":9.8,"rise_m":null,"source":"VNF IENC (Licence Ouverte 2.0)"}},{"type":"Feature","geometry":{"type":"Point","coordinates":[5.727027,51.395746]},"properties":{"name":"Sluiskolk sluis 11","waterway":"Netherlands waterway","length_m":null,"width_m":9.8,"rise_m":null,"source":"VNF IENC (Licence Ouverte 2.0)"}},{"type":"Feature","geometry":{"type":"Point","coordinates":[5.006245,52.354685]},"properties":{"name":"Sluiskolk Sluishuissluis","waterway":"Netherlands waterway","length_m":null,"width_m":null,"rise_m":null,"source":"VNF IENC (Licence Ouverte 2.0)"}},{"type":"Feature","geometry":{"type":"Point","coordinates":[5.06719,52.327136]},"properties":{"name":"Sluiskolk Keetpoortsluis","waterway":"Netherlands waterway","length_m":null,"width_m":4.9,"rise_m":null,"source":"VNF IENC (Licence Ouverte 2.0)"}},{"type":"Feature","geometry":{"type":"Point","coordinates":[5.046488,52.332845]},"properties":{"name":"Sluiskolk Krijgsmansluis","waterway":"Netherlands waterway","length_m":null,"width_m":4.7,"rise_m":null,"source":"VNF IENC (Licence Ouverte 2.0)"}},{"type":"Feature","geometry":{"type":"Point","coordinates":[4.983802,52.364612]},"properties":{"name":"Sluiskolk Sluis naar Steigereiland","waterway":"Netherlands waterway","length_m":null,"width_m":null,"rise_m":null,"source":"VNF IENC (Licence Ouverte 2.0)"}},{"type":"Feature","geometry":{"type":"Point","coordinates":[5.069376,52.330196]},"properties":{"name":"Oostkolk Groote Zeesluis Muiden","waterway":"Netherlands waterway","length_m":null,"width_m":7.7,"rise_m":null,"source":"VNF IENC (Licence Ouverte 2.0)"}},{"type":"Feature","geometry":{"type":"Point","coordinates":[5.011078,52.34591]},"properties":{"name":"Sluiskolk Betonsluis","waterway":"Netherlands waterway","length_m":null,"width_m":6.0,"rise_m":null,"source":"VNF IENC (Licence Ouverte 2.0)"}},{"type":"Feature","geometry":{"type":"Point","coordinates":[5.069226,52.330244]},"properties":{"name":"Middenkolk Groote Zeesluis Muiden","waterway":"Netherlands waterway","length_m":null,"width_m":6.5,"rise_m":null,"source":"VNF IENC (Licence Ouverte 2.0)"}},{"type":"Feature","geometry":{"type":"Point","coordinates":[4.989829,52.357298]},"properties":{"name":"Sluiskolk Nijlpaardsluis","waterway":"Netherlands waterway","length_m":null,"width_m":6.0,"rise_m":null,"source":"VNF IENC (Licence Ouverte 2.0)"}},{"type":"Feature","geometry":{"type":"Point","coordinates":[5.056974,51.707106]},"properties":{"name":"Sluiskolk sluis Waalwijk","waterway":"Beneden-Merwede","length_m":null,"width_m":8.6,"rise_m":null,"source":"VNF IENC (Licence Ouverte 2.0)"}},{"type":"Feature","geometry":{"type":"Point","coordinates":[5.037838,52.921289]},"properties":{"name":"Sluiskolk Stontelersluis","waterway":"Netherlands waterway","length_m":null,"width_m":5.6,"rise_m":null,"source":"VNF IENC (Licence Ouverte 2.0)"}},{"type":"Feature","geometry":{"type":"Point","coordinates":[5.046178,52.931322]},"properties":{"name":"Sluiskolk Stevinsluis","waterway":"Netherlands waterway","length_m":null,"width_m":13.5,"rise_m":null,"source":"VNF IENC (Licence Ouverte 2.0)"}},{"type":"Feature","geometry":{"type":"Point","coordinates":[5.04753,52.930264]},"properties":{"name":"Sluiskolk Stevinsluis","waterway":"Netherlands waterway","length_m":null,"width_m":13.5,"rise_m":null,"source":"VNF IENC (Licence Ouverte 2.0)"}},{"type":"Feature","geometry":{"type":"Point","coordinates":[5.046855,52.930792]},"properties":{"name":"Sluiskolk Stevinsluis","waterway":"Netherlands waterway","length_m":null,"width_m":13.5,"rise_m":null,"source":"VNF IENC (Licence Ouverte 2.0)"}},{"type":"Feature","geometry":{"type":"Point","coordinates":[6.169157,52.244861]},"properties":{"name":"Sluiskolk Prins Bernhardsluis Deventer","waterway":"Netherlands waterway","length_m":null,"width_m":12.0,"rise_m":null,"source":"VNF IENC (Licence Ouverte 2.0)"}},{"type":"Feature","geometry":{"type":"Point","coordinates":[5.687323,50.862501]},"properties":{"name":null,"waterway":"Maas","length_m":null,"width_m":null,"rise_m":null,"source":"VNF IENC (Licence Ouverte 2.0)"}},{"type":"Feature","geometry":{"type":"Point","coordinates":[5.697538,50.869466]},"properties":{"name":null,"waterway":"Maas","length_m":null,"width_m":null,"rise_m":null,"source":"VNF IENC (Licence Ouverte 2.0)"}},{"type":"Feature","geometry":{"type":"Point","coordinates":[5.687587,50.867231]},"properties":{"name":"Sluiskolk sluis Bosscherveld","waterway":"Maas","length_m":null,"width_m":16.0,"rise_m":null,"source":"VNF IENC (Licence Ouverte 2.0)"}},{"type":"Feature","geometry":{"type":"Point","coordinates":[5.693939,50.855985]},"properties":{"name":"Sluiskolk sluis 20 Maastricht","waterway":"Maas","length_m":null,"width_m":null,"rise_m":null,"source":"VNF IENC (Licence Ouverte 2.0)"}},{"type":"Feature","geometry":{"type":"Point","coordinates":[5.358749,52.886135]},"properties":{"name":"Sluiskolk Oude Zeesluis","waterway":"Netherlands waterway","length_m":null,"width_m":7.0,"rise_m":null,"source":"VNF IENC (Licence Ouverte 2.0)"}},{"type":"Feature","geometry":{"type":"Point","coordinates":[5.362991,52.878917]},"properties":{"name":"Noordkolk Johan Frisosluis","waterway":"Netherlands waterway","length_m":null,"width_m":9.0,"rise_m":null,"source":"VNF IENC (Licence Ouverte 2.0)"}},{"type":"Feature","geometry":{"type":"Point","coordinates":[5.434525,52.972366]},"properties":{"name":"Sluiskolk Zeesluis Workum","waterway":"Netherlands waterway","length_m":null,"width_m":7.3,"rise_m":null,"source":"VNF IENC (Licence Ouverte 2.0)"}},{"type":"Feature","geometry":{"type":"Point","coordinates":[5.362896,52.878549]},"properties":{"name":"Zuidkolk Johan Frisosluis","waterway":"Netherlands waterway","length_m":null,"width_m":7.0,"rise_m":null,"source":"VNF IENC (Licence Ouverte 2.0)"}},{"type":"Feature","geometry":{"type":"Point","coordinates":[5.402536,52.943687]},"properties":{"name":"Sluiskolk Zeesluis Hindeloopen","waterway":"Netherlands waterway","length_m":null,"width_m":4.8,"rise_m":null,"source":"VNF IENC (Licence Ouverte 2.0)"}},{"type":"Feature","geometry":{"type":"Point","coordinates":[4.614054,51.688422]},"properties":{"name":"Sluiskolk sluis Roode Vaart","waterway":"Hollands Diep","length_m":null,"width_m":15.5,"rise_m":null,"source":"VNF IENC (Licence Ouverte 2.0)"}},{"type":"Feature","geometry":{"type":"Point","coordinates":[5.107413,52.051775]},"properties":{"name":"Kleine kolk Noordersluis Utrecht","waterway":"Amsterdam-Rijnkanaal","length_m":null,"width_m":7.0,"rise_m":null,"source":"VNF IENC (Licence Ouverte 2.0)"}},{"type":"Feature","geometry":{"type":"Point","coordinates":[5.107865,52.052036]},"properties":{"name":"Grote kolk Noordersluis Utrecht","waterway":"Amsterdam-Rijnkanaal","length_m":null,"width_m":12.0,"rise_m":null,"source":"VNF IENC (Licence Ouverte 2.0)"}},{"type":"Feature","geometry":{"type":"Point","coordinates":[5.103206,52.045826]},"properties":{"name":"Sluiskolk Zuidersluis Nieuwegein","waterway":"Amsterdam-Rijnkanaal","length_m":null,"width_m":12.0,"rise_m":null,"source":"VNF IENC (Licence Ouverte 2.0)"}},{"type":"Feature","geometry":{"type":"Point","coordinates":[5.107546,52.052026]},"properties":{"name":"Kleine kolk Noordersluis Utrecht","waterway":"Amsterdam-Rijnkanaal","length_m":null,"width_m":7.0,"rise_m":null,"source":"VNF IENC (Licence Ouverte 2.0)"}},{"type":"Feature","geometry":{"type":"Point","coordinates":[5.114504,52.097827]},"properties":{"name":"Sluiskolk Weerdsluis","waterway":"Amsterdam-Rijnkanaal","length_m":null,"width_m":18.0,"rise_m":null,"source":"VNF IENC (Licence Ouverte 2.0)"}},{"type":"Feature","geometry":{"type":"Point","coordinates":[5.090443,52.032036]},"properties":{"name":"Sluiskolk Doorslagsluis","waterway":"Amsterdam-Rijnkanaal","length_m":null,"width_m":11.2,"rise_m":null,"source":"VNF IENC (Licence Ouverte 2.0)"}},{"type":"Feature","geometry":{"type":"Point","coordinates":[5.089439,52.090272]},"properties":{"name":"Sluiskolk Muntsluis","waterway":"Amsterdam-Rijnkanaal","length_m":null,"width_m":25.0,"rise_m":null,"source":"VNF IENC (Licence Ouverte 2.0)"}},{"type":"Feature","geometry":{"type":"Point","coordinates":[4.831946,51.648116]},"properties":{"name":"Sluiskolk Marksluis","waterway":"Netherlands waterway","length_m":null,"width_m":13.8,"rise_m":null,"source":"VNF IENC (Licence Ouverte 2.0)"}},{"type":"Feature","geometry":{"type":"Point","coordinates":[4.839686,51.643703]},"properties":{"name":"Sluiskolk sluis I","waterway":"Netherlands waterway","length_m":null,"width_m":13.8,"rise_m":null,"source":"VNF IENC (Licence Ouverte 2.0)"}},{"type":"Feature","geometry":{"type":"Point","coordinates":[5.691009,53.043433]},"properties":{"name":"Sluiskolk Nije Griendykstersyl (Schutsluis)","waterway":"Netherlands waterway","length_m":null,"width_m":4.5,"rise_m":null,"source":"VNF IENC (Licence Ouverte 2.0)"}},{"type":"Feature","geometry":{"type":"Point","coordinates":[5.76798,53.05001]},"properties":{"name":"Sluiskolk Tersoalstersyl (Schutsluis)","waterway":"Netherlands waterway","length_m":null,"width_m":4.5,"rise_m":null,"source":"VNF IENC (Licence Ouverte 2.0)"}},{"type":"Feature","geometry":{"type":"Point","coordinates":[5.767863,53.044143]},"properties":{"name":"Zuidkolk Terhornstersluis","waterway":"Netherlands waterway","length_m":null,"width_m":16.0,"rise_m":null,"source":"VNF IENC (Licence Ouverte 2.0)"}},{"type":"Feature","geometry":{"type":"Point","coordinates":[5.680531,53.034737]},"properties":{"name":"Sluiskolk Dompsluis","waterway":"Netherlands waterway","length_m":null,"width_m":4.4,"rise_m":null,"source":"VNF IENC (Licence Ouverte 2.0)"}},{"type":"Feature","geometry":{"type":"Point","coordinates":[5.767658,53.04434]},"properties":{"name":"Noordkolk Terhornstersluis","waterway":"Netherlands waterway","length_m":null,"width_m":16.0,"rise_m":null,"source":"VNF IENC (Licence Ouverte 2.0)"}},{"type":"Feature","geometry":{"type":"Point","coordinates":[5.73932,53.102862]},"properties":{"name":"Sluiskolk Dillesluis (Schutsluiskolk)","waterway":"Netherlands waterway","length_m":null,"width_m":4.5,"rise_m":null,"source":"VNF IENC (Licence Ouverte 2.0)"}},{"type":"Feature","geometry":{"type":"Point","coordinates":[6.100361,52.663681]},"properties":{"name":"Sluiskolk Beukerssluis","waterway":"Netherlands waterway","length_m":null,"width_m":8.0,"rise_m":null,"source":"VNF IENC (Licence Ouverte 2.0)"}},{"type":"Feature","geometry":{"type":"Point","coordinates":[5.207085,51.498359]},"properties":{"name":"Sluiskolk sluis IV","waterway":"Netherlands waterway","length_m":null,"width_m":16.2,"rise_m":null,"source":"VNF IENC (Licence Ouverte 2.0)"}},{"type":"Feature","geometry":{"type":"Point","coordinates":[4.782227,51.810599]},"properties":{"name":"Sluiskolk Helsluis","waterway":"Netherlands waterway","length_m":null,"width_m":7.2,"rise_m":null,"source":"VNF IENC (Licence Ouverte 2.0)"}},{"type":"Feature","geometry":{"type":"Point","coordinates":[4.654872,51.977742]},"properties":{"name":"Sluiskolk Snellesluis","waterway":"Netherlands waterway","length_m":null,"width_m":5.5,"rise_m":null,"source":"VNF IENC (Licence Ouverte 2.0)"}},{"type":"Feature","geometry":{"type":"Point","coordinates":[4.71165,52.006641]},"properties":{"name":"Sluiskolk Mallegatsluis Gouda","waterway":"Netherlands waterway","length_m":null,"width_m":7.8,"rise_m":null,"source":"VNF IENC (Licence Ouverte 2.0)"}},{"type":"Feature","geometry":{"type":"Point","coordinates":[4.720675,52.022433]},"properties":{"name":"Sluiskolk Reeuwijksverlaat","waterway":"Netherlands waterway","length_m":null,"width_m":3.0,"rise_m":null,"source":"VNF IENC (Licence Ouverte 2.0)"}},{"type":"Feature","geometry":{"type":"Point","coordinates":[4.700971,52.012333]},"properties":{"name":"Sluiskolk Ir. De Kock van Leeuwensluis","waterway":"Netherlands waterway","length_m":null,"width_m":9.0,"rise_m":null,"source":"VNF IENC (Licence Ouverte 2.0)"}},{"type":"Feature","geometry":{"type":"Point","coordinates":[4.693623,52.001582]},"properties":{"name":"Oude kolk Julianasluis","waterway":"Netherlands waterway","length_m":null,"width_m":13.0,"rise_m":null,"source":"VNF IENC (Licence Ouverte 2.0)"}},{"type":"Feature","geometry":{"type":"Point","coordinates":[4.578627,51.917281]},"properties":{"name":"Sluiskolk Algerasluis","waterway":"Netherlands waterway","length_m":null,"width_m":23.9,"rise_m":null,"source":"VNF IENC (Licence Ouverte 2.0)"}},{"type":"Feature","geometry":{"type":"Point","coordinates":[4.731707,52.008978]},"properties":{"name":"Sluiskolk Waaiersluis","waterway":"Netherlands waterway","length_m":null,"width_m":6.0,"rise_m":null,"source":"VNF IENC (Licence Ouverte 2.0)"}},{"type":"Feature","geometry":{"type":"Point","coordinates":[4.694014,52.0014]},"properties":{"name":"Nieuwe kolk Julianasluis","waterway":"Netherlands waterway","length_m":null,"width_m":14.0,"rise_m":null,"source":"VNF IENC (Licence Ouverte 2.0)"}},{"type":"Feature","geometry":{"type":"Point","coordinates":[5.315842,51.688494]},"properties":{"name":"Sluiskolk sluis 's-Hertogenbosch","waterway":"Netherlands waterway","length_m":null,"width_m":26.4,"rise_m":null,"source":"VNF IENC (Licence Ouverte 2.0)"}},{"type":"Feature","geometry":{"type":"Point","coordinates":[5.358608,51.698917]},"properties":{"name":"Sluiskolk sluis Hintham","waterway":"Netherlands waterway","length_m":null,"width_m":12.6,"rise_m":null,"source":"VNF IENC (Licence Ouverte 2.0)"}},{"type":"Feature","geometry":{"type":"Point","coordinates":[5.357751,51.797933]},"properties":{"name":"Sluiskolk sluis Sint Andries","waterway":"Maas","length_m":null,"width_m":14.0,"rise_m":null,"source":"VNF IENC (Licence Ouverte 2.0)"}},{"type":"Feature","geometry":{"type":"Point","coordinates":[5.453504,51.808477]},"properties":{"name":"Zuidkolk Prinses Maxima Sluizen","waterway":"Maas","length_m":null,"width_m":14.0,"rise_m":null,"source":"VNF IENC (Licence Ouverte 2.0)"}},{"type":"Feature","geometry":{"type":"Point","coordinates":[5.357752,51.797933]},"properties":{"name":null,"waterway":"Maas","length_m":null,"width_m":null,"rise_m":null,"source":"VNF IENC (Licence Ouverte 2.0)"}},{"type":"Feature","geometry":{"type":"Point","coordinates":[5.454047,51.80889]},"properties":{"name":"Noordkolk Prinses Maxima Sluizen","waterway":"Maas","length_m":null,"width_m":18.0,"rise_m":null,"source":"VNF IENC (Licence Ouverte 2.0)"}},{"type":"Feature","geometry":{"type":"Point","coordinates":[5.982077,51.640414]},"properties":{"name":"Middenkolk sluis Sambeek","waterway":"Maas","length_m":null,"width_m":16.0,"rise_m":null,"source":"VNF IENC (Licence Ouverte 2.0)"}},{"type":"Feature","geometry":{"type":"Point","coordinates":[5.982533,51.640935]},"properties":{"name":"Oostkolk sluis Sambeek","waterway":"Maas","length_m":null,"width_m":16.0,"rise_m":null,"source":"VNF IENC (Licence Ouverte 2.0)"}},{"type":"Feature","geometry":{"type":"Point","coordinates":[5.981855,51.640175]},"properties":{"name":"Westkolk sluis Sambeek","waterway":"Maas","length_m":null,"width_m":16.0,"rise_m":null,"source":"VNF IENC (Licence Ouverte 2.0)"}},{"type":"Feature","geometry":{"type":"Point","coordinates":[5.534296,52.351397]},"properties":{"name":"Sluiskolk van sluis De Spieghel","waterway":"Netherlands waterway","length_m":null,"width_m":6.4,"rise_m":null,"source":"VNF IENC (Licence Ouverte 2.0)"}},{"type":"Feature","geometry":{"type":"Point","coordinates":[5.587913,52.414598]},"properties":{"name":"Sluiskolk Larsersluis","waterway":"Netherlands waterway","length_m":null,"width_m":5.0,"rise_m":null,"source":"VNF IENC (Licence Ouverte 2.0)"}},{"type":"Feature","geometry":{"type":"Point","coordinates":[5.614499,52.370642]},"properties":{"name":"Sluiskolk sluis De Blauwe Dromer","waterway":"Netherlands waterway","length_m":null,"width_m":5.0,"rise_m":null,"source":"VNF IENC (Licence Ouverte 2.0)"}},{"type":"Feature","geometry":{"type":"Point","coordinates":[4.876583,51.804615]},"properties":{"name":"Sluiskolk Biesboschsluis","waterway":"Netherlands waterway","length_m":null,"width_m":6.8,"rise_m":null,"source":"VNF IENC (Licence Ouverte 2.0)"}},{"type":"Feature","geometry":{"type":"Point","coordinates":[4.876592,51.804314]},"properties":{"name":"Sluiskolk Biesboschsluis","waterway":"Netherlands waterway","length_m":null,"width_m":6.8,"rise_m":null,"source":"VNF IENC (Licence Ouverte 2.0)"}},{"type":"Feature","geometry":{"type":"Point","coordinates":[4.762495,51.792718]},"properties":{"name":"Sluiskolk Ottersluis","waterway":"Netherlands waterway","length_m":null,"width_m":7.0,"rise_m":null,"source":"VNF IENC (Licence Ouverte 2.0)"}},{"type":"Feature","geometry":{"type":"Point","coordinates":[4.762349,51.778567]},"properties":{"name":"Sluiskolk Spieringsluis","waterway":"Netherlands waterway","length_m":null,"width_m":6.0,"rise_m":null,"source":"VNF IENC (Licence Ouverte 2.0)"}},{"type":"Feature","geometry":{"type":"Point","coordinates":[6.113402,52.050091]},"properties":{"name":null,"waterway":"Netherlands waterway","length_m":null,"width_m":null,"rise_m":null,"source":"VNF IENC (Licence Ouverte 2.0)"}},{"type":"Feature","geometry":{"type":"Point","coordinates":[6.131566,52.007308]},"properties":{"name":"Sluiskolk sluis Doesburg","waterway":"Netherlands waterway","length_m":null,"width_m":8.0,"rise_m":null,"source":"VNF IENC (Licence Ouverte 2.0)"}},{"type":"Feature","geometry":{"type":"Point","coordinates":[5.738732,51.768947]},"properties":{"name":"Sluiskolk sluis Grave","waterway":"Maas","length_m":null,"width_m":16.0,"rise_m":null,"source":"VNF IENC (Licence Ouverte 2.0)"}},{"type":"Feature","geometry":{"type":"Point","coordinates":[5.357595,51.954107]},"properties":{"name":"Westkolk Prinses Marijkesluis","waterway":"Netherlands waterway","length_m":null,"width_m":18.0,"rise_m":null,"source":"VNF IENC (Licence Ouverte 2.0)"}},{"type":"Feature","geometry":{"type":"Point","coordinates":[5.357943,51.954422]},"properties":{"name":"Oostkolk Prinses Marijkesluis","waterway":"Netherlands waterway","length_m":null,"width_m":18.0,"rise_m":null,"source":"VNF IENC (Licence Ouverte 2.0)"}},{"type":"Feature","geometry":{"type":"Point","coordinates":[5.409113,51.976455]},"properties":{"name":"Sluiskolk sluis Amerongen","waterway":"Netherlands waterway","length_m":null,"width_m":18.0,"rise_m":null,"source":"VNF IENC (Licence Ouverte 2.0)"}},{"type":"Feature","geometry":{"type":"Point","coordinates":[5.22178,52.333432]},"properties":{"name":"Sluiskolk sluis Almere-Haven","waterway":"Netherlands waterway","length_m":null,"width_m":4.0,"rise_m":null,"source":"VNF IENC (Licence Ouverte 2.0)"}},{"type":"Feature","geometry":{"type":"Point","coordinates":[5.290197,52.296714]},"properties":{"name":"Sluiskolk Blaricumse sluis","waterway":"Netherlands waterway","length_m":null,"width_m":6.0,"rise_m":null,"source":"VNF IENC (Licence Ouverte 2.0)"}},{"type":"Feature","geometry":{"type":"Point","coordinates":[5.243193,52.349737]},"properties":{"name":"Sluiskolk Kromme Weteringsluis","waterway":"Netherlands waterway","length_m":null,"width_m":null,"rise_m":null,"source":"VNF IENC (Licence Ouverte 2.0)"}},{"type":"Feature","geometry":{"type":"Point","coordinates":[5.033182,51.58224]},"properties":{"name":"Noordkolk sluis III Tilburg","waterway":"Netherlands waterway","length_m":null,"width_m":16.0,"rise_m":null,"source":"VNF IENC (Licence Ouverte 2.0)"}},{"type":"Feature","geometry":{"type":"Point","coordinates":[5.03425,51.582058]},"properties":{"name":null,"waterway":"Netherlands waterway","length_m":null,"width_m":null,"rise_m":null,"source":"VNF IENC (Licence Ouverte 2.0)"}},{"type":"Feature","geometry":{"type":"Point","coordinates":[4.99181,51.596708]},"properties":{"name":"Sluiskolk sluis II Tilburg","waterway":"Netherlands waterway","length_m":null,"width_m":16.0,"rise_m":null,"source":"VNF IENC (Licence Ouverte 2.0)"}},{"type":"Feature","geometry":{"type":"Point","coordinates":[5.034258,51.581774]},"properties":{"name":"Zuidkolk sluis III Tilburg","waterway":"Netherlands waterway","length_m":null,"width_m":10.5,"rise_m":null,"source":"VNF IENC (Licence Ouverte 2.0)"}},{"type":"Feature","geometry":{"type":"Point","coordinates":[5.034787,51.582031]},"properties":{"name":null,"waterway":"Netherlands waterway","length_m":null,"width_m":null,"rise_m":null,"source":"VNF IENC (Licence Ouverte 2.0)"}},{"type":"Feature","geometry":{"type":"Point","coordinates":[5.033707,51.582149]},"properties":{"name":"Noordkolk sluis III Tilburg","waterway":"Netherlands waterway","length_m":null,"width_m":16.0,"rise_m":null,"source":"VNF IENC (Licence Ouverte 2.0)"}},{"type":"Feature","geometry":{"type":"Point","coordinates":[5.472775,52.262134]},"properties":{"name":"Sluiskolk Nijkerkersluis","waterway":"Netherlands waterway","length_m":null,"width_m":9.5,"rise_m":null,"source":"VNF IENC (Licence Ouverte 2.0)"}},{"type":"Feature","geometry":{"type":"Point","coordinates":[5.472016,52.261998]},"properties":{"name":"Sluiskolk Nijkerkersluis","waterway":"Netherlands waterway","length_m":null,"width_m":9.5,"rise_m":null,"source":"VNF IENC (Licence Ouverte 2.0)"}},{"type":"Feature","geometry":{"type":"Point","coordinates":[5.471256,52.261861]},"properties":{"name":"Sluiskolk Nijkerkersluis","waterway":"Netherlands waterway","length_m":null,"width_m":9.5,"rise_m":null,"source":"VNF IENC (Licence Ouverte 2.0)"}},{"type":"Feature","geometry":{"type":"Point","coordinates":[5.465957,52.254796]},"properties":{"name":"Sluiskolk Arkersluis","waterway":"Netherlands waterway","length_m":null,"width_m":8.5,"rise_m":null,"source":"VNF IENC (Licence Ouverte 2.0)"}},{"type":"Feature","geometry":{"type":"Point","coordinates":[4.13385,51.823241]},"properties":{"name":"Sluiskolk Hellevoetsluis","waterway":"Haringvliet","length_m":null,"width_m":25.0,"rise_m":null,"source":"VNF IENC (Licence Ouverte 2.0)"}},{"type":"Feature","geometry":{"type":"Point","coordinates":[4.190063,51.773615]},"properties":{"name":"Sluiskolk sluis Middelharnis","waterway":"Haringvliet","length_m":null,"width_m":15.0,"rise_m":null,"source":"VNF IENC (Licence Ouverte 2.0)"}},{"type":"Feature","geometry":{"type":"Point","coordinates":[4.039242,51.823868]},"properties":{"name":"Sluiskolk Goereesesluis","waterway":"Haringvliet","length_m":null,"width_m":16.0,"rise_m":null,"source":"VNF IENC (Licence Ouverte 2.0)"}},{"type":"Feature","geometry":{"type":"Point","coordinates":[6.804781,52.246073]},"properties":{"name":"Sluiskolk sluis Hengelo","waterway":"Netherlands waterway","length_m":140.0,"width_m":12.0,"rise_m":null,"source":"VNF IENC (Licence Ouverte 2.0)"}},{"type":"Feature","geometry":{"type":"Point","coordinates":[5.18903,52.383934]},"properties":{"name":"Sluiskolk Beatrixsluis","waterway":"Netherlands waterway","length_m":null,"width_m":null,"rise_m":null,"source":"VNF IENC (Licence Ouverte 2.0)"}},{"type":"Feature","geometry":{"type":"Point","coordinates":[5.23256,52.406826]},"properties":{"name":"Sluiskolk Vaartsluis","waterway":"Netherlands waterway","length_m":null,"width_m":8.2,"rise_m":null,"source":"VNF IENC (Licence Ouverte 2.0)"}},{"type":"Feature","geometry":{"type":"Point","coordinates":[5.222622,52.417475]},"properties":{"name":"Sluiskolk Zuidersluis Almere","waterway":"Netherlands waterway","length_m":null,"width_m":8.2,"rise_m":null,"source":"VNF IENC (Licence Ouverte 2.0)"}},{"type":"Feature","geometry":{"type":"Point","coordinates":[5.238783,52.385486]},"properties":{"name":"Sluiskolk Leeghwatersluis","waterway":"Netherlands waterway","length_m":null,"width_m":null,"rise_m":null,"source":"VNF IENC (Licence Ouverte 2.0)"}},{"type":"Feature","geometry":{"type":"Point","coordinates":[5.876542,52.528592]},"properties":{"name":"Sluiskolk Blokhuissluis","waterway":"Netherlands waterway","length_m":null,"width_m":null,"rise_m":null,"source":"VNF IENC (Licence Ouverte 2.0)"}},{"type":"Feature","geometry":{"type":"Point","coordinates":[5.947615,52.531038]},"properties":{"name":"Sluiskolk Scheeresluis","waterway":"Netherlands waterway","length_m":null,"width_m":10.2,"rise_m":null,"source":"VNF IENC (Licence Ouverte 2.0)"}},{"type":"Feature","geometry":{"type":"Point","coordinates":[5.915667,52.567622]},"properties":{"name":"Sluiskolk Ganzensluis","waterway":"Netherlands waterway","length_m":null,"width_m":6.0,"rise_m":null,"source":"VNF IENC (Licence Ouverte 2.0)"}},{"type":"Feature","geometry":{"type":"Point","coordinates":[5.80528,51.967017]},"properties":{"name":"Sluiskolk sluis Driel","waterway":"Netherlands waterway","length_m":null,"width_m":18.0,"rise_m":null,"source":"VNF IENC (Licence Ouverte 2.0)"}},{"type":"Feature","geometry":{"type":"Point","coordinates":[5.799099,51.035435]},"properties":{"name":"Oostkolk sluis Born","waterway":"Maas","length_m":null,"width_m":16.0,"rise_m":null,"source":"VNF IENC (Licence Ouverte 2.0)"}},{"type":"Feature","geometry":{"type":"Point","coordinates":[5.797432,51.035851]},"properties":{"name":"Westkolk sluis Born","waterway":"Maas","length_m":null,"width_m":14.0,"rise_m":null,"source":"VNF IENC (Licence Ouverte 2.0)"}},{"type":"Feature","geometry":{"type":"Point","coordinates":[5.798515,51.035139]},"properties":{"name":"Middenkolk sluis Born","waterway":"Maas","length_m":null,"width_m":16.0,"rise_m":null,"source":"VNF IENC (Licence Ouverte 2.0)"}},{"type":"Feature","geometry":{"type":"Point","coordinates":[5.019345,52.158947]},"properties":{"name":"Sluiskolk Kraaienestersluis","waterway":"Amsterdam-Rijnkanaal","length_m":null,"width_m":5.5,"rise_m":null,"source":"VNF IENC (Licence Ouverte 2.0)"}},{"type":"Feature","geometry":{"type":"Point","coordinates":[5.008289,52.185326]},"properties":{"name":"Sluiskolk Weersluis","waterway":"Amsterdam-Rijnkanaal","length_m":null,"width_m":3.5,"rise_m":null,"source":"VNF IENC (Licence Ouverte 2.0)"}},{"type":"Feature","geometry":{"type":"Point","coordinates":[4.995838,52.17103]},"properties":{"name":"Sluiskolk sluis Breukelen","waterway":"Amsterdam-Rijnkanaal","length_m":null,"width_m":3.9,"rise_m":null,"source":"VNF IENC (Licence Ouverte 2.0)"}},{"type":"Feature","geometry":{"type":"Point","coordinates":[5.054004,52.127582]},"properties":{"name":"Sluiskolk Vechtsluis","waterway":"Amsterdam-Rijnkanaal","length_m":null,"width_m":6.5,"rise_m":null,"source":"VNF IENC (Licence Ouverte 2.0)"}},{"type":"Feature","geometry":{"type":"Point","coordinates":[4.966403,51.830001]},"properties":{"name":"Sluiskolk Grote Merwedesluis","waterway":"Netherlands waterway","length_m":null,"width_m":23.6,"rise_m":null,"source":"VNF IENC (Licence Ouverte 2.0)"}},{"type":"Feature","geometry":{"type":"Point","coordinates":[4.967139,51.830556]},"properties":{"name":"Sluiskolk Grote Merwedesluis","waterway":"Netherlands waterway","length_m":null,"width_m":23.6,"rise_m":null,"source":"VNF IENC (Licence Ouverte 2.0)"}},{"type":"Feature","geometry":{"type":"Point","coordinates":[4.974951,51.837293]},"properties":{"name":"Sluiskolk Algemene Begraafplaatssluis","waterway":"Netherlands waterway","length_m":null,"width_m":25.0,"rise_m":null,"source":"VNF IENC (Licence Ouverte 2.0)"}},{"type":"Feature","geometry":{"type":"Point","coordinates":[4.975644,51.827094]},"properties":{"name":"Sluiskolk Lingesluis","waterway":"Netherlands waterway","length_m":null,"width_m":null,"rise_m":null,"source":"VNF IENC (Licence Ouverte 2.0)"}},{"type":"Feature","geometry":{"type":"Point","coordinates":[6.677896,52.246725]},"properties":{"name":"Sluiskolk sluis Delden","waterway":"Netherlands waterway","length_m":140.0,"width_m":12.0,"rise_m":null,"source":"VNF IENC (Licence Ouverte 2.0)"}},{"type":"Feature","geometry":{"type":"Point","coordinates":[5.5868,51.577012]},"properties":{"name":"Sluiskolk sluis 5","waterway":"Netherlands waterway","length_m":null,"width_m":12.6,"rise_m":null,"source":"VNF IENC (Licence Ouverte 2.0)"}},{"type":"Feature","geometry":{"type":"Point","coordinates":[5.652249,51.496094]},"properties":{"name":"Sluiskolk sluis 7 Helmond","waterway":"Netherlands waterway","length_m":null,"width_m":7.0,"rise_m":null,"source":"VNF IENC (Licence Ouverte 2.0)"}},{"type":"Feature","geometry":{"type":"Point","coordinates":[5.693759,51.466494]},"properties":{"name":"Sluiskolk sluis Helmond","waterway":"Netherlands waterway","length_m":null,"width_m":12.6,"rise_m":null,"source":"VNF IENC (Licence Ouverte 2.0)"}},{"type":"Feature","geometry":{"type":"Point","coordinates":[5.684798,51.447302]},"properties":{"name":"Sluiskolk sluis 9 Helmond","waterway":"Netherlands waterway","length_m":null,"width_m":20.6,"rise_m":null,"source":"VNF IENC (Licence Ouverte 2.0)"}},{"type":"Feature","geometry":{"type":"Point","coordinates":[5.701173,51.416703]},"properties":{"name":"Sluiskolk sluis 10","waterway":"Netherlands waterway","length_m":null,"width_m":9.8,"rise_m":null,"source":"VNF IENC (Licence Ouverte 2.0)"}},{"type":"Feature","geometry":{"type":"Point","coordinates":[5.662969,51.465689]},"properties":{"name":"Sluiskolk sluis 8 Helmond","waterway":"Netherlands waterway","length_m":null,"width_m":14.0,"rise_m":null,"source":"VNF IENC (Licence Ouverte 2.0)"}},{"type":"Feature","geometry":{"type":"Point","coordinates":[5.633582,51.537487]},"properties":{"name":"Sluiskolk sluis 6","waterway":"Netherlands waterway","length_m":null,"width_m":12.6,"rise_m":null,"source":"VNF IENC (Licence Ouverte 2.0)"}},{"type":"Feature","geometry":{"type":"Point","coordinates":[6.112744,51.32127]},"properties":{"name":"Oostkolk sluis Belfeld","waterway":"Maas","length_m":null,"width_m":16.0,"rise_m":null,"source":"VNF IENC (Licence Ouverte 2.0)"}},{"type":"Feature","geometry":{"type":"Point","coordinates":[6.111469,51.321623]},"properties":{"name":"Westkolk sluis Belfeld","waterway":"Maas","length_m":null,"width_m":16.0,"rise_m":null,"source":"VNF IENC (Licence Ouverte 2.0)"}},{"type":"Feature","geometry":{"type":"Point","coordinates":[6.111855,51.321488]},"properties":{"name":"Middenkolk sluis Belfeld","waterway":"Maas","length_m":null,"width_m":16.0,"rise_m":null,"source":"VNF IENC (Licence Ouverte 2.0)"}},{"type":"Feature","geometry":{"type":"Point","coordinates":[5.434078,52.527684]},"properties":{"name":"Westkolk Houtribsluizen","waterway":"Netherlands waterway","length_m":null,"width_m":17.5,"rise_m":null,"source":"VNF IENC (Licence Ouverte 2.0)"}},{"type":"Feature","geometry":{"type":"Point","coordinates":[5.419,52.503161]},"properties":{"name":"Sluiskolk Noordersluis Lelystad","waterway":"Netherlands waterway","length_m":null,"width_m":8.5,"rise_m":null,"source":"VNF IENC (Licence Ouverte 2.0)"}},{"type":"Feature","geometry":{"type":"Point","coordinates":[5.434715,52.527658]},"properties":{"name":"Oostkolk Houtribsluizen","waterway":"Netherlands waterway","length_m":null,"width_m":17.5,"rise_m":null,"source":"VNF IENC (Licence Ouverte 2.0)"}},{"type":"Feature","geometry":{"type":"Point","coordinates":[5.419533,52.502865]},"properties":{"name":"Sluiskolk Noordersluis Lelystad","waterway":"Netherlands waterway","length_m":null,"width_m":8.5,"rise_m":null,"source":"VNF IENC (Licence Ouverte 2.0)"}},{"type":"Feature","geometry":{"type":"Point","coordinates":[5.427405,52.496825]},"properties":{"name":null,"waterway":"Netherlands waterway","length_m":null,"width_m":null,"rise_m":null,"source":"VNF IENC (Licence Ouverte 2.0)"}},{"type":"Feature","geometry":{"type":"Point","coordinates":[5.877929,51.141171]},"properties":{"name":"Oostkolk sluis Maasbracht","waterway":"Maas","length_m":null,"width_m":15.6,"rise_m":null,"source":"VNF IENC (Licence Ouverte 2.0)"}},{"type":"Feature","geometry":{"type":"Point","coordinates":[5.877316,51.141866]},"properties":{"name":"Westkolk sluis Maasbracht","waterway":"Maas","length_m":null,"width_m":15.6,"rise_m":null,"source":"VNF IENC (Licence Ouverte 2.0)"}},{"type":"Feature","geometry":{"type":"Point","coordinates":[5.877899,51.141647]},"properties":{"name":"Middenkolk sluis Maasbracht","waterway":"Maas","length_m":null,"width_m":15.6,"rise_m":null,"source":"VNF IENC (Licence Ouverte 2.0)"}},{"type":"Feature","geometry":{"type":"Point","coordinates":[5.822807,51.853662]},"properties":{"name":"Oostkolk sluis Weurt","waterway":"Waal","length_m":null,"width_m":16.0,"rise_m":null,"source":"VNF IENC (Licence Ouverte 2.0)"}},{"type":"Feature","geometry":{"type":"Point","coordinates":[5.822807,51.853661]},"properties":{"name":null,"waterway":"Waal","length_m":null,"width_m":null,"rise_m":null,"source":"VNF IENC (Licence Ouverte 2.0)"}},{"type":"Feature","geometry":{"type":"Point","coordinates":[5.821462,51.853432]},"properties":{"name":"Westkolk sluis Weurt","waterway":"Waal","length_m":null,"width_m":16.0,"rise_m":null,"source":"VNF IENC (Licence Ouverte 2.0)"}},{"type":"Feature","geometry":{"type":"Point","coordinates":[6.632653,52.373072]},"properties":{"name":"Sluiskolk sluis Aadorp","waterway":"Netherlands waterway","length_m":63.7,"width_m":8.5,"rise_m":null,"source":"VNF IENC (Licence Ouverte 2.0)"}},{"type":"Feature","geometry":{"type":"Point","coordinates":[4.950911,52.254582]},"properties":{"name":"Sluiskolk Proostdijersluis","waterway":"Amsterdam-Rijnkanaal","length_m":null,"width_m":5.2,"rise_m":null,"source":"VNF IENC (Licence Ouverte 2.0)"}},{"type":"Feature","geometry":{"type":"Point","coordinates":[5.065303,52.328107]},"properties":{"name":"Sluiskolk Weesperpoortsluis","waterway":"Amsterdam-Rijnkanaal","length_m":null,"width_m":4.2,"rise_m":null,"source":"VNF IENC (Licence Ouverte 2.0)"}},{"type":"Feature","geometry":{"type":"Point","coordinates":[5.063709,52.279608]},"properties":{"name":"Sluiskolk Zanderijsluis","waterway":"Amsterdam-Rijnkanaal","length_m":null,"width_m":8.0,"rise_m":null,"source":"VNF IENC (Licence Ouverte 2.0)"}},{"type":"Feature","geometry":{"type":"Point","coordinates":[5.022794,52.274833]},"properties":{"name":"Sluiskolk sluis Nigtevecht","waterway":"Amsterdam-Rijnkanaal","length_m":null,"width_m":24.0,"rise_m":null,"source":"VNF IENC (Licence Ouverte 2.0)"}},{"type":"Feature","geometry":{"type":"Point","coordinates":[4.972605,52.220537]},"properties":{"name":"Sluiskolk Demmerikse sluis","waterway":"Amsterdam-Rijnkanaal","length_m":null,"width_m":6.5,"rise_m":null,"source":"VNF IENC (Licence Ouverte 2.0)"}},{"type":"Feature","geometry":{"type":"Point","coordinates":[5.047813,52.243416]},"properties":{"name":"Sluiskolk sluis 't Hemeltje","waterway":"Amsterdam-Rijnkanaal","length_m":null,"width_m":null,"rise_m":null,"source":"VNF IENC (Licence Ouverte 2.0)"}},{"type":"Feature","geometry":{"type":"Point","coordinates":[5.041988,52.308903]},"properties":{"name":"Sluiskolk sluis Weesp","waterway":"Amsterdam-Rijnkanaal","length_m":null,"width_m":8.0,"rise_m":null,"source":"VNF IENC (Licence Ouverte 2.0)"}},{"type":"Feature","geometry":{"type":"Point","coordinates":[5.022206,52.20238]},"properties":{"name":"Sluiskolk Mijndense sluis","waterway":"Amsterdam-Rijnkanaal","length_m":null,"width_m":8.0,"rise_m":null,"source":"VNF IENC (Licence Ouverte 2.0)"}},{"type":"Feature","geometry":{"type":"Point","coordinates":[5.01887,52.304713]},"properties":{"name":"Sluiskolk sluis Driemond","waterway":"Amsterdam-Rijnkanaal","length_m":null,"width_m":9.0,"rise_m":null,"source":"VNF IENC (Licence Ouverte 2.0)"}},{"type":"Feature","geometry":{"type":"Point","coordinates":[5.603283,52.657833]},"properties":{"name":"Sluiskolk Urkersluis","waterway":"Netherlands waterway","length_m":null,"width_m":7.0,"rise_m":null,"source":"VNF IENC (Licence Ouverte 2.0)"}},{"type":"Feature","geometry":{"type":"Point","coordinates":[5.29531,52.690777]},"properties":{"name":"Westkolk Naviduct Krabbersgat","waterway":"Netherlands waterway","length_m":null,"width_m":12.5,"rise_m":null,"source":"VNF IENC (Licence Ouverte 2.0)"}},{"type":"Feature","geometry":{"type":"Point","coordinates":[5.281638,52.691642]},"properties":{"name":"Sluiskolk Krabbersgatsluis","waterway":"Netherlands waterway","length_m":null,"width_m":11.6,"rise_m":null,"source":"VNF IENC (Licence Ouverte 2.0)"}},{"type":"Feature","geometry":{"type":"Point","coordinates":[5.295584,52.690842]},"properties":{"name":"Oostkolk Naviduct Krabbersgat","waterway":"Netherlands waterway","length_m":null,"width_m":12.5,"rise_m":null,"source":"VNF IENC (Licence Ouverte 2.0)"}},{"type":"Feature","geometry":{"type":"Point","coordinates":[5.668157,51.245304]},"properties":{"name":"Sluiskolk sluis 16 Weert","waterway":"Netherlands waterway","length_m":null,"width_m":15.8,"rise_m":null,"source":"VNF IENC (Licence Ouverte 2.0)"}},{"type":"Feature","geometry":{"type":"Point","coordinates":[5.86155,51.17469]},"properties":{"name":"Oude kolk sluis Panheel","waterway":"Netherlands waterway","length_m":null,"width_m":7.5,"rise_m":null,"source":"VNF IENC (Licence Ouverte 2.0)"}},{"type":"Feature","geometry":{"type":"Point","coordinates":[5.861117,51.174296]},"properties":{"name":"Nieuwe kolk sluis Panheel","waterway":"Netherlands waterway","length_m":null,"width_m":12.6,"rise_m":null,"source":"VNF IENC (Licence Ouverte 2.0)"}},{"type":"Feature","geometry":{"type":"Point","coordinates":[5.453908,51.901345]},"properties":{"name":"Westkolk Prins Bernhardsluizen","waterway":"Amsterdam-Rijnkanaal","length_m":null,"width_m":18.0,"rise_m":null,"source":"VNF IENC (Licence Ouverte 2.0)"}},{"type":"Feature","geometry":{"type":"Point","coordinates":[5.454522,51.901698]},"properties":{"name":"Oostkolk Prins Bernhardsluizen","waterway":"Amsterdam-Rijnkanaal","length_m":null,"width_m":24.0,"rise_m":null,"source":"VNF IENC (Licence Ouverte 2.0)"}},{"type":"Feature","geometry":{"type":"Point","coordinates":[6.998793,53.297262]},"properties":{"name":"Sluiskolk sluis Lalleweer","waterway":"Netherlands waterway","length_m":null,"width_m":6.5,"rise_m":null,"source":"VNF IENC (Licence Ouverte 2.0)"}},{"type":"Feature","geometry":{"type":"Point","coordinates":[6.93992,53.320248]},"properties":{"name":"Kleine kolk Zeesluis Farmsum","waterway":"Netherlands waterway","length_m":null,"width_m":7.0,"rise_m":null,"source":"VNF IENC (Licence Ouverte 2.0)"}},{"type":"Feature","geometry":{"type":"Point","coordinates":[6.704797,53.287001]},"properties":{"name":"Sluiskolk Oosterdijkshornerverlaat","waterway":"Netherlands waterway","length_m":null,"width_m":4.5,"rise_m":null,"source":"VNF IENC (Licence Ouverte 2.0)"}},{"type":"Feature","geometry":{"type":"Point","coordinates":[6.846044,53.303709]},"properties":{"name":"Sluiskolk Groevesluis Zuid","waterway":"Netherlands waterway","length_m":null,"width_m":6.0,"rise_m":null,"source":"VNF IENC (Licence Ouverte 2.0)"}},{"type":"Feature","geometry":{"type":"Point","coordinates":[6.650733,53.236019]},"properties":{"name":"Sluiskolk Slochtersluis","waterway":"Netherlands waterway","length_m":null,"width_m":6.0,"rise_m":null,"source":"VNF IENC (Licence Ouverte 2.0)"}},{"type":"Feature","geometry":{"type":"Point","coordinates":[6.644907,53.23669]},"properties":{"name":"Sluiskolk J. Slimsluis","waterway":"Netherlands waterway","length_m":null,"width_m":3.0,"rise_m":null,"source":"VNF IENC (Licence Ouverte 2.0)"}},{"type":"Feature","geometry":{"type":"Point","coordinates":[7.0366,53.301298]},"properties":{"name":"Sluiskolk sluis Termunterzijldiep","waterway":"Netherlands waterway","length_m":null,"width_m":8.0,"rise_m":null,"source":"VNF IENC (Licence Ouverte 2.0)"}},{"type":"Feature","geometry":{"type":"Point","coordinates":[6.847489,53.306745]},"properties":{"name":"Sluiskolk Groevesluis Noord","waterway":"Netherlands waterway","length_m":null,"width_m":8.6,"rise_m":null,"source":"VNF IENC (Licence Ouverte 2.0)"}},{"type":"Feature","geometry":{"type":"Point","coordinates":[6.64604,53.236459]},"properties":{"name":"Sluiskolk Jan B. Bronssluis","waterway":"Netherlands waterway","length_m":null,"width_m":6.0,"rise_m":null,"source":"VNF IENC (Licence Ouverte 2.0)"}},{"type":"Feature","geometry":{"type":"Point","coordinates":[6.940191,53.320139]},"properties":{"name":"Grote kolk Zeesluis Farmsum","waterway":"Unknown waterway","length_m":174.0,"width_m":16.0,"rise_m":null,"source":"VNF IENC (Licence Ouverte 2.0)"}},{"type":"Feature","geometry":{"type":"Point","coordinates":[6.916556,53.321443]},"properties":{"name":"Sluiskolk Roggenkampsluis","waterway":"Netherlands waterway","length_m":null,"width_m":5.8,"rise_m":null,"source":"VNF IENC (Licence Ouverte 2.0)"}},{"type":"Feature","geometry":{"type":"Point","coordinates":[7.036761,53.301622]},"properties":{"name":"Sluiskolk sluis Termunterzijldiep","waterway":"Netherlands waterway","length_m":null,"width_m":8.0,"rise_m":null,"source":"VNF IENC (Licence Ouverte 2.0)"}},{"type":"Feature","geometry":{"type":"Point","coordinates":[6.235051,52.160693]},"properties":{"name":"Noordkolk sluis Eefde","waterway":"Netherlands waterway","length_m":141.5,"width_m":12.5,"rise_m":null,"source":"VNF IENC (Licence Ouverte 2.0)"}},{"type":"Feature","geometry":{"type":"Point","coordinates":[6.235084,52.160363]},"properties":{"name":"Zuidkolk sluis Eefde","waterway":"Netherlands waterway","length_m":140.0,"width_m":12.0,"rise_m":null,"source":"VNF IENC (Licence Ouverte 2.0)"}},{"type":"Feature","geometry":{"type":"Point","coordinates":[6.232164,52.159934]},"properties":{"name":"Sluiskolk voorsluis Eefde","waterway":"Netherlands waterway","length_m":200.0,"width_m":24.0,"rise_m":null,"source":"VNF IENC (Licence Ouverte 2.0)"}},{"type":"Feature","geometry":{"type":"Point","coordinates":[5.531506,51.608686]},"properties":{"name":"Sluiskolk sluis 4 Veghel","waterway":"Netherlands waterway","length_m":null,"width_m":12.6,"rise_m":null,"source":"VNF IENC (Licence Ouverte 2.0)"}},{"type":"Feature","geometry":{"type":"Point","coordinates":[5.444149,51.648587]},"properties":{"name":"Sluiskolk sluis Schijndel","waterway":"Netherlands waterway","length_m":null,"width_m":12.6,"rise_m":null,"source":"VNF IENC (Licence Ouverte 2.0)"}},{"type":"Feature","geometry":{"type":"Point","coordinates":[4.401033,51.694013]},"properties":{"name":null,"waterway":"Unknown waterway","length_m":142.0,"width_m":16.1,"rise_m":null,"source":"VNF IENC (Licence Ouverte 2.0)"}},{"type":"Feature","geometry":{"type":"Point","coordinates":[4.410034,51.689985]},"properties":{"name":"Oostkolk Volkeraksluizen","waterway":"Hollands Diep","length_m":null,"width_m":24.1,"rise_m":null,"source":"VNF IENC (Licence Ouverte 2.0)"}},{"type":"Feature","geometry":{"type":"Point","coordinates":[4.40934,51.690479]},"properties":{"name":"Middenkolk Volkeraksluizen","waterway":"Hollands Diep","length_m":null,"width_m":24.1,"rise_m":null,"source":"VNF IENC (Licence Ouverte 2.0)"}},{"type":"Feature","geometry":{"type":"Point","coordinates":[4.401042,51.694021]},"properties":{"name":"Sluiskolk Jachtensluis Volkeraksluizen","waterway":"Hollands Diep","length_m":null,"width_m":16.0,"rise_m":null,"source":"VNF IENC (Licence Ouverte 2.0)"}},{"type":"Feature","geometry":{"type":"Point","coordinates":[4.40862,51.690993]},"properties":{"name":"Westkolk Volkeraksluizen","waterway":"Hollands Diep","length_m":null,"width_m":24.0,"rise_m":null,"source":"VNF IENC (Licence Ouverte 2.0)"}},{"type":"Feature","geometry":{"type":"Point","coordinates":[5.336702,53.069865]},"properties":{"name":"Grote kolk Lorentzsluizen","waterway":"Netherlands waterway","length_m":null,"width_m":13.0,"rise_m":null,"source":"VNF IENC (Licence Ouverte 2.0)"}},{"type":"Feature","geometry":{"type":"Point","coordinates":[5.337181,53.069828]},"properties":{"name":"Kleine kolk Lorentzsluizen","waterway":"Netherlands waterway","length_m":null,"width_m":8.2,"rise_m":null,"source":"VNF IENC (Licence Ouverte 2.0)"}},{"type":"Feature","geometry":{"type":"Point","coordinates":[5.33746,53.069187]},"properties":{"name":"Kleine kolk Lorentzsluizen","waterway":"Netherlands waterway","length_m":null,"width_m":8.2,"rise_m":null,"source":"VNF IENC (Licence Ouverte 2.0)"}},{"type":"Feature","geometry":{"type":"Point","coordinates":[5.337013,53.069151]},"properties":{"name":"Grote kolk Lorentzsluizen","waterway":"Netherlands waterway","length_m":null,"width_m":13.0,"rise_m":null,"source":"VNF IENC (Licence Ouverte 2.0)"}},{"type":"Feature","geometry":{"type":"Point","coordinates":[5.402492,53.05459]},"properties":{"name":"Sluiskolk sluis Makkum","waterway":"Netherlands waterway","length_m":null,"width_m":7.8,"rise_m":null,"source":"VNF IENC (Licence Ouverte 2.0)"}},{"type":"Feature","geometry":{"type":"Point","coordinates":[5.710584,52.842634]},"properties":{"name":"Sluiskolk Lemstersluis","waterway":"Netherlands waterway","length_m":null,"width_m":8.0,"rise_m":null,"source":"VNF IENC (Licence Ouverte 2.0)"}},{"type":"Feature","geometry":{"type":"Point","coordinates":[5.765059,52.978565]},"properties":{"name":"Sluiskolk Joustersluis","waterway":"Netherlands waterway","length_m":null,"width_m":null,"rise_m":null,"source":"VNF IENC (Licence Ouverte 2.0)"}},{"type":"Feature","geometry":{"type":"Point","coordinates":[5.710456,52.842347]},"properties":{"name":"Sluiskolk Lemstersluis","waterway":"Netherlands waterway","length_m":null,"width_m":8.0,"rise_m":null,"source":"VNF IENC (Licence Ouverte 2.0)"}},{"type":"Feature","geometry":{"type":"Point","coordinates":[5.676396,52.851397]},"properties":{"name":"Sluiskolk Prinses Margrietsluis","waterway":"Netherlands waterway","length_m":null,"width_m":16.0,"rise_m":null,"source":"VNF IENC (Licence Ouverte 2.0)"}},{"type":"Feature","geometry":{"type":"Point","coordinates":[5.715066,52.843022]},"properties":{"name":"Sluiskolk Riensluis","waterway":"Netherlands waterway","length_m":null,"width_m":9.0,"rise_m":null,"source":"VNF IENC (Licence Ouverte 2.0)"}},{"type":"Feature","geometry":{"type":"Point","coordinates":[5.713661,52.837792]},"properties":{"name":"Sluiskolk Friese sluis Lemmer","waterway":"Netherlands waterway","length_m":null,"width_m":6.7,"rise_m":null,"source":"VNF IENC (Licence Ouverte 2.0)"}},{"type":"Feature","geometry":{"type":"Point","coordinates":[5.924346,51.176235]},"properties":{"name":"Sluiskolk sluis Linne","waterway":"Maas","length_m":null,"width_m":16.0,"rise_m":null,"source":"VNF IENC (Licence Ouverte 2.0)"}},{"type":"Feature","geometry":{"type":"Point","coordinates":[5.981063,51.212148]},"properties":{"name":"Sluiskolk sluis Roermond","waterway":"Maas","length_m":null,"width_m":16.0,"rise_m":null,"source":"VNF IENC (Licence Ouverte 2.0)"}},{"type":"Feature","geometry":{"type":"Point","coordinates":[5.918777,51.175405]},"properties":{"name":"Westkolk sluis Heel","waterway":"Maas","length_m":null,"width_m":15.5,"rise_m":null,"source":"VNF IENC (Licence Ouverte 2.0)"}},{"type":"Feature","geometry":{"type":"Point","coordinates":[5.91894,51.174921]},"properties":{"name":"Oostkolk sluis Heel","waterway":"Maas","length_m":null,"width_m":15.5,"rise_m":null,"source":"VNF IENC (Licence Ouverte 2.0)"}},{"type":"Feature","geometry":{"type":"Point","coordinates":[6.057653,52.49952]},"properties":{"name":null,"waterway":"Netherlands waterway","length_m":null,"width_m":null,"rise_m":null,"source":"VNF IENC (Licence Ouverte 2.0)"}},{"type":"Feature","geometry":{"type":"Point","coordinates":[5.102934,52.768933]},"properties":{"name":"Sluiskolk Westerhavensluis Medemblik","waterway":"Netherlands waterway","length_m":null,"width_m":7.0,"rise_m":null,"source":"VNF IENC (Licence Ouverte 2.0)"}},{"type":"Feature","geometry":{"type":"Point","coordinates":[5.094807,52.769115]},"properties":{"name":"Sluiskolk Overlekersluis","waterway":"Netherlands waterway","length_m":null,"width_m":7.0,"rise_m":null,"source":"VNF IENC (Licence Ouverte 2.0)"}},{"type":"Feature","geometry":{"type":"Point","coordinates":[5.851392,51.76946]},"properties":{"name":"Sluiskolk (west) sluis Heumen","waterway":"Unknown waterway","length_m":null,"width_m":16.0,"rise_m":null,"source":"VNF IENC (Licence Ouverte 2.0)"}},{"type":"Feature","geometry":{"type":"Point","coordinates":[4.826687,51.821571]},"properties":{"name":"Sluiskolk Peulensluis","waterway":"Netherlands waterway","length_m":null,"width_m":6.3,"rise_m":null,"source":"VNF IENC (Licence Ouverte 2.0)"}},{"type":"Feature","geometry":{"type":"Point","coordinates":[4.858237,51.821191]},"properties":{"name":"Sluiskolk Steenenhoeksche Kanaalsluis","waterway":"Netherlands waterway","length_m":null,"width_m":null,"rise_m":null,"source":"VNF IENC (Licence Ouverte 2.0)"}},{"type":"Feature","geometry":{"type":"Point","coordinates":[4.833548,51.828262]},"properties":{"name":null,"waterway":"Netherlands waterway","length_m":null,"width_m":null,"rise_m":null,"source":"VNF IENC (Licence Ouverte 2.0)"}},{"type":"Feature","geometry":{"type":"Point","coordinates":[5.548447,51.804898]},"properties":{"name":"Sluiskolk sluis Macharen","waterway":"Maas","length_m":null,"width_m":13.5,"rise_m":null,"source":"VNF IENC (Licence Ouverte 2.0)"}},{"type":"Feature","geometry":{"type":"Point","coordinates":[4.883755,52.387005]},"properties":{"name":"Sluiskolk Westerkanaalschutsluis","waterway":"IJssel","length_m":null,"width_m":40.0,"rise_m":null,"source":"VNF IENC (Licence Ouverte 2.0)"}},{"type":"Feature","geometry":{"type":"Point","coordinates":[4.960611,52.381661]},"properties":{"name":"Middenkolk Oranjesluizen","waterway":"IJssel","length_m":null,"width_m":18.0,"rise_m":null,"source":"VNF IENC (Licence Ouverte 2.0)"}},{"type":"Feature","geometry":{"type":"Point","coordinates":[4.911348,52.370116]},"properties":{"name":"Sluiskolk Rapenburgersluis (Scharrebiersluis)","waterway":"IJssel","length_m":null,"width_m":8.8,"rise_m":null,"source":"VNF IENC (Licence Ouverte 2.0)"}},{"type":"Feature","geometry":{"type":"Point","coordinates":[4.934117,52.368637]},"properties":{"name":"Sluiskolk Nieuwe Entrepotdokschutsluis","waterway":"IJssel","length_m":null,"width_m":10.0,"rise_m":null,"source":"VNF IENC (Licence Ouverte 2.0)"}},{"type":"Feature","geometry":{"type":"Point","coordinates":[4.95313,52.367425]},"properties":{"name":"Sluiskolk Zeeburgerschutsluis","waterway":"IJssel","length_m":null,"width_m":null,"rise_m":null,"source":"VNF IENC (Licence Ouverte 2.0)"}},{"type":"Feature","geometry":{"type":"Point","coordinates":[4.908016,52.383997]},"properties":{"name":"Westkolk sluis Willem I","waterway":"IJssel","length_m":null,"width_m":null,"rise_m":null,"source":"VNF IENC (Licence Ouverte 2.0)"}},{"type":"Feature","geometry":{"type":"Point","coordinates":[4.960813,52.381822]},"properties":{"name":"Noordkolk Oranjesluizen","waterway":"IJssel","length_m":null,"width_m":14.0,"rise_m":null,"source":"VNF IENC (Licence Ouverte 2.0)"}},{"type":"Feature","geometry":{"type":"Point","coordinates":[4.960414,52.381495]},"properties":{"name":"Zuidkolk Oranjesluizen","waterway":"IJssel","length_m":null,"width_m":14.0,"rise_m":null,"source":"VNF IENC (Licence Ouverte 2.0)"}},{"type":"Feature","geometry":{"type":"Point","coordinates":[4.938388,52.39122]},"properties":{"name":"Sluiskolk Nieuwendammersluis","waterway":"IJssel","length_m":null,"width_m":4.3,"rise_m":null,"source":"VNF IENC (Licence Ouverte 2.0)"}},{"type":"Feature","geometry":{"type":"Point","coordinates":[4.908031,52.383797]},"properties":{"name":"Oostkolk sluis Willem I","waterway":"IJssel","length_m":null,"width_m":5.3,"rise_m":null,"source":"VNF IENC (Licence Ouverte 2.0)"}},{"type":"Feature","geometry":{"type":"Point","coordinates":[4.900601,52.375808]},"properties":{"name":"Sluiskolk Oudezijds Kolksluis","waterway":"IJssel","length_m":null,"width_m":null,"rise_m":null,"source":"VNF IENC (Licence Ouverte 2.0)"}},{"type":"Feature","geometry":{"type":"Point","coordinates":[4.960152,52.3799]},"properties":{"name":"Sluiskolk Prins Willem-Alexandersluis","waterway":"IJssel","length_m":null,"width_m":24.0,"rise_m":null,"source":"VNF IENC (Licence Ouverte 2.0)"}},{"type":"Feature","geometry":{"type":"Point","coordinates":[4.894703,52.379313]},"properties":{"name":"Sluiskolk Nieuwe Haarlemmerschutsluis","waterway":"IJssel","length_m":null,"width_m":null,"rise_m":null,"source":"VNF IENC (Licence Ouverte 2.0)"}},{"type":"Feature","geometry":{"type":"Point","coordinates":[5.134805,51.9922]},"properties":{"name":"Sluiskolk sluis Hagestein","waterway":"Lek","length_m":null,"width_m":18.0,"rise_m":null,"source":"VNF IENC (Licence Ouverte 2.0)"}},{"type":"Feature","geometry":{"type":"Point","coordinates":[5.109365,52.014168]},"properties":{"name":"Westkolk Prinses Beatrixsluizen","waterway":"Lek","length_m":null,"width_m":18.0,"rise_m":null,"source":"VNF IENC (Licence Ouverte 2.0)"}},{"type":"Feature","geometry":{"type":"Point","coordinates":[5.11057,52.013383]},"properties":{"name":"Oostkolk Prinses Beatrixsluizen","waterway":"Lek","length_m":null,"width_m":25.0,"rise_m":null,"source":"VNF IENC (Licence Ouverte 2.0)"}},{"type":"Feature","geometry":{"type":"Point","coordinates":[5.097488,51.994701]},"properties":{"name":"Sluiskolk Grote sluis Vianen","waterway":"Lek","length_m":null,"width_m":23.6,"rise_m":null,"source":"VNF IENC (Licence Ouverte 2.0)"}},{"type":"Feature","geometry":{"type":"Point","coordinates":[5.133816,51.993068]},"properties":{"name":"Sluiskolk sluis Hagestein","waterway":"Lek","length_m":null,"width_m":18.0,"rise_m":null,"source":"VNF IENC (Licence Ouverte 2.0)"}},{"type":"Feature","geometry":{"type":"Point","coordinates":[5.109757,52.014097]},"properties":{"name":"Middenkolk Prinses Beatrixsluizen","waterway":"Lek","length_m":null,"width_m":18.0,"rise_m":null,"source":"VNF IENC (Licence Ouverte 2.0)"}},{"type":"Feature","geometry":{"type":"Point","coordinates":[5.092987,52.006451]},"properties":{"name":"Sluiskolk Koninginnensluis","waterway":"Lek","length_m":null,"width_m":24.0,"rise_m":null,"source":"VNF IENC (Licence Ouverte 2.0)"}},{"type":"Feature","geometry":{"type":"Point","coordinates":[5.758055,52.579025]},"properties":{"name":"Sluiskolk Ketelsluis","waterway":"Netherlands waterway","length_m":null,"width_m":6.8,"rise_m":null,"source":"VNF IENC (Licence Ouverte 2.0)"}},{"type":"Feature","geometry":{"type":"Point","coordinates":[5.753197,52.573275]},"properties":{"name":"Sluiskolk Kampersluis","waterway":"Netherlands waterway","length_m":null,"width_m":7.5,"rise_m":null,"source":"VNF IENC (Licence Ouverte 2.0)"}},{"type":"Feature","geometry":{"type":"Point","coordinates":[5.046858,52.930791]},"properties":{"name":null,"waterway":"Unknown waterway","length_m":120.0,"width_m":13.0,"rise_m":null,"source":"VNF IENC (Licence Ouverte 2.0)"}},{"type":"Feature","geometry":{"type":"Point","coordinates":[5.337017,53.069145]},"properties":{"name":null,"waterway":"Unknown waterway","length_m":120.0,"width_m":13.0,"rise_m":null,"source":"VNF IENC (Licence Ouverte 2.0)"}},{"type":"Feature","geometry":{"type":"Point","coordinates":[5.337321,53.069507]},"properties":{"name":null,"waterway":"Unknown waterway","length_m":67.0,"width_m":8.0,"rise_m":null,"source":"VNF IENC (Licence Ouverte 2.0)"}},{"type":"Feature","geometry":{"type":"Point","coordinates":[5.402492,53.054588]},"properties":{"name":null,"waterway":"Unknown waterway","length_m":27.8,"width_m":7.8,"rise_m":null,"source":"VNF IENC (Licence Ouverte 2.0)"}},{"type":"Feature","geometry":{"type":"Point","coordinates":[5.420428,53.179233]},"properties":{"name":"Tsjerk Hiddessluis","waterway":"Unknown waterway","length_m":135.0,"width_m":12.0,"rise_m":null,"source":"VNF IENC (Licence Ouverte 2.0)"}},{"type":"Feature","geometry":{"type":"Point","coordinates":[4.773677,52.960464]},"properties":{"name":"Zeedoksluis","waterway":"Unknown waterway","length_m":42.0,"width_m":20.1,"rise_m":null,"source":"VNF IENC (Licence Ouverte 2.0)"}},{"type":"Feature","geometry":{"type":"Point","coordinates":[4.773082,52.960492]},"properties":{"name":null,"waterway":"Unknown waterway","length_m":null,"width_m":null,"rise_m":null,"source":"VNF IENC (Licence Ouverte 2.0)"}},{"type":"Feature","geometry":{"type":"Point","coordinates":[4.774149,52.960447]},"properties":{"name":null,"waterway":"Unknown waterway","length_m":null,"width_m":null,"rise_m":null,"source":"VNF IENC (Licence Ouverte 2.0)"}},{"type":"Feature","geometry":{"type":"Point","coordinates":[4.772083,52.95923]},"properties":{"name":null,"waterway":"Unknown waterway","length_m":null,"width_m":null,"rise_m":null,"source":"VNF IENC (Licence Ouverte 2.0)"}},{"type":"Feature","geometry":{"type":"Point","coordinates":[4.787282,52.946997]},"properties":{"name":"Sluiskolk Koopvaardersschutsluis","waterway":"Unknown waterway","length_m":86.0,"width_m":16.0,"rise_m":null,"source":"VNF IENC (Licence Ouverte 2.0)"}},{"type":"Feature","geometry":{"type":"Point","coordinates":[6.998784,53.297268]},"properties":{"name":null,"waterway":"Unknown waterway","length_m":25.0,"width_m":6.5,"rise_m":null,"source":"VNF IENC (Licence Ouverte 2.0)"}},{"type":"Feature","geometry":{"type":"Point","coordinates":[6.93992,53.320248]},"properties":{"name":null,"waterway":"Unknown waterway","length_m":null,"width_m":null,"rise_m":null,"source":"VNF IENC (Licence Ouverte 2.0)"}},{"type":"Feature","geometry":{"type":"Point","coordinates":[6.196571,53.408341]},"properties":{"name":"sluiskolk Robbengatsluis","waterway":"Unknown waterway","length_m":74.6,"width_m":9.1,"rise_m":null,"source":"VNF IENC (Licence Ouverte 2.0)"}},{"type":"Feature","geometry":{"type":"Point","coordinates":[3.66723,51.541679]},"properties":{"name":"Kleine Sluis - kolk 1","waterway":"Unknown waterway","length_m":59.4,"width_m":7.4,"rise_m":null,"source":"VNF IENC (Licence Ouverte 2.0)"}},{"type":"Feature","geometry":{"type":"Point","coordinates":[3.667596,51.541365]},"properties":{"name":"Grote Sluis - kolk 2","waterway":"Unknown waterway","length_m":135.0,"width_m":19.3,"rise_m":null,"source":"VNF IENC (Licence Ouverte 2.0)"}},{"type":"Feature","geometry":{"type":"Point","coordinates":[3.684659,51.618567]},"properties":{"name":"Roompotsluis","waterway":"Unknown waterway","length_m":95.0,"width_m":16.0,"rise_m":null,"source":"VNF IENC (Licence Ouverte 2.0)"}},{"type":"Feature","geometry":{"type":"Point","coordinates":[3.925305,51.537461]},"properties":{"name":null,"waterway":"Unknown waterway","length_m":86.0,"width_m":10.0,"rise_m":null,"source":"VNF IENC (Licence Ouverte 2.0)"}},{"type":"Feature","geometry":{"type":"Point","coordinates":[3.863943,51.543937]},"properties":{"name":"Zandkreeksluis","waterway":"Unknown waterway","length_m":121.0,"width_m":20.0,"rise_m":null,"source":"VNF IENC (Licence Ouverte 2.0)"}},{"type":"Feature","geometry":{"type":"Point","coordinates":[3.818998,51.329368]},"properties":{"name":null,"waterway":"Unknown waterway","length_m":null,"width_m":55.0,"rise_m":null,"source":"VNF IENC (Licence Ouverte 2.0)"}},{"type":"Feature","geometry":{"type":"Point","coordinates":[4.173669,51.510214]},"properties":{"name":"Bergsediepsluis","waterway":"Unknown waterway","length_m":34.0,"width_m":6.0,"rise_m":null,"source":"VNF IENC (Licence Ouverte 2.0)"}},{"type":"Feature","geometry":{"type":"Point","coordinates":[4.229939,51.448048]},"properties":{"name":null,"waterway":"Unknown waterway","length_m":null,"width_m":null,"rise_m":null,"source":"VNF IENC (Licence Ouverte 2.0)"}},{"type":"Feature","geometry":{"type":"Point","coordinates":[4.231139,51.448145]},"properties":{"name":null,"waterway":"Unknown waterway","length_m":null,"width_m":null,"rise_m":null,"source":"VNF IENC (Licence Ouverte 2.0)"}},{"type":"Feature","geometry":{"type":"Point","coordinates":[4.009661,51.455713]},"properties":{"name":"Hansweert Westsluis","waterway":"Unknown waterway","length_m":280.0,"width_m":24.0,"rise_m":null,"source":"VNF IENC (Licence Ouverte 2.0)"}},{"type":"Feature","geometry":{"type":"Point","coordinates":[4.010648,51.455756]},"properties":{"name":"Hansweert Oostsluis","waterway":"Unknown waterway","length_m":280.0,"width_m":23.0,"rise_m":null,"source":"VNF IENC (Licence Ouverte 2.0)"}},{"type":"Feature","geometry":{"type":"Point","coordinates":[4.378452,51.652472]},"properties":{"name":"Manderssluis","waterway":"Unknown waterway","length_m":12.0,"width_m":null,"rise_m":null,"source":"VNF IENC (Licence Ouverte 2.0)"}},{"type":"Feature","geometry":{"type":"Point","coordinates":[4.210509,51.676927]},"properties":{"name":null,"waterway":"Unknown waterway","length_m":null,"width_m":null,"rise_m":null,"source":"VNF IENC (Licence Ouverte 2.0)"}},{"type":"Feature","geometry":{"type":"Point","coordinates":[4.159513,51.661842]},"properties":{"name":"Krammersluizen","waterway":"Unknown waterway","length_m":280.0,"width_m":24.0,"rise_m":null,"source":"VNF IENC (Licence Ouverte 2.0)"}},{"type":"Feature","geometry":{"type":"Point","coordinates":[4.159573,51.661084]},"properties":{"name":"Krammersluizen","waterway":"Unknown waterway","length_m":280.0,"width_m":24.0,"rise_m":null,"source":"VNF IENC (Licence Ouverte 2.0)"}},{"type":"Feature","geometry":{"type":"Point","coordinates":[4.160797,51.665027]},"properties":{"name":null,"waterway":"Unknown waterway","length_m":80.0,"width_m":9.0,"rise_m":null,"source":"VNF IENC (Licence Ouverte 2.0)"}},{"type":"Feature","geometry":{"type":"Point","coordinates":[4.255717,51.625147]},"properties":{"name":null,"waterway":"Unknown waterway","length_m":null,"width_m":null,"rise_m":null,"source":"VNF IENC (Licence Ouverte 2.0)"}},{"type":"Feature","geometry":{"type":"Point","coordinates":[4.408619,51.690993]},"properties":{"name":"Volkeraksluis","waterway":"Unknown waterway","length_m":308.0,"width_m":24.0,"rise_m":null,"source":"VNF IENC (Licence Ouverte 2.0)"}},{"type":"Feature","geometry":{"type":"Point","coordinates":[12.343984,48.977238]},"properties":{"name":"Geisling","waterway":"Donau","length_m":230.0,"width_m":24.0,"rise_m":null,"source":"VNF IENC (Licence Ouverte 2.0)"}},{"type":"Feature","geometry":{"type":"Point","coordinates":[13.409758,48.579749]},"properties":{"name":"Kachlet, n\u00f6rdliche Kammer","waterway":"Donau","length_m":226.5,"width_m":24.0,"rise_m":null,"source":"VNF IENC (Licence Ouverte 2.0)"}},{"type":"Feature","geometry":{"type":"Point","coordinates":[13.409426,48.579491]},"properties":{"name":"Kachlet, s\u00fcdliche Kammer","waterway":"Donau","length_m":226.5,"width_m":24.0,"rise_m":null,"source":"VNF IENC (Licence Ouverte 2.0)"}},{"type":"Feature","geometry":{"type":"Point","coordinates":[12.018067,48.944864]},"properties":{"name":"Bootschleuse Bad Abbach","waterway":"Donau","length_m":20.0,"width_m":4.0,"rise_m":null,"source":"VNF IENC (Licence Ouverte 2.0)"}},{"type":"Feature","geometry":{"type":"Point","coordinates":[12.01262,48.946675]},"properties":{"name":"Bad Abbach","waterway":"Donau","length_m":190.0,"width_m":12.0,"rise_m":null,"source":"VNF IENC (Licence Ouverte 2.0)"}},{"type":"Feature","geometry":{"type":"Point","coordinates":[12.076123,49.027443]},"properties":{"name":"Bootschleuse Regensburg","waterway":"Donau","length_m":20.0,"width_m":4.0,"rise_m":null,"source":"VNF IENC (Licence Ouverte 2.0)"}},{"type":"Feature","geometry":{"type":"Point","coordinates":[12.553767,48.899886]},"properties":{"name":"Straubing","waterway":"Donau","length_m":230.0,"width_m":24.0,"rise_m":null,"source":"VNF IENC (Licence Ouverte 2.0)"}},{"type":"Feature","geometry":{"type":"Point","coordinates":[12.097263,49.026556]},"properties":{"name":"Regensburg","waterway":"Donau","length_m":190.0,"width_m":12.0,"rise_m":null,"source":"VNF IENC (Licence Ouverte 2.0)"}},{"type":"Feature","geometry":{"type":"Point","coordinates":[12.013616,48.926124]},"properties":{"name":"Bootsgasse Bad Abbach","waterway":"Donau","length_m":67.0,"width_m":2.3,"rise_m":null,"source":"VNF IENC (Licence Ouverte 2.0)"}},{"type":"Feature","geometry":{"type":"Point","coordinates":[13.709423,48.518569]},"properties":{"name":"Jochenstein, s\u00fcdliche Kammer","waterway":"Donau","length_m":227.0,"width_m":24.0,"rise_m":null,"source":"VNF IENC (Licence Ouverte 2.0)"}},{"type":"Feature","geometry":{"type":"Point","coordinates":[13.709657,48.518822]},"properties":{"name":"Jochensteinn, n\u00f6rdliche Kammer","waterway":"Donau","length_m":227.0,"width_m":24.0,"rise_m":null,"source":"VNF IENC (Licence Ouverte 2.0)"}},{"type":"Feature","geometry":{"type":"Point","coordinates":[11.112606,49.291415]},"properties":{"name":"Leerstetten","waterway":"Main-Donau-Kanal","length_m":190.0,"width_m":12.0,"rise_m":null,"source":"VNF IENC (Licence Ouverte 2.0)"}},{"type":"Feature","geometry":{"type":"Point","coordinates":[11.443173,49.091712]},"properties":{"name":"Berching","waterway":"Main-Donau-Kanal","length_m":190.0,"width_m":12.0,"rise_m":null,"source":"VNF IENC (Licence Ouverte 2.0)"}},{"type":"Feature","geometry":{"type":"Point","coordinates":[10.979683,49.622949]},"properties":{"name":"Erlangen","waterway":"Main-Donau-Kanal","length_m":190.0,"width_m":12.0,"rise_m":null,"source":"VNF IENC (Licence Ouverte 2.0)"}},{"type":"Feature","geometry":{"type":"Point","coordinates":[10.969823,49.555488]},"properties":{"name":"Kriegenbrunn","waterway":"Main-Donau-Kanal","length_m":190.0,"width_m":12.0,"rise_m":null,"source":"VNF IENC (Licence Ouverte 2.0)"}},{"type":"Feature","geometry":{"type":"Point","coordinates":[11.560145,49.032956]},"properties":{"name":"Dietfurt","waterway":"Main-Donau-Kanal","length_m":190.0,"width_m":12.0,"rise_m":null,"source":"VNF IENC (Licence Ouverte 2.0)"}},{"type":"Feature","geometry":{"type":"Point","coordinates":[11.177547,49.210549]},"properties":{"name":"Eckersm\u00fchlen","waterway":"Main-Donau-Kanal","length_m":190.0,"width_m":12.0,"rise_m":null,"source":"VNF IENC (Licence Ouverte 2.0)"}},{"type":"Feature","geometry":{"type":"Point","coordinates":[11.226224,49.194297]},"properties":{"name":"Hilpoltstein","waterway":"Main-Donau-Kanal","length_m":190.0,"width_m":12.0,"rise_m":null,"source":"VNF IENC (Licence Ouverte 2.0)"}},{"type":"Feature","geometry":{"type":"Point","coordinates":[11.616009,49.01183]},"properties":{"name":"Nr. 12","waterway":"Main-Donau-Kanal","length_m":33.5,"width_m":4.4,"rise_m":null,"source":"VNF IENC (Licence Ouverte 2.0)"}},{"type":"Feature","geometry":{"type":"Point","coordinates":[11.047964,49.743731]},"properties":{"name":"Forchheim","waterway":"Main-Donau-Kanal","length_m":190.0,"width_m":12.0,"rise_m":null,"source":"VNF IENC (Licence Ouverte 2.0)"}},{"type":"Feature","geometry":{"type":"Point","coordinates":[11.037929,49.685361]},"properties":{"name":"Hausen","waterway":"Main-Donau-Kanal","length_m":190.0,"width_m":12.0,"rise_m":null,"source":"VNF IENC (Licence Ouverte 2.0)"}},{"type":"Feature","geometry":{"type":"Point","coordinates":[11.687969,48.974745]},"properties":{"name":"Sportbootschleuse Riedenburg","waterway":"Main-Donau-Kanal","length_m":20.0,"width_m":4.0,"rise_m":null,"source":"VNF IENC (Licence Ouverte 2.0)"}},{"type":"Feature","geometry":{"type":"Point","coordinates":[11.688601,48.975568]},"properties":{"name":"Riedenburg","waterway":"Main-Donau-Kanal","length_m":190.0,"width_m":12.0,"rise_m":null,"source":"VNF IENC (Licence Ouverte 2.0)"}},{"type":"Feature","geometry":{"type":"Point","coordinates":[11.754423,48.939517]},"properties":{"name":"Schleuse Nr. 5","waterway":"Main-Donau-Kanal","length_m":31.5,"width_m":2.7,"rise_m":null,"source":"VNF IENC (Licence Ouverte 2.0)"}},{"type":"Feature","geometry":{"type":"Point","coordinates":[10.908366,49.879818]},"properties":{"name":"Bamberg","waterway":"Main-Donau-Kanal","length_m":190.0,"width_m":12.0,"rise_m":null,"source":"VNF IENC (Licence Ouverte 2.0)"}},{"type":"Feature","geometry":{"type":"Point","coordinates":[11.851295,48.923969]},"properties":{"name":"Sportbootschleuse Kelheim","waterway":"Main-Donau-Kanal","length_m":20.0,"width_m":4.0,"rise_m":null,"source":"VNF IENC (Licence Ouverte 2.0)"}},{"type":"Feature","geometry":{"type":"Point","coordinates":[11.850002,48.924274]},"properties":{"name":"Kelheim","waterway":"Main-Donau-Kanal","length_m":190.0,"width_m":12.0,"rise_m":null,"source":"VNF IENC (Licence Ouverte 2.0)"}},{"type":"Feature","geometry":{"type":"Point","coordinates":[11.814812,48.926534]},"properties":{"name":"Schleuse Nr. 4","waterway":"Main-Donau-Kanal","length_m":32.4,"width_m":4.5,"rise_m":null,"source":"VNF IENC (Licence Ouverte 2.0)"}},{"type":"Feature","geometry":{"type":"Point","coordinates":[10.956993,49.83779]},"properties":{"name":"Strullendorf","waterway":"Main-Donau-Kanal","length_m":190.0,"width_m":12.0,"rise_m":null,"source":"VNF IENC (Licence Ouverte 2.0)"}},{"type":"Feature","geometry":{"type":"Point","coordinates":[11.057984,49.415028]},"properties":{"name":"N\u00fcrnberg","waterway":"Main-Donau-Kanal","length_m":190.0,"width_m":12.0,"rise_m":null,"source":"VNF IENC (Licence Ouverte 2.0)"}},{"type":"Feature","geometry":{"type":"Point","coordinates":[11.435774,49.152655]},"properties":{"name":"Bachhausen","waterway":"Main-Donau-Kanal","length_m":190.0,"width_m":12.0,"rise_m":null,"source":"VNF IENC (Licence Ouverte 2.0)"}},{"type":"Feature","geometry":{"type":"Point","coordinates":[11.064105,49.384745]},"properties":{"name":"Eibach","waterway":"Main-Donau-Kanal","length_m":190.0,"width_m":12.0,"rise_m":null,"source":"VNF IENC (Licence Ouverte 2.0)"}},{"type":"Feature","geometry":{"type":"Point","coordinates":[10.183138,49.914559]},"properties":{"name":"Wipfeld, untere Kammer, Fallh\u00f6he 4,31 m","waterway":"Main","length_m":113.1,"width_m":12.0,"rise_m":null,"source":"VNF IENC (Licence Ouverte 2.0)"}},{"type":"Feature","geometry":{"type":"Point","coordinates":[10.184126,49.913279]},"properties":{"name":"Wipfeld, obere Kammer, Fallh\u00f6he 4,31 m","waterway":"Main","length_m":169.65,"width_m":12.0,"rise_m":null,"source":"VNF IENC (Licence Ouverte 2.0)"}},{"type":"Feature","geometry":{"type":"Point","coordinates":[10.183422,49.912108]},"properties":{"name":"Sportbootschleuse Wipfeld","waterway":"Main","length_m":12.5,"width_m":2.5,"rise_m":null,"source":"VNF IENC (Licence Ouverte 2.0)"}},{"type":"Feature","geometry":{"type":"Point","coordinates":[10.125891,49.667669]},"properties":{"name":"Marktbreit, obere Kammer","waterway":"Main","length_m":110.5,"width_m":12.0,"rise_m":null,"source":"VNF IENC (Licence Ouverte 2.0)"}},{"type":"Feature","geometry":{"type":"Point","coordinates":[10.123698,49.667785]},"properties":{"name":"Marktbreit, untere Kammer","waterway":"Main","length_m":163.5,"width_m":12.0,"rise_m":null,"source":"VNF IENC (Licence Ouverte 2.0)"}},{"type":"Feature","geometry":{"type":"Point","coordinates":[10.124917,49.66739]},"properties":{"name":"Bootschleuse Marktbreit","waterway":"Main","length_m":12.5,"width_m":2.5,"rise_m":null,"source":"VNF IENC (Licence Ouverte 2.0)"}},{"type":"Feature","geometry":{"type":"Point","coordinates":[9.045784,50.006521]},"properties":{"name":"Sportbootschleuse Kleinostheim","waterway":"Main","length_m":13.7,"width_m":3.51,"rise_m":null,"source":"VNF IENC (Licence Ouverte 2.0)"}},{"type":"Feature","geometry":{"type":"Point","coordinates":[9.047547,50.005509]},"properties":{"name":"Kleinostheim, rechte Kammer","waterway":"Main","length_m":298.22,"width_m":12.02,"rise_m":null,"source":"VNF IENC (Licence Ouverte 2.0)"}},{"type":"Feature","geometry":{"type":"Point","coordinates":[9.047441,50.005321]},"properties":{"name":"Kleinostheim, linke Kammer","waterway":"Main","length_m":298.36,"width_m":12.04,"rise_m":null,"source":"VNF IENC (Licence Ouverte 2.0)"}},{"type":"Feature","geometry":{"type":"Point","coordinates":[9.180457,49.778482]},"properties":{"name":"Sportbootschleuse Klingenberg","waterway":"Main","length_m":11.6,"width_m":2.5,"rise_m":null,"source":"VNF IENC (Licence Ouverte 2.0)"}},{"type":"Feature","geometry":{"type":"Point","coordinates":[9.179712,49.779308]},"properties":{"name":"Klingenberg","waterway":"Main","length_m":300.71,"width_m":12.05,"rise_m":null,"source":"VNF IENC (Licence Ouverte 2.0)"}},{"type":"Feature","geometry":{"type":"Point","coordinates":[9.159565,49.868759]},"properties":{"name":"Sportbootsschleuse Wallstadt","waterway":"Main","length_m":12.0,"width_m":2.55,"rise_m":null,"source":"VNF IENC (Licence Ouverte 2.0)"}},{"type":"Feature","geometry":{"type":"Point","coordinates":[9.15968,49.870194]},"properties":{"name":"Wallstadt","waterway":"Main","length_m":299.93,"width_m":12.0,"rise_m":null,"source":"VNF IENC (Licence Ouverte 2.0)"}},{"type":"Feature","geometry":{"type":"Point","coordinates":[8.960853,50.079288]},"properties":{"name":"Sportbootschleuse Krotzenburg","waterway":"Main","length_m":20.0,"width_m":4.0,"rise_m":null,"source":"VNF IENC (Licence Ouverte 2.0)"}},{"type":"Feature","geometry":{"type":"Point","coordinates":[8.962597,50.079805]},"properties":{"name":"Krotzenburg, rechte Kammer","waterway":"Main","length_m":302.3,"width_m":12.0,"rise_m":null,"source":"VNF IENC (Licence Ouverte 2.0)"}},{"type":"Feature","geometry":{"type":"Point","coordinates":[8.962681,50.079552]},"properties":{"name":"Krotzenburg, linke Kammer","waterway":"Main","length_m":300.0,"width_m":12.0,"rise_m":null,"source":"VNF IENC (Licence Ouverte 2.0)"}},{"type":"Feature","geometry":{"type":"Point","coordinates":[10.039275,49.677029]},"properties":{"name":"Sportbootschleuse Go\u00dfmannsdorf","waterway":"Main","length_m":12.5,"width_m":2.5,"rise_m":null,"source":"VNF IENC (Licence Ouverte 2.0)"}},{"type":"Feature","geometry":{"type":"Point","coordinates":[10.038796,49.677913]},"properties":{"name":"Go\u00dfmannsdorf,  untere Kammer","waterway":"Main","length_m":168.5,"width_m":12.0,"rise_m":null,"source":"VNF IENC (Licence Ouverte 2.0)"}},{"type":"Feature","geometry":{"type":"Point","coordinates":[10.040283,49.676874]},"properties":{"name":"Go\u00dfmannsdorf,  obere Kammer","waterway":"Main","length_m":110.0,"width_m":12.0,"rise_m":null,"source":"VNF IENC (Licence Ouverte 2.0)"}},{"type":"Feature","geometry":{"type":"Point","coordinates":[10.218401,49.860342]},"properties":{"name":"Sportbootschleuse Volkach","waterway":"Main","length_m":12.5,"width_m":2.5,"rise_m":null,"source":"VNF IENC (Licence Ouverte 2.0)"}},{"type":"Feature","geometry":{"type":"Point","coordinates":[10.221374,49.818276]},"properties":{"name":"Gerlachshausen, untere Kammer","waterway":"Main","length_m":113.3,"width_m":12.0,"rise_m":null,"source":"VNF IENC (Licence Ouverte 2.0)"}},{"type":"Feature","geometry":{"type":"Point","coordinates":[10.221616,49.81687]},"properties":{"name":"Gerlachshausen, obere Kammer","waterway":"Main","length_m":169.75,"width_m":12.0,"rise_m":null,"source":"VNF IENC (Licence Ouverte 2.0)"}},{"type":"Feature","geometry":{"type":"Point","coordinates":[8.474668,50.040276]},"properties":{"name":"Sportbootschleuse Eddersheim","waterway":"Main","length_m":22.0,"width_m":3.5,"rise_m":null,"source":"VNF IENC (Licence Ouverte 2.0)"}},{"type":"Feature","geometry":{"type":"Point","coordinates":[8.477856,50.039346]},"properties":{"name":"Eddersheim, rechte obere Kammer","waterway":"Main","length_m":115.61,"width_m":12.05,"rise_m":null,"source":"VNF IENC (Licence Ouverte 2.0)"}},{"type":"Feature","geometry":{"type":"Point","coordinates":[8.476226,50.038112]},"properties":{"name":"Eddersheim, rechte untere Kammer","waterway":"Main","length_m":215.78,"width_m":12.05,"rise_m":null,"source":"VNF IENC (Licence Ouverte 2.0)"}},{"type":"Feature","geometry":{"type":"Point","coordinates":[8.478122,50.039192]},"properties":{"name":"Eddersheim, linke obere Kammer Maximale Fallh\u00f6he: 3,61 m","waterway":"Main","length_m":114.69,"width_m":15.05,"rise_m":null,"source":"VNF IENC (Licence Ouverte 2.0)"}},{"type":"Feature","geometry":{"type":"Point","coordinates":[8.476497,50.037963]},"properties":{"name":"Eddersheim, linke untere Kammer","waterway":"Main","length_m":213.75,"width_m":15.05,"rise_m":null,"source":"VNF IENC (Licence Ouverte 2.0)"}},{"type":"Feature","geometry":{"type":"Point","coordinates":[9.59352,49.811495]},"properties":{"name":"Sportbootschleuse Lengfurt","waterway":"Main","length_m":12.4,"width_m":2.51,"rise_m":null,"source":"VNF IENC (Licence Ouverte 2.0)"}},{"type":"Feature","geometry":{"type":"Point","coordinates":[9.594937,49.811213]},"properties":{"name":"Lengfurt","waterway":"Main","length_m":300.08,"width_m":11.98,"rise_m":null,"source":"VNF IENC (Licence Ouverte 2.0)"}},{"type":"Feature","geometry":{"type":"Point","coordinates":[9.717423,49.999926]},"properties":{"name":"Sportbootschleuse Harrbach","waterway":"Main","length_m":12.5,"width_m":2.5,"rise_m":null,"source":"VNF IENC (Licence Ouverte 2.0)"}},{"type":"Feature","geometry":{"type":"Point","coordinates":[9.716631,50.000099]},"properties":{"name":"Harrbach","waterway":"Main","length_m":299.45,"width_m":12.0,"rise_m":null,"source":"VNF IENC (Licence Ouverte 2.0)"}},{"type":"Feature","geometry":{"type":"Point","coordinates":[9.605537,50.010942]},"properties":{"name":"Steinbach","waterway":"Main","length_m":299.1,"width_m":12.0,"rise_m":null,"source":"VNF IENC (Licence Ouverte 2.0)"}},{"type":"Feature","geometry":{"type":"Point","coordinates":[9.606412,50.011836]},"properties":{"name":"Sportbootschleuse Steinbach","waterway":"Main","length_m":12.5,"width_m":2.5,"rise_m":null,"source":"VNF IENC (Licence Ouverte 2.0)"}},{"type":"Feature","geometry":{"type":"Point","coordinates":[10.647545,49.980127]},"properties":{"name":"Sportbootschleuse Limbach","waterway":"Main","length_m":12.5,"width_m":2.5,"rise_m":null,"source":"VNF IENC (Licence Ouverte 2.0)"}},{"type":"Feature","geometry":{"type":"Point","coordinates":[10.639867,49.980641]},"properties":{"name":"Limbach, obere Kammer","waterway":"Main","length_m":112.8,"width_m":12.0,"rise_m":null,"source":"VNF IENC (Licence Ouverte 2.0)"}},{"type":"Feature","geometry":{"type":"Point","coordinates":[10.638009,49.981405]},"properties":{"name":"Limbach, untere Kammer","waterway":"Main","length_m":168.3,"width_m":12.0,"rise_m":null,"source":"VNF IENC (Licence Ouverte 2.0)"}},{"type":"Feature","geometry":{"type":"Point","coordinates":[9.552244,49.75564]},"properties":{"name":"Sportbootschleuse Eichel","waterway":"Main","length_m":12.1,"width_m":2.5,"rise_m":null,"source":"VNF IENC (Licence Ouverte 2.0)"}},{"type":"Feature","geometry":{"type":"Point","coordinates":[9.551811,49.756673]},"properties":{"name":"Eichel","waterway":"Main","length_m":299.92,"width_m":12.0,"rise_m":null,"source":"VNF IENC (Licence Ouverte 2.0)"}},{"type":"Feature","geometry":{"type":"Point","coordinates":[8.334,49.999837]},"properties":{"name":"Sportbootschleuse Kostheim","waterway":"Main","length_m":22.3,"width_m":3.5,"rise_m":null,"source":"VNF IENC (Licence Ouverte 2.0)"}},{"type":"Feature","geometry":{"type":"Point","coordinates":[8.333568,49.999542]},"properties":{"name":"Kostheim, rechte untere Kammer","waterway":"Main","length_m":214.57,"width_m":15.05,"rise_m":null,"source":"VNF IENC (Licence Ouverte 2.0)"}},{"type":"Feature","geometry":{"type":"Point","coordinates":[8.335998,49.999218]},"properties":{"name":"Kostheim, rechte obere Kammer","waterway":"Main","length_m":111.64,"width_m":15.05,"rise_m":null,"source":"VNF IENC (Licence Ouverte 2.0)"}},{"type":"Feature","geometry":{"type":"Point","coordinates":[8.334395,49.99909]},"properties":{"name":"Kostheim, linke Kammer","waterway":"Main","length_m":339.02,"width_m":12.0,"rise_m":null,"source":"VNF IENC (Licence Ouverte 2.0)"}},{"type":"Feature","geometry":{"type":"Point","coordinates":[8.727401,50.108125]},"properties":{"name":"Offenbach, rechte Kammer","waterway":"Main","length_m":230.07,"width_m":13.05,"rise_m":null,"source":"VNF IENC (Licence Ouverte 2.0)"}},{"type":"Feature","geometry":{"type":"Point","coordinates":[8.726338,50.107603]},"properties":{"name":"Offenbach, linke untere Kammer","waterway":"Main","length_m":210.2,"width_m":12.09,"rise_m":null,"source":"VNF IENC (Licence Ouverte 2.0)"}},{"type":"Feature","geometry":{"type":"Point","coordinates":[8.72864,50.108245]},"properties":{"name":"Offenbach, linke obere Kammer","waterway":"Main","length_m":110.5,"width_m":12.09,"rise_m":null,"source":"VNF IENC (Licence Ouverte 2.0)"}},{"type":"Feature","geometry":{"type":"Point","coordinates":[8.726584,50.108154]},"properties":{"name":"Sportbootschleuse Offenbach","waterway":"Main","length_m":20.35,"width_m":3.5,"rise_m":null,"source":"VNF IENC (Licence Ouverte 2.0)"}},{"type":"Feature","geometry":{"type":"Point","coordinates":[9.801582,49.921518]},"properties":{"name":"Sportbootschleuse Himmelstadt","waterway":"Main","length_m":12.5,"width_m":2.5,"rise_m":null,"source":"VNF IENC (Licence Ouverte 2.0)"}},{"type":"Feature","geometry":{"type":"Point","coordinates":[9.801605,49.922206]},"properties":{"name":"Himmelstadt","waterway":"Main","length_m":299.5,"width_m":12.0,"rise_m":null,"source":"VNF IENC (Licence Ouverte 2.0)"}},{"type":"Feature","geometry":{"type":"Point","coordinates":[10.550058,50.002375]},"properties":{"name":"Knetzgau, obere Kammer","waterway":"Main","length_m":111.8,"width_m":12.0,"rise_m":null,"source":"VNF IENC (Licence Ouverte 2.0)"}},{"type":"Feature","geometry":{"type":"Point","coordinates":[10.550719,50.000801]},"properties":{"name":"Sportbootschleuse Knetzgau","waterway":"Main","length_m":12.5,"width_m":2.5,"rise_m":null,"source":"VNF IENC (Licence Ouverte 2.0)"}},{"type":"Feature","geometry":{"type":"Point","coordinates":[10.547912,50.002693]},"properties":{"name":"Knetzgau, untere Kammer","waterway":"Main","length_m":168.55,"width_m":12.0,"rise_m":null,"source":"VNF IENC (Licence Ouverte 2.0)"}},{"type":"Feature","geometry":{"type":"Point","coordinates":[10.379771,50.016632]},"properties":{"name":"Sportbootschleuse Ottendorf","waterway":"Main","length_m":12.5,"width_m":2.5,"rise_m":null,"source":"VNF IENC (Licence Ouverte 2.0)"}},{"type":"Feature","geometry":{"type":"Point","coordinates":[9.588673,49.900208]},"properties":{"name":"Sportbootschleuse Rothenfels","waterway":"Main","length_m":12.5,"width_m":2.5,"rise_m":null,"source":"VNF IENC (Licence Ouverte 2.0)"}},{"type":"Feature","geometry":{"type":"Point","coordinates":[9.589751,49.898963]},"properties":{"name":"Rothenfels","waterway":"Main","length_m":298.45,"width_m":12.0,"rise_m":null,"source":"VNF IENC (Licence Ouverte 2.0)"}},{"type":"Feature","geometry":{"type":"Point","coordinates":[10.784932,49.923829]},"properties":{"name":"Viereth","waterway":"Main","length_m":289.8,"width_m":12.0,"rise_m":null,"source":"VNF IENC (Licence Ouverte 2.0)"}},{"type":"Feature","geometry":{"type":"Point","coordinates":[8.598003,50.088409]},"properties":{"name":"Griesheim, rechte untere Kammer","waterway":"Main","length_m":215.67,"width_m":12.02,"rise_m":null,"source":"VNF IENC (Licence Ouverte 2.0)"}},{"type":"Feature","geometry":{"type":"Point","coordinates":[8.597994,50.088176]},"properties":{"name":"Griesheim, linke untere Kammer","waterway":"Main","length_m":214.26,"width_m":15.04,"rise_m":null,"source":"VNF IENC (Licence Ouverte 2.0)"}},{"type":"Feature","geometry":{"type":"Point","coordinates":[8.600495,50.088428]},"properties":{"name":"Griesheim, rechte obere Kammer","waterway":"Main","length_m":113.75,"width_m":12.02,"rise_m":null,"source":"VNF IENC (Licence Ouverte 2.0)"}},{"type":"Feature","geometry":{"type":"Point","coordinates":[8.600514,50.088196]},"properties":{"name":"Griesheim, linke obere Kammer","waterway":"Main","length_m":114.78,"width_m":15.04,"rise_m":null,"source":"VNF IENC (Licence Ouverte 2.0)"}},{"type":"Feature","geometry":{"type":"Point","coordinates":[8.599303,50.090339]},"properties":{"name":"Sportbootschleuse Griesheim","waterway":"Main","length_m":20.2,"width_m":3.5,"rise_m":null,"source":"VNF IENC (Licence Ouverte 2.0)"}},{"type":"Feature","geometry":{"type":"Point","coordinates":[9.440628,49.78118]},"properties":{"name":"Faulbach","waterway":"Main","length_m":299.8,"width_m":12.1,"rise_m":null,"source":"VNF IENC (Licence Ouverte 2.0)"}},{"type":"Feature","geometry":{"type":"Point","coordinates":[9.440635,49.780883]},"properties":{"name":"Sportbootschleuse Faulbach","waterway":"Main","length_m":12.1,"width_m":2.5,"rise_m":null,"source":"VNF IENC (Licence Ouverte 2.0)"}},{"type":"Feature","geometry":{"type":"Point","coordinates":[9.127243,49.934675]},"properties":{"name":"Obernau","waterway":"Main","length_m":299.18,"width_m":12.0,"rise_m":null,"source":"VNF IENC (Licence Ouverte 2.0)"}},{"type":"Feature","geometry":{"type":"Point","coordinates":[9.128476,49.934024]},"properties":{"name":"Sportbootschleuse Obernau","waterway":"Main","length_m":11.9,"width_m":2.5,"rise_m":null,"source":"VNF IENC (Licence Ouverte 2.0)"}},{"type":"Feature","geometry":{"type":"Point","coordinates":[9.981674,49.753803]},"properties":{"name":"Randersacker, untere Kammer,","waterway":"Main","length_m":164.75,"width_m":12.0,"rise_m":null,"source":"VNF IENC (Licence Ouverte 2.0)"}},{"type":"Feature","geometry":{"type":"Point","coordinates":[9.925427,49.791264]},"properties":{"name":"W\u00fcrzburg","waterway":"Main","length_m":293.1,"width_m":12.0,"rise_m":null,"source":"VNF IENC (Licence Ouverte 2.0)"}},{"type":"Feature","geometry":{"type":"Point","coordinates":[9.982692,49.752543]},"properties":{"name":"Randersacker, obere Kammer","waterway":"Main","length_m":119.4,"width_m":12.0,"rise_m":null,"source":"VNF IENC (Licence Ouverte 2.0)"}},{"type":"Feature","geometry":{"type":"Point","coordinates":[9.925837,49.790285]},"properties":{"name":"Alte Schleuse","waterway":"Main","length_m":60.0,"width_m":10.3,"rise_m":null,"source":"VNF IENC (Licence Ouverte 2.0)"}},{"type":"Feature","geometry":{"type":"Point","coordinates":[9.981125,49.753824]},"properties":{"name":"Sportbootschleuse Randersacker","waterway":"Main","length_m":12.5,"width_m":2.5,"rise_m":null,"source":"VNF IENC (Licence Ouverte 2.0)"}},{"type":"Feature","geometry":{"type":"Point","coordinates":[10.232493,50.039928]},"properties":{"name":"Schweinfurt, obere Kammer","waterway":"Main","length_m":113.5,"width_m":12.0,"rise_m":null,"source":"VNF IENC (Licence Ouverte 2.0)"}},{"type":"Feature","geometry":{"type":"Point","coordinates":[10.230697,50.039107]},"properties":{"name":"Schweinfurt, untere Kammer","waterway":"Main","length_m":169.7,"width_m":12.0,"rise_m":null,"source":"VNF IENC (Licence Ouverte 2.0)"}},{"type":"Feature","geometry":{"type":"Point","coordinates":[10.229424,50.040167]},"properties":{"name":"Sportbootschleuse Schweinfurt","waterway":"Main","length_m":12.5,"width_m":2.5,"rise_m":null,"source":"VNF IENC (Licence Ouverte 2.0)"}},{"type":"Feature","geometry":{"type":"Point","coordinates":[9.3191,49.752741]},"properties":{"name":"Freudenberg","waterway":"Main","length_m":300.0,"width_m":12.0,"rise_m":null,"source":"VNF IENC (Licence Ouverte 2.0)"}},{"type":"Feature","geometry":{"type":"Point","coordinates":[9.318562,49.753444]},"properties":{"name":"Sportbootschleuse Freudenberg","waterway":"Main","length_m":12.5,"width_m":2.5,"rise_m":null,"source":"VNF IENC (Licence Ouverte 2.0)"}},{"type":"Feature","geometry":{"type":"Point","coordinates":[8.870301,50.125195]},"properties":{"name":"Sportbootschleuse M\u00fchlheim","waterway":"Main","length_m":20.0,"width_m":4.0,"rise_m":null,"source":"VNF IENC (Licence Ouverte 2.0)"}},{"type":"Feature","geometry":{"type":"Point","coordinates":[8.872126,50.124868]},"properties":{"name":"M\u00fchlheim","waterway":"Main","length_m":299.9,"width_m":12.04,"rise_m":null,"source":"VNF IENC (Licence Ouverte 2.0)"}},{"type":"Feature","geometry":{"type":"Point","coordinates":[10.182215,49.795105]},"properties":{"name":"Bootsschleuse Dettelbach","waterway":"Main","length_m":2.5,"width_m":2.5,"rise_m":null,"source":"VNF IENC (Licence Ouverte 2.0)"}},{"type":"Feature","geometry":{"type":"Point","coordinates":[10.182589,49.795448]},"properties":{"name":"Dettelbach, obere Kammer","waterway":"Main","length_m":114.5,"width_m":12.0,"rise_m":null,"source":"VNF IENC (Licence Ouverte 2.0)"}},{"type":"Feature","geometry":{"type":"Point","coordinates":[10.180692,49.796158]},"properties":{"name":"Dettelbach, untere Kammer","waterway":"Main","length_m":167.6,"width_m":12.0,"rise_m":null,"source":"VNF IENC (Licence Ouverte 2.0)"}},{"type":"Feature","geometry":{"type":"Point","coordinates":[10.154821,49.720179]},"properties":{"name":"Sportbootschleuse Kitzingen","waterway":"Main","length_m":12.5,"width_m":2.5,"rise_m":null,"source":"VNF IENC (Licence Ouverte 2.0)"}},{"type":"Feature","geometry":{"type":"Point","coordinates":[10.152105,49.718517]},"properties":{"name":"Kitzingen, untere Kammer","waterway":"Main","length_m":166.25,"width_m":12.0,"rise_m":null,"source":"VNF IENC (Licence Ouverte 2.0)"}},{"type":"Feature","geometry":{"type":"Point","coordinates":[10.153902,49.719341]},"properties":{"name":"Kitzingen, obere Kammer","waterway":"Main","length_m":114.9,"width_m":12.0,"rise_m":null,"source":"VNF IENC (Licence Ouverte 2.0)"}},{"type":"Feature","geometry":{"type":"Point","coordinates":[8.791339,50.137115]},"properties":{"name":"Mainkur","waterway":"Main","length_m":315.0,"width_m":12.0,"rise_m":null,"source":"VNF IENC (Licence Ouverte 2.0)"}},{"type":"Feature","geometry":{"type":"Point","coordinates":[9.231068,49.712766]},"properties":{"name":"Heubach","waterway":"Main","length_m":300.0,"width_m":12.0,"rise_m":null,"source":"VNF IENC (Licence Ouverte 2.0)"}},{"type":"Feature","geometry":{"type":"Point","coordinates":[9.231017,49.712938]},"properties":{"name":"Sportbootschleuse Heubach","waterway":"Main","length_m":12.0,"width_m":2.5,"rise_m":null,"source":"VNF IENC (Licence Ouverte 2.0)"}},{"type":"Feature","geometry":{"type":"Point","coordinates":[10.175167,49.97752]},"properties":{"name":"Garstadt, obere Kammer","waterway":"Main","length_m":112.25,"width_m":12.0,"rise_m":null,"source":"VNF IENC (Licence Ouverte 2.0)"}},{"type":"Feature","geometry":{"type":"Point","coordinates":[10.175367,49.9761]},"properties":{"name":"Garstadt, untere Kammer","waterway":"Main","length_m":168.9,"width_m":12.0,"rise_m":null,"source":"VNF IENC (Licence Ouverte 2.0)"}},{"type":"Feature","geometry":{"type":"Point","coordinates":[10.175908,49.978279]},"properties":{"name":"Sportbootschleuse Garstadt","waterway":"Main","length_m":12.5,"width_m":2.5,"rise_m":null,"source":"VNF IENC (Licence Ouverte 2.0)"}},{"type":"Feature","geometry":{"type":"Point","coordinates":[9.854419,49.856561]},"properties":{"name":"Erlabrunn","waterway":"Main","length_m":299.2,"width_m":12.0,"rise_m":null,"source":"VNF IENC (Licence Ouverte 2.0)"}},{"type":"Feature","geometry":{"type":"Point","coordinates":[9.854344,49.856431]},"properties":{"name":"Sportbootschleuse Erlabrunn","waterway":"Main","length_m":12.5,"width_m":2.5,"rise_m":null,"source":"VNF IENC (Licence Ouverte 2.0)"}},{"type":"Feature","geometry":{"type":"Point","coordinates":[7.126147,49.97533]},"properties":{"name":"Schleuse Enkirch","waterway":"Mosel","length_m":170.0,"width_m":12.0,"rise_m":null,"source":"VNF IENC (Licence Ouverte 2.0)"}},{"type":"Feature","geometry":{"type":"Point","coordinates":[7.126138,49.975749]},"properties":{"name":"Bootsschleuse Enkirch","waterway":"Mosel","length_m":18.0,"width_m":32.0,"rise_m":null,"source":"VNF IENC (Licence Ouverte 2.0)"}},{"type":"Feature","geometry":{"type":"Point","coordinates":[7.133389,50.086888]},"properties":{"name":"Schleuse St. Aldegund","waterway":"Mosel","length_m":170.0,"width_m":12.0,"rise_m":null,"source":"VNF IENC (Licence Ouverte 2.0)"}},{"type":"Feature","geometry":{"type":"Point","coordinates":[7.133783,50.087402]},"properties":{"name":"Bootsschleuse St. Aldegund","waterway":"Mosel","length_m":18.0,"width_m":32.0,"rise_m":null,"source":"VNF IENC (Licence Ouverte 2.0)"}},{"type":"Feature","geometry":{"type":"Point","coordinates":[6.846168,49.811938]},"properties":{"name":"Sportbootschleuse Detzem","waterway":"Mosel","length_m":18.0,"width_m":33.0,"rise_m":null,"source":"VNF IENC (Licence Ouverte 2.0)"}},{"type":"Feature","geometry":{"type":"Point","coordinates":[6.845474,49.817679]},"properties":{"name":"Schleuse Detzem","waterway":"Mosel","length_m":170.0,"width_m":12.0,"rise_m":null,"source":"VNF IENC (Licence Ouverte 2.0)"}},{"type":"Feature","geometry":{"type":"Point","coordinates":[7.583558,50.367418]},"properties":{"name":"Schleuse Koblenz","waterway":"Mosel","length_m":170.0,"width_m":12.0,"rise_m":null,"source":"VNF IENC (Licence Ouverte 2.0)"}},{"type":"Feature","geometry":{"type":"Point","coordinates":[7.582939,50.366995]},"properties":{"name":"Bootsschleuse Koblenz","waterway":"Mosel","length_m":18.0,"width_m":32.0,"rise_m":null,"source":"VNF IENC (Licence Ouverte 2.0)"}},{"type":"Feature","geometry":{"type":"Point","coordinates":[6.438125,49.672908]},"properties":{"name":"Sportbootschleuse Grevenmacher","waterway":"Mosel","length_m":18.0,"width_m":33.0,"rise_m":null,"source":"VNF IENC (Licence Ouverte 2.0)"}},{"type":"Feature","geometry":{"type":"Point","coordinates":[6.438243,49.673163]},"properties":{"name":"Schleuse Grevenmacher","waterway":"Mosel","length_m":170.0,"width_m":12.0,"rise_m":null,"source":"VNF IENC (Licence Ouverte 2.0)"}},{"type":"Feature","geometry":{"type":"Point","coordinates":[7.457371,50.275444]},"properties":{"name":"Schleuse Lehmen","waterway":"Mosel","length_m":170.0,"width_m":12.0,"rise_m":null,"source":"VNF IENC (Licence Ouverte 2.0)"}},{"type":"Feature","geometry":{"type":"Point","coordinates":[7.45784,50.274798]},"properties":{"name":"Bootsschleuse Lehmen","waterway":"Mosel","length_m":18.0,"width_m":32.0,"rise_m":null,"source":"VNF IENC (Licence Ouverte 2.0)"}},{"type":"Feature","geometry":{"type":"Point","coordinates":[6.947018,49.879474]},"properties":{"name":"Sportbootschleuse Wintrich","waterway":"Mosel","length_m":18.0,"width_m":33.0,"rise_m":null,"source":"VNF IENC (Licence Ouverte 2.0)"}},{"type":"Feature","geometry":{"type":"Point","coordinates":[6.946791,49.878692]},"properties":{"name":"Schleuse Wintrich","waterway":"Mosel","length_m":170.0,"width_m":12.0,"rise_m":null,"source":"VNF IENC (Licence Ouverte 2.0)"}},{"type":"Feature","geometry":{"type":"Point","coordinates":[6.364524,49.56734]},"properties":{"name":"Sportbootschleuse Palzem","waterway":"Mosel","length_m":18.0,"width_m":33.0,"rise_m":null,"source":"VNF IENC (Licence Ouverte 2.0)"}},{"type":"Feature","geometry":{"type":"Point","coordinates":[6.364296,49.567165]},"properties":{"name":"Schleuse Palzem","waterway":"Mosel","length_m":170.0,"width_m":12.0,"rise_m":null,"source":"VNF IENC (Licence Ouverte 2.0)"}},{"type":"Feature","geometry":{"type":"Point","coordinates":[6.622444,49.729219]},"properties":{"name":" ","waterway":"Mosel","length_m":170.0,"width_m":12.0,"rise_m":null,"source":"VNF IENC (Licence Ouverte 2.0)"}},{"type":"Feature","geometry":{"type":"Point","coordinates":[7.332036,50.183224]},"properties":{"name":"Schleuse M\u00fcden","waterway":"Mosel","length_m":170.0,"width_m":12.0,"rise_m":null,"source":"VNF IENC (Licence Ouverte 2.0)"}},{"type":"Feature","geometry":{"type":"Point","coordinates":[7.332176,50.183478]},"properties":{"name":"Bootsschleuse M\u00fcden","waterway":"Mosel","length_m":18.0,"width_m":32.0,"rise_m":null,"source":"VNF IENC (Licence Ouverte 2.0)"}},{"type":"Feature","geometry":{"type":"Point","coordinates":[7.022245,49.949693]},"properties":{"name":"Sportbootschleuse Zeltingen","waterway":"Mosel","length_m":18.0,"width_m":33.0,"rise_m":null,"source":"VNF IENC (Licence Ouverte 2.0)"}},{"type":"Feature","geometry":{"type":"Point","coordinates":[7.021967,49.949214]},"properties":{"name":"Schleuse Zeltingen","waterway":"Mosel","length_m":170.0,"width_m":12.0,"rise_m":null,"source":"VNF IENC (Licence Ouverte 2.0)"}},{"type":"Feature","geometry":{"type":"Point","coordinates":[7.2283,50.124397]},"properties":{"name":"Schleuse Bruttig-Fankel","waterway":"Mosel","length_m":170.0,"width_m":12.0,"rise_m":null,"source":"VNF IENC (Licence Ouverte 2.0)"}},{"type":"Feature","geometry":{"type":"Point","coordinates":[7.227904,50.124258]},"properties":{"name":"Bootsschleuse Bruttig-Fankel","waterway":"Mosel","length_m":18.0,"width_m":32.0,"rise_m":null,"source":"VNF IENC (Licence Ouverte 2.0)"}},{"type":"Feature","geometry":{"type":"Point","coordinates":[7.228891,50.124221]},"properties":{"name":"Schleuse Bruttig-Fankel","waterway":"Mosel","length_m":210.0,"width_m":125.0,"rise_m":null,"source":"VNF IENC (Licence Ouverte 2.0)"}},{"type":"Feature","geometry":{"type":"Point","coordinates":[6.139693,51.82689]},"properties":{"name":"Schleuse Brienen","waterway":"Rhine","length_m":67.0,"width_m":8.2,"rise_m":null,"source":"VNF IENC (Licence Ouverte 2.0)"}},{"type":"Feature","geometry":{"type":"Point","coordinates":[6.580399,49.490993]},"properties":{"name":"Mettlach","waterway":"Saar","length_m":40.0,"width_m":6.79,"rise_m":null,"source":"VNF IENC (Licence Ouverte 2.0)"}},{"type":"Feature","geometry":{"type":"Point","coordinates":[6.57931,49.491208]},"properties":{"name":"Mettlach","waterway":"Saar","length_m":190.0,"width_m":12.04,"rise_m":null,"source":"VNF IENC (Licence Ouverte 2.0)"}},{"type":"Feature","geometry":{"type":"Point","coordinates":[6.698344,49.373527]},"properties":{"name":"Rehlingen","waterway":"Saar","length_m":40.0,"width_m":6.79,"rise_m":null,"source":"VNF IENC (Licence Ouverte 2.0)"}},{"type":"Feature","geometry":{"type":"Point","coordinates":[6.697974,49.372815]},"properties":{"name":"Rehlingen","waterway":"Saar","length_m":190.0,"width_m":12.04,"rise_m":null,"source":"VNF IENC (Licence Ouverte 2.0)"}},{"type":"Feature","geometry":{"type":"Point","coordinates":[6.765876,49.296848]},"properties":{"name":"Lisdorf","waterway":"Saar","length_m":190.0,"width_m":12.04,"rise_m":null,"source":"VNF IENC (Licence Ouverte 2.0)"}},{"type":"Feature","geometry":{"type":"Point","coordinates":[6.560648,49.658923]},"properties":{"name":"Kanzem","waterway":"Saar","length_m":40.0,"width_m":6.79,"rise_m":null,"source":"VNF IENC (Licence Ouverte 2.0)"}},{"type":"Feature","geometry":{"type":"Point","coordinates":[6.561111,49.658239]},"properties":{"name":"Kanzem","waterway":"Saar","length_m":190.0,"width_m":12.04,"rise_m":null,"source":"VNF IENC (Licence Ouverte 2.0)"}},{"type":"Feature","geometry":{"type":"Point","coordinates":[6.592912,49.566901]},"properties":{"name":"Serrig","waterway":"Saar","length_m":40.0,"width_m":6.79,"rise_m":null,"source":"VNF IENC (Licence Ouverte 2.0)"}},{"type":"Feature","geometry":{"type":"Point","coordinates":[6.593784,49.567359]},"properties":{"name":"Serrig","waterway":"Saar","length_m":190.0,"width_m":12.04,"rise_m":null,"source":"VNF IENC (Licence Ouverte 2.0)"}},{"type":"Feature","geometry":{"type":"Point","coordinates":[4.84252,45.703357]},"properties":{"name":"Ecluse de Pierre-Benite","waterway":"Rh\u00f4ne","length_m":195.0,"width_m":12.0,"rise_m":null,"source":"VNF IENC (Licence Ouverte 2.0)"}},{"type":"Feature","geometry":{"type":"Point","coordinates":[4.816478,43.97729]},"properties":{"name":"ecluse de Commune d'Avignon","waterway":"Rh\u00f4ne","length_m":null,"width_m":null,"rise_m":null,"source":"VNF IENC (Licence Ouverte 2.0)"}},{"type":"Feature","geometry":{"type":"Point","coordinates":[4.82888,45.494158]},"properties":{"name":"\u00c9cluse de Vaugris","waterway":"Rh\u00f4ne","length_m":195.0,"width_m":12.0,"rise_m":6.7,"source":"VNF IENC (Licence Ouverte 2.0)"}},{"type":"Feature","geometry":{"type":"Point","coordinates":[4.641324,43.824596]},"properties":{"name":"\u00e9cluse","waterway":"Rh\u00f4ne","length_m":195.0,"width_m":10.5,"rise_m":null,"source":"VNF IENC (Licence Ouverte 2.0)"}},{"type":"Feature","geometry":{"type":"Point","coordinates":[4.708117,44.500203]},"properties":{"name":"ecluse","waterway":"Rh\u00f4ne","length_m":null,"width_m":null,"rise_m":null,"source":"VNF IENC (Licence Ouverte 2.0)"}},{"type":"Feature","geometry":{"type":"Point","coordinates":[14.020673,48.385849]},"properties":{"name":"Aschach, linke Kammer","waterway":"Donau","length_m":230.0,"width_m":24.0,"rise_m":null,"source":"VNF IENC (Licence Ouverte 2.0)"}},{"type":"Feature","geometry":{"type":"Point","coordinates":[14.020218,48.385676]},"properties":{"name":"Aschach, rechte Kammer","waterway":"Donau","length_m":230.0,"width_m":24.0,"rise_m":null,"source":"VNF IENC (Licence Ouverte 2.0)"}},{"type":"Feature","geometry":{"type":"Point","coordinates":[15.85791,48.37747]},"properties":{"name":"Altenw\u00f6rth, linke Kammer","waterway":"Donau","length_m":230.0,"width_m":24.0,"rise_m":null,"source":"VNF IENC (Licence Ouverte 2.0)"}},{"type":"Feature","geometry":{"type":"Point","coordinates":[15.857667,48.377151]},"properties":{"name":"Altenw\u00f6rth, rechte Kammer","waterway":"Donau","length_m":230.0,"width_m":24.0,"rise_m":null,"source":"VNF IENC (Licence Ouverte 2.0)"}},{"type":"Feature","geometry":{"type":"Point","coordinates":[14.431155,48.250863]},"properties":{"name":"Abwinden-Asten, linke Kammer","waterway":"Donau","length_m":230.0,"width_m":24.0,"rise_m":null,"source":"VNF IENC (Licence Ouverte 2.0)"}},{"type":"Feature","geometry":{"type":"Point","coordinates":[14.430915,48.250602]},"properties":{"name":"Abwinden-Asten, rechte Kammer","waterway":"Donau","length_m":230.0,"width_m":24.0,"rise_m":null,"source":"VNF IENC (Licence Ouverte 2.0)"}},{"type":"Feature","geometry":{"type":"Point","coordinates":[16.24106,48.35193]},"properties":{"name":"Greifenstein, rechte Kammer","waterway":"Donau","length_m":230.0,"width_m":24.0,"rise_m":null,"source":"VNF IENC (Licence Ouverte 2.0)"}},{"type":"Feature","geometry":{"type":"Point","coordinates":[16.241021,48.352257]},"properties":{"name":"Greifenstein, linke Kammer","waterway":"Donau","length_m":230.0,"width_m":24.0,"rise_m":null,"source":"VNF IENC (Licence Ouverte 2.0)"}},{"type":"Feature","geometry":{"type":"Point","coordinates":[15.073197,48.19075]},"properties":{"name":"Ybbs-Persenbeug, linke Kammer","waterway":"Donau","length_m":230.0,"width_m":24.0,"rise_m":null,"source":"VNF IENC (Licence Ouverte 2.0)"}},{"type":"Feature","geometry":{"type":"Point","coordinates":[15.072853,48.190543]},"properties":{"name":"Ybbs-Persenbeug, rechte Kammer","waterway":"Donau","length_m":230.0,"width_m":24.0,"rise_m":null,"source":"VNF IENC (Licence Ouverte 2.0)"}},{"type":"Feature","geometry":{"type":"Point","coordinates":[15.856076,48.377699]},"properties":{"name":"Altenw\u00f6rth, rechte Kammer","waterway":"Donau","length_m":230.0,"width_m":24.0,"rise_m":null,"source":"VNF IENC (Licence Ouverte 2.0)"}},{"type":"Feature","geometry":{"type":"Point","coordinates":[15.856314,48.378013]},"properties":{"name":"Altenw\u00f6rth linke Kammer","waterway":"Donau","length_m":230.0,"width_m":24.0,"rise_m":null,"source":"VNF IENC (Licence Ouverte 2.0)"}},{"type":"Feature","geometry":{"type":"Point","coordinates":[14.692071,48.169128]},"properties":{"name":"Wallsee, linke Kammer","waterway":"Donau","length_m":230.0,"width_m":24.0,"rise_m":null,"source":"VNF IENC (Licence Ouverte 2.0)"}},{"type":"Feature","geometry":{"type":"Point","coordinates":[14.69223,48.168836]},"properties":{"name":"Wallsee, rechte Kammer","waterway":"Donau","length_m":230.0,"width_m":24.0,"rise_m":null,"source":"VNF IENC (Licence Ouverte 2.0)"}},{"type":"Feature","geometry":{"type":"Point","coordinates":[16.371244,48.257341]},"properties":{"name":"Nu\u00dfdorf","waterway":"Donau","length_m":80.0,"width_m":15.0,"rise_m":null,"source":"VNF IENC (Licence Ouverte 2.0)"}},{"type":"Feature","geometry":{"type":"Point","coordinates":[14.14764,48.318548]},"properties":{"name":"Ottensheim, linke Kammer","waterway":"Donau","length_m":230.0,"width_m":24.0,"rise_m":null,"source":"VNF IENC (Licence Ouverte 2.0)"}},{"type":"Feature","geometry":{"type":"Point","coordinates":[14.147862,48.318274]},"properties":{"name":"Ottensheim, rechte Kammer","waterway":"Donau","length_m":230.0,"width_m":24.0,"rise_m":null,"source":"VNF IENC (Licence Ouverte 2.0)"}},{"type":"Feature","geometry":{"type":"Point","coordinates":[16.478259,48.176515]},"properties":{"name":"Freudenau, linke Kammer","waterway":"Donau","length_m":275.0,"width_m":24.0,"rise_m":null,"source":"VNF IENC (Licence Ouverte 2.0)"}},{"type":"Feature","geometry":{"type":"Point","coordinates":[16.477916,48.176299]},"properties":{"name":"Freudenau, rechte Kammer","waterway":"Donau","length_m":275.0,"width_m":24.0,"rise_m":null,"source":"VNF IENC (Licence Ouverte 2.0)"}},{"type":"Feature","geometry":{"type":"Point","coordinates":[15.301709,48.226151]},"properties":{"name":"Melk, linke Kammer","waterway":"Donau","length_m":230.0,"width_m":24.0,"rise_m":null,"source":"VNF IENC (Licence Ouverte 2.0)"}},{"type":"Feature","geometry":{"type":"Point","coordinates":[15.301799,48.225842]},"properties":{"name":"Melk, rechte Kammer","waterway":"Donau","length_m":230.0,"width_m":24.0,"rise_m":null,"source":"VNF IENC (Licence Ouverte 2.0)"}},{"type":"Feature","geometry":{"type":"Point","coordinates":[4.404488,51.235159]},"properties":{"name":null,"waterway":"Belgium waterway","length_m":null,"width_m":24.0,"rise_m":null,"source":"VNF IENC (Licence Ouverte 2.0)"}},{"type":"Feature","geometry":{"type":"Point","coordinates":[4.332959,51.277704]},"properties":{"name":"Boudewijnsluis","waterway":"Belgium waterway","length_m":360.0,"width_m":45.0,"rise_m":null,"source":"VNF IENC (Licence Ouverte 2.0)"}},{"type":"Feature","geometry":{"type":"Point","coordinates":[4.285791,51.34404]},"properties":{"name":"Berendrechtsluis","waterway":"Belgium waterway","length_m":500.0,"width_m":68.0,"rise_m":null,"source":"VNF IENC (Licence Ouverte 2.0)"}},{"type":"Feature","geometry":{"type":"Point","coordinates":[4.330791,51.275862]},"properties":{"name":"Van Cauwelaertsluis","waterway":"Belgium waterway","length_m":270.0,"width_m":35.0,"rise_m":null,"source":"VNF IENC (Licence Ouverte 2.0)"}},{"type":"Feature","geometry":{"type":"Point","coordinates":[4.247599,51.2789]},"properties":{"name":"Kieldrechtsluis","waterway":"Belgium waterway","length_m":500.0,"width_m":68.0,"rise_m":null,"source":"VNF IENC (Licence Ouverte 2.0)"}},{"type":"Feature","geometry":{"type":"Point","coordinates":[4.277958,51.263844]},"properties":{"name":"Kallosluis","waterway":"Belgium waterway","length_m":360.0,"width_m":48.0,"rise_m":null,"source":"VNF IENC (Licence Ouverte 2.0)"}},{"type":"Feature","geometry":{"type":"Point","coordinates":[4.286131,51.346231]},"properties":{"name":"Zandvlietsluis","waterway":"Belgium waterway","length_m":500.0,"width_m":57.0,"rise_m":null,"source":"VNF IENC (Licence Ouverte 2.0)"}},{"type":"Feature","geometry":{"type":"Point","coordinates":[4.402704,51.241335]},"properties":{"name":"Royerssluis","waterway":"Belgium waterway","length_m":180.0,"width_m":22.0,"rise_m":null,"source":"VNF IENC (Licence Ouverte 2.0)"}},{"type":"Feature","geometry":{"type":"Point","coordinates":[4.53577,51.110172]},"properties":{"name":"Duffelsluis I","waterway":"Rupel","length_m":135.7,"width_m":15.8,"rise_m":null,"source":"VNF IENC (Licence Ouverte 2.0)"}},{"type":"Feature","geometry":{"type":"Point","coordinates":[4.535649,51.110349]},"properties":{"name":"Duffelsluis II","waterway":"Rupel","length_m":54.7,"width_m":7.2,"rise_m":null,"source":"VNF IENC (Licence Ouverte 2.0)"}},{"type":"Feature","geometry":{"type":"Point","coordinates":[4.538503,51.226778]},"properties":{"name":"Wijnegem noordersas","waterway":"Albertkanaal","length_m":135.0,"width_m":15.0,"rise_m":null,"source":"VNF IENC (Licence Ouverte 2.0)"}},{"type":"Feature","geometry":{"type":"Point","coordinates":[4.538357,51.226597]},"properties":{"name":"Wijnegem middensas","waterway":"Albertkanaal","length_m":135.0,"width_m":15.0,"rise_m":null,"source":"VNF IENC (Licence Ouverte 2.0)"}},{"type":"Feature","geometry":{"type":"Point","coordinates":[4.536214,51.226855]},"properties":{"name":"Wijnegem duwvaartsas","waterway":"Albertkanaal","length_m":135.0,"width_m":15.0,"rise_m":null,"source":"VNF IENC (Licence Ouverte 2.0)"}},{"type":"Feature","geometry":{"type":"Point","coordinates":[5.369263,50.940271]},"properties":{"name":"Hasselt duwvaartsas","waterway":"Albertkanaal","length_m":135.0,"width_m":15.0,"rise_m":null,"source":"VNF IENC (Licence Ouverte 2.0)"}},{"type":"Feature","geometry":{"type":"Point","coordinates":[5.368777,50.94081]},"properties":{"name":"Hasselt middensas","waterway":"Albertkanaal","length_m":136.0,"width_m":15.0,"rise_m":null,"source":"VNF IENC (Licence Ouverte 2.0)"}},{"type":"Feature","geometry":{"type":"Point","coordinates":[5.368783,50.941099]},"properties":{"name":"Hasselt noordersas","waterway":"Albertkanaal","length_m":135.0,"width_m":15.0,"rise_m":null,"source":"VNF IENC (Licence Ouverte 2.0)"}},{"type":"Feature","geometry":{"type":"Point","coordinates":[5.108128,51.09744]},"properties":{"name":"Kwaadmechelen duwvaartsas","waterway":"Albertkanaal","length_m":135.0,"width_m":15.0,"rise_m":null,"source":"VNF IENC (Licence Ouverte 2.0)"}},{"type":"Feature","geometry":{"type":"Point","coordinates":[5.107838,51.098036]},"properties":{"name":"Kwaadmechelen middensas","waterway":"Albertkanaal","length_m":135.0,"width_m":15.0,"rise_m":null,"source":"VNF IENC (Licence Ouverte 2.0)"}},{"type":"Feature","geometry":{"type":"Point","coordinates":[5.107954,51.098314]},"properties":{"name":"Kwaadmechelen noordersas","waterway":"Albertkanaal","length_m":135.0,"width_m":15.0,"rise_m":null,"source":"VNF IENC (Licence Ouverte 2.0)"}},{"type":"Feature","geometry":{"type":"Point","coordinates":[3.563892,51.095702]},"properties":{"name":"Sluis te Schipdonk kolk","waterway":"Belgium waterway","length_m":38.5,"width_m":5.1,"rise_m":null,"source":"VNF IENC (Licence Ouverte 2.0)"}},{"type":"Feature","geometry":{"type":"Point","coordinates":[5.432449,50.9379]},"properties":{"name":"Diepenbeek duwvaartsas","waterway":"Albertkanaal","length_m":135.0,"width_m":15.0,"rise_m":null,"source":"VNF IENC (Licence Ouverte 2.0)"}},{"type":"Feature","geometry":{"type":"Point","coordinates":[5.432024,50.938456]},"properties":{"name":"Diepenbeek middensas","waterway":"Albertkanaal","length_m":135.0,"width_m":15.0,"rise_m":null,"source":"VNF IENC (Licence Ouverte 2.0)"}},{"type":"Feature","geometry":{"type":"Point","coordinates":[5.432061,50.938744]},"properties":{"name":"Diepenbeek noordersas","waterway":"Albertkanaal","length_m":136.0,"width_m":15.0,"rise_m":null,"source":"VNF IENC (Licence Ouverte 2.0)"}},{"type":"Feature","geometry":{"type":"Point","coordinates":[5.49246,50.93527]},"properties":{"name":"Genk duwvaartsluis","waterway":"Albertkanaal","length_m":136.0,"width_m":15.0,"rise_m":null,"source":"VNF IENC (Licence Ouverte 2.0)"}},{"type":"Feature","geometry":{"type":"Point","coordinates":[5.491935,50.935912]},"properties":{"name":"Genk middensas","waterway":"Albertkanaal","length_m":136.0,"width_m":15.0,"rise_m":null,"source":"VNF IENC (Licence Ouverte 2.0)"}},{"type":"Feature","geometry":{"type":"Point","coordinates":[5.491971,50.936289]},"properties":{"name":"Genk noordersas","waterway":"Albertkanaal","length_m":135.0,"width_m":15.0,"rise_m":null,"source":"VNF IENC (Licence Ouverte 2.0)"}},{"type":"Feature","geometry":{"type":"Point","coordinates":[4.430545,51.063633]},"properties":{"name":"Zennegatsluis kolk","waterway":"Belgium waterway","length_m":51.7,"width_m":7.55,"rise_m":null,"source":"VNF IENC (Licence Ouverte 2.0)"}},{"type":"Feature","geometry":{"type":"Point","coordinates":[4.467711,51.033282]},"properties":{"name":null,"waterway":"Belgium waterway","length_m":80.0,"width_m":9.5,"rise_m":null,"source":"VNF IENC (Licence Ouverte 2.0)"}},{"type":"Feature","geometry":{"type":"Point","coordinates":[4.860624,51.158627]},"properties":{"name":"Olen duwvaartsas","waterway":"Albertkanaal","length_m":135.0,"width_m":15.0,"rise_m":null,"source":"VNF IENC (Licence Ouverte 2.0)"}},{"type":"Feature","geometry":{"type":"Point","coordinates":[4.860488,51.159242]},"properties":{"name":"Olen middensas","waterway":"Albertkanaal","length_m":135.0,"width_m":15.0,"rise_m":null,"source":"VNF IENC (Licence Ouverte 2.0)"}},{"type":"Feature","geometry":{"type":"Point","coordinates":[4.860672,51.159505]},"properties":{"name":"Olen noordersas","waterway":"Albertkanaal","length_m":135.0,"width_m":15.0,"rise_m":null,"source":"VNF IENC (Licence Ouverte 2.0)"}},{"type":"Feature","geometry":{"type":"Point","coordinates":[3.366076,50.720529]},"properties":{"name":"Stuwsluis Spiere kolk","waterway":"Bovenschelde","length_m":110.0,"width_m":11.5,"rise_m":null,"source":"VNF IENC (Licence Ouverte 2.0)"}},{"type":"Feature","geometry":{"type":"Point","coordinates":[3.411417,50.749646]},"properties":{"name":"Sluis te Bossuit kolk","waterway":"Bovenschelde","length_m":110.0,"width_m":11.5,"rise_m":null,"source":"VNF IENC (Licence Ouverte 2.0)"}},{"type":"Feature","geometry":{"type":"Point","coordinates":[4.045786,50.93811]},"properties":{"name":"Sluis Aalst","waterway":"Dender","length_m":38.5,"width_m":5.1,"rise_m":null,"source":"VNF IENC (Licence Ouverte 2.0)"}},{"type":"Feature","geometry":{"type":"Point","coordinates":[4.081463,50.892196]},"properties":{"name":"Sluis Teralfene","waterway":"Dender","length_m":38.5,"width_m":5.1,"rise_m":null,"source":"VNF IENC (Licence Ouverte 2.0)"}},{"type":"Feature","geometry":{"type":"Point","coordinates":[3.666707,50.916852]},"properties":{"name":"Sluis te Asper kolk","waterway":"Bovenschelde","length_m":110.0,"width_m":11.5,"rise_m":null,"source":"VNF IENC (Licence Ouverte 2.0)"}},{"type":"Feature","geometry":{"type":"Point","coordinates":[4.084783,51.043444]},"properties":{"name":"Sluis Dendermonde","waterway":"Dender","length_m":168.0,"width_m":16.0,"rise_m":null,"source":"VNF IENC (Licence Ouverte 2.0)"}},{"type":"Feature","geometry":{"type":"Point","coordinates":[4.077931,51.000878]},"properties":{"name":"Sluis Denderbelle","waterway":"Dender","length_m":55.0,"width_m":7.5,"rise_m":null,"source":"VNF IENC (Licence Ouverte 2.0)"}},{"type":"Feature","geometry":{"type":"Point","coordinates":[4.301745,50.819563]},"properties":{"name":"Ecluse n\u00b010 d'Anderlecht / Sluis n\u00b010 van Anderlecht","waterway":"Belgium waterway","length_m":null,"width_m":null,"rise_m":null,"source":"VNF IENC (Licence Ouverte 2.0)"}},{"type":"Feature","geometry":{"type":"Point","coordinates":[4.33482,50.849626]},"properties":{"name":"Ecluse n\u00b011 de Molenbeek-St-Jean / Sluis n\u00b011 van St. Jans-Monelbeek","waterway":"Belgium waterway","length_m":null,"width_m":null,"rise_m":null,"source":"VNF IENC (Licence Ouverte 2.0)"}},{"type":"Feature","geometry":{"type":"Point","coordinates":[3.618784,50.850455]},"properties":{"name":"Sluis te Oudenaarde kolk","waterway":"Bovenschelde","length_m":110.0,"width_m":11.5,"rise_m":null,"source":"VNF IENC (Licence Ouverte 2.0)"}},{"type":"Feature","geometry":{"type":"Point","coordinates":[3.929984,50.799044]},"properties":{"name":"Sluis Idegem Grimminge","waterway":"Dender","length_m":38.5,"width_m":5.1,"rise_m":null,"source":"VNF IENC (Licence Ouverte 2.0)"}},{"type":"Feature","geometry":{"type":"Point","coordinates":[3.880503,50.769794]},"properties":{"name":"Sluis Geraardsbergen","waterway":"Dender","length_m":38.5,"width_m":5.1,"rise_m":null,"source":"VNF IENC (Licence Ouverte 2.0)"}},{"type":"Feature","geometry":{"type":"Point","coordinates":[4.077359,50.873899]},"properties":{"name":"Sluis Denderleeuw","waterway":"Dender","length_m":42.77,"width_m":5.1,"rise_m":null,"source":"VNF IENC (Licence Ouverte 2.0)"}},{"type":"Feature","geometry":{"type":"Point","coordinates":[4.010004,50.829731]},"properties":{"name":"Sluis Pollare","waterway":"Dender","length_m":38.5,"width_m":5.1,"rise_m":null,"source":"VNF IENC (Licence Ouverte 2.0)"}},{"type":"Feature","geometry":{"type":"Point","coordinates":[3.494103,50.789635]},"properties":{"name":"Sluis te Kerkhove kolk","waterway":"Bovenschelde","length_m":110.0,"width_m":11.5,"rise_m":null,"source":"VNF IENC (Licence Ouverte 2.0)"}},{"type":"Feature","geometry":{"type":"Point","coordinates":[4.832022,51.169377]},"properties":{"name":"Sluis 10 Herentals kolk","waterway":"Kanaal Bocholt-Herentals","length_m":51.5,"width_m":7.3,"rise_m":null,"source":"VNF IENC (Licence Ouverte 2.0)"}},{"type":"Feature","geometry":{"type":"Point","coordinates":[4.955503,51.19016]},"properties":{"name":"Sluis 9 Geel kolk","waterway":"Kanaal Bocholt-Herentals","length_m":55.0,"width_m":7.3,"rise_m":null,"source":"VNF IENC (Licence Ouverte 2.0)"}},{"type":"Feature","geometry":{"type":"Point","coordinates":[4.773934,51.329048]},"properties":{"name":"sluis 1 Rijkevorsel","waterway":"Kanaal Dessel-Turnhout-Schoten","length_m":51.5,"width_m":6.7,"rise_m":null,"source":"VNF IENC (Licence Ouverte 2.0)"}},{"type":"Feature","geometry":{"type":"Point","coordinates":[2.736192,50.957443]},"properties":{"name":"Fintelesluis","waterway":"IJzer","length_m":38.5,"width_m":5.1,"rise_m":null,"source":"VNF IENC (Licence Ouverte 2.0)"}},{"type":"Feature","geometry":{"type":"Point","coordinates":[5.001865,51.358407]},"properties":{"name":"sluis 1 Rijkevorsel","waterway":"Kanaal Dessel-Turnhout-Schoten","length_m":null,"width_m":null,"rise_m":null,"source":"VNF IENC (Licence Ouverte 2.0)"}},{"type":"Feature","geometry":{"type":"Point","coordinates":[4.986346,51.20198]},"properties":{"name":"Sluis 8 Geel kolk","waterway":"Kanaal Bocholt-Herentals","length_m":51.5,"width_m":6.7,"rise_m":null,"source":"VNF IENC (Licence Ouverte 2.0)"}},{"type":"Feature","geometry":{"type":"Point","coordinates":[5.039484,51.211613]},"properties":{"name":"Sluis 7 Geel kolk","waterway":"Kanaal Bocholt-Herentals","length_m":51.5,"width_m":6.7,"rise_m":null,"source":"VNF IENC (Licence Ouverte 2.0)"}},{"type":"Feature","geometry":{"type":"Point","coordinates":[5.076953,51.218433]},"properties":{"name":"Sluis 6 Mol kolk","waterway":"Kanaal Bocholt-Herentals","length_m":51.5,"width_m":6.7,"rise_m":null,"source":"VNF IENC (Licence Ouverte 2.0)"}},{"type":"Feature","geometry":{"type":"Point","coordinates":[4.501771,51.241265]},"properties":{"name":"sluis 10 Schoten","waterway":"Kanaal Dessel-Turnhout-Schoten","length_m":51.5,"width_m":6.7,"rise_m":null,"source":"VNF IENC (Licence Ouverte 2.0)"}},{"type":"Feature","geometry":{"type":"Point","coordinates":[4.506295,51.250298]},"properties":{"name":"sluis 9Schoten","waterway":"Kanaal Dessel-Turnhout-Schoten","length_m":51.5,"width_m":6.7,"rise_m":null,"source":"VNF IENC (Licence Ouverte 2.0)"}},{"type":"Feature","geometry":{"type":"Point","coordinates":[4.518608,51.270498]},"properties":{"name":"sluis 8 Schoten","waterway":"Kanaal Dessel-Turnhout-Schoten","length_m":51.5,"width_m":6.7,"rise_m":null,"source":"VNF IENC (Licence Ouverte 2.0)"}},{"type":"Feature","geometry":{"type":"Point","coordinates":[4.540307,51.287524]},"properties":{"name":"sluis 7 Schoten","waterway":"Kanaal Dessel-Turnhout-Schoten","length_m":5551.5,"width_m":6.7,"rise_m":null,"source":"VNF IENC (Licence Ouverte 2.0)"}},{"type":"Feature","geometry":{"type":"Point","coordinates":[4.549412,51.294041]},"properties":{"name":"sluis 6 Schoten","waterway":"Kanaal Dessel-Turnhout-Schoten","length_m":51.5,"width_m":6.7,"rise_m":null,"source":"VNF IENC (Licence Ouverte 2.0)"}},{"type":"Feature","geometry":{"type":"Point","coordinates":[4.559248,51.298024]},"properties":{"name":"sluis 5 St.-Job-in't-Goor","waterway":"Kanaal Dessel-Turnhout-Schoten","length_m":51.5,"width_m":6.7,"rise_m":null,"source":"VNF IENC (Licence Ouverte 2.0)"}},{"type":"Feature","geometry":{"type":"Point","coordinates":[4.570076,51.302404]},"properties":{"name":"sluis 5 St.-Job-in't-Goor","waterway":"Kanaal Dessel-Turnhout-Schoten","length_m":51.5,"width_m":6.7,"rise_m":null,"source":"VNF IENC (Licence Ouverte 2.0)"}},{"type":"Feature","geometry":{"type":"Point","coordinates":[4.579226,51.306107]},"properties":{"name":"sluis 3 Brecht","waterway":"Kanaal Dessel-Turnhout-Schoten","length_m":51.5,"width_m":6.7,"rise_m":null,"source":"VNF IENC (Licence Ouverte 2.0)"}},{"type":"Feature","geometry":{"type":"Point","coordinates":[4.588249,51.30976]},"properties":{"name":"sluis 2 Brecht","waterway":"Kanaal Dessel-Turnhout-Schoten","length_m":51.5,"width_m":6.7,"rise_m":null,"source":"VNF IENC (Licence Ouverte 2.0)"}},{"type":"Feature","geometry":{"type":"Point","coordinates":[5.140123,51.229783]},"properties":{"name":"sluis 5 Dessel kolk","waterway":"Kanaal Bocholt-Herentals","length_m":51.5,"width_m":6.7,"rise_m":null,"source":"VNF IENC (Licence Ouverte 2.0)"}},{"type":"Feature","geometry":{"type":"Point","coordinates":[5.162926,51.233883]},"properties":{"name":null,"waterway":"Kanaal Bocholt-Herentals","length_m":51.5,"width_m":6.7,"rise_m":null,"source":"VNF IENC (Licence Ouverte 2.0)"}},{"type":"Feature","geometry":{"type":"Point","coordinates":[5.189442,51.239154]},"properties":{"name":"Sluis 3N Mol kolk","waterway":"Kanaal Bocholt-Herentals","length_m":55.0,"width_m":7.3,"rise_m":null,"source":"VNF IENC (Licence Ouverte 2.0)"}},{"type":"Feature","geometry":{"type":"Point","coordinates":[5.209902,51.238475]},"properties":{"name":"Sluis 2N Mol kolk","waterway":"Kanaal Bocholt-Herentals","length_m":55.0,"width_m":7.3,"rise_m":null,"source":"VNF IENC (Licence Ouverte 2.0)"}},{"type":"Feature","geometry":{"type":"Point","coordinates":[5.221744,51.238377]},"properties":{"name":"sluis 1N Lommel kolk","waterway":"Kanaal Bocholt-Herentals","length_m":55.0,"width_m":7.3,"rise_m":null,"source":"VNF IENC (Licence Ouverte 2.0)"}},{"type":"Feature","geometry":{"type":"Point","coordinates":[3.340406,50.825281]},"properties":{"name":"Sluis 8 te Zwevegem","waterway":"Kanaal Bossuit-Kortrijk","length_m":null,"width_m":null,"rise_m":null,"source":"VNF IENC (Licence Ouverte 2.0)"}},{"type":"Feature","geometry":{"type":"Point","coordinates":[3.277426,50.832906]},"properties":{"name":"Sluis 10 te Kortrijk","waterway":"Kanaal Bossuit-Kortrijk","length_m":38.5,"width_m":5.1,"rise_m":null,"source":"VNF IENC (Licence Ouverte 2.0)"}},{"type":"Feature","geometry":{"type":"Point","coordinates":[3.286621,50.83083]},"properties":{"name":"Sluis 9 te Kortrijk","waterway":"Kanaal Bossuit-Kortrijk","length_m":38.5,"width_m":5.1,"rise_m":null,"source":"VNF IENC (Licence Ouverte 2.0)"}},{"type":"Feature","geometry":{"type":"Point","coordinates":[3.27075,50.834556]},"properties":{"name":"Sluis 11 te Kortrijk","waterway":"Kanaal Bossuit-Kortrijk","length_m":38.5,"width_m":5.1,"rise_m":null,"source":"VNF IENC (Licence Ouverte 2.0)"}},{"type":"Feature","geometry":{"type":"Point","coordinates":[3.340862,50.825041]},"properties":{"name":"Sluis 8 te Zwevegem","waterway":"Kanaal Bossuit-Kortrijk","length_m":null,"width_m":null,"rise_m":null,"source":"VNF IENC (Licence Ouverte 2.0)"}},{"type":"Feature","geometry":{"type":"Point","coordinates":[3.345331,50.823055]},"properties":{"name":"Nieuwe sluis te Zwevegem","waterway":"Kanaal Bossuit-Kortrijk","length_m":110.0,"width_m":11.5,"rise_m":null,"source":"VNF IENC (Licence Ouverte 2.0)"}},{"type":"Feature","geometry":{"type":"Point","coordinates":[5.161831,51.242731]},"properties":{"name":"Sluis 4 Dessel","waterway":"Kanaal Dessel-Turnhout-Schoten","length_m":null,"width_m":null,"rise_m":null,"source":"VNF IENC (Licence Ouverte 2.0)"}},{"type":"Feature","geometry":{"type":"Point","coordinates":[3.379864,50.77952]},"properties":{"name":"Sluis te Moen","waterway":"Kanaal Bossuit-Kortrijk","length_m":110.0,"width_m":11.5,"rise_m":null,"source":"VNF IENC (Licence Ouverte 2.0)"}},{"type":"Feature","geometry":{"type":"Point","coordinates":[2.756644,51.133632]},"properties":{"name":"Veurnesluis te Nieuwpoort (Ganzepoot)","waterway":"Canal Nieuwpoort\u2013Dunkerque","length_m":38.5,"width_m":5.1,"rise_m":null,"source":"VNF IENC (Licence Ouverte 2.0)"}},{"type":"Feature","geometry":{"type":"Point","coordinates":[2.757186,51.135847]},"properties":{"name":"Gravensluis te Nieuwpoort","waterway":"Canal Nieuwpoort\u2013Dunkerque","length_m":38.5,"width_m":5.1,"rise_m":null,"source":"VNF IENC (Licence Ouverte 2.0)"}},{"type":"Feature","geometry":{"type":"Point","coordinates":[2.757987,51.134562]},"properties":{"name":"Iepersluis te Nieuwpoort","waterway":"Canal Nieuwpoort\u2013Dunkerque","length_m":38.5,"width_m":5.1,"rise_m":null,"source":"VNF IENC (Licence Ouverte 2.0)"}},{"type":"Feature","geometry":{"type":"Point","coordinates":[3.297244,51.143009]},"properties":{"name":"Keersluis te Beernem","waterway":"Kanaal Gent-Oostende","length_m":null,"width_m":null,"rise_m":null,"source":"VNF IENC (Licence Ouverte 2.0)"}},{"type":"Feature","geometry":{"type":"Point","coordinates":[4.560617,50.973483]},"properties":{"name":"Boortmeerbeeksluis","waterway":"Kanaal Leuven-Dijle","length_m":51.7,"width_m":7.75,"rise_m":null,"source":"VNF IENC (Licence Ouverte 2.0)"}},{"type":"Feature","geometry":{"type":"Point","coordinates":[4.665578,50.93964]},"properties":{"name":null,"waterway":"Kanaal Leuven-Dijle","length_m":51.7,"width_m":7.55,"rise_m":null,"source":"VNF IENC (Licence Ouverte 2.0)"}},{"type":"Feature","geometry":{"type":"Point","coordinates":[2.931233,51.22542]},"properties":{"name":"Demeysluis","waterway":"Belgium waterway","length_m":124.0,"width_m":17.4,"rise_m":null,"source":"VNF IENC (Licence Ouverte 2.0)"}},{"type":"Feature","geometry":{"type":"Point","coordinates":[2.930632,51.225932]},"properties":{"name":"Demeysluis","waterway":"Belgium waterway","length_m":124.0,"width_m":17.4,"rise_m":null,"source":"VNF IENC (Licence Ouverte 2.0)"}},{"type":"Feature","geometry":{"type":"Point","coordinates":[2.924007,51.230183]},"properties":{"name":"Mercatorsluis","waterway":"Belgium waterway","length_m":55.0,"width_m":12.0,"rise_m":null,"source":"VNF IENC (Licence Ouverte 2.0)"}},{"type":"Feature","geometry":{"type":"Point","coordinates":[2.928076,51.234831]},"properties":{"name":"Visserijsluis","waterway":"Belgium waterway","length_m":80.0,"width_m":15.0,"rise_m":null,"source":"VNF IENC (Licence Ouverte 2.0)"}},{"type":"Feature","geometry":{"type":"Point","coordinates":[4.292847,50.789764]},"properties":{"name":"Sluis 9 - Ruisbroek","waterway":"Zeekanaal Brussel-Schelde","length_m":81.3,"width_m":10.3,"rise_m":null,"source":"VNF IENC (Licence Ouverte 2.0)"}},{"type":"Feature","geometry":{"type":"Point","coordinates":[4.269814,50.76639]},"properties":{"name":"Sluis 8 - Lot","waterway":"Zeekanaal Brussel-Schelde","length_m":81.3,"width_m":10.3,"rise_m":null,"source":"VNF IENC (Licence Ouverte 2.0)"}},{"type":"Feature","geometry":{"type":"Point","coordinates":[3.232519,51.221438]},"properties":{"name":"Oude Dampoortsluis","waterway":"Kanaal Gent-Oostende","length_m":null,"width_m":null,"rise_m":null,"source":"VNF IENC (Licence Ouverte 2.0)"}},{"type":"Feature","geometry":{"type":"Point","coordinates":[3.23398,51.221384]},"properties":{"name":"Dammepoortsluis","waterway":"Kanaal Gent-Oostende","length_m":86.0,"width_m":10.2,"rise_m":null,"source":"VNF IENC (Licence Ouverte 2.0)"}},{"type":"Feature","geometry":{"type":"Point","coordinates":[2.849882,50.910031]},"properties":{"name":"Sluis Boezinge Sas","waterway":"Belgium waterway","length_m":38.5,"width_m":5.1,"rise_m":null,"source":"VNF IENC (Licence Ouverte 2.0)"}},{"type":"Feature","geometry":{"type":"Point","coordinates":[2.867079,50.893247]},"properties":{"name":"Sluis Boezinge Sas","waterway":"Belgium waterway","length_m":38.5,"width_m":5.1,"rise_m":null,"source":"VNF IENC (Licence Ouverte 2.0)"}},{"type":"Feature","geometry":{"type":"Point","coordinates":[4.241606,50.738292]},"properties":{"name":"Sluis 7 - Halle","waterway":"Zeekanaal Brussel-Schelde","length_m":81.3,"width_m":10.3,"rise_m":null,"source":"VNF IENC (Licence Ouverte 2.0)"}},{"type":"Feature","geometry":{"type":"Point","coordinates":[4.221918,50.709053]},"properties":{"name":"Sluis 6 - Lembeek","waterway":"Zeekanaal Brussel-Schelde","length_m":81.3,"width_m":10.3,"rise_m":null,"source":"VNF IENC (Licence Ouverte 2.0)"}},{"type":"Feature","geometry":{"type":"Point","coordinates":[3.660974,51.086248]},"properties":{"name":"Keersluis K1 te Vinderhoute","waterway":"Ringvaart om Gent","length_m":null,"width_m":null,"rise_m":null,"source":"VNF IENC (Licence Ouverte 2.0)"}},{"type":"Feature","geometry":{"type":"Point","coordinates":[3.668544,51.089517]},"properties":{"name":"Kleine sluis te Evergem","waterway":"Ringvaart om Gent","length_m":110.0,"width_m":11.5,"rise_m":null,"source":"VNF IENC (Licence Ouverte 2.0)"}},{"type":"Feature","geometry":{"type":"Point","coordinates":[3.669964,51.089443]},"properties":{"name":"Grote sluis te Evergem kolk","waterway":"Ringvaart om Gent","length_m":110.0,"width_m":11.5,"rise_m":null,"source":"VNF IENC (Licence Ouverte 2.0)"}},{"type":"Feature","geometry":{"type":"Point","coordinates":[3.003579,51.20933]},"properties":{"name":"Plassendalesluis te Oudenburg","waterway":"Canal Nieuwpoort\u2013Dunkerque","length_m":38.5,"width_m":5.1,"rise_m":null,"source":"VNF IENC (Licence Ouverte 2.0)"}},{"type":"Feature","geometry":{"type":"Point","coordinates":[3.306297,50.855441]},"properties":{"name":"Stuwsluis te Harelbeke kolk","waterway":"Leie","length_m":185.0,"width_m":11.4,"rise_m":null,"source":"VNF IENC (Licence Ouverte 2.0)"}},{"type":"Feature","geometry":{"type":"Point","coordinates":[3.198291,51.327696]},"properties":{"name":null,"waterway":"Belgium waterway","length_m":165.0,"width_m":19.7,"rise_m":null,"source":"VNF IENC (Licence Ouverte 2.0)"}},{"type":"Feature","geometry":{"type":"Point","coordinates":[3.217184,51.333956]},"properties":{"name":"Pierre Vandammesluis","waterway":"Belgium waterway","length_m":500.0,"width_m":57.0,"rise_m":null,"source":"VNF IENC (Licence Ouverte 2.0)"}},{"type":"Feature","geometry":{"type":"Point","coordinates":[4.366881,51.081226]},"properties":{"name":"Sluis Klein-Willebroek","waterway":"Zeekanaal Brussel-Schelde","length_m":50.0,"width_m":6.6,"rise_m":null,"source":"VNF IENC (Licence Ouverte 2.0)"}},{"type":"Feature","geometry":{"type":"Point","coordinates":[4.302431,51.117439]},"properties":{"name":"Nieuwe zeesluis Wintam","waterway":"Zeekanaal Brussel-Schelde","length_m":180.0,"width_m":2524.0,"rise_m":null,"source":"VNF IENC (Licence Ouverte 2.0)"}},{"type":"Feature","geometry":{"type":"Point","coordinates":[2.771607,51.136929]},"properties":{"name":"St.-Jorissluis","waterway":"Canal Nieuwpoort\u2013Dunkerque","length_m":38.5,"width_m":5.1,"rise_m":null,"source":"VNF IENC (Licence Ouverte 2.0)"}},{"type":"Feature","geometry":{"type":"Point","coordinates":[4.667872,51.18847]},"properties":{"name":"Vierselsluis","waterway":"Rupel","length_m":81.3,"width_m":10.3,"rise_m":null,"source":"VNF IENC (Licence Ouverte 2.0)"}},{"type":"Feature","geometry":{"type":"Point","coordinates":[3.219537,51.331261]},"properties":{"name":"Pierre Vandammesluis","waterway":"Belgium waterway","length_m":500.0,"width_m":57.0,"rise_m":null,"source":"VNF IENC (Licence Ouverte 2.0)"}},{"type":"Feature","geometry":{"type":"Point","coordinates":[3.748637,51.008777]},"properties":{"name":"Sluis 1 te Merelbeke","waterway":"Ringvaart om Gent","length_m":110.0,"width_m":11.5,"rise_m":null,"source":"VNF IENC (Licence Ouverte 2.0)"}},{"type":"Feature","geometry":{"type":"Point","coordinates":[3.748395,51.008432]},"properties":{"name":"Sluis 2 te Merelbeke","waterway":"Ringvaart om Gent","length_m":110.0,"width_m":11.5,"rise_m":null,"source":"VNF IENC (Licence Ouverte 2.0)"}},{"type":"Feature","geometry":{"type":"Point","coordinates":[3.739924,51.012641]},"properties":{"name":"Sluis E3 te Merelbeke kolk","waterway":"Ringvaart om Gent","length_m":55.0,"width_m":7.3,"rise_m":null,"source":"VNF IENC (Licence Ouverte 2.0)"}},{"type":"Feature","geometry":{"type":"Point","coordinates":[3.415678,50.914256]},"properties":{"name":"Sluis Sint-Baafs-Vijve kolk","waterway":"Leie","length_m":110.0,"width_m":11.5,"rise_m":null,"source":"VNF IENC (Licence Ouverte 2.0)"}},{"type":"Feature","geometry":{"type":"Point","coordinates":[3.412631,50.911221]},"properties":{"name":"Oude sluis Sint Baafs Vijve","waterway":"Leie","length_m":null,"width_m":null,"rise_m":null,"source":"VNF IENC (Licence Ouverte 2.0)"}},{"type":"Feature","geometry":{"type":"Point","coordinates":[3.343703,50.897441]},"properties":{"name":"Sluis Ooigem kolk","waterway":"Leie","length_m":110.0,"width_m":11.5,"rise_m":null,"source":"VNF IENC (Licence Ouverte 2.0)"}},{"type":"Feature","geometry":{"type":"Point","coordinates":[3.344264,50.896525]},"properties":{"name":"Drietrapsluis te Ooigem kolk","waterway":"Leie","length_m":34.0,"width_m":5.0,"rise_m":null,"source":"VNF IENC (Licence Ouverte 2.0)"}},{"type":"Feature","geometry":{"type":"Point","coordinates":[3.412521,50.913144]},"properties":{"name":"Sluis Sint-Baafs-Vijve kolk","waterway":"Leie","length_m":110.0,"width_m":11.5,"rise_m":null,"source":"VNF IENC (Licence Ouverte 2.0)"}},{"type":"Feature","geometry":{"type":"Point","coordinates":[4.372808,50.998866]},"properties":{"name":"Sluis Zemst","waterway":"Zeekanaal Brussel-Schelde","length_m":140.0,"width_m":19.0,"rise_m":null,"source":"VNF IENC (Licence Ouverte 2.0)"}},{"type":"Feature","geometry":{"type":"Point","coordinates":[5.654843,50.885046]},"properties":{"name":"Sluis Lanaken","waterway":"Zuid-Willemsvaart","length_m":55.2,"width_m":7.3,"rise_m":null,"source":"VNF IENC (Licence Ouverte 2.0)"}},{"type":"Feature","geometry":{"type":"Point","coordinates":[5.682992,50.901756]},"properties":{"name":"Sluis Neerharen","waterway":"Zuid-Willemsvaart","length_m":55.2,"width_m":7.3,"rise_m":null,"source":"VNF IENC (Licence Ouverte 2.0)"}},{"type":"Feature","geometry":{"type":"Point","coordinates":[5.564096,51.188651]},"properties":{"name":"Sluis Bocholt","waterway":"Zuid-Willemsvaart","length_m":52.0,"width_m":6.7,"rise_m":null,"source":"VNF IENC (Licence Ouverte 2.0)"}},{"type":"Feature","geometry":{"type":"Point","coordinates":[5.555672,51.207139]},"properties":{"name":"Sluis Lozen","waterway":"Zuid-Willemsvaart","length_m":52.0,"width_m":6.7,"rise_m":null,"source":"VNF IENC (Licence Ouverte 2.0)"}},{"type":"Feature","geometry":{"type":"Point","coordinates":[7.629478,47.559004]},"properties":{"name":"Schleusenkammer Nord (Alt)","waterway":"Hochrhein","length_m":180.0,"width_m":12.0,"rise_m":null,"source":"VNF IENC (Licence Ouverte 2.0)"}},{"type":"Feature","geometry":{"type":"Point","coordinates":[7.629545,47.55881]},"properties":{"name":"Schleusenkammer S\u00fcd (Neu)","waterway":"Hochrhein","length_m":187.5,"width_m":12.0,"rise_m":null,"source":"VNF IENC (Licence Ouverte 2.0)"}},{"type":"Feature","geometry":{"type":"Point","coordinates":[7.711281,47.537005]},"properties":{"name":"Schleuse Augst","waterway":"Hochrhein","length_m":null,"width_m":null,"rise_m":null,"source":"VNF IENC (Licence Ouverte 2.0)"}}]}