{"type":"FeatureCollection","features":[{"type":"Feature","geometry":{"type":"Point","coordinates":[8.11159,48.8236]},"properties":{"type":"quay","name":"Liegestelle Schleuse Iffezheim","waterway":"Rhine","inform":"2 Schiffsbreiten","source":"VNF IENC (Licence Ouverte 2.0)"}},{"type":"Feature","geometry":{"type":"Point","coordinates":[8.115894,48.838751]},"properties":{"type":"quay","name":"Liegestelle Schleuse Iffezheim","waterway":"Rhine","inform":null,"source":"VNF IENC (Licence Ouverte 2.0)"}},{"type":"Feature","geometry":{"type":"Point","coordinates":[8.114239,48.839526]},"properties":{"type":"quay","name":"Liegestelle Schleuse Iffezheim","waterway":"Rhine","inform":null,"source":"VNF IENC (Licence Ouverte 2.0)"}},{"type":"Feature","geometry":{"type":"Point","coordinates":[8.113273,48.842301]},"properties":{"type":"quay","name":"Liegestelle Umpumpplatz Iffezheim","waterway":"Rhine","inform":"nur genehmigtes Umpumpen","source":"VNF IENC (Licence Ouverte 2.0)"}},{"type":"Feature","geometry":{"type":"Point","coordinates":[8.11256,48.826665]},"properties":{"type":"quay","name":"Liegestelle Schleuse Iffezheim","waterway":"Rhine","inform":null,"source":"VNF IENC (Licence Ouverte 2.0)"}},{"type":"Feature","geometry":{"type":"Point","coordinates":[8.110614,48.826378]},"properties":{"type":"quay","name":"Liegestelle Schleuse Iffezheim","waterway":"Rhine","inform":null,"source":"VNF IENC (Licence Ouverte 2.0)"}},{"type":"Feature","geometry":{"type":"Point","coordinates":[8.113393,48.836462]},"properties":{"type":"quay","name":"Liegestelle Schleuse Iffezheim","waterway":"Rhine","inform":"2 Schiffsbreiten","source":"VNF IENC (Licence Ouverte 2.0)"}},{"type":"Feature","geometry":{"type":"Point","coordinates":[8.115031,48.835639]},"properties":{"type":"quay","name":"Liegestelle Schleuse Iffezheim","waterway":"Rhine","inform":"2 Schiffsbreiten","source":"VNF IENC (Licence Ouverte 2.0)"}},{"type":"Feature","geometry":{"type":"Point","coordinates":[8.109649,48.823433]},"properties":{"type":"quay","name":"Liegestelle Schleuse Iffezheim","waterway":"Rhine","inform":"2 Schiffsbreiten","source":"VNF IENC (Licence Ouverte 2.0)"}},{"type":"Feature","geometry":{"type":"Point","coordinates":[4.833011,45.841224]},"properties":{"type":"quay","name":null,"waterway":"Sa\u00f4ne","inform":null,"source":"VNF IENC (Licence Ouverte 2.0)"}},{"type":"Feature","geometry":{"type":"Point","coordinates":[4.831425,45.839584]},"properties":{"type":"pontoon","name":null,"waterway":"Sa\u00f4ne","inform":null,"source":"VNF IENC (Licence Ouverte 2.0)"}},{"type":"Feature","geometry":{"type":"Point","coordinates":[2.943481,50.734771]},"properties":{"type":"pontoon","name":"Port de Deul\u00e9mont","waterway":"Canal Dunkerque\u2013Escaut","inform":null,"source":"VNF IENC (Licence Ouverte 2.0)"}},{"type":"Feature","geometry":{"type":"Point","coordinates":[7.585445,47.579497]},"properties":{"type":"quay","name":"Liegestelle","waterway":"Rhine","inform":null,"source":"VNF IENC (Licence Ouverte 2.0)"}},{"type":"Feature","geometry":{"type":"Point","coordinates":[7.584716,47.584306]},"properties":{"type":"quay","name":"Liegestelle","waterway":"Rhine","inform":null,"source":"VNF IENC (Licence Ouverte 2.0)"}},{"type":"Feature","geometry":{"type":"Point","coordinates":[7.58816,47.586911]},"properties":{"type":"quay","name":"Liegestelle","waterway":"Rhine","inform":null,"source":"VNF IENC (Licence Ouverte 2.0)"}},{"type":"Feature","geometry":{"type":"Point","coordinates":[4.815524,45.732713]},"properties":{"type":"quay","name":"ducs d'albe","waterway":"Sa\u00f4ne","inform":"NC","source":"VNF IENC (Licence Ouverte 2.0)"}},{"type":"Feature","geometry":{"type":"Point","coordinates":[4.849601,45.815646]},"properties":{"type":"quay","name":"ducs d'albe","waterway":"Sa\u00f4ne","inform":"NC","source":"VNF IENC (Licence Ouverte 2.0)"}},{"type":"Feature","geometry":{"type":"Point","coordinates":[4.809139,45.779723]},"properties":{"type":"quay","name":"ducs d'albe","waterway":"Sa\u00f4ne","inform":"NC","source":"VNF IENC (Licence Ouverte 2.0)"}},{"type":"Feature","geometry":{"type":"Point","coordinates":[4.814131,45.741856]},"properties":{"type":"quay","name":"Poste attente paquebots h\u00f4tel","waterway":"Sa\u00f4ne","inform":"NC","source":"VNF IENC (Licence Ouverte 2.0)"}},{"type":"Feature","geometry":{"type":"Point","coordinates":[4.820001,45.789524]},"properties":{"type":"pontoon","name":"Ponton de Caluire","waterway":"Sa\u00f4ne","inform":"Ponton de Caluire","source":"VNF IENC (Licence Ouverte 2.0)"}},{"type":"Feature","geometry":{"type":"Point","coordinates":[4.849599,45.815689]},"properties":{"type":"pontoon","name":"Halte de Collonges au mont d'Or","waterway":"Sa\u00f4ne","inform":"Halte de Collonges au mont d'Or","source":"VNF IENC (Licence Ouverte 2.0)"}},{"type":"Feature","geometry":{"type":"Point","coordinates":[4.842238,45.809576]},"properties":{"type":"pontoon","name":"Appontement","waterway":"Sa\u00f4ne","inform":"Appontement restaurant Abbaye de Collonges","source":"VNF IENC (Licence Ouverte 2.0)"}},{"type":"Feature","geometry":{"type":"Point","coordinates":[4.814676,45.736402]},"properties":{"type":"pontoon","name":"Ponton","waterway":"Sa\u00f4ne","inform":null,"source":"VNF IENC (Licence Ouverte 2.0)"}},{"type":"Feature","geometry":{"type":"Point","coordinates":[4.826679,45.794027]},"properties":{"type":"pontoon","name":"Ponton","waterway":"Sa\u00f4ne","inform":null,"source":"VNF IENC (Licence Ouverte 2.0)"}},{"type":"Feature","geometry":{"type":"Point","coordinates":[4.827053,45.794284]},"properties":{"type":"pontoon","name":"Ponton","waterway":"Sa\u00f4ne","inform":null,"source":"VNF IENC (Licence Ouverte 2.0)"}},{"type":"Feature","geometry":{"type":"Point","coordinates":[4.838021,45.798079]},"properties":{"type":"pontoon","name":"Ponton","waterway":"Sa\u00f4ne","inform":null,"source":"VNF IENC (Licence Ouverte 2.0)"}},{"type":"Feature","geometry":{"type":"Point","coordinates":[4.840847,45.83423]},"properties":{"type":"pontoon","name":"Ponton","waterway":"Sa\u00f4ne","inform":null,"source":"VNF IENC (Licence Ouverte 2.0)"}},{"type":"Feature","geometry":{"type":"Point","coordinates":[4.814204,45.742345]},"properties":{"type":"pontoon","name":null,"waterway":"Sa\u00f4ne","inform":null,"source":"VNF IENC (Licence Ouverte 2.0)"}},{"type":"Feature","geometry":{"type":"Point","coordinates":[4.813234,45.784923]},"properties":{"type":"pontoon","name":null,"waterway":"Sa\u00f4ne","inform":null,"source":"VNF IENC (Licence Ouverte 2.0)"}},{"type":"Feature","geometry":{"type":"Point","coordinates":[4.814425,45.786906]},"properties":{"type":"pontoon","name":null,"waterway":"Sa\u00f4ne","inform":null,"source":"VNF IENC (Licence Ouverte 2.0)"}},{"type":"Feature","geometry":{"type":"Point","coordinates":[4.822058,45.791134]},"properties":{"type":"pontoon","name":null,"waterway":"Sa\u00f4ne","inform":null,"source":"VNF IENC (Licence Ouverte 2.0)"}},{"type":"Feature","geometry":{"type":"Point","coordinates":[4.815085,45.734524]},"properties":{"type":"pontoon","name":null,"waterway":"Sa\u00f4ne","inform":null,"source":"VNF IENC (Licence Ouverte 2.0)"}},{"type":"Feature","geometry":{"type":"Point","coordinates":[4.814599,45.736828]},"properties":{"type":"pontoon","name":null,"waterway":"Sa\u00f4ne","inform":null,"source":"VNF IENC (Licence Ouverte 2.0)"}},{"type":"Feature","geometry":{"type":"Point","coordinates":[4.814633,45.736657]},"properties":{"type":"pontoon","name":null,"waterway":"Sa\u00f4ne","inform":null,"source":"VNF IENC (Licence Ouverte 2.0)"}},{"type":"Feature","geometry":{"type":"Point","coordinates":[4.814059,45.739318]},"properties":{"type":"pontoon","name":null,"waterway":"Sa\u00f4ne","inform":null,"source":"VNF IENC (Licence Ouverte 2.0)"}},{"type":"Feature","geometry":{"type":"Point","coordinates":[4.815342,45.744975]},"properties":{"type":"pontoon","name":null,"waterway":"Sa\u00f4ne","inform":null,"source":"VNF IENC (Licence Ouverte 2.0)"}},{"type":"Feature","geometry":{"type":"Point","coordinates":[4.815741,45.745377]},"properties":{"type":"pontoon","name":null,"waterway":"Sa\u00f4ne","inform":null,"source":"VNF IENC (Licence Ouverte 2.0)"}},{"type":"Feature","geometry":{"type":"Point","coordinates":[4.818194,45.747999]},"properties":{"type":"pontoon","name":null,"waterway":"Sa\u00f4ne","inform":null,"source":"VNF IENC (Licence Ouverte 2.0)"}},{"type":"Feature","geometry":{"type":"Point","coordinates":[4.820564,45.749597]},"properties":{"type":"pontoon","name":null,"waterway":"Sa\u00f4ne","inform":null,"source":"VNF IENC (Licence Ouverte 2.0)"}},{"type":"Feature","geometry":{"type":"Point","coordinates":[4.843167,45.833523]},"properties":{"type":"pontoon","name":null,"waterway":"Sa\u00f4ne","inform":null,"source":"VNF IENC (Licence Ouverte 2.0)"}},{"type":"Feature","geometry":{"type":"Point","coordinates":[4.756057,46.080166]},"properties":{"type":"quay","name":"ducs d'albe","waterway":"Sa\u00f4ne","inform":null,"source":"VNF IENC (Licence Ouverte 2.0)"}},{"type":"Feature","geometry":{"type":"Point","coordinates":[4.760794,46.102309]},"properties":{"type":"quay","name":"ducs d'albe","waterway":"Sa\u00f4ne","inform":null,"source":"VNF IENC (Licence Ouverte 2.0)"}},{"type":"Feature","geometry":{"type":"Point","coordinates":[7.90422,48.678625]},"properties":{"type":"quay","name":"Liegestelle","waterway":"Rhine","inform":null,"source":"VNF IENC (Licence Ouverte 2.0)"}},{"type":"Feature","geometry":{"type":"Point","coordinates":[7.902813,48.67922]},"properties":{"type":"quay","name":"Liegestelle","waterway":"Rhine","inform":null,"source":"VNF IENC (Licence Ouverte 2.0)"}},{"type":"Feature","geometry":{"type":"Point","coordinates":[7.919037,48.690884]},"properties":{"type":"quay","name":"Liegestelle","waterway":"Rhine","inform":null,"source":"VNF IENC (Licence Ouverte 2.0)"}},{"type":"Feature","geometry":{"type":"Point","coordinates":[7.917796,48.691546]},"properties":{"type":"quay","name":"Liegestelle","waterway":"Rhine","inform":null,"source":"VNF IENC (Licence Ouverte 2.0)"}},{"type":"Feature","geometry":{"type":"Point","coordinates":[1.486401,49.098424]},"properties":{"type":"pontoon","name":null,"waterway":"Seine","inform":null,"source":"VNF IENC (Licence Ouverte 2.0)"}},{"type":"Feature","geometry":{"type":"Point","coordinates":[1.486535,49.09825]},"properties":{"type":"pontoon","name":null,"waterway":"Seine","inform":null,"source":"VNF IENC (Licence Ouverte 2.0)"}},{"type":"Feature","geometry":{"type":"Point","coordinates":[1.486994,49.097938]},"properties":{"type":"pontoon","name":null,"waterway":"Seine","inform":null,"source":"VNF IENC (Licence Ouverte 2.0)"}},{"type":"Feature","geometry":{"type":"Point","coordinates":[1.487728,49.097695]},"properties":{"type":"pontoon","name":null,"waterway":"Seine","inform":null,"source":"VNF IENC (Licence Ouverte 2.0)"}},{"type":"Feature","geometry":{"type":"Point","coordinates":[1.495293,49.08952]},"properties":{"type":"pontoon","name":null,"waterway":"Seine","inform":null,"source":"VNF IENC (Licence Ouverte 2.0)"}},{"type":"Feature","geometry":{"type":"Point","coordinates":[2.638297,50.545269]},"properties":{"type":"pontoon","name":"Halte de B\u00e9thune","waterway":"Canal Dunkerque\u2013Escaut","inform":null,"source":"VNF IENC (Licence Ouverte 2.0)"}},{"type":"Feature","geometry":{"type":"Point","coordinates":[1.399048,49.240809]},"properties":{"type":"pontoon","name":null,"waterway":"Seine","inform":null,"source":"VNF IENC (Licence Ouverte 2.0)"}},{"type":"Feature","geometry":{"type":"Point","coordinates":[1.399817,49.239122]},"properties":{"type":"pontoon","name":null,"waterway":"Seine","inform":null,"source":"VNF IENC (Licence Ouverte 2.0)"}},{"type":"Feature","geometry":{"type":"Point","coordinates":[1.399764,49.239032]},"properties":{"type":"pontoon","name":null,"waterway":"Seine","inform":null,"source":"VNF IENC (Licence Ouverte 2.0)"}},{"type":"Feature","geometry":{"type":"Point","coordinates":[1.399855,49.239146]},"properties":{"type":"pontoon","name":null,"waterway":"Seine","inform":null,"source":"VNF IENC (Licence Ouverte 2.0)"}},{"type":"Feature","geometry":{"type":"Point","coordinates":[1.399801,49.238909]},"properties":{"type":"pontoon","name":null,"waterway":"Seine","inform":null,"source":"VNF IENC (Licence Ouverte 2.0)"}},{"type":"Feature","geometry":{"type":"Point","coordinates":[1.399805,49.238716]},"properties":{"type":"pontoon","name":null,"waterway":"Seine","inform":null,"source":"VNF IENC (Licence Ouverte 2.0)"}},{"type":"Feature","geometry":{"type":"Point","coordinates":[1.399866,49.239007]},"properties":{"type":"pontoon","name":null,"waterway":"Seine","inform":null,"source":"VNF IENC (Licence Ouverte 2.0)"}},{"type":"Feature","geometry":{"type":"Point","coordinates":[1.376979,49.252108]},"properties":{"type":"pontoon","name":null,"waterway":"Seine","inform":null,"source":"VNF IENC (Licence Ouverte 2.0)"}},{"type":"Feature","geometry":{"type":"Point","coordinates":[1.376514,49.252174]},"properties":{"type":"pontoon","name":null,"waterway":"Seine","inform":null,"source":"VNF IENC (Licence Ouverte 2.0)"}},{"type":"Feature","geometry":{"type":"Point","coordinates":[1.09662,49.43599]},"properties":{"type":"pontoon","name":null,"waterway":"Seine","inform":null,"source":"VNF IENC (Licence Ouverte 2.0)"}},{"type":"Feature","geometry":{"type":"Point","coordinates":[1.098807,49.435584]},"properties":{"type":"pontoon","name":null,"waterway":"Seine","inform":null,"source":"VNF IENC (Licence Ouverte 2.0)"}},{"type":"Feature","geometry":{"type":"Point","coordinates":[1.099464,49.435353]},"properties":{"type":"pontoon","name":null,"waterway":"Seine","inform":null,"source":"VNF IENC (Licence Ouverte 2.0)"}},{"type":"Feature","geometry":{"type":"Point","coordinates":[1.100353,49.435091]},"properties":{"type":"pontoon","name":null,"waterway":"Seine","inform":null,"source":"VNF IENC (Licence Ouverte 2.0)"}},{"type":"Feature","geometry":{"type":"Point","coordinates":[1.101507,49.434575]},"properties":{"type":"pontoon","name":null,"waterway":"Seine","inform":null,"source":"VNF IENC (Licence Ouverte 2.0)"}},{"type":"Feature","geometry":{"type":"Point","coordinates":[1.097899,49.435789]},"properties":{"type":"pontoon","name":null,"waterway":"Seine","inform":null,"source":"VNF IENC (Licence Ouverte 2.0)"}},{"type":"Feature","geometry":{"type":"Point","coordinates":[1.123768,49.3905]},"properties":{"type":"pontoon","name":null,"waterway":"Seine","inform":null,"source":"VNF IENC (Licence Ouverte 2.0)"}},{"type":"Feature","geometry":{"type":"Point","coordinates":[1.123958,49.389418]},"properties":{"type":"pontoon","name":null,"waterway":"Seine","inform":null,"source":"VNF IENC (Licence Ouverte 2.0)"}},{"type":"Feature","geometry":{"type":"Point","coordinates":[5.922793,48.688247]},"properties":{"type":"quay","name":"quai de chargement","waterway":"Moselle","inform":"activit\u00e9 du port = granulats","source":"VNF IENC (Licence Ouverte 2.0)"}},{"type":"Feature","geometry":{"type":"Point","coordinates":[5.961918,48.706184]},"properties":{"type":"quay","name":"quai de chargement et de d\u00e9chargement","waterway":"Moselle","inform":"inutilis\u00e9, en projet","source":"VNF IENC (Licence Ouverte 2.0)"}},{"type":"Feature","geometry":{"type":"Point","coordinates":[5.9075,48.647216]},"properties":{"type":"quay","name":"quai de chargement","waterway":"Moselle","inform":"activit\u00e9 du port = granulats","source":"VNF IENC (Licence Ouverte 2.0)"}},{"type":"Feature","geometry":{"type":"Point","coordinates":[5.90352,48.647686]},"properties":{"type":"quay","name":"quai de d\u00e9chargement","waterway":"Moselle","inform":"activit\u00e9 du port = granulats","source":"VNF IENC (Licence Ouverte 2.0)"}},{"type":"Feature","geometry":{"type":"Point","coordinates":[5.891753,48.669548]},"properties":{"type":"quay","name":"quai de chargement et de d\u00e9chargement","waterway":"Moselle","inform":"activit\u00e9 du port = c\u00e9r\u00e9ales","source":"VNF IENC (Licence Ouverte 2.0)"}},{"type":"Feature","geometry":{"type":"Point","coordinates":[5.893448,48.659291]},"properties":{"type":"quay","name":"quai de chargement et de d\u00e9chargement","waterway":"Moselle","inform":"activit\u00e9 du port = marchandises vari\u00e9es","source":"VNF IENC (Licence Ouverte 2.0)"}},{"type":"Feature","geometry":{"type":"Point","coordinates":[5.907712,48.684422]},"properties":{"type":"pontoon","name":null,"waterway":"Moselle","inform":"passerelle","source":"VNF IENC (Licence Ouverte 2.0)"}},{"type":"Feature","geometry":{"type":"Point","coordinates":[5.907299,48.684128]},"properties":{"type":"pontoon","name":null,"waterway":"Moselle","inform":"passerelle","source":"VNF IENC (Licence Ouverte 2.0)"}},{"type":"Feature","geometry":{"type":"Point","coordinates":[5.906491,48.683591]},"properties":{"type":"pontoon","name":null,"waterway":"Moselle","inform":"passerelle","source":"VNF IENC (Licence Ouverte 2.0)"}},{"type":"Feature","geometry":{"type":"Point","coordinates":[5.935306,48.645161]},"properties":{"type":"pontoon","name":null,"waterway":"Moselle","inform":"appontement du restaurant","source":"VNF IENC (Licence Ouverte 2.0)"}},{"type":"Feature","geometry":{"type":"Point","coordinates":[5.890295,48.664996]},"properties":{"type":"pontoon","name":null,"waterway":"Moselle","inform":"passerelle","source":"VNF IENC (Licence Ouverte 2.0)"}},{"type":"Feature","geometry":{"type":"Point","coordinates":[5.905969,48.683541]},"properties":{"type":"pontoon","name":null,"waterway":"Moselle","inform":"passerelle","source":"VNF IENC (Licence Ouverte 2.0)"}},{"type":"Feature","geometry":{"type":"Point","coordinates":[5.906889,48.683823]},"properties":{"type":"pontoon","name":null,"waterway":"Moselle","inform":"passerelle","source":"VNF IENC (Licence Ouverte 2.0)"}},{"type":"Feature","geometry":{"type":"Point","coordinates":[5.891017,48.663444]},"properties":{"type":"pontoon","name":null,"waterway":"Moselle","inform":"passerelle","source":"VNF IENC (Licence Ouverte 2.0)"}},{"type":"Feature","geometry":{"type":"Point","coordinates":[5.907496,48.647206]},"properties":{"type":"pontoon","name":null,"waterway":"Moselle","inform":"ponton de 10 m\u00e8tres","source":"VNF IENC (Licence Ouverte 2.0)"}},{"type":"Feature","geometry":{"type":"Point","coordinates":[7.57342,48.024157]},"properties":{"type":"quay","name":"Liegestelle","waterway":"Rhine","inform":"MAXI: 52 m","source":"VNF IENC (Licence Ouverte 2.0)"}},{"type":"Feature","geometry":{"type":"Point","coordinates":[6.116147,48.60837]},"properties":{"type":"quay","name":"quai de chargement et de d\u00e9chargement","waterway":"Moselle","inform":"activit\u00e9 du port = acier","source":"VNF IENC (Licence Ouverte 2.0)"}},{"type":"Feature","geometry":{"type":"Point","coordinates":[6.110228,48.606711]},"properties":{"type":"quay","name":"quai de chargement et de d\u00e9chargement","waterway":"Moselle","inform":"inutilis\u00e9","source":"VNF IENC (Licence Ouverte 2.0)"}},{"type":"Feature","geometry":{"type":"Point","coordinates":[6.042468,48.636116]},"properties":{"type":"pontoon","name":"ponton","waterway":"Moselle","inform":"ponton de 17 m\u00e8tres, 4 catways et une passerelle","source":"VNF IENC (Licence Ouverte 2.0)"}},{"type":"Feature","geometry":{"type":"Point","coordinates":[2.209526,50.831919]},"properties":{"type":"pontoon","name":"Halte de Watten 1","waterway":"Canal Dunkerque\u2013Escaut","inform":null,"source":"VNF IENC (Licence Ouverte 2.0)"}},{"type":"Feature","geometry":{"type":"Point","coordinates":[2.207508,50.830912]},"properties":{"type":"pontoon","name":"Halte de Watten 2","waterway":"Canal Dunkerque\u2013Escaut","inform":null,"source":"VNF IENC (Licence Ouverte 2.0)"}},{"type":"Feature","geometry":{"type":"Point","coordinates":[2.25556,49.132208]},"properties":{"type":"pontoon","name":null,"waterway":"Oise","inform":null,"source":"VNF IENC (Licence Ouverte 2.0)"}},{"type":"Feature","geometry":{"type":"Point","coordinates":[2.273758,49.141034]},"properties":{"type":"pontoon","name":null,"waterway":"Oise","inform":null,"source":"VNF IENC (Licence Ouverte 2.0)"}},{"type":"Feature","geometry":{"type":"Point","coordinates":[2.274188,49.141148]},"properties":{"type":"pontoon","name":null,"waterway":"Oise","inform":null,"source":"VNF IENC (Licence Ouverte 2.0)"}},{"type":"Feature","geometry":{"type":"Point","coordinates":[2.275545,49.141493]},"properties":{"type":"pontoon","name":null,"waterway":"Oise","inform":null,"source":"VNF IENC (Licence Ouverte 2.0)"}},{"type":"Feature","geometry":{"type":"Point","coordinates":[2.281459,49.144586]},"properties":{"type":"pontoon","name":null,"waterway":"Oise","inform":null,"source":"VNF IENC (Licence Ouverte 2.0)"}},{"type":"Feature","geometry":{"type":"Point","coordinates":[2.290101,49.149734]},"properties":{"type":"pontoon","name":null,"waterway":"Oise","inform":null,"source":"VNF IENC (Licence Ouverte 2.0)"}},{"type":"Feature","geometry":{"type":"Point","coordinates":[2.330536,49.141761]},"properties":{"type":"pontoon","name":null,"waterway":"Oise","inform":null,"source":"VNF IENC (Licence Ouverte 2.0)"}},{"type":"Feature","geometry":{"type":"Point","coordinates":[2.327566,49.14174]},"properties":{"type":"pontoon","name":null,"waterway":"Oise","inform":null,"source":"VNF IENC (Licence Ouverte 2.0)"}},{"type":"Feature","geometry":{"type":"Point","coordinates":[2.366173,49.165951]},"properties":{"type":"pontoon","name":null,"waterway":"Oise","inform":null,"source":"VNF IENC (Licence Ouverte 2.0)"}},{"type":"Feature","geometry":{"type":"Point","coordinates":[2.37327,49.201231]},"properties":{"type":"pontoon","name":null,"waterway":"Oise","inform":null,"source":"VNF IENC (Licence Ouverte 2.0)"}},{"type":"Feature","geometry":{"type":"Point","coordinates":[2.377834,49.20234]},"properties":{"type":"pontoon","name":null,"waterway":"Oise","inform":null,"source":"VNF IENC (Licence Ouverte 2.0)"}},{"type":"Feature","geometry":{"type":"Point","coordinates":[2.382151,49.202789]},"properties":{"type":"pontoon","name":null,"waterway":"Oise","inform":null,"source":"VNF IENC (Licence Ouverte 2.0)"}},{"type":"Feature","geometry":{"type":"Point","coordinates":[2.426288,49.215914]},"properties":{"type":"pontoon","name":null,"waterway":"Oise","inform":null,"source":"VNF IENC (Licence Ouverte 2.0)"}},{"type":"Feature","geometry":{"type":"Point","coordinates":[2.470646,49.259795]},"properties":{"type":"pontoon","name":null,"waterway":"Oise","inform":null,"source":"VNF IENC (Licence Ouverte 2.0)"}},{"type":"Feature","geometry":{"type":"Point","coordinates":[6.207936,49.374586]},"properties":{"type":"quay","name":"quai de d\u00e9chargement","waterway":"Moselle","inform":"activit\u00e9 du port = granulats","source":"VNF IENC (Licence Ouverte 2.0)"}},{"type":"Feature","geometry":{"type":"Point","coordinates":[6.237359,49.39138]},"properties":{"type":"quay","name":"quai de chargement et de d\u00e9chargement","waterway":"Moselle","inform":"inutilis\u00e9","source":"VNF IENC (Licence Ouverte 2.0)"}},{"type":"Feature","geometry":{"type":"Point","coordinates":[6.23663,49.390953]},"properties":{"type":"quay","name":"quai de chargement et de d\u00e9chargement","waterway":"Moselle","inform":"inutilis\u00e9","source":"VNF IENC (Licence Ouverte 2.0)"}},{"type":"Feature","geometry":{"type":"Point","coordinates":[6.158129,49.323244]},"properties":{"type":"quay","name":"quai de chargement et de d\u00e9chargement","waterway":"Moselle","inform":"exp\u00e9ditions/r\u00e9ceptions, stockage, manutention","source":"VNF IENC (Licence Ouverte 2.0)"}},{"type":"Feature","geometry":{"type":"Point","coordinates":[6.15925,49.323037]},"properties":{"type":"quay","name":"quai de chargement et de d\u00e9chargement","waterway":"Moselle","inform":"exp\u00e9ditions/r\u00e9ceptions, stockage","source":"VNF IENC (Licence Ouverte 2.0)"}},{"type":"Feature","geometry":{"type":"Point","coordinates":[6.16287,49.323363]},"properties":{"type":"quay","name":"quai de chargement et de d\u00e9chargement","waterway":"Moselle","inform":"exp\u00e9ditions/r\u00e9ceptions, stockage","source":"VNF IENC (Licence Ouverte 2.0)"}},{"type":"Feature","geometry":{"type":"Point","coordinates":[6.163835,49.323519]},"properties":{"type":"quay","name":"quai de chargement et de d\u00e9chargement","waterway":"Moselle","inform":"exp\u00e9ditions/r\u00e9ceptions, stockage, manutention","source":"VNF IENC (Licence Ouverte 2.0)"}},{"type":"Feature","geometry":{"type":"Point","coordinates":[6.158377,49.328964]},"properties":{"type":"quay","name":"quai de chargement et de d\u00e9chargement","waterway":"Moselle","inform":"exp\u00e9ditions/r\u00e9ceptions, stockage, manutention","source":"VNF IENC (Licence Ouverte 2.0)"}},{"type":"Feature","geometry":{"type":"Point","coordinates":[6.162503,49.346603]},"properties":{"type":"pontoon","name":null,"waterway":"Moselle","inform":"passerelle","source":"VNF IENC (Licence Ouverte 2.0)"}},{"type":"Feature","geometry":{"type":"Point","coordinates":[6.172202,49.358937]},"properties":{"type":"pontoon","name":"Ex DF Organisation - THIONVILLE","waterway":"Moselle","inform":"8 m","source":"VNF IENC (Licence Ouverte 2.0)"}},{"type":"Feature","geometry":{"type":"Point","coordinates":[6.22375,49.385974]},"properties":{"type":"pontoon","name":null,"waterway":"Moselle","inform":"SOCIETE NAUTIQUE CAP 250","source":"VNF IENC (Licence Ouverte 2.0)"}},{"type":"Feature","geometry":{"type":"Point","coordinates":[6.170679,49.357944]},"properties":{"type":"pontoon","name":"Quai Pierre Marchal","waterway":"Moselle","inform":null,"source":"VNF IENC (Licence Ouverte 2.0)"}},{"type":"Feature","geometry":{"type":"Point","coordinates":[6.167133,49.344161]},"properties":{"type":"pontoon","name":null,"waterway":"Moselle","inform":"ponton flottant de stationnement de bateaux de particuliers \u00e0 l'ann\u00e9e","source":"VNF IENC (Licence Ouverte 2.0)"}},{"type":"Feature","geometry":{"type":"Point","coordinates":[6.224183,49.386004]},"properties":{"type":"pontoon","name":null,"waterway":"Moselle","inform":"SOCIETE NAUTIQUE CAP 250","source":"VNF IENC (Licence Ouverte 2.0)"}},{"type":"Feature","geometry":{"type":"Point","coordinates":[6.161834,49.349681]},"properties":{"type":"pontoon","name":null,"waterway":"Moselle","inform":"ponton avec catways","source":"VNF IENC (Licence Ouverte 2.0)"}},{"type":"Feature","geometry":{"type":"Point","coordinates":[6.162133,49.346956]},"properties":{"type":"pontoon","name":null,"waterway":"Moselle","inform":"passerelle","source":"VNF IENC (Licence Ouverte 2.0)"}},{"type":"Feature","geometry":{"type":"Point","coordinates":[6.161758,49.347317]},"properties":{"type":"pontoon","name":null,"waterway":"Moselle","inform":"passerelle","source":"VNF IENC (Licence Ouverte 2.0)"}},{"type":"Feature","geometry":{"type":"Point","coordinates":[6.170252,49.356356]},"properties":{"type":"pontoon","name":"Bowling - THIONVILLE","waterway":"Moselle","inform":"ponton r\u00e9serv\u00e9 \u00e0 la client\u00e8le du bowling","source":"VNF IENC (Licence Ouverte 2.0)"}},{"type":"Feature","geometry":{"type":"Point","coordinates":[6.105776,49.096529]},"properties":{"type":"quay","name":"quai","waterway":"Moselle","inform":null,"source":"VNF IENC (Licence Ouverte 2.0)"}},{"type":"Feature","geometry":{"type":"Point","coordinates":[6.069711,49.063188]},"properties":{"type":"quay","name":"quai","waterway":"Moselle","inform":"inutilis\u00e9","source":"VNF IENC (Licence Ouverte 2.0)"}},{"type":"Feature","geometry":{"type":"Point","coordinates":[6.121058,49.104487]},"properties":{"type":"pontoon","name":null,"waterway":"Moselle","inform":"ponton, passerelle et 8 catways","source":"VNF IENC (Licence Ouverte 2.0)"}},{"type":"Feature","geometry":{"type":"Point","coordinates":[6.166415,49.116657]},"properties":{"type":"pontoon","name":null,"waterway":"Moselle","inform":null,"source":"VNF IENC (Licence Ouverte 2.0)"}},{"type":"Feature","geometry":{"type":"Point","coordinates":[6.166599,49.116904]},"properties":{"type":"pontoon","name":null,"waterway":"Moselle","inform":null,"source":"VNF IENC (Licence Ouverte 2.0)"}},{"type":"Feature","geometry":{"type":"Point","coordinates":[6.16677,49.117101]},"properties":{"type":"pontoon","name":null,"waterway":"Moselle","inform":null,"source":"VNF IENC (Licence Ouverte 2.0)"}},{"type":"Feature","geometry":{"type":"Point","coordinates":[6.125202,49.105082]},"properties":{"type":"pontoon","name":null,"waterway":"Moselle","inform":null,"source":"VNF IENC (Licence Ouverte 2.0)"}},{"type":"Feature","geometry":{"type":"Point","coordinates":[6.098448,49.095211]},"properties":{"type":"pontoon","name":null,"waterway":"Moselle","inform":"ponton de 32 m\u00e8tres","source":"VNF IENC (Licence Ouverte 2.0)"}},{"type":"Feature","geometry":{"type":"Point","coordinates":[6.16616,49.116135]},"properties":{"type":"pontoon","name":null,"waterway":"Moselle","inform":null,"source":"VNF IENC (Licence Ouverte 2.0)"}},{"type":"Feature","geometry":{"type":"Point","coordinates":[6.167853,49.117354]},"properties":{"type":"pontoon","name":null,"waterway":"Moselle","inform":null,"source":"VNF IENC (Licence Ouverte 2.0)"}},{"type":"Feature","geometry":{"type":"Point","coordinates":[6.167147,49.117252]},"properties":{"type":"pontoon","name":null,"waterway":"Moselle","inform":null,"source":"VNF IENC (Licence Ouverte 2.0)"}},{"type":"Feature","geometry":{"type":"Point","coordinates":[6.154078,49.107059]},"properties":{"type":"pontoon","name":null,"waterway":"Moselle","inform":null,"source":"VNF IENC (Licence Ouverte 2.0)"}},{"type":"Feature","geometry":{"type":"Point","coordinates":[6.153992,49.107039]},"properties":{"type":"pontoon","name":null,"waterway":"Moselle","inform":null,"source":"VNF IENC (Licence Ouverte 2.0)"}},{"type":"Feature","geometry":{"type":"Point","coordinates":[6.156786,49.107515]},"properties":{"type":"pontoon","name":null,"waterway":"Moselle","inform":"ponton fixe","source":"VNF IENC (Licence Ouverte 2.0)"}},{"type":"Feature","geometry":{"type":"Point","coordinates":[6.157185,49.107581]},"properties":{"type":"pontoon","name":null,"waterway":"Moselle","inform":"ponton fixe","source":"VNF IENC (Licence Ouverte 2.0)"}},{"type":"Feature","geometry":{"type":"Point","coordinates":[6.156983,49.107547]},"properties":{"type":"pontoon","name":null,"waterway":"Moselle","inform":"ponton fixe","source":"VNF IENC (Licence Ouverte 2.0)"}},{"type":"Feature","geometry":{"type":"Point","coordinates":[6.148293,49.118252]},"properties":{"type":"pontoon","name":null,"waterway":"Moselle","inform":"ponton de 8 m\u00e8tres, appontement du restaurant","source":"VNF IENC (Licence Ouverte 2.0)"}},{"type":"Feature","geometry":{"type":"Point","coordinates":[6.156691,49.107498]},"properties":{"type":"pontoon","name":null,"waterway":"Moselle","inform":"ponton fixe","source":"VNF IENC (Licence Ouverte 2.0)"}},{"type":"Feature","geometry":{"type":"Point","coordinates":[6.157506,49.107648]},"properties":{"type":"pontoon","name":null,"waterway":"Moselle","inform":"ponton fixe","source":"VNF IENC (Licence Ouverte 2.0)"}},{"type":"Feature","geometry":{"type":"Point","coordinates":[6.15783,49.107734]},"properties":{"type":"pontoon","name":null,"waterway":"Moselle","inform":"ponton fixe","source":"VNF IENC (Licence Ouverte 2.0)"}},{"type":"Feature","geometry":{"type":"Point","coordinates":[6.140432,49.114322]},"properties":{"type":"pontoon","name":null,"waterway":"Moselle","inform":"ponton fixe de 45,50 m\u00e8tres","source":"VNF IENC (Licence Ouverte 2.0)"}},{"type":"Feature","geometry":{"type":"Point","coordinates":[6.156881,49.107531]},"properties":{"type":"pontoon","name":null,"waterway":"Moselle","inform":"ponton fixe","source":"VNF IENC (Licence Ouverte 2.0)"}},{"type":"Feature","geometry":{"type":"Point","coordinates":[6.138997,49.113552]},"properties":{"type":"pontoon","name":null,"waterway":"Moselle","inform":"ponton de 65 m\u00e8tres","source":"VNF IENC (Licence Ouverte 2.0)"}},{"type":"Feature","geometry":{"type":"Point","coordinates":[6.157086,49.107565]},"properties":{"type":"pontoon","name":null,"waterway":"Moselle","inform":"ponton fixe","source":"VNF IENC (Licence Ouverte 2.0)"}},{"type":"Feature","geometry":{"type":"Point","coordinates":[6.15659,49.10748]},"properties":{"type":"pontoon","name":null,"waterway":"Moselle","inform":"ponton fixe","source":"VNF IENC (Licence Ouverte 2.0)"}},{"type":"Feature","geometry":{"type":"Point","coordinates":[6.156116,49.107434]},"properties":{"type":"pontoon","name":null,"waterway":"Moselle","inform":null,"source":"VNF IENC (Licence Ouverte 2.0)"}},{"type":"Feature","geometry":{"type":"Point","coordinates":[6.156487,49.107465]},"properties":{"type":"pontoon","name":null,"waterway":"Moselle","inform":"ponton fixe","source":"VNF IENC (Licence Ouverte 2.0)"}},{"type":"Feature","geometry":{"type":"Point","coordinates":[6.156293,49.107428]},"properties":{"type":"pontoon","name":null,"waterway":"Moselle","inform":"ponton fixe","source":"VNF IENC (Licence Ouverte 2.0)"}},{"type":"Feature","geometry":{"type":"Point","coordinates":[6.156393,49.107445]},"properties":{"type":"pontoon","name":null,"waterway":"Moselle","inform":"ponton fixe","source":"VNF IENC (Licence Ouverte 2.0)"}},{"type":"Feature","geometry":{"type":"Point","coordinates":[6.155708,49.107433]},"properties":{"type":"pontoon","name":null,"waterway":"Moselle","inform":null,"source":"VNF IENC (Licence Ouverte 2.0)"}},{"type":"Feature","geometry":{"type":"Point","coordinates":[6.155953,49.107447]},"properties":{"type":"pontoon","name":null,"waterway":"Moselle","inform":"ponton fixe","source":"VNF IENC (Licence Ouverte 2.0)"}},{"type":"Feature","geometry":{"type":"Point","coordinates":[6.155799,49.107434]},"properties":{"type":"pontoon","name":null,"waterway":"Moselle","inform":null,"source":"VNF IENC (Licence Ouverte 2.0)"}},{"type":"Feature","geometry":{"type":"Point","coordinates":[6.155623,49.107437]},"properties":{"type":"pontoon","name":null,"waterway":"Moselle","inform":null,"source":"VNF IENC (Licence Ouverte 2.0)"}},{"type":"Feature","geometry":{"type":"Point","coordinates":[6.15554,49.107436]},"properties":{"type":"pontoon","name":null,"waterway":"Moselle","inform":null,"source":"VNF IENC (Licence Ouverte 2.0)"}},{"type":"Feature","geometry":{"type":"Point","coordinates":[6.166424,49.116826]},"properties":{"type":"pontoon","name":null,"waterway":"Moselle","inform":null,"source":"VNF IENC (Licence Ouverte 2.0)"}},{"type":"Feature","geometry":{"type":"Point","coordinates":[6.154466,49.107109]},"properties":{"type":"pontoon","name":null,"waterway":"Moselle","inform":null,"source":"VNF IENC (Licence Ouverte 2.0)"}},{"type":"Feature","geometry":{"type":"Point","coordinates":[6.154556,49.107109]},"properties":{"type":"pontoon","name":null,"waterway":"Moselle","inform":null,"source":"VNF IENC (Licence Ouverte 2.0)"}},{"type":"Feature","geometry":{"type":"Point","coordinates":[6.155437,49.107439]},"properties":{"type":"pontoon","name":null,"waterway":"Moselle","inform":null,"source":"VNF IENC (Licence Ouverte 2.0)"}},{"type":"Feature","geometry":{"type":"Point","coordinates":[6.155232,49.107446]},"properties":{"type":"pontoon","name":null,"waterway":"Moselle","inform":null,"source":"VNF IENC (Licence Ouverte 2.0)"}},{"type":"Feature","geometry":{"type":"Point","coordinates":[6.155334,49.107446]},"properties":{"type":"pontoon","name":null,"waterway":"Moselle","inform":null,"source":"VNF IENC (Licence Ouverte 2.0)"}},{"type":"Feature","geometry":{"type":"Point","coordinates":[6.100497,49.096317]},"properties":{"type":"pontoon","name":null,"waterway":"Moselle","inform":"ponton flottant du restaurant","source":"VNF IENC (Licence Ouverte 2.0)"}},{"type":"Feature","geometry":{"type":"Point","coordinates":[6.154309,49.10738]},"properties":{"type":"pontoon","name":null,"waterway":"Moselle","inform":"ponton fixe","source":"VNF IENC (Licence Ouverte 2.0)"}},{"type":"Feature","geometry":{"type":"Point","coordinates":[6.153657,49.107299]},"properties":{"type":"pontoon","name":null,"waterway":"Moselle","inform":"ponton fixe","source":"VNF IENC (Licence Ouverte 2.0)"}},{"type":"Feature","geometry":{"type":"Point","coordinates":[6.122318,49.104687]},"properties":{"type":"pontoon","name":null,"waterway":"Moselle","inform":"ponton et 3 catways","source":"VNF IENC (Licence Ouverte 2.0)"}},{"type":"Feature","geometry":{"type":"Point","coordinates":[6.121689,49.104503]},"properties":{"type":"pontoon","name":null,"waterway":"Moselle","inform":"ponton et 9 catways","source":"VNF IENC (Licence Ouverte 2.0)"}},{"type":"Feature","geometry":{"type":"Point","coordinates":[6.166217,49.116558]},"properties":{"type":"pontoon","name":null,"waterway":"Moselle","inform":null,"source":"VNF IENC (Licence Ouverte 2.0)"}},{"type":"Feature","geometry":{"type":"Point","coordinates":[6.154176,49.107068]},"properties":{"type":"pontoon","name":null,"waterway":"Moselle","inform":null,"source":"VNF IENC (Licence Ouverte 2.0)"}},{"type":"Feature","geometry":{"type":"Point","coordinates":[6.166288,49.116367]},"properties":{"type":"pontoon","name":null,"waterway":"Moselle","inform":null,"source":"VNF IENC (Licence Ouverte 2.0)"}},{"type":"Feature","geometry":{"type":"Point","coordinates":[6.153916,49.107041]},"properties":{"type":"pontoon","name":null,"waterway":"Moselle","inform":null,"source":"VNF IENC (Licence Ouverte 2.0)"}},{"type":"Feature","geometry":{"type":"Point","coordinates":[6.154379,49.107106]},"properties":{"type":"pontoon","name":null,"waterway":"Moselle","inform":null,"source":"VNF IENC (Licence Ouverte 2.0)"}},{"type":"Feature","geometry":{"type":"Point","coordinates":[6.15428,49.107089]},"properties":{"type":"pontoon","name":null,"waterway":"Moselle","inform":null,"source":"VNF IENC (Licence Ouverte 2.0)"}},{"type":"Feature","geometry":{"type":"Point","coordinates":[6.059139,49.040868]},"properties":{"type":"pontoon","name":null,"waterway":"Moselle","inform":null,"source":"VNF IENC (Licence Ouverte 2.0)"}},{"type":"Feature","geometry":{"type":"Point","coordinates":[6.121052,49.10481]},"properties":{"type":"pontoon","name":null,"waterway":"Moselle","inform":"passerelle","source":"VNF IENC (Licence Ouverte 2.0)"}},{"type":"Feature","geometry":{"type":"Point","coordinates":[6.125502,49.105095]},"properties":{"type":"pontoon","name":null,"waterway":"Moselle","inform":null,"source":"VNF IENC (Licence Ouverte 2.0)"}},{"type":"Feature","geometry":{"type":"Point","coordinates":[6.124751,49.105126]},"properties":{"type":"pontoon","name":null,"waterway":"Moselle","inform":null,"source":"VNF IENC (Licence Ouverte 2.0)"}},{"type":"Feature","geometry":{"type":"Point","coordinates":[6.123703,49.105023]},"properties":{"type":"pontoon","name":null,"waterway":"Moselle","inform":"ponton et 6 catways","source":"VNF IENC (Licence Ouverte 2.0)"}},{"type":"Feature","geometry":{"type":"Point","coordinates":[6.122896,49.104782]},"properties":{"type":"pontoon","name":null,"waterway":"Moselle","inform":"ponton et 23 catways","source":"VNF IENC (Licence Ouverte 2.0)"}},{"type":"Feature","geometry":{"type":"Point","coordinates":[2.944783,50.463973]},"properties":{"type":"pontoon","name":"Halte de Courri\u00e8res","waterway":"Canal Dunkerque\u2013Escaut","inform":null,"source":"VNF IENC (Licence Ouverte 2.0)"}},{"type":"Feature","geometry":{"type":"Point","coordinates":[2.136057,48.868468]},"properties":{"type":"quay","name":"Zone d'amarrage Bougival amont","waterway":"Seine","inform":null,"source":"VNF IENC (Licence Ouverte 2.0)"}},{"type":"Feature","geometry":{"type":"Point","coordinates":[2.177458,48.971574]},"properties":{"type":"pontoon","name":null,"waterway":"Seine","inform":null,"source":"VNF IENC (Licence Ouverte 2.0)"}},{"type":"Feature","geometry":{"type":"Point","coordinates":[2.178978,48.972062]},"properties":{"type":"pontoon","name":null,"waterway":"Seine","inform":null,"source":"VNF IENC (Licence Ouverte 2.0)"}},{"type":"Feature","geometry":{"type":"Point","coordinates":[2.169337,48.898351]},"properties":{"type":"pontoon","name":null,"waterway":"Seine","inform":null,"source":"VNF IENC (Licence Ouverte 2.0)"}},{"type":"Feature","geometry":{"type":"Point","coordinates":[2.170356,48.899286]},"properties":{"type":"pontoon","name":null,"waterway":"Seine","inform":null,"source":"VNF IENC (Licence Ouverte 2.0)"}},{"type":"Feature","geometry":{"type":"Point","coordinates":[2.101329,48.988894]},"properties":{"type":"pontoon","name":null,"waterway":"Seine","inform":null,"source":"VNF IENC (Licence Ouverte 2.0)"}},{"type":"Feature","geometry":{"type":"Point","coordinates":[2.102172,48.989176]},"properties":{"type":"pontoon","name":null,"waterway":"Seine","inform":null,"source":"VNF IENC (Licence Ouverte 2.0)"}},{"type":"Feature","geometry":{"type":"Point","coordinates":[2.069301,48.986335]},"properties":{"type":"quay","name":"Zone d'amarrage Andr\u00e9sy bras d'Oise","waterway":"Seine","inform":null,"source":"VNF IENC (Licence Ouverte 2.0)"}},{"type":"Feature","geometry":{"type":"Point","coordinates":[2.089481,48.989531]},"properties":{"type":"quay","name":"Zone d'amarrage Conflans-Sainte-Honorine rive gauche","waterway":"Seine","inform":null,"source":"VNF IENC (Licence Ouverte 2.0)"}},{"type":"Feature","geometry":{"type":"Point","coordinates":[2.076387,48.9881]},"properties":{"type":"quay","name":"Amarrage Conflans Fin d'Oise","waterway":"Seine","inform":null,"source":"VNF IENC (Licence Ouverte 2.0)"}},{"type":"Feature","geometry":{"type":"Point","coordinates":[2.088082,48.990747]},"properties":{"type":"quay","name":"Amarrage Conflans-Sainte-Honorine RD","waterway":"Seine","inform":null,"source":"VNF IENC (Licence Ouverte 2.0)"}},{"type":"Feature","geometry":{"type":"Point","coordinates":[2.092111,48.991195]},"properties":{"type":"quay","name":"Amarrage Conflans-Sainte-Honorine RD","waterway":"Seine","inform":null,"source":"VNF IENC (Licence Ouverte 2.0)"}},{"type":"Feature","geometry":{"type":"Point","coordinates":[2.060996,48.981105]},"properties":{"type":"pontoon","name":null,"waterway":"Seine","inform":null,"source":"VNF IENC (Licence Ouverte 2.0)"}},{"type":"Feature","geometry":{"type":"Point","coordinates":[2.060897,48.980997]},"properties":{"type":"pontoon","name":null,"waterway":"Seine","inform":null,"source":"VNF IENC (Licence Ouverte 2.0)"}},{"type":"Feature","geometry":{"type":"Point","coordinates":[2.061975,48.980757]},"properties":{"type":"pontoon","name":null,"waterway":"Seine","inform":null,"source":"VNF IENC (Licence Ouverte 2.0)"}},{"type":"Feature","geometry":{"type":"Point","coordinates":[2.062305,48.98118]},"properties":{"type":"pontoon","name":null,"waterway":"Seine","inform":null,"source":"VNF IENC (Licence Ouverte 2.0)"}},{"type":"Feature","geometry":{"type":"Point","coordinates":[2.090335,48.990946]},"properties":{"type":"pontoon","name":null,"waterway":"Seine","inform":null,"source":"VNF IENC (Licence Ouverte 2.0)"}},{"type":"Feature","geometry":{"type":"Point","coordinates":[2.088705,48.99084]},"properties":{"type":"pontoon","name":null,"waterway":"Seine","inform":null,"source":"VNF IENC (Licence Ouverte 2.0)"}},{"type":"Feature","geometry":{"type":"Point","coordinates":[2.092742,48.991144]},"properties":{"type":"pontoon","name":null,"waterway":"Seine","inform":null,"source":"VNF IENC (Licence Ouverte 2.0)"}},{"type":"Feature","geometry":{"type":"Point","coordinates":[2.093394,48.991149]},"properties":{"type":"pontoon","name":null,"waterway":"Seine","inform":null,"source":"VNF IENC (Licence Ouverte 2.0)"}},{"type":"Feature","geometry":{"type":"Point","coordinates":[2.093968,48.9912]},"properties":{"type":"pontoon","name":null,"waterway":"Seine","inform":null,"source":"VNF IENC (Licence Ouverte 2.0)"}},{"type":"Feature","geometry":{"type":"Point","coordinates":[6.188292,49.139414]},"properties":{"type":"quay","name":"quai de chargement et de d\u00e9chargement","waterway":"Moselle","inform":"activit\u00e9 du port = c\u00e9r\u00e9ales","source":"VNF IENC (Licence Ouverte 2.0)"}},{"type":"Feature","geometry":{"type":"Point","coordinates":[6.184317,49.136675]},"properties":{"type":"quay","name":"quai de chargement et de d\u00e9chargement","waterway":"Moselle","inform":"activit\u00e9 du port = granulats","source":"VNF IENC (Licence Ouverte 2.0)"}},{"type":"Feature","geometry":{"type":"Point","coordinates":[6.20312,49.154591]},"properties":{"type":"quay","name":"quai de chargement et de d\u00e9chargement","waterway":"Moselle","inform":"activit\u00e9 du port = charbon","source":"VNF IENC (Licence Ouverte 2.0)"}},{"type":"Feature","geometry":{"type":"Point","coordinates":[6.180986,49.187601]},"properties":{"type":"quay","name":"quai de d\u00e9chargement","waterway":"Moselle","inform":"activit\u00e9 du port = granulats","source":"VNF IENC (Licence Ouverte 2.0)"}},{"type":"Feature","geometry":{"type":"Point","coordinates":[6.182726,49.188556]},"properties":{"type":"quay","name":"quai de d\u00e9chargement","waterway":"Moselle","inform":"activit\u00e9 du port = granulats","source":"VNF IENC (Licence Ouverte 2.0)"}},{"type":"Feature","geometry":{"type":"Point","coordinates":[6.180512,49.197811]},"properties":{"type":"quay","name":"quai de chargement et de d\u00e9chargement","waterway":"Moselle","inform":null,"source":"VNF IENC (Licence Ouverte 2.0)"}},{"type":"Feature","geometry":{"type":"Point","coordinates":[6.181018,49.205296]},"properties":{"type":"quay","name":"quai de d\u00e9chargement","waterway":"Moselle","inform":"activit\u00e9 du port = engrais, inutilis\u00e9","source":"VNF IENC (Licence Ouverte 2.0)"}},{"type":"Feature","geometry":{"type":"Point","coordinates":[6.181116,49.20607]},"properties":{"type":"quay","name":"quai de d\u00e9chargement","waterway":"Moselle","inform":"activit\u00e9 du port = engrais, inutilis\u00e9","source":"VNF IENC (Licence Ouverte 2.0)"}},{"type":"Feature","geometry":{"type":"Point","coordinates":[6.181432,49.20898]},"properties":{"type":"quay","name":"quai de chargement et de d\u00e9chargement","waterway":"Moselle","inform":null,"source":"VNF IENC (Licence Ouverte 2.0)"}},{"type":"Feature","geometry":{"type":"Point","coordinates":[6.163291,49.126542]},"properties":{"type":"quay","name":"quai de chargement et de d\u00e9chargement","waterway":"Moselle","inform":"activit\u00e9 du port = c\u00e9r\u00e9ales","source":"VNF IENC (Licence Ouverte 2.0)"}},{"type":"Feature","geometry":{"type":"Point","coordinates":[6.201064,49.180789]},"properties":{"type":"pontoon","name":null,"waterway":"Moselle","inform":"caillebotis","source":"VNF IENC (Licence Ouverte 2.0)"}},{"type":"Feature","geometry":{"type":"Point","coordinates":[6.166633,49.129162]},"properties":{"type":"pontoon","name":null,"waterway":"Moselle","inform":"ponton de 133 m\u00e8tres","source":"VNF IENC (Licence Ouverte 2.0)"}},{"type":"Feature","geometry":{"type":"Point","coordinates":[6.195652,49.14266]},"properties":{"type":"pontoon","name":null,"waterway":"Moselle","inform":"passerelle","source":"VNF IENC (Licence Ouverte 2.0)"}},{"type":"Feature","geometry":{"type":"Point","coordinates":[6.182312,49.188371]},"properties":{"type":"pontoon","name":null,"waterway":"Moselle","inform":null,"source":"VNF IENC (Licence Ouverte 2.0)"}},{"type":"Feature","geometry":{"type":"Point","coordinates":[6.201916,49.18064]},"properties":{"type":"pontoon","name":null,"waterway":"Moselle","inform":null,"source":"VNF IENC (Licence Ouverte 2.0)"}},{"type":"Feature","geometry":{"type":"Point","coordinates":[6.196329,49.142962]},"properties":{"type":"pontoon","name":null,"waterway":"Moselle","inform":"passerelle","source":"VNF IENC (Licence Ouverte 2.0)"}},{"type":"Feature","geometry":{"type":"Point","coordinates":[6.195882,49.142756]},"properties":{"type":"pontoon","name":null,"waterway":"Moselle","inform":"passerelle","source":"VNF IENC (Licence Ouverte 2.0)"}},{"type":"Feature","geometry":{"type":"Point","coordinates":[6.167326,49.129693]},"properties":{"type":"pontoon","name":null,"waterway":"Moselle","inform":null,"source":"VNF IENC (Licence Ouverte 2.0)"}},{"type":"Feature","geometry":{"type":"Point","coordinates":[6.166848,49.129737]},"properties":{"type":"pontoon","name":null,"waterway":"Moselle","inform":null,"source":"VNF IENC (Licence Ouverte 2.0)"}},{"type":"Feature","geometry":{"type":"Point","coordinates":[6.167284,49.129757]},"properties":{"type":"pontoon","name":null,"waterway":"Moselle","inform":null,"source":"VNF IENC (Licence Ouverte 2.0)"}},{"type":"Feature","geometry":{"type":"Point","coordinates":[6.167218,49.1298]},"properties":{"type":"pontoon","name":null,"waterway":"Moselle","inform":null,"source":"VNF IENC (Licence Ouverte 2.0)"}},{"type":"Feature","geometry":{"type":"Point","coordinates":[6.161366,49.231495]},"properties":{"type":"quay","name":"quai de chargement","waterway":"Moselle","inform":null,"source":"VNF IENC (Licence Ouverte 2.0)"}},{"type":"Feature","geometry":{"type":"Point","coordinates":[6.162862,49.23182]},"properties":{"type":"quay","name":"quai d'embarquement et de d\u00e9barquement","waterway":"Moselle","inform":null,"source":"VNF IENC (Licence Ouverte 2.0)"}},{"type":"Feature","geometry":{"type":"Point","coordinates":[6.180021,49.258336]},"properties":{"type":"quay","name":"quai de chargement et de d\u00e9chargement","waterway":"Moselle","inform":"exp\u00e9ditions/r\u00e9ceptions, stockage","source":"VNF IENC (Licence Ouverte 2.0)"}},{"type":"Feature","geometry":{"type":"Point","coordinates":[6.180895,49.271748]},"properties":{"type":"quay","name":"quai de chargement et de d\u00e9chargement","waterway":"Moselle","inform":"exp\u00e9ditions/r\u00e9ceptions, stockage","source":"VNF IENC (Licence Ouverte 2.0)"}},{"type":"Feature","geometry":{"type":"Point","coordinates":[6.178909,49.275529]},"properties":{"type":"quay","name":"quai de chargement et de d\u00e9chargement","waterway":"Moselle","inform":"exp\u00e9ditions/r\u00e9ceptions, stockage","source":"VNF IENC (Licence Ouverte 2.0)"}},{"type":"Feature","geometry":{"type":"Point","coordinates":[6.181884,49.220185]},"properties":{"type":"quay","name":"quai de chargement et de d\u00e9chargement","waterway":"Moselle","inform":"activit\u00e9 du port = granulats","source":"VNF IENC (Licence Ouverte 2.0)"}},{"type":"Feature","geometry":{"type":"Point","coordinates":[6.180201,49.27729]},"properties":{"type":"pontoon","name":null,"waterway":"Moselle","inform":"passerelle","source":"VNF IENC (Licence Ouverte 2.0)"}},{"type":"Feature","geometry":{"type":"Point","coordinates":[6.179367,49.276693]},"properties":{"type":"pontoon","name":null,"waterway":"Moselle","inform":"passerelle","source":"VNF IENC (Licence Ouverte 2.0)"}},{"type":"Feature","geometry":{"type":"Point","coordinates":[6.182755,49.290207]},"properties":{"type":"pontoon","name":null,"waterway":"Moselle","inform":"ponton priv\u00e9 de 24 m\u00e8tres","source":"VNF IENC (Licence Ouverte 2.0)"}},{"type":"Feature","geometry":{"type":"Point","coordinates":[6.182865,49.290223]},"properties":{"type":"pontoon","name":null,"waterway":"Moselle","inform":"ponton de 30 m\u00e8tres","source":"VNF IENC (Licence Ouverte 2.0)"}},{"type":"Feature","geometry":{"type":"Point","coordinates":[2.532081,49.300349]},"properties":{"type":"pontoon","name":null,"waterway":"Oise","inform":null,"source":"VNF IENC (Licence Ouverte 2.0)"}},{"type":"Feature","geometry":{"type":"Point","coordinates":[2.540268,49.302163]},"properties":{"type":"pontoon","name":null,"waterway":"Oise","inform":null,"source":"VNF IENC (Licence Ouverte 2.0)"}},{"type":"Feature","geometry":{"type":"Point","coordinates":[2.554854,49.299868]},"properties":{"type":"pontoon","name":null,"waterway":"Oise","inform":null,"source":"VNF IENC (Licence Ouverte 2.0)"}},{"type":"Feature","geometry":{"type":"Point","coordinates":[2.55588,49.30101]},"properties":{"type":"pontoon","name":null,"waterway":"Oise","inform":null,"source":"VNF IENC (Licence Ouverte 2.0)"}},{"type":"Feature","geometry":{"type":"Point","coordinates":[2.590805,49.302876]},"properties":{"type":"pontoon","name":null,"waterway":"Oise","inform":null,"source":"VNF IENC (Licence Ouverte 2.0)"}},{"type":"Feature","geometry":{"type":"Point","coordinates":[2.596552,49.302833]},"properties":{"type":"pontoon","name":null,"waterway":"Oise","inform":null,"source":"VNF IENC (Licence Ouverte 2.0)"}},{"type":"Feature","geometry":{"type":"Point","coordinates":[2.623246,49.313376]},"properties":{"type":"pontoon","name":null,"waterway":"Oise","inform":null,"source":"VNF IENC (Licence Ouverte 2.0)"}},{"type":"Feature","geometry":{"type":"Point","coordinates":[2.624204,49.314345]},"properties":{"type":"pontoon","name":null,"waterway":"Oise","inform":null,"source":"VNF IENC (Licence Ouverte 2.0)"}},{"type":"Feature","geometry":{"type":"Point","coordinates":[2.178112,49.069223]},"properties":{"type":"pontoon","name":null,"waterway":"Oise","inform":null,"source":"VNF IENC (Licence Ouverte 2.0)"}},{"type":"Feature","geometry":{"type":"Point","coordinates":[2.180204,49.070726]},"properties":{"type":"pontoon","name":null,"waterway":"Oise","inform":null,"source":"VNF IENC (Licence Ouverte 2.0)"}},{"type":"Feature","geometry":{"type":"Point","coordinates":[2.190927,49.072337]},"properties":{"type":"pontoon","name":null,"waterway":"Oise","inform":null,"source":"VNF IENC (Licence Ouverte 2.0)"}},{"type":"Feature","geometry":{"type":"Point","coordinates":[2.204816,49.08547]},"properties":{"type":"pontoon","name":null,"waterway":"Oise","inform":null,"source":"VNF IENC (Licence Ouverte 2.0)"}},{"type":"Feature","geometry":{"type":"Point","coordinates":[2.211623,49.111611]},"properties":{"type":"pontoon","name":null,"waterway":"Oise","inform":null,"source":"VNF IENC (Licence Ouverte 2.0)"}},{"type":"Feature","geometry":{"type":"Point","coordinates":[2.235231,49.130901]},"properties":{"type":"pontoon","name":null,"waterway":"Oise","inform":null,"source":"VNF IENC (Licence Ouverte 2.0)"}},{"type":"Feature","geometry":{"type":"Point","coordinates":[2.204374,49.085076]},"properties":{"type":"pontoon","name":null,"waterway":"Oise","inform":null,"source":"VNF IENC (Licence Ouverte 2.0)"}},{"type":"Feature","geometry":{"type":"Point","coordinates":[7.508274,47.7015]},"properties":{"type":"quay","name":"Festmachstelle","waterway":"Canal du Rh\u00f4ne au Rhin","inform":null,"source":"VNF IENC (Licence Ouverte 2.0)"}},{"type":"Feature","geometry":{"type":"Point","coordinates":[7.487179,47.739153]},"properties":{"type":"quay","name":"Festmachstelle","waterway":"Canal du Rh\u00f4ne au Rhin","inform":null,"source":"VNF IENC (Licence Ouverte 2.0)"}},{"type":"Feature","geometry":{"type":"Point","coordinates":[7.473471,47.759414]},"properties":{"type":"quay","name":"Festmachstelle","waterway":"Canal du Rh\u00f4ne au Rhin","inform":null,"source":"VNF IENC (Licence Ouverte 2.0)"}},{"type":"Feature","geometry":{"type":"Point","coordinates":[7.488315,47.737003]},"properties":{"type":"quay","name":"Festmachstelle","waterway":"Canal du Rh\u00f4ne au Rhin","inform":null,"source":"VNF IENC (Licence Ouverte 2.0)"}},{"type":"Feature","geometry":{"type":"Point","coordinates":[7.46956,47.759949]},"properties":{"type":"quay","name":"Festmachstelle","waterway":"Canal du Rh\u00f4ne au Rhin","inform":null,"source":"VNF IENC (Licence Ouverte 2.0)"}},{"type":"Feature","geometry":{"type":"Point","coordinates":[3.297568,50.256129]},"properties":{"type":"pontoon","name":"Halte de Bouchain","waterway":"Canal Dunkerque\u2013Escaut","inform":null,"source":"VNF IENC (Licence Ouverte 2.0)"}},{"type":"Feature","geometry":{"type":"Point","coordinates":[1.915938,49.001069]},"properties":{"type":"pontoon","name":null,"waterway":"Seine","inform":null,"source":"VNF IENC (Licence Ouverte 2.0)"}},{"type":"Feature","geometry":{"type":"Point","coordinates":[1.916759,49.001273]},"properties":{"type":"pontoon","name":null,"waterway":"Seine","inform":null,"source":"VNF IENC (Licence Ouverte 2.0)"}},{"type":"Feature","geometry":{"type":"Point","coordinates":[1.920624,49.002077]},"properties":{"type":"pontoon","name":null,"waterway":"Seine","inform":null,"source":"VNF IENC (Licence Ouverte 2.0)"}},{"type":"Feature","geometry":{"type":"Point","coordinates":[1.933941,49.007147]},"properties":{"type":"pontoon","name":null,"waterway":"Seine","inform":null,"source":"VNF IENC (Licence Ouverte 2.0)"}},{"type":"Feature","geometry":{"type":"Point","coordinates":[1.982845,48.993571]},"properties":{"type":"pontoon","name":null,"waterway":"Seine","inform":null,"source":"VNF IENC (Licence Ouverte 2.0)"}},{"type":"Feature","geometry":{"type":"Point","coordinates":[1.983627,48.993047]},"properties":{"type":"pontoon","name":null,"waterway":"Seine","inform":null,"source":"VNF IENC (Licence Ouverte 2.0)"}},{"type":"Feature","geometry":{"type":"Point","coordinates":[1.998214,48.981995]},"properties":{"type":"pontoon","name":null,"waterway":"Seine","inform":null,"source":"VNF IENC (Licence Ouverte 2.0)"}},{"type":"Feature","geometry":{"type":"Point","coordinates":[1.998479,48.98157]},"properties":{"type":"pontoon","name":null,"waterway":"Seine","inform":null,"source":"VNF IENC (Licence Ouverte 2.0)"}},{"type":"Feature","geometry":{"type":"Point","coordinates":[1.997645,48.982729]},"properties":{"type":"pontoon","name":null,"waterway":"Seine","inform":null,"source":"VNF IENC (Licence Ouverte 2.0)"}},{"type":"Feature","geometry":{"type":"Point","coordinates":[1.958044,49.000777]},"properties":{"type":"pontoon","name":null,"waterway":"Seine","inform":null,"source":"VNF IENC (Licence Ouverte 2.0)"}},{"type":"Feature","geometry":{"type":"Point","coordinates":[1.959567,49.000894]},"properties":{"type":"pontoon","name":"0","waterway":"Seine","inform":"0","source":"VNF IENC (Licence Ouverte 2.0)"}},{"type":"Feature","geometry":{"type":"Point","coordinates":[1.95937,49.000686]},"properties":{"type":"pontoon","name":"0","waterway":"Seine","inform":"0","source":"VNF IENC (Licence Ouverte 2.0)"}},{"type":"Feature","geometry":{"type":"Point","coordinates":[1.959237,49.000204]},"properties":{"type":"pontoon","name":"0","waterway":"Seine","inform":"0","source":"VNF IENC (Licence Ouverte 2.0)"}},{"type":"Feature","geometry":{"type":"Point","coordinates":[1.95968,49.000002]},"properties":{"type":"pontoon","name":null,"waterway":"Seine","inform":null,"source":"VNF IENC (Licence Ouverte 2.0)"}},{"type":"Feature","geometry":{"type":"Point","coordinates":[2.008149,48.942514]},"properties":{"type":"pontoon","name":null,"waterway":"Seine","inform":null,"source":"VNF IENC (Licence Ouverte 2.0)"}},{"type":"Feature","geometry":{"type":"Point","coordinates":[2.255175,48.941048]},"properties":{"type":"pontoon","name":null,"waterway":"Seine","inform":null,"source":"VNF IENC (Licence Ouverte 2.0)"}},{"type":"Feature","geometry":{"type":"Point","coordinates":[2.255373,48.941179]},"properties":{"type":"pontoon","name":null,"waterway":"Seine","inform":null,"source":"VNF IENC (Licence Ouverte 2.0)"}},{"type":"Feature","geometry":{"type":"Point","coordinates":[2.301222,48.91137]},"properties":{"type":"pontoon","name":null,"waterway":"Seine","inform":null,"source":"VNF IENC (Licence Ouverte 2.0)"}},{"type":"Feature","geometry":{"type":"Point","coordinates":[2.30168,48.911563]},"properties":{"type":"pontoon","name":null,"waterway":"Seine","inform":null,"source":"VNF IENC (Licence Ouverte 2.0)"}},{"type":"Feature","geometry":{"type":"Point","coordinates":[2.302194,48.911728]},"properties":{"type":"pontoon","name":null,"waterway":"Seine","inform":null,"source":"VNF IENC (Licence Ouverte 2.0)"}},{"type":"Feature","geometry":{"type":"Point","coordinates":[2.30306,48.911715]},"properties":{"type":"pontoon","name":null,"waterway":"Seine","inform":null,"source":"VNF IENC (Licence Ouverte 2.0)"}},{"type":"Feature","geometry":{"type":"Point","coordinates":[2.305291,48.91219]},"properties":{"type":"pontoon","name":null,"waterway":"Seine","inform":null,"source":"VNF IENC (Licence Ouverte 2.0)"}},{"type":"Feature","geometry":{"type":"Point","coordinates":[2.258482,48.891359]},"properties":{"type":"pontoon","name":null,"waterway":"Seine","inform":null,"source":"VNF IENC (Licence Ouverte 2.0)"}},{"type":"Feature","geometry":{"type":"Point","coordinates":[2.254102,48.885091]},"properties":{"type":"pontoon","name":null,"waterway":"Seine","inform":null,"source":"VNF IENC (Licence Ouverte 2.0)"}},{"type":"Feature","geometry":{"type":"Point","coordinates":[2.298513,48.909956]},"properties":{"type":"pontoon","name":null,"waterway":"Seine","inform":null,"source":"VNF IENC (Licence Ouverte 2.0)"}},{"type":"Feature","geometry":{"type":"Point","coordinates":[6.959489,49.234328]},"properties":{"type":"quay","name":"Liegestelle Saarbr\u00fccken - Schanzenbergbr\u00fccke","waterway":"Sa\u00f4ne (upper)","inform":"Liegezeit max. 72 Stunden - Wassertiefe 2 m","source":"VNF IENC (Licence Ouverte 2.0)"}},{"type":"Feature","geometry":{"type":"Point","coordinates":[6.986292,49.237002]},"properties":{"type":"quay","name":"Liegestelle","waterway":"Sa\u00f4ne (upper)","inform":"Fahrgastschiffsanlegestelle - Wassertiefe nur 1,8 m - Baden im Anlagebereich verboten","source":"VNF IENC (Licence Ouverte 2.0)"}},{"type":"Feature","geometry":{"type":"Point","coordinates":[6.993003,49.232699]},"properties":{"type":"quay","name":"Liegestelle","waterway":"Sa\u00f4ne (upper)","inform":"nur Sportschifffahrt bis max. 72 Stunden","source":"VNF IENC (Licence Ouverte 2.0)"}},{"type":"Feature","geometry":{"type":"Point","coordinates":[6.993344,49.232083]},"properties":{"type":"quay","name":"Liegestelle","waterway":"Sa\u00f4ne (upper)","inform":"Fahrgastschiffsanlegestelle - Wassertiefe nur 1,8 m - Baden im Anlagebereich verboten","source":"VNF IENC (Licence Ouverte 2.0)"}},{"type":"Feature","geometry":{"type":"Point","coordinates":[6.995108,49.230153]},"properties":{"type":"quay","name":"Festmachstelle","waterway":"Sa\u00f4ne (upper)","inform":"f\u00fcr Kleinfahrzeuge 2 Breiten - Liegezeit max. 24 Stunden - Liegeverbot ab 2,3 m am Pegel St. Arnual","source":"VNF IENC (Licence Ouverte 2.0)"}},{"type":"Feature","geometry":{"type":"Point","coordinates":[6.996151,49.229753]},"properties":{"type":"quay","name":"Festmachstelle","waterway":"Sa\u00f4ne (upper)","inform":"nur G\u00fcterschiffe der WaStrkl. I bis max. 7 Tage","source":"VNF IENC (Licence Ouverte 2.0)"}},{"type":"Feature","geometry":{"type":"Point","coordinates":[5.256873,47.104332]},"properties":{"type":"quay","name":"bollards","waterway":"Sa\u00f4ne","inform":null,"source":"VNF IENC (Licence Ouverte 2.0)"}},{"type":"Feature","geometry":{"type":"Point","coordinates":[5.26088,47.101119]},"properties":{"type":"pontoon","name":"Ponton avitaillement","waterway":"Sa\u00f4ne","inform":"Ponton avitaillement","source":"VNF IENC (Licence Ouverte 2.0)"}},{"type":"Feature","geometry":{"type":"Point","coordinates":[2.297634,50.746474]},"properties":{"type":"pontoon","name":"Port d'Arques 1","waterway":"Canal Dunkerque\u2013Escaut","inform":null,"source":"VNF IENC (Licence Ouverte 2.0)"}},{"type":"Feature","geometry":{"type":"Point","coordinates":[2.298101,50.746482]},"properties":{"type":"pontoon","name":"Port d'Arques 2","waterway":"Canal Dunkerque\u2013Escaut","inform":null,"source":"VNF IENC (Licence Ouverte 2.0)"}},{"type":"Feature","geometry":{"type":"Point","coordinates":[4.953265,46.653611]},"properties":{"type":"pontoon","name":"Ponton de Gigny","waterway":"Sa\u00f4ne","inform":null,"source":"VNF IENC (Licence Ouverte 2.0)"}},{"type":"Feature","geometry":{"type":"Point","coordinates":[2.667752,51.073756]},"properties":{"type":"quay","name":null,"waterway":"Canal Nieuwpoort\u2013Dunkerque","inform":"Ligplaats Veurne LO kmp 10.1","source":"VNF IENC (Licence Ouverte 2.0)"}},{"type":"Feature","geometry":{"type":"Point","coordinates":[2.666563,51.070541]},"properties":{"type":"quay","name":null,"waterway":"Canal Nieuwpoort\u2013Dunkerque","inform":"Ligplaats Veurne RO kmp 10.6 (1)","source":"VNF IENC (Licence Ouverte 2.0)"}},{"type":"Feature","geometry":{"type":"Point","coordinates":[2.665655,51.070781]},"properties":{"type":"quay","name":null,"waterway":"Canal Nieuwpoort\u2013Dunkerque","inform":"Ligplaats Veurne RO kmp 10.6 (3)","source":"VNF IENC (Licence Ouverte 2.0)"}},{"type":"Feature","geometry":{"type":"Point","coordinates":[2.666376,51.070331]},"properties":{"type":"quay","name":null,"waterway":"Canal Nieuwpoort\u2013Dunkerque","inform":"Ligplaats Veurne RO kmp 10.6 (2)","source":"VNF IENC (Licence Ouverte 2.0)"}},{"type":"Feature","geometry":{"type":"Point","coordinates":[7.509675,47.694047]},"properties":{"type":"quay","name":"Festmachstelle","waterway":"Rhine","inform":null,"source":"VNF IENC (Licence Ouverte 2.0)"}},{"type":"Feature","geometry":{"type":"Point","coordinates":[7.508406,47.701003]},"properties":{"type":"quay","name":"Festmachstelle","waterway":"Rhine","inform":null,"source":"VNF IENC (Licence Ouverte 2.0)"}},{"type":"Feature","geometry":{"type":"Point","coordinates":[7.519022,47.712234]},"properties":{"type":"quay","name":"Festmachstelle","waterway":"Rhine","inform":null,"source":"VNF IENC (Licence Ouverte 2.0)"}},{"type":"Feature","geometry":{"type":"Point","coordinates":[4.875401,46.384509]},"properties":{"type":"pontoon","name":"Halte de Asni\u00e8res sur Sa\u00f4ne","waterway":"Sa\u00f4ne","inform":null,"source":"VNF IENC (Licence Ouverte 2.0)"}},{"type":"Feature","geometry":{"type":"Point","coordinates":[4.95059,46.622295]},"properties":{"type":"pontoon","name":"Ponton attente plaisance Ormes amont","waterway":"Sa\u00f4ne","inform":null,"source":"VNF IENC (Licence Ouverte 2.0)"}},{"type":"Feature","geometry":{"type":"Point","coordinates":[4.913563,46.562697]},"properties":{"type":"pontoon","name":"Halte fuviale de Tournus","waterway":"Sa\u00f4ne","inform":null,"source":"VNF IENC (Licence Ouverte 2.0)"}},{"type":"Feature","geometry":{"type":"Point","coordinates":[3.027555,50.424957]},"properties":{"type":"pontoon","name":"Port de Courcelles les Lens 1","waterway":"Canal Dunkerque\u2013Escaut","inform":null,"source":"VNF IENC (Licence Ouverte 2.0)"}},{"type":"Feature","geometry":{"type":"Point","coordinates":[3.027858,50.42483]},"properties":{"type":"pontoon","name":"Port de Courcelles les Lens 2","waterway":"Canal Dunkerque\u2013Escaut","inform":null,"source":"VNF IENC (Licence Ouverte 2.0)"}},{"type":"Feature","geometry":{"type":"Point","coordinates":[3.028159,50.424657]},"properties":{"type":"pontoon","name":"Port de Courcelles les Lens 3","waterway":"Canal Dunkerque\u2013Escaut","inform":null,"source":"VNF IENC (Licence Ouverte 2.0)"}},{"type":"Feature","geometry":{"type":"Point","coordinates":[3.072194,50.776986]},"properties":{"type":"quay","name":null,"waterway":"Leie","inform":"Ligplaats Wervik LO kmp 12.6","source":"VNF IENC (Licence Ouverte 2.0)"}},{"type":"Feature","geometry":{"type":"Point","coordinates":[3.111911,50.788124]},"properties":{"type":"quay","name":null,"waterway":"Leie","inform":"Ligplaats Menen LO kmp 16.1","source":"VNF IENC (Licence Ouverte 2.0)"}},{"type":"Feature","geometry":{"type":"Point","coordinates":[3.1893,50.801478]},"properties":{"type":"quay","name":null,"waterway":"Leie","inform":"Wachtplaats Wevelgem Brug LO","source":"VNF IENC (Licence Ouverte 2.0)"}},{"type":"Feature","geometry":{"type":"Point","coordinates":[3.124315,50.790663]},"properties":{"type":"quay","name":null,"waterway":"Leie","inform":"Ligplaats Menen LO kmp 0.2","source":"VNF IENC (Licence Ouverte 2.0)"}},{"type":"Feature","geometry":{"type":"Point","coordinates":[3.126615,50.791358]},"properties":{"type":"quay","name":null,"waterway":"Leie","inform":"Ligplaats Menen LO kmp 0.3","source":"VNF IENC (Licence Ouverte 2.0)"}},{"type":"Feature","geometry":{"type":"Point","coordinates":[3.126574,50.79103]},"properties":{"type":"quay","name":null,"waterway":"Leie","inform":"Ligplaats Menen RO kmp 0.3","source":"VNF IENC (Licence Ouverte 2.0)"}},{"type":"Feature","geometry":{"type":"Point","coordinates":[3.124236,50.790312]},"properties":{"type":"quay","name":null,"waterway":"Leie","inform":"Ligplaats Menen RO kmp 0.1","source":"VNF IENC (Licence Ouverte 2.0)"}},{"type":"Feature","geometry":{"type":"Point","coordinates":[3.10666,50.784717]},"properties":{"type":"quay","name":null,"waterway":"Leie","inform":"Ligplaats Menen LO kmp 15.6","source":"VNF IENC (Licence Ouverte 2.0)"}},{"type":"Feature","geometry":{"type":"Point","coordinates":[3.104367,50.782841]},"properties":{"type":"quay","name":null,"waterway":"Leie","inform":"Ligplaats Menen LO kmp 15.3","source":"VNF IENC (Licence Ouverte 2.0)"}},{"type":"Feature","geometry":{"type":"Point","coordinates":[3.097849,50.779396]},"properties":{"type":"quay","name":null,"waterway":"Leie","inform":"Wachtplaats Opw. sluis Menen","source":"VNF IENC (Licence Ouverte 2.0)"}},{"type":"Feature","geometry":{"type":"Point","coordinates":[3.033947,50.774495]},"properties":{"type":"quay","name":null,"waterway":"Leie","inform":"Ligplaats Wervik LO kmp 9.8","source":"VNF IENC (Licence Ouverte 2.0)"}},{"type":"Feature","geometry":{"type":"Point","coordinates":[3.092457,50.775934]},"properties":{"type":"quay","name":null,"waterway":"Leie","inform":"Ligplaats Wervik RO kmp 14.2","source":"VNF IENC (Licence Ouverte 2.0)"}},{"type":"Feature","geometry":{"type":"Point","coordinates":[3.108345,50.786192]},"properties":{"type":"quay","name":null,"waterway":"Leie","inform":"Ligplaats Menen LO kmp 15.8","source":"VNF IENC (Licence Ouverte 2.0)"}},{"type":"Feature","geometry":{"type":"Point","coordinates":[4.84852,46.324497]},"properties":{"type":"pontoon","name":"Ponton priv\u00e9 club aviron","waterway":"Sa\u00f4ne","inform":null,"source":"VNF IENC (Licence Ouverte 2.0)"}},{"type":"Feature","geometry":{"type":"Point","coordinates":[4.849326,46.325725]},"properties":{"type":"pontoon","name":"Ponton priv\u00e9 club aviron","waterway":"Sa\u00f4ne","inform":null,"source":"VNF IENC (Licence Ouverte 2.0)"}},{"type":"Feature","geometry":{"type":"Point","coordinates":[4.839172,46.306772]},"properties":{"type":"pontoon","name":"Halte fluviale de Saint Laurent sur Sa\u00f4ne","waterway":"Sa\u00f4ne","inform":null,"source":"VNF IENC (Licence Ouverte 2.0)"}},{"type":"Feature","geometry":{"type":"Point","coordinates":[4.807139,46.240085]},"properties":{"type":"pontoon","name":"Halte de Cr\u00e8ches-sur-Sa\u00f4ne","waterway":"Sa\u00f4ne","inform":null,"source":"VNF IENC (Licence Ouverte 2.0)"}},{"type":"Feature","geometry":{"type":"Point","coordinates":[7.022266,49.200945]},"properties":{"type":"quay","name":"Dalbenanlegestelle","waterway":"Sa\u00f4ne (upper)","inform":null,"source":"VNF IENC (Licence Ouverte 2.0)"}},{"type":"Feature","geometry":{"type":"Point","coordinates":[7.028714,49.196511]},"properties":{"type":"quay","name":"Liegestelle","waterway":"Sa\u00f4ne (upper)","inform":"nur Fahrgastschiffe","source":"VNF IENC (Licence Ouverte 2.0)"}},{"type":"Feature","geometry":{"type":"Point","coordinates":[7.029972,49.165528]},"properties":{"type":"quay","name":"Festmachstelle","waterway":"Sa\u00f4ne (upper)","inform":"max. 48 Stunden","source":"VNF IENC (Licence Ouverte 2.0)"}},{"type":"Feature","geometry":{"type":"Point","coordinates":[4.800317,46.154078]},"properties":{"type":"quay","name":"ducs d'albe","waterway":"Sa\u00f4ne","inform":"Ponton flottant d'attente plaisance","source":"VNF IENC (Licence Ouverte 2.0)"}},{"type":"Feature","geometry":{"type":"Point","coordinates":[4.790893,46.165253]},"properties":{"type":"quay","name":"bollards","waterway":"Sa\u00f4ne","inform":null,"source":"VNF IENC (Licence Ouverte 2.0)"}},{"type":"Feature","geometry":{"type":"Point","coordinates":[4.795191,46.160592]},"properties":{"type":"pontoon","name":"ponton attente amont plaisance \u00e9cluse Drac\u00e9","waterway":"Sa\u00f4ne","inform":null,"source":"VNF IENC (Licence Ouverte 2.0)"}},{"type":"Feature","geometry":{"type":"Point","coordinates":[4.800608,46.153636]},"properties":{"type":"pontoon","name":"ponton attente aval plaisance \u00e9cluse Drac\u00e9","waterway":"Sa\u00f4ne","inform":null,"source":"VNF IENC (Licence Ouverte 2.0)"}},{"type":"Feature","geometry":{"type":"Point","coordinates":[2.408476,50.64217]},"properties":{"type":"pontoon","name":"Halte d'Aire sur la Lys","waterway":"Canal Dunkerque\u2013Escaut","inform":null,"source":"VNF IENC (Licence Ouverte 2.0)"}},{"type":"Feature","geometry":{"type":"Point","coordinates":[1.096701,49.338374]},"properties":{"type":"pontoon","name":null,"waterway":"Seine","inform":null,"source":"VNF IENC (Licence Ouverte 2.0)"}},{"type":"Feature","geometry":{"type":"Point","coordinates":[1.282497,49.214868]},"properties":{"type":"pontoon","name":null,"waterway":"Seine","inform":null,"source":"VNF IENC (Licence Ouverte 2.0)"}},{"type":"Feature","geometry":{"type":"Point","coordinates":[1.284138,49.215924]},"properties":{"type":"pontoon","name":null,"waterway":"Seine","inform":null,"source":"VNF IENC (Licence Ouverte 2.0)"}},{"type":"Feature","geometry":{"type":"Point","coordinates":[1.32638,49.230499]},"properties":{"type":"pontoon","name":null,"waterway":"Seine","inform":null,"source":"VNF IENC (Licence Ouverte 2.0)"}},{"type":"Feature","geometry":{"type":"Point","coordinates":[1.292267,49.215022]},"properties":{"type":"pontoon","name":null,"waterway":"Seine","inform":null,"source":"VNF IENC (Licence Ouverte 2.0)"}},{"type":"Feature","geometry":{"type":"Point","coordinates":[1.292906,49.216051]},"properties":{"type":"pontoon","name":null,"waterway":"Seine","inform":null,"source":"VNF IENC (Licence Ouverte 2.0)"}},{"type":"Feature","geometry":{"type":"Point","coordinates":[1.260784,49.276466]},"properties":{"type":"pontoon","name":null,"waterway":"Seine","inform":null,"source":"VNF IENC (Licence Ouverte 2.0)"}},{"type":"Feature","geometry":{"type":"Point","coordinates":[1.260871,49.276272]},"properties":{"type":"pontoon","name":null,"waterway":"Seine","inform":null,"source":"VNF IENC (Licence Ouverte 2.0)"}},{"type":"Feature","geometry":{"type":"Point","coordinates":[1.263682,49.247599]},"properties":{"type":"pontoon","name":null,"waterway":"Seine","inform":null,"source":"VNF IENC (Licence Ouverte 2.0)"}},{"type":"Feature","geometry":{"type":"Point","coordinates":[1.007016,49.293133]},"properties":{"type":"quay","name":"Elbeuf","waterway":"Seine","inform":null,"source":"VNF IENC (Licence Ouverte 2.0)"}},{"type":"Feature","geometry":{"type":"Point","coordinates":[1.027477,49.295835]},"properties":{"type":"pontoon","name":null,"waterway":"Seine","inform":null,"source":"VNF IENC (Licence Ouverte 2.0)"}},{"type":"Feature","geometry":{"type":"Point","coordinates":[1.62263,49.032634]},"properties":{"type":"quay","name":"Zone d'amarrage M\u00e9ricourt aval","waterway":"Seine","inform":null,"source":"VNF IENC (Licence Ouverte 2.0)"}},{"type":"Feature","geometry":{"type":"Point","coordinates":[1.611984,49.023737]},"properties":{"type":"quay","name":"Zone d'amarrage M\u00e9ricourt amont","waterway":"Seine","inform":null,"source":"VNF IENC (Licence Ouverte 2.0)"}},{"type":"Feature","geometry":{"type":"Point","coordinates":[1.694216,49.064812]},"properties":{"type":"pontoon","name":null,"waterway":"Seine","inform":null,"source":"VNF IENC (Licence Ouverte 2.0)"}},{"type":"Feature","geometry":{"type":"Point","coordinates":[1.696965,49.065786]},"properties":{"type":"pontoon","name":null,"waterway":"Seine","inform":null,"source":"VNF IENC (Licence Ouverte 2.0)"}},{"type":"Feature","geometry":{"type":"Point","coordinates":[1.696661,49.066744]},"properties":{"type":"pontoon","name":null,"waterway":"Seine","inform":null,"source":"VNF IENC (Licence Ouverte 2.0)"}},{"type":"Feature","geometry":{"type":"Point","coordinates":[1.696967,49.066047]},"properties":{"type":"pontoon","name":null,"waterway":"Seine","inform":null,"source":"VNF IENC (Licence Ouverte 2.0)"}},{"type":"Feature","geometry":{"type":"Point","coordinates":[1.664349,49.045185]},"properties":{"type":"pontoon","name":null,"waterway":"Seine","inform":null,"source":"VNF IENC (Licence Ouverte 2.0)"}},{"type":"Feature","geometry":{"type":"Point","coordinates":[1.611205,49.019321]},"properties":{"type":"pontoon","name":null,"waterway":"Seine","inform":null,"source":"VNF IENC (Licence Ouverte 2.0)"}},{"type":"Feature","geometry":{"type":"Point","coordinates":[1.61116,49.018421]},"properties":{"type":"pontoon","name":null,"waterway":"Seine","inform":null,"source":"VNF IENC (Licence Ouverte 2.0)"}},{"type":"Feature","geometry":{"type":"Point","coordinates":[1.696348,49.066973]},"properties":{"type":"pontoon","name":null,"waterway":"Seine","inform":null,"source":"VNF IENC (Licence Ouverte 2.0)"}},{"type":"Feature","geometry":{"type":"Point","coordinates":[1.63026,49.028034]},"properties":{"type":"pontoon","name":null,"waterway":"Seine","inform":null,"source":"VNF IENC (Licence Ouverte 2.0)"}},{"type":"Feature","geometry":{"type":"Point","coordinates":[1.628152,49.027543]},"properties":{"type":"pontoon","name":null,"waterway":"Seine","inform":null,"source":"VNF IENC (Licence Ouverte 2.0)"}},{"type":"Feature","geometry":{"type":"Point","coordinates":[1.628454,49.027845]},"properties":{"type":"pontoon","name":null,"waterway":"Seine","inform":null,"source":"VNF IENC (Licence Ouverte 2.0)"}},{"type":"Feature","geometry":{"type":"Point","coordinates":[1.630687,49.028356]},"properties":{"type":"pontoon","name":null,"waterway":"Seine","inform":null,"source":"VNF IENC (Licence Ouverte 2.0)"}},{"type":"Feature","geometry":{"type":"Point","coordinates":[1.63117,49.028682]},"properties":{"type":"pontoon","name":null,"waterway":"Seine","inform":null,"source":"VNF IENC (Licence Ouverte 2.0)"}},{"type":"Feature","geometry":{"type":"Point","coordinates":[2.429897,48.816682]},"properties":{"type":"pontoon","name":null,"waterway":"Seine","inform":null,"source":"VNF IENC (Licence Ouverte 2.0)"}},{"type":"Feature","geometry":{"type":"Point","coordinates":[2.452246,48.814823]},"properties":{"type":"pontoon","name":null,"waterway":"Seine","inform":null,"source":"VNF IENC (Licence Ouverte 2.0)"}},{"type":"Feature","geometry":{"type":"Point","coordinates":[2.468509,48.801983]},"properties":{"type":"pontoon","name":null,"waterway":"Seine","inform":null,"source":"VNF IENC (Licence Ouverte 2.0)"}},{"type":"Feature","geometry":{"type":"Point","coordinates":[2.473344,48.788636]},"properties":{"type":"pontoon","name":null,"waterway":"Seine","inform":null,"source":"VNF IENC (Licence Ouverte 2.0)"}},{"type":"Feature","geometry":{"type":"Point","coordinates":[2.491007,48.784305]},"properties":{"type":"pontoon","name":null,"waterway":"Seine","inform":null,"source":"VNF IENC (Licence Ouverte 2.0)"}},{"type":"Feature","geometry":{"type":"Point","coordinates":[2.520247,48.788057]},"properties":{"type":"pontoon","name":null,"waterway":"Seine","inform":null,"source":"VNF IENC (Licence Ouverte 2.0)"}},{"type":"Feature","geometry":{"type":"Point","coordinates":[2.521457,48.791272]},"properties":{"type":"pontoon","name":null,"waterway":"Seine","inform":null,"source":"VNF IENC (Licence Ouverte 2.0)"}},{"type":"Feature","geometry":{"type":"Point","coordinates":[2.523956,48.795728]},"properties":{"type":"pontoon","name":null,"waterway":"Seine","inform":null,"source":"VNF IENC (Licence Ouverte 2.0)"}},{"type":"Feature","geometry":{"type":"Point","coordinates":[2.499791,48.810705]},"properties":{"type":"pontoon","name":null,"waterway":"Seine","inform":null,"source":"VNF IENC (Licence Ouverte 2.0)"}},{"type":"Feature","geometry":{"type":"Point","coordinates":[2.471649,48.817675]},"properties":{"type":"pontoon","name":null,"waterway":"Seine","inform":null,"source":"VNF IENC (Licence Ouverte 2.0)"}},{"type":"Feature","geometry":{"type":"Point","coordinates":[2.471973,48.817728]},"properties":{"type":"pontoon","name":null,"waterway":"Seine","inform":null,"source":"VNF IENC (Licence Ouverte 2.0)"}},{"type":"Feature","geometry":{"type":"Point","coordinates":[2.470231,48.818623]},"properties":{"type":"pontoon","name":null,"waterway":"Seine","inform":null,"source":"VNF IENC (Licence Ouverte 2.0)"}},{"type":"Feature","geometry":{"type":"Point","coordinates":[2.829961,49.42321]},"properties":{"type":"pontoon","name":null,"waterway":"Oise","inform":null,"source":"VNF IENC (Licence Ouverte 2.0)"}},{"type":"Feature","geometry":{"type":"Point","coordinates":[2.830403,49.423614]},"properties":{"type":"pontoon","name":null,"waterway":"Oise","inform":null,"source":"VNF IENC (Licence Ouverte 2.0)"}},{"type":"Feature","geometry":{"type":"Point","coordinates":[2.832104,49.423804]},"properties":{"type":"pontoon","name":null,"waterway":"Oise","inform":null,"source":"VNF IENC (Licence Ouverte 2.0)"}},{"type":"Feature","geometry":{"type":"Point","coordinates":[2.831813,49.424048]},"properties":{"type":"pontoon","name":null,"waterway":"Oise","inform":null,"source":"VNF IENC (Licence Ouverte 2.0)"}},{"type":"Feature","geometry":{"type":"Point","coordinates":[2.840703,49.432347]},"properties":{"type":"pontoon","name":null,"waterway":"Oise","inform":null,"source":"VNF IENC (Licence Ouverte 2.0)"}},{"type":"Feature","geometry":{"type":"Point","coordinates":[6.076298,48.838071]},"properties":{"type":"quay","name":"quai de chargement","waterway":"Moselle","inform":"activit\u00e9 du port = granulats","source":"VNF IENC (Licence Ouverte 2.0)"}},{"type":"Feature","geometry":{"type":"Point","coordinates":[6.118527,48.811978]},"properties":{"type":"quay","name":"quai de chargement","waterway":"Moselle","inform":"activit\u00e9 du port = c\u00e9r\u00e9ales","source":"VNF IENC (Licence Ouverte 2.0)"}},{"type":"Feature","geometry":{"type":"Point","coordinates":[6.119069,48.820276]},"properties":{"type":"quay","name":"quai de chargement et de d\u00e9chargement","waterway":"Moselle","inform":"inutilis\u00e9","source":"VNF IENC (Licence Ouverte 2.0)"}},{"type":"Feature","geometry":{"type":"Point","coordinates":[6.076223,48.844294]},"properties":{"type":"quay","name":"quai de chargement et de d\u00e9chargement","waterway":"Moselle","inform":"en projet","source":"VNF IENC (Licence Ouverte 2.0)"}},{"type":"Feature","geometry":{"type":"Point","coordinates":[6.148289,48.754449]},"properties":{"type":"quay","name":"quai de chargement et de d\u00e9chargement","waterway":"Moselle","inform":"activit\u00e9 du port = c\u00e9r\u00e9ales","source":"VNF IENC (Licence Ouverte 2.0)"}},{"type":"Feature","geometry":{"type":"Point","coordinates":[6.143282,48.758484]},"properties":{"type":"quay","name":"quai de chargement et de d\u00e9chargement","waterway":"Moselle","inform":"inutilis\u00e9, accostage pr\u00e9caire","source":"VNF IENC (Licence Ouverte 2.0)"}},{"type":"Feature","geometry":{"type":"Point","coordinates":[6.143056,48.758723]},"properties":{"type":"quay","name":"quai de chargement et de d\u00e9chargement","waterway":"Moselle","inform":"inutilis\u00e9, accostage pr\u00e9caire","source":"VNF IENC (Licence Ouverte 2.0)"}},{"type":"Feature","geometry":{"type":"Point","coordinates":[6.142833,48.758963]},"properties":{"type":"quay","name":"quai de chargement et de d\u00e9chargement","waterway":"Moselle","inform":"inutilis\u00e9, accostage pr\u00e9caire","source":"VNF IENC (Licence Ouverte 2.0)"}},{"type":"Feature","geometry":{"type":"Point","coordinates":[6.142833,48.758963]},"properties":{"type":"pontoon","name":null,"waterway":"Moselle","inform":"ponton de 5 m x 3,5 m","source":"VNF IENC (Licence Ouverte 2.0)"}},{"type":"Feature","geometry":{"type":"Point","coordinates":[6.143056,48.758723]},"properties":{"type":"pontoon","name":null,"waterway":"Moselle","inform":"ponton de 5 m x 3,5 m","source":"VNF IENC (Licence Ouverte 2.0)"}},{"type":"Feature","geometry":{"type":"Point","coordinates":[6.143282,48.758484]},"properties":{"type":"pontoon","name":null,"waterway":"Moselle","inform":"ponton de 5 m x 3,5 m","source":"VNF IENC (Licence Ouverte 2.0)"}},{"type":"Feature","geometry":{"type":"Point","coordinates":[6.126962,48.814736]},"properties":{"type":"pontoon","name":null,"waterway":"Moselle","inform":"ponton de 32 m\u00e8tres et une passerelle","source":"VNF IENC (Licence Ouverte 2.0)"}},{"type":"Feature","geometry":{"type":"Point","coordinates":[6.125572,48.765129]},"properties":{"type":"pontoon","name":null,"waterway":"Moselle","inform":"ponton de 41 m\u00e8tres","source":"VNF IENC (Licence Ouverte 2.0)"}},{"type":"Feature","geometry":{"type":"Point","coordinates":[3.053843,50.687848]},"properties":{"type":"pontoon","name":"Port de Wambrechies","waterway":"Canal Dunkerque\u2013Escaut","inform":null,"source":"VNF IENC (Licence Ouverte 2.0)"}},{"type":"Feature","geometry":{"type":"Point","coordinates":[3.001779,50.710457]},"properties":{"type":"pontoon","name":"Halte de Quesnoy sur De\u00fble 1","waterway":"Canal Dunkerque\u2013Escaut","inform":null,"source":"VNF IENC (Licence Ouverte 2.0)"}},{"type":"Feature","geometry":{"type":"Point","coordinates":[3.002212,50.71038]},"properties":{"type":"pontoon","name":"Halte de Quesnoy sur De\u00fble 2","waterway":"Canal Dunkerque\u2013Escaut","inform":null,"source":"VNF IENC (Licence Ouverte 2.0)"}},{"type":"Feature","geometry":{"type":"Point","coordinates":[6.045482,49.01218]},"properties":{"type":"quay","name":"quai de chargement et de d\u00e9chargement","waterway":"Moselle","inform":"inutilis\u00e9","source":"VNF IENC (Licence Ouverte 2.0)"}},{"type":"Feature","geometry":{"type":"Point","coordinates":[6.030487,48.981995]},"properties":{"type":"quay","name":"quai d'embarquement et de d\u00e9barquement","waterway":"Moselle","inform":null,"source":"VNF IENC (Licence Ouverte 2.0)"}},{"type":"Feature","geometry":{"type":"Point","coordinates":[6.03837,48.957651]},"properties":{"type":"quay","name":"quai de chargement et de d\u00e9chargement","waterway":"Moselle","inform":"activit\u00e9 du port = granulats","source":"VNF IENC (Licence Ouverte 2.0)"}},{"type":"Feature","geometry":{"type":"Point","coordinates":[7.805962,48.565678]},"properties":{"type":"quay","name":"Liegestelle Kehl-S\u00fcd","waterway":"Rhine","inform":"1 Schiffsbreite","source":"VNF IENC (Licence Ouverte 2.0)"}},{"type":"Feature","geometry":{"type":"Point","coordinates":[7.81727,48.603574]},"properties":{"type":"quay","name":"Liegestelle Kehl-Nord","waterway":"Rhine","inform":"1 Schiffsbreite","source":"VNF IENC (Licence Ouverte 2.0)"}},{"type":"Feature","geometry":{"type":"Point","coordinates":[7.819164,48.605532]},"properties":{"type":"quay","name":"Liegestelle Kehl-Nord","waterway":"Rhine","inform":"1 Schiffsbreite","source":"VNF IENC (Licence Ouverte 2.0)"}},{"type":"Feature","geometry":{"type":"Point","coordinates":[7.804685,48.56971]},"properties":{"type":"quay","name":"Liegestelle Kehl-S\u00fcd","waterway":"Rhine","inform":"2 Schiffsbreiten","source":"VNF IENC (Licence Ouverte 2.0)"}},{"type":"Feature","geometry":{"type":"Point","coordinates":[6.281655,49.416252]},"properties":{"type":"quay","name":"quai de chargement et de d\u00e9chargement","waterway":"Moselle","inform":"activit\u00e9 du port = granulats, inutilis\u00e9","source":"VNF IENC (Licence Ouverte 2.0)"}},{"type":"Feature","geometry":{"type":"Point","coordinates":[6.291067,49.41872]},"properties":{"type":"quay","name":"quai de chargement et de d\u00e9chargement","waterway":"Moselle","inform":"inutilis\u00e9, activit\u00e9 du port = granulats","source":"VNF IENC (Licence Ouverte 2.0)"}},{"type":"Feature","geometry":{"type":"Point","coordinates":[6.252157,49.393839]},"properties":{"type":"quay","name":"quai de chargement et de d\u00e9chargement","waterway":"Moselle","inform":"activit\u00e9 du port = gypse","source":"VNF IENC (Licence Ouverte 2.0)"}},{"type":"Feature","geometry":{"type":"Point","coordinates":[6.25435,49.394556]},"properties":{"type":"quay","name":"quai de chargement et de d\u00e9chargement","waterway":"Moselle","inform":"activit\u00e9 du port = gypse","source":"VNF IENC (Licence Ouverte 2.0)"}},{"type":"Feature","geometry":{"type":"Point","coordinates":[6.255924,49.397439]},"properties":{"type":"pontoon","name":null,"waterway":"Moselle","inform":null,"source":"VNF IENC (Licence Ouverte 2.0)"}},{"type":"Feature","geometry":{"type":"Point","coordinates":[6.254067,49.395863]},"properties":{"type":"pontoon","name":null,"waterway":"Moselle","inform":"Clubhouse","source":"VNF IENC (Licence Ouverte 2.0)"}},{"type":"Feature","geometry":{"type":"Point","coordinates":[6.255521,49.396965]},"properties":{"type":"pontoon","name":null,"waterway":"Moselle","inform":null,"source":"VNF IENC (Licence Ouverte 2.0)"}},{"type":"Feature","geometry":{"type":"Point","coordinates":[6.295882,49.425109]},"properties":{"type":"pontoon","name":null,"waterway":"Moselle","inform":"ponton de 10 m\u00e8tres","source":"VNF IENC (Licence Ouverte 2.0)"}},{"type":"Feature","geometry":{"type":"Point","coordinates":[6.290767,49.418635]},"properties":{"type":"pontoon","name":null,"waterway":"Moselle","inform":"acc\u00e8s pour duc d'albe","source":"VNF IENC (Licence Ouverte 2.0)"}},{"type":"Feature","geometry":{"type":"Point","coordinates":[6.296039,49.42525]},"properties":{"type":"pontoon","name":null,"waterway":"Moselle","inform":"ponton de 12 m\u00e8tres","source":"VNF IENC (Licence Ouverte 2.0)"}},{"type":"Feature","geometry":{"type":"Point","coordinates":[6.349556,49.445711]},"properties":{"type":"pontoon","name":null,"waterway":"Moselle","inform":null,"source":"VNF IENC (Licence Ouverte 2.0)"}},{"type":"Feature","geometry":{"type":"Point","coordinates":[6.34503,49.449481]},"properties":{"type":"pontoon","name":null,"waterway":"Moselle","inform":"passerelle de 14.50 m\u00e8tres","source":"VNF IENC (Licence Ouverte 2.0)"}},{"type":"Feature","geometry":{"type":"Point","coordinates":[6.349453,49.44576]},"properties":{"type":"pontoon","name":null,"waterway":"Moselle","inform":null,"source":"VNF IENC (Licence Ouverte 2.0)"}},{"type":"Feature","geometry":{"type":"Point","coordinates":[6.254485,49.396093]},"properties":{"type":"pontoon","name":null,"waterway":"Moselle","inform":"Clubhouse","source":"VNF IENC (Licence Ouverte 2.0)"}},{"type":"Feature","geometry":{"type":"Point","coordinates":[6.34968,49.445616]},"properties":{"type":"pontoon","name":null,"waterway":"Moselle","inform":null,"source":"VNF IENC (Licence Ouverte 2.0)"}},{"type":"Feature","geometry":{"type":"Point","coordinates":[6.349775,49.445524]},"properties":{"type":"pontoon","name":null,"waterway":"Moselle","inform":null,"source":"VNF IENC (Licence Ouverte 2.0)"}},{"type":"Feature","geometry":{"type":"Point","coordinates":[6.34999,49.445294]},"properties":{"type":"pontoon","name":null,"waterway":"Moselle","inform":null,"source":"VNF IENC (Licence Ouverte 2.0)"}},{"type":"Feature","geometry":{"type":"Point","coordinates":[6.349883,49.445409]},"properties":{"type":"pontoon","name":null,"waterway":"Moselle","inform":null,"source":"VNF IENC (Licence Ouverte 2.0)"}},{"type":"Feature","geometry":{"type":"Point","coordinates":[6.320375,49.431881]},"properties":{"type":"pontoon","name":null,"waterway":"Moselle","inform":"d\u00e9barcad\u00e8re","source":"VNF IENC (Licence Ouverte 2.0)"}},{"type":"Feature","geometry":{"type":"Point","coordinates":[6.321455,49.441828]},"properties":{"type":"pontoon","name":null,"waterway":"Moselle","inform":"ponton de 7 m\u00e8tres","source":"VNF IENC (Licence Ouverte 2.0)"}},{"type":"Feature","geometry":{"type":"Point","coordinates":[6.359516,49.442807]},"properties":{"type":"pontoon","name":"passerelle","waterway":"Moselle","inform":"passerelle d'embarquement pos\u00e9e sur ponton","source":"VNF IENC (Licence Ouverte 2.0)"}},{"type":"Feature","geometry":{"type":"Point","coordinates":[6.359221,49.442653]},"properties":{"type":"pontoon","name":"passerelle","waterway":"Moselle","inform":"passerelle d'embarquement pos\u00e9e sur ponton","source":"VNF IENC (Licence Ouverte 2.0)"}},{"type":"Feature","geometry":{"type":"Point","coordinates":[7.55478,47.849108]},"properties":{"type":"quay","name":"Liegestelle","waterway":"Rhine","inform":null,"source":"VNF IENC (Licence Ouverte 2.0)"}},{"type":"Feature","geometry":{"type":"Point","coordinates":[3.58855,50.435751]},"properties":{"type":"pontoon","name":"Halte de Fresnes sur Escaut 1","waterway":"Canal Dunkerque\u2013Escaut","inform":null,"source":"VNF IENC (Licence Ouverte 2.0)"}},{"type":"Feature","geometry":{"type":"Point","coordinates":[3.588546,50.436474]},"properties":{"type":"pontoon","name":"Halte de Fresnes sur Escaut 2","waterway":"Canal Dunkerque\u2013Escaut","inform":null,"source":"VNF IENC (Licence Ouverte 2.0)"}},{"type":"Feature","geometry":{"type":"Point","coordinates":[3.588444,50.437033]},"properties":{"type":"pontoon","name":"Halte de Fresnes sur Escaut 3","waterway":"Canal Dunkerque\u2013Escaut","inform":null,"source":"VNF IENC (Licence Ouverte 2.0)"}},{"type":"Feature","geometry":{"type":"Point","coordinates":[3.588332,50.437571]},"properties":{"type":"pontoon","name":"Halte de Fresnes sur Escaut 4","waterway":"Canal Dunkerque\u2013Escaut","inform":null,"source":"VNF IENC (Licence Ouverte 2.0)"}},{"type":"Feature","geometry":{"type":"Point","coordinates":[4.836273,45.755864]},"properties":{"type":"quay","name":"Appontement quai Antonin Poncet","waterway":"Rh\u00f4ne","inform":null,"source":"VNF IENC (Licence Ouverte 2.0)"}},{"type":"Feature","geometry":{"type":"Point","coordinates":[4.819491,45.734056]},"properties":{"type":"quay","name":"Zone stationnement bateau \u00e9cole","waterway":"Rh\u00f4ne","inform":null,"source":"VNF IENC (Licence Ouverte 2.0)"}},{"type":"Feature","geometry":{"type":"Point","coordinates":[4.854288,45.786195]},"properties":{"type":"pontoon","name":null,"waterway":"Rh\u00f4ne","inform":null,"source":"VNF IENC (Licence Ouverte 2.0)"}},{"type":"Feature","geometry":{"type":"Point","coordinates":[4.824047,45.737596]},"properties":{"type":"pontoon","name":"Ponton","waterway":"Rh\u00f4ne","inform":"Ponton sapeurs pompiers","source":"VNF IENC (Licence Ouverte 2.0)"}},{"type":"Feature","geometry":{"type":"Point","coordinates":[4.826857,45.740968]},"properties":{"type":"pontoon","name":"Ponton wake board surf","waterway":"Rh\u00f4ne","inform":null,"source":"VNF IENC (Licence Ouverte 2.0)"}},{"type":"Feature","geometry":{"type":"Point","coordinates":[4.829287,45.743828]},"properties":{"type":"pontoon","name":"Ponton ski nautique","waterway":"Rh\u00f4ne","inform":null,"source":"VNF IENC (Licence Ouverte 2.0)"}},{"type":"Feature","geometry":{"type":"Point","coordinates":[4.840254,45.760404]},"properties":{"type":"pontoon","name":null,"waterway":"Rh\u00f4ne","inform":null,"source":"VNF IENC (Licence Ouverte 2.0)"}},{"type":"Feature","geometry":{"type":"Point","coordinates":[4.818767,45.731323]},"properties":{"type":"pontoon","name":null,"waterway":"Rh\u00f4ne","inform":null,"source":"VNF IENC (Licence Ouverte 2.0)"}},{"type":"Feature","geometry":{"type":"Point","coordinates":[4.831921,45.746655]},"properties":{"type":"pontoon","name":null,"waterway":"Rh\u00f4ne","inform":null,"source":"VNF IENC (Licence Ouverte 2.0)"}},{"type":"Feature","geometry":{"type":"Point","coordinates":[4.821053,45.731175]},"properties":{"type":"pontoon","name":null,"waterway":"Rh\u00f4ne","inform":null,"source":"VNF IENC (Licence Ouverte 2.0)"}},{"type":"Feature","geometry":{"type":"Point","coordinates":[2.225164,48.85463]},"properties":{"type":"pontoon","name":null,"waterway":"Seine","inform":null,"source":"VNF IENC (Licence Ouverte 2.0)"}},{"type":"Feature","geometry":{"type":"Point","coordinates":[2.225118,48.831343]},"properties":{"type":"pontoon","name":null,"waterway":"Seine","inform":null,"source":"VNF IENC (Licence Ouverte 2.0)"}},{"type":"Feature","geometry":{"type":"Point","coordinates":[2.225199,48.830844]},"properties":{"type":"pontoon","name":null,"waterway":"Seine","inform":null,"source":"VNF IENC (Licence Ouverte 2.0)"}},{"type":"Feature","geometry":{"type":"Point","coordinates":[2.321144,48.862335]},"properties":{"type":"pontoon","name":null,"waterway":"Seine","inform":null,"source":"VNF IENC (Licence Ouverte 2.0)"}},{"type":"Feature","geometry":{"type":"Point","coordinates":[2.32162,48.862136]},"properties":{"type":"pontoon","name":null,"waterway":"Seine","inform":null,"source":"VNF IENC (Licence Ouverte 2.0)"}},{"type":"Feature","geometry":{"type":"Point","coordinates":[2.331631,48.860119]},"properties":{"type":"pontoon","name":null,"waterway":"Seine","inform":null,"source":"VNF IENC (Licence Ouverte 2.0)"}},{"type":"Feature","geometry":{"type":"Point","coordinates":[2.260584,48.83052]},"properties":{"type":"pontoon","name":null,"waterway":"Seine","inform":null,"source":"VNF IENC (Licence Ouverte 2.0)"}},{"type":"Feature","geometry":{"type":"Point","coordinates":[2.261179,48.831229]},"properties":{"type":"pontoon","name":null,"waterway":"Seine","inform":null,"source":"VNF IENC (Licence Ouverte 2.0)"}},{"type":"Feature","geometry":{"type":"Point","coordinates":[1.722493,48.996366]},"properties":{"type":"pontoon","name":null,"waterway":"Seine","inform":null,"source":"VNF IENC (Licence Ouverte 2.0)"}},{"type":"Feature","geometry":{"type":"Point","coordinates":[1.860486,48.988021]},"properties":{"type":"pontoon","name":null,"waterway":"Seine","inform":null,"source":"VNF IENC (Licence Ouverte 2.0)"}},{"type":"Feature","geometry":{"type":"Point","coordinates":[1.861124,48.991626]},"properties":{"type":"pontoon","name":null,"waterway":"Seine","inform":null,"source":"VNF IENC (Licence Ouverte 2.0)"}},{"type":"Feature","geometry":{"type":"Point","coordinates":[1.861428,48.99105]},"properties":{"type":"pontoon","name":null,"waterway":"Seine","inform":null,"source":"VNF IENC (Licence Ouverte 2.0)"}},{"type":"Feature","geometry":{"type":"Point","coordinates":[1.883031,48.997061]},"properties":{"type":"pontoon","name":null,"waterway":"Seine","inform":null,"source":"VNF IENC (Licence Ouverte 2.0)"}},{"type":"Feature","geometry":{"type":"Point","coordinates":[1.722432,48.996852]},"properties":{"type":"pontoon","name":null,"waterway":"Seine","inform":null,"source":"VNF IENC (Licence Ouverte 2.0)"}},{"type":"Feature","geometry":{"type":"Point","coordinates":[6.071737,48.876881]},"properties":{"type":"quay","name":"quai de chargement et de d\u00e9chargement","waterway":"Moselle","inform":"activit\u00e9 du port = charbon","source":"VNF IENC (Licence Ouverte 2.0)"}},{"type":"Feature","geometry":{"type":"Point","coordinates":[6.079671,48.876061]},"properties":{"type":"quay","name":"ponton","waterway":"Moselle","inform":"activit\u00e9 du port = granulats","source":"VNF IENC (Licence Ouverte 2.0)"}},{"type":"Feature","geometry":{"type":"Point","coordinates":[6.081664,48.877402]},"properties":{"type":"quay","name":"quai de chargement","waterway":"Moselle","inform":"activit\u00e9 du port = granulats","source":"VNF IENC (Licence Ouverte 2.0)"}},{"type":"Feature","geometry":{"type":"Point","coordinates":[6.041171,48.919295]},"properties":{"type":"quay","name":"quai de chargement et de d\u00e9chargement","waterway":"Moselle","inform":"activit\u00e9 du port = c\u00e9r\u00e9ales","source":"VNF IENC (Licence Ouverte 2.0)"}},{"type":"Feature","geometry":{"type":"Point","coordinates":[6.071925,48.86963]},"properties":{"type":"quay","name":"quai de chargement et de d\u00e9chargement","waterway":"Moselle","inform":"en projet","source":"VNF IENC (Licence Ouverte 2.0)"}},{"type":"Feature","geometry":{"type":"Point","coordinates":[6.079682,48.876037]},"properties":{"type":"pontoon","name":null,"waterway":"Moselle","inform":"ponton de 78 m\u00e8tres form\u00e9 par 2 barges","source":"VNF IENC (Licence Ouverte 2.0)"}},{"type":"Feature","geometry":{"type":"Point","coordinates":[6.044509,48.914046]},"properties":{"type":"pontoon","name":null,"waterway":"Moselle","inform":null,"source":"VNF IENC (Licence Ouverte 2.0)"}},{"type":"Feature","geometry":{"type":"Point","coordinates":[6.044097,48.914674]},"properties":{"type":"pontoon","name":null,"waterway":"Moselle","inform":"ponton de garage \u00e0 bateaux","source":"VNF IENC (Licence Ouverte 2.0)"}},{"type":"Feature","geometry":{"type":"Point","coordinates":[6.043764,48.938921]},"properties":{"type":"pontoon","name":null,"waterway":"Moselle","inform":"passerelle","source":"VNF IENC (Licence Ouverte 2.0)"}},{"type":"Feature","geometry":{"type":"Point","coordinates":[6.062041,48.901992]},"properties":{"type":"pontoon","name":null,"waterway":"Moselle","inform":"ponton de 50 m\u00e8tres","source":"VNF IENC (Licence Ouverte 2.0)"}},{"type":"Feature","geometry":{"type":"Point","coordinates":[6.081667,48.877426]},"properties":{"type":"pontoon","name":null,"waterway":"Moselle","inform":"ponton de 78 m\u00e8tres","source":"VNF IENC (Licence Ouverte 2.0)"}},{"type":"Feature","geometry":{"type":"Point","coordinates":[6.044284,48.914247]},"properties":{"type":"pontoon","name":null,"waterway":"Moselle","inform":"ponton de 46 m\u00e8tres carr\u00e9s","source":"VNF IENC (Licence Ouverte 2.0)"}},{"type":"Feature","geometry":{"type":"Point","coordinates":[6.045161,48.913621]},"properties":{"type":"pontoon","name":null,"waterway":"Moselle","inform":"ponton de garage \u00e0 bateaux","source":"VNF IENC (Licence Ouverte 2.0)"}},{"type":"Feature","geometry":{"type":"Point","coordinates":[6.04427,48.914486]},"properties":{"type":"pontoon","name":null,"waterway":"Moselle","inform":"ponton de garage \u00e0 bateaux","source":"VNF IENC (Licence Ouverte 2.0)"}},{"type":"Feature","geometry":{"type":"Point","coordinates":[6.062361,48.901593]},"properties":{"type":"pontoon","name":null,"waterway":"Moselle","inform":"ponton de 70 m\u00e8tres","source":"VNF IENC (Licence Ouverte 2.0)"}},{"type":"Feature","geometry":{"type":"Point","coordinates":[6.043779,48.939325]},"properties":{"type":"pontoon","name":null,"waterway":"Moselle","inform":"passerelle","source":"VNF IENC (Licence Ouverte 2.0)"}},{"type":"Feature","geometry":{"type":"Point","coordinates":[6.062437,48.901166]},"properties":{"type":"pontoon","name":null,"waterway":"Moselle","inform":"ponton de 80 m\u00e8tres avec catways","source":"VNF IENC (Licence Ouverte 2.0)"}},{"type":"Feature","geometry":{"type":"Point","coordinates":[6.062799,48.900791]},"properties":{"type":"pontoon","name":"ponton","waterway":"Moselle","inform":"ponton de 70 m\u00e8tres avec catways","source":"VNF IENC (Licence Ouverte 2.0)"}},{"type":"Feature","geometry":{"type":"Point","coordinates":[2.057557,49.036057]},"properties":{"type":"pontoon","name":null,"waterway":"Oise","inform":null,"source":"VNF IENC (Licence Ouverte 2.0)"}},{"type":"Feature","geometry":{"type":"Point","coordinates":[2.057969,49.035246]},"properties":{"type":"pontoon","name":null,"waterway":"Oise","inform":null,"source":"VNF IENC (Licence Ouverte 2.0)"}},{"type":"Feature","geometry":{"type":"Point","coordinates":[2.086117,49.019534]},"properties":{"type":"pontoon","name":null,"waterway":"Oise","inform":null,"source":"VNF IENC (Licence Ouverte 2.0)"}},{"type":"Feature","geometry":{"type":"Point","coordinates":[2.086468,49.019625]},"properties":{"type":"pontoon","name":null,"waterway":"Oise","inform":null,"source":"VNF IENC (Licence Ouverte 2.0)"}},{"type":"Feature","geometry":{"type":"Point","coordinates":[2.098662,49.03787]},"properties":{"type":"pontoon","name":null,"waterway":"Oise","inform":null,"source":"VNF IENC (Licence Ouverte 2.0)"}},{"type":"Feature","geometry":{"type":"Point","coordinates":[2.098313,49.043407]},"properties":{"type":"pontoon","name":null,"waterway":"Oise","inform":null,"source":"VNF IENC (Licence Ouverte 2.0)"}},{"type":"Feature","geometry":{"type":"Point","coordinates":[2.101552,49.046704]},"properties":{"type":"pontoon","name":null,"waterway":"Oise","inform":null,"source":"VNF IENC (Licence Ouverte 2.0)"}},{"type":"Feature","geometry":{"type":"Point","coordinates":[2.100769,49.047226]},"properties":{"type":"pontoon","name":null,"waterway":"Oise","inform":null,"source":"VNF IENC (Licence Ouverte 2.0)"}},{"type":"Feature","geometry":{"type":"Point","coordinates":[2.127357,49.064533]},"properties":{"type":"pontoon","name":null,"waterway":"Oise","inform":null,"source":"VNF IENC (Licence Ouverte 2.0)"}},{"type":"Feature","geometry":{"type":"Point","coordinates":[2.11668,49.057998]},"properties":{"type":"pontoon","name":null,"waterway":"Oise","inform":null,"source":"VNF IENC (Licence Ouverte 2.0)"}},{"type":"Feature","geometry":{"type":"Point","coordinates":[2.04682,49.019609]},"properties":{"type":"pontoon","name":null,"waterway":"Oise","inform":null,"source":"VNF IENC (Licence Ouverte 2.0)"}},{"type":"Feature","geometry":{"type":"Point","coordinates":[2.037213,49.031748]},"properties":{"type":"pontoon","name":null,"waterway":"Oise","inform":null,"source":"VNF IENC (Licence Ouverte 2.0)"}},{"type":"Feature","geometry":{"type":"Point","coordinates":[2.06032,49.031256]},"properties":{"type":"pontoon","name":null,"waterway":"Oise","inform":null,"source":"VNF IENC (Licence Ouverte 2.0)"}},{"type":"Feature","geometry":{"type":"Point","coordinates":[2.060779,49.031208]},"properties":{"type":"pontoon","name":null,"waterway":"Oise","inform":null,"source":"VNF IENC (Licence Ouverte 2.0)"}},{"type":"Feature","geometry":{"type":"Point","coordinates":[2.060606,49.030706]},"properties":{"type":"pontoon","name":null,"waterway":"Oise","inform":null,"source":"VNF IENC (Licence Ouverte 2.0)"}},{"type":"Feature","geometry":{"type":"Point","coordinates":[2.061145,49.031055]},"properties":{"type":"pontoon","name":null,"waterway":"Oise","inform":null,"source":"VNF IENC (Licence Ouverte 2.0)"}},{"type":"Feature","geometry":{"type":"Point","coordinates":[2.679849,49.315232]},"properties":{"type":"pontoon","name":null,"waterway":"Oise","inform":null,"source":"VNF IENC (Licence Ouverte 2.0)"}},{"type":"Feature","geometry":{"type":"Point","coordinates":[2.687383,49.314154]},"properties":{"type":"pontoon","name":null,"waterway":"Oise","inform":null,"source":"VNF IENC (Licence Ouverte 2.0)"}},{"type":"Feature","geometry":{"type":"Point","coordinates":[2.701177,49.314324]},"properties":{"type":"pontoon","name":null,"waterway":"Oise","inform":null,"source":"VNF IENC (Licence Ouverte 2.0)"}},{"type":"Feature","geometry":{"type":"Point","coordinates":[2.718135,49.31031]},"properties":{"type":"pontoon","name":null,"waterway":"Oise","inform":null,"source":"VNF IENC (Licence Ouverte 2.0)"}},{"type":"Feature","geometry":{"type":"Point","coordinates":[2.728617,49.317356]},"properties":{"type":"pontoon","name":null,"waterway":"Oise","inform":null,"source":"VNF IENC (Licence Ouverte 2.0)"}},{"type":"Feature","geometry":{"type":"Point","coordinates":[2.765984,49.351682]},"properties":{"type":"pontoon","name":null,"waterway":"Oise","inform":null,"source":"VNF IENC (Licence Ouverte 2.0)"}},{"type":"Feature","geometry":{"type":"Point","coordinates":[2.766025,49.355831]},"properties":{"type":"pontoon","name":null,"waterway":"Oise","inform":null,"source":"VNF IENC (Licence Ouverte 2.0)"}},{"type":"Feature","geometry":{"type":"Point","coordinates":[2.775564,49.374817]},"properties":{"type":"pontoon","name":null,"waterway":"Oise","inform":null,"source":"VNF IENC (Licence Ouverte 2.0)"}},{"type":"Feature","geometry":{"type":"Point","coordinates":[2.776836,49.384394]},"properties":{"type":"pontoon","name":null,"waterway":"Oise","inform":null,"source":"VNF IENC (Licence Ouverte 2.0)"}},{"type":"Feature","geometry":{"type":"Point","coordinates":[2.777993,49.385531]},"properties":{"type":"pontoon","name":null,"waterway":"Oise","inform":null,"source":"VNF IENC (Licence Ouverte 2.0)"}},{"type":"Feature","geometry":{"type":"Point","coordinates":[2.777468,49.385139]},"properties":{"type":"pontoon","name":null,"waterway":"Oise","inform":null,"source":"VNF IENC (Licence Ouverte 2.0)"}},{"type":"Feature","geometry":{"type":"Point","coordinates":[6.034479,48.757179]},"properties":{"type":"pontoon","name":null,"waterway":"Moselle","inform":null,"source":"VNF IENC (Licence Ouverte 2.0)"}},{"type":"Feature","geometry":{"type":"Point","coordinates":[6.032889,48.756673]},"properties":{"type":"pontoon","name":null,"waterway":"Moselle","inform":null,"source":"VNF IENC (Licence Ouverte 2.0)"}},{"type":"Feature","geometry":{"type":"Point","coordinates":[5.977051,48.713071]},"properties":{"type":"pontoon","name":null,"waterway":"Moselle","inform":null,"source":"VNF IENC (Licence Ouverte 2.0)"}},{"type":"Feature","geometry":{"type":"Point","coordinates":[5.976972,48.713054]},"properties":{"type":"pontoon","name":null,"waterway":"Moselle","inform":null,"source":"VNF IENC (Licence Ouverte 2.0)"}},{"type":"Feature","geometry":{"type":"Point","coordinates":[6.0332,48.756787]},"properties":{"type":"pontoon","name":null,"waterway":"Moselle","inform":null,"source":"VNF IENC (Licence Ouverte 2.0)"}},{"type":"Feature","geometry":{"type":"Point","coordinates":[5.976664,48.712922]},"properties":{"type":"pontoon","name":null,"waterway":"Moselle","inform":null,"source":"VNF IENC (Licence Ouverte 2.0)"}},{"type":"Feature","geometry":{"type":"Point","coordinates":[5.976427,48.712838]},"properties":{"type":"pontoon","name":null,"waterway":"Moselle","inform":null,"source":"VNF IENC (Licence Ouverte 2.0)"}},{"type":"Feature","geometry":{"type":"Point","coordinates":[5.976586,48.712895]},"properties":{"type":"pontoon","name":null,"waterway":"Moselle","inform":null,"source":"VNF IENC (Licence Ouverte 2.0)"}},{"type":"Feature","geometry":{"type":"Point","coordinates":[5.976506,48.712864]},"properties":{"type":"pontoon","name":null,"waterway":"Moselle","inform":null,"source":"VNF IENC (Licence Ouverte 2.0)"}},{"type":"Feature","geometry":{"type":"Point","coordinates":[5.976349,48.712808]},"properties":{"type":"pontoon","name":null,"waterway":"Moselle","inform":null,"source":"VNF IENC (Licence Ouverte 2.0)"}},{"type":"Feature","geometry":{"type":"Point","coordinates":[6.033051,48.756731]},"properties":{"type":"pontoon","name":null,"waterway":"Moselle","inform":null,"source":"VNF IENC (Licence Ouverte 2.0)"}},{"type":"Feature","geometry":{"type":"Point","coordinates":[5.999001,48.742624]},"properties":{"type":"pontoon","name":null,"waterway":"Moselle","inform":"ponton de 6 m\u00e8tres et une passerelle","source":"VNF IENC (Licence Ouverte 2.0)"}},{"type":"Feature","geometry":{"type":"Point","coordinates":[6.034702,48.757259]},"properties":{"type":"pontoon","name":null,"waterway":"Moselle","inform":null,"source":"VNF IENC (Licence Ouverte 2.0)"}},{"type":"Feature","geometry":{"type":"Point","coordinates":[6.034576,48.757219]},"properties":{"type":"pontoon","name":null,"waterway":"Moselle","inform":null,"source":"VNF IENC (Licence Ouverte 2.0)"}},{"type":"Feature","geometry":{"type":"Point","coordinates":[6.034965,48.757336]},"properties":{"type":"pontoon","name":null,"waterway":"Moselle","inform":null,"source":"VNF IENC (Licence Ouverte 2.0)"}},{"type":"Feature","geometry":{"type":"Point","coordinates":[6.034266,48.757115]},"properties":{"type":"pontoon","name":null,"waterway":"Moselle","inform":null,"source":"VNF IENC (Licence Ouverte 2.0)"}},{"type":"Feature","geometry":{"type":"Point","coordinates":[6.034851,48.7573]},"properties":{"type":"pontoon","name":null,"waterway":"Moselle","inform":null,"source":"VNF IENC (Licence Ouverte 2.0)"}},{"type":"Feature","geometry":{"type":"Point","coordinates":[6.034044,48.75705]},"properties":{"type":"pontoon","name":null,"waterway":"Moselle","inform":null,"source":"VNF IENC (Licence Ouverte 2.0)"}},{"type":"Feature","geometry":{"type":"Point","coordinates":[6.034363,48.757151]},"properties":{"type":"pontoon","name":null,"waterway":"Moselle","inform":null,"source":"VNF IENC (Licence Ouverte 2.0)"}},{"type":"Feature","geometry":{"type":"Point","coordinates":[6.033381,48.75685]},"properties":{"type":"pontoon","name":null,"waterway":"Moselle","inform":null,"source":"VNF IENC (Licence Ouverte 2.0)"}},{"type":"Feature","geometry":{"type":"Point","coordinates":[6.033783,48.75697]},"properties":{"type":"pontoon","name":null,"waterway":"Moselle","inform":null,"source":"VNF IENC (Licence Ouverte 2.0)"}},{"type":"Feature","geometry":{"type":"Point","coordinates":[6.034174,48.757078]},"properties":{"type":"pontoon","name":null,"waterway":"Moselle","inform":null,"source":"VNF IENC (Licence Ouverte 2.0)"}},{"type":"Feature","geometry":{"type":"Point","coordinates":[6.033501,48.756888]},"properties":{"type":"pontoon","name":null,"waterway":"Moselle","inform":null,"source":"VNF IENC (Licence Ouverte 2.0)"}},{"type":"Feature","geometry":{"type":"Point","coordinates":[6.033935,48.757016]},"properties":{"type":"pontoon","name":null,"waterway":"Moselle","inform":null,"source":"VNF IENC (Licence Ouverte 2.0)"}},{"type":"Feature","geometry":{"type":"Point","coordinates":[5.976738,48.71296]},"properties":{"type":"pontoon","name":null,"waterway":"Moselle","inform":null,"source":"VNF IENC (Licence Ouverte 2.0)"}},{"type":"Feature","geometry":{"type":"Point","coordinates":[6.033293,48.756822]},"properties":{"type":"pontoon","name":null,"waterway":"Moselle","inform":null,"source":"VNF IENC (Licence Ouverte 2.0)"}},{"type":"Feature","geometry":{"type":"Point","coordinates":[6.059094,48.757042]},"properties":{"type":"pontoon","name":null,"waterway":"Moselle","inform":"acc\u00e8s pour duc d'albe","source":"VNF IENC (Licence Ouverte 2.0)"}},{"type":"Feature","geometry":{"type":"Point","coordinates":[6.061329,48.754209]},"properties":{"type":"pontoon","name":null,"waterway":"Moselle","inform":"acc\u00e8s pour duc d'albe","source":"VNF IENC (Licence Ouverte 2.0)"}},{"type":"Feature","geometry":{"type":"Point","coordinates":[6.061482,48.75627]},"properties":{"type":"pontoon","name":null,"waterway":"Moselle","inform":"ponton de 34 m\u00e8tres","source":"VNF IENC (Licence Ouverte 2.0)"}},{"type":"Feature","geometry":{"type":"Point","coordinates":[4.879512,46.79719]},"properties":{"type":"pontoon","name":"Appontement","waterway":"Sa\u00f4ne","inform":null,"source":"VNF IENC (Licence Ouverte 2.0)"}},{"type":"Feature","geometry":{"type":"Point","coordinates":[4.853384,46.778885]},"properties":{"type":"pontoon","name":"Passerelle embarquement","waterway":"Sa\u00f4ne","inform":null,"source":"VNF IENC (Licence Ouverte 2.0)"}},{"type":"Feature","geometry":{"type":"Point","coordinates":[4.867814,46.784801]},"properties":{"type":"pontoon","name":"Ponton club d'aviron","waterway":"Sa\u00f4ne","inform":null,"source":"VNF IENC (Licence Ouverte 2.0)"}},{"type":"Feature","geometry":{"type":"Point","coordinates":[4.86819,46.78502]},"properties":{"type":"pontoon","name":"Ponton VNF","waterway":"Sa\u00f4ne","inform":null,"source":"VNF IENC (Licence Ouverte 2.0)"}},{"type":"Feature","geometry":{"type":"Point","coordinates":[4.866247,46.784025]},"properties":{"type":"pontoon","name":"Ponton club d'aviron","waterway":"Sa\u00f4ne","inform":null,"source":"VNF IENC (Licence Ouverte 2.0)"}},{"type":"Feature","geometry":{"type":"Point","coordinates":[4.868459,46.785167]},"properties":{"type":"pontoon","name":"Ponton VNF","waterway":"Sa\u00f4ne","inform":null,"source":"VNF IENC (Licence Ouverte 2.0)"}},{"type":"Feature","geometry":{"type":"Point","coordinates":[5.13968,47.00789]},"properties":{"type":"quay","name":"ducs d'albe","waterway":"Sa\u00f4ne","inform":null,"source":"VNF IENC (Licence Ouverte 2.0)"}},{"type":"Feature","geometry":{"type":"Point","coordinates":[5.143429,47.000366]},"properties":{"type":"pontoon","name":"Ponton priv\u00e9","waterway":"Sa\u00f4ne","inform":null,"source":"VNF IENC (Licence Ouverte 2.0)"}},{"type":"Feature","geometry":{"type":"Point","coordinates":[8.012425,48.759106]},"properties":{"type":"quay","name":"Liegestelle Greffern","waterway":"Rhine","inform":"1 Schiffsbreite","source":"VNF IENC (Licence Ouverte 2.0)"}},{"type":"Feature","geometry":{"type":"Point","coordinates":[8.036275,48.788614]},"properties":{"type":"quay","name":"Liegestelle","waterway":"Rhine","inform":null,"source":"VNF IENC (Licence Ouverte 2.0)"}},{"type":"Feature","geometry":{"type":"Point","coordinates":[5.07779,46.94371]},"properties":{"type":"pontoon","name":"Ponton plaisance","waterway":"Sa\u00f4ne","inform":null,"source":"VNF IENC (Licence Ouverte 2.0)"}},{"type":"Feature","geometry":{"type":"Point","coordinates":[5.072355,46.943234]},"properties":{"type":"pontoon","name":"Ponton plaisance","waterway":"Sa\u00f4ne","inform":null,"source":"VNF IENC (Licence Ouverte 2.0)"}},{"type":"Feature","geometry":{"type":"Point","coordinates":[4.951861,46.880615]},"properties":{"type":"pontoon","name":"Ponton","waterway":"Sa\u00f4ne","inform":null,"source":"VNF IENC (Licence Ouverte 2.0)"}},{"type":"Feature","geometry":{"type":"Point","coordinates":[2.800475,50.527411]},"properties":{"type":"pontoon","name":"Halte de La Bass\u00e9e","waterway":"Canal Dunkerque\u2013Escaut","inform":null,"source":"VNF IENC (Licence Ouverte 2.0)"}},{"type":"Feature","geometry":{"type":"Point","coordinates":[7.591014,47.606877]},"properties":{"type":"quay","name":"Liegestelle","waterway":"Rhine","inform":null,"source":"VNF IENC (Licence Ouverte 2.0)"}},{"type":"Feature","geometry":{"type":"Point","coordinates":[7.58383,47.61183]},"properties":{"type":"quay","name":"Liegestelle","waterway":"Rhine","inform":null,"source":"VNF IENC (Licence Ouverte 2.0)"}},{"type":"Feature","geometry":{"type":"Point","coordinates":[7.524014,47.654897]},"properties":{"type":"quay","name":"Liegestelle","waterway":"Rhine","inform":"MAXI: 52 m","source":"VNF IENC (Licence Ouverte 2.0)"}},{"type":"Feature","geometry":{"type":"Point","coordinates":[1.622704,49.032655]},"properties":{"type":"quay","name":"Zone d'amarrage M\u00e9ricourt aval","waterway":"Seine","inform":null,"source":"VNF IENC (Licence Ouverte 2.0)"}},{"type":"Feature","geometry":{"type":"Point","coordinates":[1.690404,49.066886]},"properties":{"type":"pontoon","name":null,"waterway":"Seine","inform":null,"source":"VNF IENC (Licence Ouverte 2.0)"}},{"type":"Feature","geometry":{"type":"Point","coordinates":[1.627987,49.078352]},"properties":{"type":"pontoon","name":null,"waterway":"Seine","inform":null,"source":"VNF IENC (Licence Ouverte 2.0)"}},{"type":"Feature","geometry":{"type":"Point","coordinates":[2.038902,48.935263]},"properties":{"type":"pontoon","name":null,"waterway":"Seine","inform":null,"source":"VNF IENC (Licence Ouverte 2.0)"}},{"type":"Feature","geometry":{"type":"Point","coordinates":[2.038974,48.935152]},"properties":{"type":"pontoon","name":null,"waterway":"Seine","inform":null,"source":"VNF IENC (Licence Ouverte 2.0)"}},{"type":"Feature","geometry":{"type":"Point","coordinates":[2.039055,48.935257]},"properties":{"type":"pontoon","name":null,"waterway":"Seine","inform":null,"source":"VNF IENC (Licence Ouverte 2.0)"}},{"type":"Feature","geometry":{"type":"Point","coordinates":[2.162806,48.888558]},"properties":{"type":"pontoon","name":null,"waterway":"Seine","inform":null,"source":"VNF IENC (Licence Ouverte 2.0)"}},{"type":"Feature","geometry":{"type":"Point","coordinates":[2.145516,48.868689]},"properties":{"type":"pontoon","name":null,"waterway":"Seine","inform":null,"source":"VNF IENC (Licence Ouverte 2.0)"}},{"type":"Feature","geometry":{"type":"Point","coordinates":[2.144927,48.868564]},"properties":{"type":"pontoon","name":null,"waterway":"Seine","inform":null,"source":"VNF IENC (Licence Ouverte 2.0)"}},{"type":"Feature","geometry":{"type":"Point","coordinates":[2.143729,48.868376]},"properties":{"type":"pontoon","name":null,"waterway":"Seine","inform":null,"source":"VNF IENC (Licence Ouverte 2.0)"}},{"type":"Feature","geometry":{"type":"Point","coordinates":[2.144464,48.868484]},"properties":{"type":"pontoon","name":null,"waterway":"Seine","inform":null,"source":"VNF IENC (Licence Ouverte 2.0)"}},{"type":"Feature","geometry":{"type":"Point","coordinates":[2.164234,48.890271]},"properties":{"type":"pontoon","name":null,"waterway":"Seine","inform":null,"source":"VNF IENC (Licence Ouverte 2.0)"}},{"type":"Feature","geometry":{"type":"Point","coordinates":[1.567667,49.03668]},"properties":{"type":"pontoon","name":null,"waterway":"Seine","inform":null,"source":"VNF IENC (Licence Ouverte 2.0)"}},{"type":"Feature","geometry":{"type":"Point","coordinates":[1.567521,49.03665]},"properties":{"type":"pontoon","name":null,"waterway":"Seine","inform":null,"source":"VNF IENC (Licence Ouverte 2.0)"}},{"type":"Feature","geometry":{"type":"Point","coordinates":[3.246095,48.415112]},"properties":{"type":"pontoon","name":null,"waterway":"Seine (Amont)","inform":null,"source":"VNF IENC (Licence Ouverte 2.0)"}},{"type":"Feature","geometry":{"type":"Point","coordinates":[3.24648,48.415155]},"properties":{"type":"pontoon","name":null,"waterway":"Seine (Amont)","inform":null,"source":"VNF IENC (Licence Ouverte 2.0)"}},{"type":"Feature","geometry":{"type":"Point","coordinates":[2.419833,48.658174]},"properties":{"type":"pontoon","name":null,"waterway":"Seine (Amont)","inform":null,"source":"VNF IENC (Licence Ouverte 2.0)"}},{"type":"Feature","geometry":{"type":"Point","coordinates":[2.423391,48.656225]},"properties":{"type":"pontoon","name":null,"waterway":"Seine (Amont)","inform":null,"source":"VNF IENC (Licence Ouverte 2.0)"}},{"type":"Feature","geometry":{"type":"Point","coordinates":[2.424389,48.655623]},"properties":{"type":"pontoon","name":null,"waterway":"Seine (Amont)","inform":null,"source":"VNF IENC (Licence Ouverte 2.0)"}},{"type":"Feature","geometry":{"type":"Point","coordinates":[2.430995,48.653188]},"properties":{"type":"pontoon","name":null,"waterway":"Seine (Amont)","inform":null,"source":"VNF IENC (Licence Ouverte 2.0)"}},{"type":"Feature","geometry":{"type":"Point","coordinates":[2.431082,48.653181]},"properties":{"type":"pontoon","name":null,"waterway":"Seine (Amont)","inform":null,"source":"VNF IENC (Licence Ouverte 2.0)"}},{"type":"Feature","geometry":{"type":"Point","coordinates":[2.442857,48.645553]},"properties":{"type":"pontoon","name":null,"waterway":"Seine (Amont)","inform":null,"source":"VNF IENC (Licence Ouverte 2.0)"}},{"type":"Feature","geometry":{"type":"Point","coordinates":[2.455305,48.635618]},"properties":{"type":"pontoon","name":null,"waterway":"Seine (Amont)","inform":null,"source":"VNF IENC (Licence Ouverte 2.0)"}},{"type":"Feature","geometry":{"type":"Point","coordinates":[2.490065,48.609261]},"properties":{"type":"pontoon","name":null,"waterway":"Seine (Amont)","inform":null,"source":"VNF IENC (Licence Ouverte 2.0)"}},{"type":"Feature","geometry":{"type":"Point","coordinates":[2.490091,48.606307]},"properties":{"type":"pontoon","name":null,"waterway":"Seine (Amont)","inform":null,"source":"VNF IENC (Licence Ouverte 2.0)"}},{"type":"Feature","geometry":{"type":"Point","coordinates":[2.484234,48.592691]},"properties":{"type":"pontoon","name":null,"waterway":"Seine (Amont)","inform":null,"source":"VNF IENC (Licence Ouverte 2.0)"}},{"type":"Feature","geometry":{"type":"Point","coordinates":[2.485387,48.586341]},"properties":{"type":"pontoon","name":null,"waterway":"Seine (Amont)","inform":null,"source":"VNF IENC (Licence Ouverte 2.0)"}},{"type":"Feature","geometry":{"type":"Point","coordinates":[2.485253,48.586121]},"properties":{"type":"pontoon","name":null,"waterway":"Seine (Amont)","inform":null,"source":"VNF IENC (Licence Ouverte 2.0)"}},{"type":"Feature","geometry":{"type":"Point","coordinates":[2.484937,48.585524]},"properties":{"type":"pontoon","name":null,"waterway":"Seine (Amont)","inform":null,"source":"VNF IENC (Licence Ouverte 2.0)"}},{"type":"Feature","geometry":{"type":"Point","coordinates":[2.416032,48.762115]},"properties":{"type":"pontoon","name":null,"waterway":"Seine (Amont)","inform":null,"source":"VNF IENC (Licence Ouverte 2.0)"}},{"type":"Feature","geometry":{"type":"Point","coordinates":[2.423751,48.754071]},"properties":{"type":"pontoon","name":null,"waterway":"Seine (Amont)","inform":null,"source":"VNF IENC (Licence Ouverte 2.0)"}},{"type":"Feature","geometry":{"type":"Point","coordinates":[2.435564,48.74725]},"properties":{"type":"pontoon","name":null,"waterway":"Seine (Amont)","inform":null,"source":"VNF IENC (Licence Ouverte 2.0)"}},{"type":"Feature","geometry":{"type":"Point","coordinates":[2.43572,48.747123]},"properties":{"type":"pontoon","name":null,"waterway":"Seine (Amont)","inform":null,"source":"VNF IENC (Licence Ouverte 2.0)"}},{"type":"Feature","geometry":{"type":"Point","coordinates":[2.435762,48.747046]},"properties":{"type":"pontoon","name":null,"waterway":"Seine (Amont)","inform":null,"source":"VNF IENC (Licence Ouverte 2.0)"}},{"type":"Feature","geometry":{"type":"Point","coordinates":[2.435924,48.746927]},"properties":{"type":"pontoon","name":null,"waterway":"Seine (Amont)","inform":null,"source":"VNF IENC (Licence Ouverte 2.0)"}},{"type":"Feature","geometry":{"type":"Point","coordinates":[2.436529,48.746396]},"properties":{"type":"pontoon","name":null,"waterway":"Seine (Amont)","inform":null,"source":"VNF IENC (Licence Ouverte 2.0)"}},{"type":"Feature","geometry":{"type":"Point","coordinates":[2.436976,48.746028]},"properties":{"type":"pontoon","name":null,"waterway":"Seine (Amont)","inform":null,"source":"VNF IENC (Licence Ouverte 2.0)"}},{"type":"Feature","geometry":{"type":"Point","coordinates":[2.437156,48.745826]},"properties":{"type":"pontoon","name":null,"waterway":"Seine (Amont)","inform":null,"source":"VNF IENC (Licence Ouverte 2.0)"}},{"type":"Feature","geometry":{"type":"Point","coordinates":[2.437385,48.745592]},"properties":{"type":"pontoon","name":null,"waterway":"Seine (Amont)","inform":null,"source":"VNF IENC (Licence Ouverte 2.0)"}},{"type":"Feature","geometry":{"type":"Point","coordinates":[2.424209,48.722952]},"properties":{"type":"pontoon","name":null,"waterway":"Seine (Amont)","inform":null,"source":"VNF IENC (Licence Ouverte 2.0)"}},{"type":"Feature","geometry":{"type":"Point","coordinates":[2.424372,48.723004]},"properties":{"type":"pontoon","name":null,"waterway":"Seine (Amont)","inform":null,"source":"VNF IENC (Licence Ouverte 2.0)"}},{"type":"Feature","geometry":{"type":"Point","coordinates":[2.402467,48.708125]},"properties":{"type":"pontoon","name":null,"waterway":"Seine (Amont)","inform":null,"source":"VNF IENC (Licence Ouverte 2.0)"}},{"type":"Feature","geometry":{"type":"Point","coordinates":[2.397898,48.700335]},"properties":{"type":"pontoon","name":null,"waterway":"Seine (Amont)","inform":null,"source":"VNF IENC (Licence Ouverte 2.0)"}},{"type":"Feature","geometry":{"type":"Point","coordinates":[2.387887,48.687321]},"properties":{"type":"pontoon","name":null,"waterway":"Seine (Amont)","inform":null,"source":"VNF IENC (Licence Ouverte 2.0)"}},{"type":"Feature","geometry":{"type":"Point","coordinates":[2.387776,48.687125]},"properties":{"type":"pontoon","name":null,"waterway":"Seine (Amont)","inform":null,"source":"VNF IENC (Licence Ouverte 2.0)"}},{"type":"Feature","geometry":{"type":"Point","coordinates":[3.464076,48.495008]},"properties":{"type":"pontoon","name":null,"waterway":"Seine (Amont)","inform":null,"source":"VNF IENC (Licence Ouverte 2.0)"}},{"type":"Feature","geometry":{"type":"Point","coordinates":[3.464435,48.495031]},"properties":{"type":"pontoon","name":null,"waterway":"Seine (Amont)","inform":null,"source":"VNF IENC (Licence Ouverte 2.0)"}},{"type":"Feature","geometry":{"type":"Point","coordinates":[2.744502,48.434046]},"properties":{"type":"pontoon","name":null,"waterway":"Seine (Amont)","inform":null,"source":"VNF IENC (Licence Ouverte 2.0)"}},{"type":"Feature","geometry":{"type":"Point","coordinates":[2.745336,48.426668]},"properties":{"type":"pontoon","name":null,"waterway":"Seine (Amont)","inform":null,"source":"VNF IENC (Licence Ouverte 2.0)"}},{"type":"Feature","geometry":{"type":"Point","coordinates":[2.745337,48.426307]},"properties":{"type":"pontoon","name":null,"waterway":"Seine (Amont)","inform":null,"source":"VNF IENC (Licence Ouverte 2.0)"}},{"type":"Feature","geometry":{"type":"Point","coordinates":[2.745312,48.425948]},"properties":{"type":"pontoon","name":null,"waterway":"Seine (Amont)","inform":null,"source":"VNF IENC (Licence Ouverte 2.0)"}},{"type":"Feature","geometry":{"type":"Point","coordinates":[2.745281,48.425523]},"properties":{"type":"pontoon","name":null,"waterway":"Seine (Amont)","inform":null,"source":"VNF IENC (Licence Ouverte 2.0)"}},{"type":"Feature","geometry":{"type":"Point","coordinates":[2.745268,48.425164]},"properties":{"type":"pontoon","name":null,"waterway":"Seine (Amont)","inform":null,"source":"VNF IENC (Licence Ouverte 2.0)"}},{"type":"Feature","geometry":{"type":"Point","coordinates":[2.745389,48.424837]},"properties":{"type":"pontoon","name":null,"waterway":"Seine (Amont)","inform":null,"source":"VNF IENC (Licence Ouverte 2.0)"}},{"type":"Feature","geometry":{"type":"Point","coordinates":[2.745385,48.424492]},"properties":{"type":"pontoon","name":null,"waterway":"Seine (Amont)","inform":null,"source":"VNF IENC (Licence Ouverte 2.0)"}},{"type":"Feature","geometry":{"type":"Point","coordinates":[2.805895,48.388586]},"properties":{"type":"pontoon","name":null,"waterway":"Seine (Amont)","inform":null,"source":"VNF IENC (Licence Ouverte 2.0)"}},{"type":"Feature","geometry":{"type":"Point","coordinates":[2.806487,48.388714]},"properties":{"type":"pontoon","name":null,"waterway":"Seine (Amont)","inform":null,"source":"VNF IENC (Licence Ouverte 2.0)"}},{"type":"Feature","geometry":{"type":"Point","coordinates":[2.806943,48.388921]},"properties":{"type":"pontoon","name":null,"waterway":"Seine (Amont)","inform":null,"source":"VNF IENC (Licence Ouverte 2.0)"}},{"type":"Feature","geometry":{"type":"Point","coordinates":[2.487564,48.569334]},"properties":{"type":"pontoon","name":null,"waterway":"Seine (Amont)","inform":null,"source":"VNF IENC (Licence Ouverte 2.0)"}},{"type":"Feature","geometry":{"type":"Point","coordinates":[2.488295,48.569069]},"properties":{"type":"pontoon","name":null,"waterway":"Seine (Amont)","inform":null,"source":"VNF IENC (Licence Ouverte 2.0)"}},{"type":"Feature","geometry":{"type":"Point","coordinates":[2.488878,48.568888]},"properties":{"type":"pontoon","name":null,"waterway":"Seine (Amont)","inform":null,"source":"VNF IENC (Licence Ouverte 2.0)"}},{"type":"Feature","geometry":{"type":"Point","coordinates":[2.489065,48.568839]},"properties":{"type":"pontoon","name":null,"waterway":"Seine (Amont)","inform":null,"source":"VNF IENC (Licence Ouverte 2.0)"}},{"type":"Feature","geometry":{"type":"Point","coordinates":[2.493453,48.566884]},"properties":{"type":"pontoon","name":null,"waterway":"Seine (Amont)","inform":null,"source":"VNF IENC (Licence Ouverte 2.0)"}},{"type":"Feature","geometry":{"type":"Point","coordinates":[2.493795,48.566851]},"properties":{"type":"pontoon","name":null,"waterway":"Seine (Amont)","inform":null,"source":"VNF IENC (Licence Ouverte 2.0)"}},{"type":"Feature","geometry":{"type":"Point","coordinates":[2.495911,48.567811]},"properties":{"type":"pontoon","name":null,"waterway":"Seine (Amont)","inform":null,"source":"VNF IENC (Licence Ouverte 2.0)"}},{"type":"Feature","geometry":{"type":"Point","coordinates":[2.499867,48.568207]},"properties":{"type":"pontoon","name":null,"waterway":"Seine (Amont)","inform":null,"source":"VNF IENC (Licence Ouverte 2.0)"}},{"type":"Feature","geometry":{"type":"Point","coordinates":[2.501415,48.568608]},"properties":{"type":"pontoon","name":null,"waterway":"Seine (Amont)","inform":null,"source":"VNF IENC (Licence Ouverte 2.0)"}},{"type":"Feature","geometry":{"type":"Point","coordinates":[2.502169,48.568784]},"properties":{"type":"pontoon","name":null,"waterway":"Seine (Amont)","inform":null,"source":"VNF IENC (Licence Ouverte 2.0)"}},{"type":"Feature","geometry":{"type":"Point","coordinates":[2.502533,48.568829]},"properties":{"type":"pontoon","name":null,"waterway":"Seine (Amont)","inform":null,"source":"VNF IENC (Licence Ouverte 2.0)"}},{"type":"Feature","geometry":{"type":"Point","coordinates":[2.503316,48.569014]},"properties":{"type":"pontoon","name":null,"waterway":"Seine (Amont)","inform":null,"source":"VNF IENC (Licence Ouverte 2.0)"}},{"type":"Feature","geometry":{"type":"Point","coordinates":[2.504044,48.569162]},"properties":{"type":"pontoon","name":null,"waterway":"Seine (Amont)","inform":null,"source":"VNF IENC (Licence Ouverte 2.0)"}},{"type":"Feature","geometry":{"type":"Point","coordinates":[2.504697,48.569295]},"properties":{"type":"pontoon","name":null,"waterway":"Seine (Amont)","inform":null,"source":"VNF IENC (Licence Ouverte 2.0)"}},{"type":"Feature","geometry":{"type":"Point","coordinates":[2.505444,48.569436]},"properties":{"type":"pontoon","name":null,"waterway":"Seine (Amont)","inform":null,"source":"VNF IENC (Licence Ouverte 2.0)"}},{"type":"Feature","geometry":{"type":"Point","coordinates":[2.506357,48.569651]},"properties":{"type":"pontoon","name":null,"waterway":"Seine (Amont)","inform":null,"source":"VNF IENC (Licence Ouverte 2.0)"}},{"type":"Feature","geometry":{"type":"Point","coordinates":[2.506696,48.569737]},"properties":{"type":"pontoon","name":null,"waterway":"Seine (Amont)","inform":null,"source":"VNF IENC (Licence Ouverte 2.0)"}},{"type":"Feature","geometry":{"type":"Point","coordinates":[2.509165,48.570433]},"properties":{"type":"pontoon","name":null,"waterway":"Seine (Amont)","inform":null,"source":"VNF IENC (Licence Ouverte 2.0)"}},{"type":"Feature","geometry":{"type":"Point","coordinates":[2.509498,48.570555]},"properties":{"type":"pontoon","name":null,"waterway":"Seine (Amont)","inform":null,"source":"VNF IENC (Licence Ouverte 2.0)"}},{"type":"Feature","geometry":{"type":"Point","coordinates":[2.512234,48.571496]},"properties":{"type":"pontoon","name":null,"waterway":"Seine (Amont)","inform":null,"source":"VNF IENC (Licence Ouverte 2.0)"}},{"type":"Feature","geometry":{"type":"Point","coordinates":[2.512084,48.571444]},"properties":{"type":"pontoon","name":null,"waterway":"Seine (Amont)","inform":null,"source":"VNF IENC (Licence Ouverte 2.0)"}},{"type":"Feature","geometry":{"type":"Point","coordinates":[2.514723,48.572345]},"properties":{"type":"pontoon","name":null,"waterway":"Seine (Amont)","inform":null,"source":"VNF IENC (Licence Ouverte 2.0)"}},{"type":"Feature","geometry":{"type":"Point","coordinates":[2.520375,48.573815]},"properties":{"type":"pontoon","name":null,"waterway":"Seine (Amont)","inform":null,"source":"VNF IENC (Licence Ouverte 2.0)"}},{"type":"Feature","geometry":{"type":"Point","coordinates":[2.521947,48.57402]},"properties":{"type":"pontoon","name":null,"waterway":"Seine (Amont)","inform":null,"source":"VNF IENC (Licence Ouverte 2.0)"}},{"type":"Feature","geometry":{"type":"Point","coordinates":[2.532045,48.57324]},"properties":{"type":"pontoon","name":null,"waterway":"Seine (Amont)","inform":null,"source":"VNF IENC (Licence Ouverte 2.0)"}},{"type":"Feature","geometry":{"type":"Point","coordinates":[2.539663,48.572419]},"properties":{"type":"pontoon","name":null,"waterway":"Seine (Amont)","inform":null,"source":"VNF IENC (Licence Ouverte 2.0)"}},{"type":"Feature","geometry":{"type":"Point","coordinates":[2.539013,48.572483]},"properties":{"type":"pontoon","name":null,"waterway":"Seine (Amont)","inform":null,"source":"VNF IENC (Licence Ouverte 2.0)"}},{"type":"Feature","geometry":{"type":"Point","coordinates":[2.532889,48.574373]},"properties":{"type":"pontoon","name":null,"waterway":"Seine (Amont)","inform":null,"source":"VNF IENC (Licence Ouverte 2.0)"}},{"type":"Feature","geometry":{"type":"Point","coordinates":[2.545253,48.5617]},"properties":{"type":"pontoon","name":null,"waterway":"Seine (Amont)","inform":null,"source":"VNF IENC (Licence Ouverte 2.0)"}},{"type":"Feature","geometry":{"type":"Point","coordinates":[2.554235,48.537129]},"properties":{"type":"pontoon","name":null,"waterway":"Seine (Amont)","inform":null,"source":"VNF IENC (Licence Ouverte 2.0)"}},{"type":"Feature","geometry":{"type":"Point","coordinates":[2.709428,48.483926]},"properties":{"type":"pontoon","name":null,"waterway":"Seine (Amont)","inform":null,"source":"VNF IENC (Licence Ouverte 2.0)"}},{"type":"Feature","geometry":{"type":"Point","coordinates":[2.776184,49.37602]},"properties":{"type":"pontoon","name":null,"waterway":"Oise","inform":null,"source":"VNF IENC (Licence Ouverte 2.0)"}}]}